INSERT INTO country (name) VALUES ('portugal');
INSERT INTO country (name) VALUES ('france');
INSERT INTO country (name) VALUES ('spain');
INSERT INTO country (name) VALUES ('england');
INSERT INTO country (name) VALUES ('italy');
INSERT INTO country (name) VALUES ('united states of america');

INSERT INTO badge (color, text) VALUES ('#87652c', 'novice');
INSERT INTO badge (color, text) VALUES ('#7cdf6d', 'enthusiast');
INSERT INTO badge (color, text) VALUES ('#816306', 'expert');

INSERT INTO useracc (username, email, password, salt, first_name, last_name, birth, country, user_type) VALUES ('organicgorilla999', 'ashton.cooper@example.com', 'd24aab8d765c37af25dc1b5146c5aaccbbadd0ef6e856fe0ca911b1e8cd0a42c', '2H4YcPKS', 'ashton', 'cooper', '1959-04-03 15:12:36', 2, 'Administrator');
INSERT INTO useracc (username, email, password, salt, first_name, last_name, birth, country, user_type) VALUES ('goldencat402', 'ambre.lecomte@example.com', 'a59ef3b2fed9a427794196c14693545790eca305b5bb59f6c6e31c7e6cf2dbf3', '5IUW0yha', 'ambre', 'lecomte', '1956-09-26 15:24:24', 1, 'Moderator');
INSERT INTO useracc (username, email, password, salt, first_name, last_name, birth, country, user_type) VALUES ('purplebird290', 'norman.dunn@example.com', '443527aaea922cd6b1f863766666e884ba9d8ff7a4c2677a448584a3511e985e', 'O5CNx4m7', 'norman', 'dunn', '1981-07-03 16:52:41', 6, 'Moderator');
INSERT INTO useracc (username, email, password, salt, first_name, last_name, birth, country, user_type) VALUES ('yellowsnake200', 'méline.robin@example.com', 'a6d5be69bd5468803bb30617a3fc1c604f7872c555df188d9b990bc4731f23f8', '13siaeas', 'méline', 'robin', '1993-10-03 04:42:30', 5, 'Registered');
INSERT INTO useracc (username, email, password, salt, first_name, last_name, birth, country, user_type) VALUES ('orangetiger149', 'aidan.singh@example.com', '45b608522176b85a51a9c7f52e9f5c7a87065044c92e462250c17d65da93d1af', 'QGkkGBu7', 'aidan', 'singh', '1970-08-30 06:29:00', 4, 'Registered');
INSERT INTO useracc (username, email, password, salt, first_name, last_name, birth, country, user_type) VALUES ('blackladybug826', 'lewis.walker@example.com', 'd0b0486020333335e4a199c8ef098b3de1c61f08025b2f5e47e918f02e50a67d', 'bc1yKNqu', 'lewis', 'walker', '1983-09-13 16:22:02', 2, 'Registered');
INSERT INTO useracc (username, email, password, salt, first_name, last_name, birth, country, user_type) VALUES ('beautifulcat669', 'evelyn.jackson@example.com', '45a56d0b63e05584870379ff6460cf8e1ea47728c37ab77f29cead3d63de0680', 'lNpUmHvn', 'evelyn', 'jackson', '1978-05-28 01:31:21', 6, 'Registered');
INSERT INTO useracc (username, email, password, salt, first_name, last_name, birth, country, user_type) VALUES ('brownpeacock638', 'cody.vasquez@example.com', '7b9a47f411542953a768481ed33f697c56c5abaec0011122439c11de221f83d6', 'BxUVPnoR', 'cody', 'vasquez', '1973-07-08 13:31:47', 4, 'Registered');
INSERT INTO useracc (username, email, password, salt, first_name, last_name, birth, country, user_type) VALUES ('crazywolf531', 'مرسانا.نجاتی@example.com', '972e0613de956b9e3cddc60755fed2380805aa1ed42aba08140b2b3103a1abe2', 'cVZNSpjp', 'مرسانا', 'نجاتی', '1967-03-04 14:21:51', 6, 'Registered');
INSERT INTO useracc (username, email, password, salt, first_name, last_name, birth, country, user_type) VALUES ('heavybird323', 'mahé.leroy@example.com', '17a8db9b0f21fba3bddfdb3d92626e6374b7911d0ced0a61532b78b878a270ee', 'tJ7qIdHx', 'mahé', 'leroy', '1947-07-26 05:38:31', 2, 'Registered');
INSERT INTO useracc (username, email, password, salt, first_name, last_name, birth, country, user_type) VALUES ('bigostrich119', 'nicolas.dubois@example.com', '3be9adad0a84b974c850d7133a40bea60fec64577f2ff3a8f61b783a88b31258', 'HMhhnUBU', 'nicolas', 'dubois', '1988-10-22 03:31:49', 3, 'Registered');
INSERT INTO useracc (username, email, password, salt, first_name, last_name, birth, country, user_type) VALUES ('ticklishmouse628', 'jake.williams@example.com', '6b52b26238288585056a17df71217539264527993833a49a1b44cfe9c07dc383', 'wGllXyp8', 'jake', 'williams', '1987-06-01 21:34:41', 3, 'Registered');
INSERT INTO useracc (username, email, password, salt, first_name, last_name, birth, country, user_type) VALUES ('purplekoala282', 'bent.stoops@example.com', '53954fe244152b1fcb742b471fe334fbf2ca9c42bf4aaac13603b108bff27480', '0cpXGGeZ', 'bent', 'stoops', '1951-08-15 14:50:58', 1, 'Registered');
INSERT INTO useracc (username, email, password, salt, first_name, last_name, birth, country, user_type) VALUES ('tinybutterfly323', 'pinja.ojala@example.com', '419c419a6887b90e1c2a03e5277f013d867e84a4987c33aee256c3b870af8d28', 'nalRjik4', 'pinja', 'ojala', '1965-10-23 13:52:15', 4, 'Registered');
INSERT INTO useracc (username, email, password, salt, first_name, last_name, birth, country, user_type) VALUES ('whitesnake285', 'norma.schmidt@example.com', 'bf026722679f65f7fc17c7e1e46152cbd714e880a901b0c98e33b75694c4480b', 'zBE9dAK2', 'norma', 'schmidt', '1990-04-22 08:57:27', 2, 'Registered');
INSERT INTO useracc (username, email, password, salt, first_name, last_name, birth, country, user_type) VALUES ('bigrabbit575', 'marta.marin@example.com', '3679eafe3c5df545b256c7381e467e02db7a1b77a90fe31cde0de7cad0baa164', 'IJa7PN2h', 'marta', 'marin', '1968-01-16 05:02:01', 3, 'Registered');
INSERT INTO useracc (username, email, password, salt, first_name, last_name, birth, country, user_type) VALUES ('lazylion306', 'mya.andre@example.com', '44c4970a850ee426b0f33eb1c543dbd4d2989adfec44ae8f4b453c5e6cf105f1', 'rAwWDTza', 'mya', 'andre', '1974-06-27 16:50:30', 4, 'Registered');
INSERT INTO useracc (username, email, password, salt, first_name, last_name, birth, country, user_type) VALUES ('smallcat142', 'loreto.ferreira@example.com', 'ad571dee8547ff8fb0fbfd05510aa3ef44a7f1647ae94101df952d1e6de73059', '6Fcsv9NP', 'loreto', 'ferreira', '1985-04-03 03:02:19', 6, 'Registered');
INSERT INTO useracc (username, email, password, salt, first_name, last_name, birth, country, user_type) VALUES ('browntiger645', 'owen.park@example.com', '9f193e4ca94b516d4599fdeaf1da21f74309d045fdfcf5cd018b8b07fbef0624', 'crlwhfQY', 'owen', 'park', '1982-08-18 23:05:18', 3, 'Registered');
INSERT INTO useracc (username, email, password, salt, first_name, last_name, birth, country, user_type) VALUES ('purplepanda728', 'eustáquio.santos@example.com', '16d5d51ac368e586591a9d04760cb4c178eefcfebc61b701355f65a4438be4ca', 'jlOhw9k0', 'eustáquio', 'santos', '1958-09-19 03:06:41', 3, 'Registered');
INSERT INTO useracc (username, email, password, salt, first_name, last_name, birth, country, user_type) VALUES ('crazytiger174', 'marcus.cole@example.com', 'd5755d000ff5ee494cd71a888d139315cf3a11796e7e8473b112fbfdde298f80', 'M9kr2MIc', 'marcus', 'cole', '1956-01-16 12:42:06', 4, 'Registered');
INSERT INTO useracc (username, email, password, salt, first_name, last_name, birth, country, user_type) VALUES ('ticklishcat110', 'roli.mendes@example.com', '6391adbb3c56828694d588529d5af5a2cb9cbf523394f39277150c70b7482f53', '0xbX6A6L', 'roli', 'mendes', '1955-03-23 06:53:08', 3, 'Registered');
INSERT INTO useracc (username, email, password, salt, first_name, last_name, birth, country, user_type) VALUES ('redgoose751', 'vanity.walther@example.com', '84eeccc8c5e76a906816c1f103f6c6e2b9c31f1bdd138887f7e81c592e4e5e3b', 'RyeI3rbS', 'vanity', 'walther', '1978-06-07 01:49:11', 6, 'Registered');
INSERT INTO useracc (username, email, password, salt, first_name, last_name, birth, country, user_type) VALUES ('goldensnake490', 'maridelza.peixoto@example.com', 'dbaae93e31fe8e039b67d4a6d20cefaa4fcde6f11c4e68ef9bf8a5aef0a60d62', '4yOzCe02', 'maridelza', 'peixoto', '1987-03-29 04:19:09', 2, 'Registered');
INSERT INTO useracc (username, email, password, salt, first_name, last_name, birth, country, user_type) VALUES ('tinyrabbit474', 'akseli.seppanen@example.com', '53dbaaa2a4d2fb42c1bd737412ce6ac1f1a44df75317aa633fcc7ff6082665b2', '3SYHZ5bo', 'akseli', 'seppanen', '1949-03-05 02:33:25', 2, 'Registered');
INSERT INTO useracc (username, email, password, salt, first_name, last_name, birth, country, user_type) VALUES ('goldenleopard290', 'roy.chambers@example.com', 'b366293bbca45f7f8de7a657e8848d74d08f66f22c1298724b17416d1dfc82f2', 'kqPIDiVo', 'roy', 'chambers', '1953-07-07 03:06:05', 4, 'Registered');
INSERT INTO useracc (username, email, password, salt, first_name, last_name, birth, country, user_type) VALUES ('lazysnake549', 'selma.olsen@example.com', '2e8992d1c0481be962b7d9c2e12a350e16c6c6a2e8a4a1842b46219747a7c2c6', '4jQqqnKE', 'selma', 'olsen', '1989-04-30 02:50:25', 5, 'Registered');
INSERT INTO useracc (username, email, password, salt, first_name, last_name, birth, country, user_type) VALUES ('ticklishwolf934', 'jimmie.dunn@example.com', '46c7677298052b1caf3fcb130ea126fa496378aa15ccd0a7d141f201badd95fa', 'rsXnInTA', 'jimmie', 'dunn', '1982-08-10 14:19:52', 1, 'Registered');
INSERT INTO useracc (username, email, password, salt, first_name, last_name, birth, country, user_type) VALUES ('ticklishswan588', 'ted.mckinney@example.com', 'e4dbae312e9a545386df2d73ffe6ac18af729440f8815320f54641ce079f4619', 'HZ3B91yx', 'ted', 'mckinney', '1964-06-18 09:46:09', 2, 'Registered');
INSERT INTO useracc (username, email, password, salt, first_name, last_name, birth, country, user_type) VALUES ('orangecat416', 'aad.witjes@example.com', 'f99f072b951952c47bac26231604cc85d19cbca8c4c5fa894f36e4cbd1d2b0d2', 'O3fZZzRo', 'aad', 'witjes', '1946-05-05 21:47:08', 2, 'Registered');
INSERT INTO useracc (username, email, password, salt, first_name, last_name, birth, country, user_type) VALUES ('bluelion145', 'viktor.ernst@example.com', '1776f30a6cb44eae72277c439368ab9ba896cf68dd05ca92ffcde5b02b9c3971', 'FbGZIqnG', 'viktor', 'ernst', '1966-04-02 03:34:38', 6, 'Registered');
INSERT INTO useracc (username, email, password, salt, first_name, last_name, birth, country, user_type) VALUES ('yellowpanda621', 'latife.koyuncu@example.com', 'd879b3f97d90195bfd985ed9992bdcaeb62d34e999503ef73d0191bdcb129355', 'P9DtcsdR', 'latife', 'koyuncu', '1962-04-16 19:04:26', 1, 'Registered');
INSERT INTO useracc (username, email, password, salt, first_name, last_name, birth, country, user_type) VALUES ('whitelion478', 'lee.holmes@example.com', 'd1ee4316073d054e86859ccd6f89146bd1ef727021f2b784c263dd2f9a88067a', 'WYc5pJ1K', 'lee', 'holmes', '1948-05-13 23:42:35', 2, 'Registered');
INSERT INTO useracc (username, email, password, salt, first_name, last_name, birth, country, user_type) VALUES ('organicbird463', 'hélèna.lemaire@example.com', '1703506b35d06d832a22617a49e746b21b528b1643db108461171ae117d2a19a', '6Pvr2gKf', 'hélèna', 'lemaire', '1953-10-09 21:06:44', 1, 'Registered');
INSERT INTO useracc (username, email, password, salt, first_name, last_name, birth, country, user_type) VALUES ('goldenmouse722', 'brooke.martin@example.com', 'f2dc80416934ed0bcdd5fcc8d0013f9cc3f72579e52b1028ac39b40d05cbe282', '8JCkVyU9', 'brooke', 'martin', '1982-04-06 07:20:39', 4, 'Registered');
INSERT INTO useracc (username, email, password, salt, first_name, last_name, birth, country, user_type) VALUES ('redfrog660', 'mélody.renard@example.com', '70b955d6352a02da8db39dfe715c54714b223af508be8347106f0ae518ae21fc', 'eKo0Jqfy', 'mélody', 'renard', '1991-12-01 10:46:47', 1, 'Registered');
INSERT INTO useracc (username, email, password, salt, first_name, last_name, birth, country, user_type) VALUES ('redgoose343', 'eva.santos@example.com', '7ebfc8faf7eabdb1566bbcbfb6c2553de1ed950c330b5670a6fc686353461da5', 'glBQrunS', 'eva', 'santos', '1962-08-19 15:53:27', 4, 'Registered');
INSERT INTO useracc (username, email, password, salt, first_name, last_name, birth, country, user_type) VALUES ('heavyfish735', 'jonas.duval@example.com', '26a88cd12a49d660b3e88a76c0c3d01d4a7a1473ed2bd5e9974ed61d89038f97', 'oueKwGNg', 'jonas', 'duval', '1992-06-19 05:07:46', 3, 'Registered');
INSERT INTO useracc (username, email, password, salt, first_name, last_name, birth, country, user_type) VALUES ('yellowpanda324', 'cecil.hunter@example.com', '55f0c2e5a2e649b4284af0f12fc9240fb97485aba6e4c68dee53e215ef35c399', 'oZRYgfw1', 'cecil', 'hunter', '1953-09-13 01:31:27', 1, 'Registered');
INSERT INTO useracc (username, email, password, salt, first_name, last_name, birth, country, user_type) VALUES ('heavyladybug443', 'christine.morrison@example.com', 'aaf4024d66859583b78a6ea787cbcbe6263cf210ccb15b28f2c1ed55b12e12ee', 'FEWfgTmI', 'christine', 'morrison', '1945-05-03 21:47:59', 2, 'Registered');
INSERT INTO useracc (username, email, password, salt, first_name, last_name, birth, country, user_type) VALUES ('lazywolf900', 'آرش.جعفری@example.com', '204584b1588cceca13cae5904ec4027225def8f5201acc41b9b8a0b8376ba041', 'diauWtss', 'آرش', 'جعفری', '1984-02-05 04:07:21', 2, 'Registered');
INSERT INTO useracc (username, email, password, salt, first_name, last_name, birth, country, user_type) VALUES ('beautifulgoose141', 'logan.dupuis@example.com', 'a5e848d5feae344a938a6cdcb43b22f7d7df10778ffcbaaf4fd19d5badcfc83d', 'zK2uVRXs', 'logan', 'dupuis', '1984-01-14 20:35:31', 3, 'Registered');
INSERT INTO useracc (username, email, password, salt, first_name, last_name, birth, country, user_type) VALUES ('blueduck337', 'nina.kaiser@example.com', '1d712d48a83165438abf0ebbc29af459217b78d16242ac3dddbb4b4a2520ee9a', 'Ivm8H6Lx', 'nina', 'kaiser', '1986-10-27 00:35:25', 5, 'Registered');
INSERT INTO useracc (username, email, password, salt, first_name, last_name, birth, country, user_type) VALUES ('brownbear342', 'fábio.terhorst@example.com', '0d60931501174fd1fc615a48e0e7741f90fe4563412d0ffd18ae3d1ad0f6a25c', 'xUg1BED3', 'fábio', 'terhorst', '1977-01-28 00:17:46', 1, 'Registered');
INSERT INTO useracc (username, email, password, salt, first_name, last_name, birth, country, user_type) VALUES ('blackcat495', 'bently.slawa@example.com', '46ed7fb05a9e000c9040b4daea0dcc6fc0d256735f5fefaf48cea4222790f70f', 'EaSKKTKt', 'bently', 'slawa', '1952-12-18 16:11:49', 5, 'Registered');
INSERT INTO useracc (username, email, password, salt, first_name, last_name, birth, country, user_type) VALUES ('whitebear755', 'oya.hakyemez@example.com', '5af13b2e6565c30f4fe5a49cd11ecedbe9ceb04af3f005a7609f87e04eb7cfbb', 'pHbR6nob', 'oya', 'hakyemez', '1951-04-23 17:47:22', 5, 'Registered');
INSERT INTO useracc (username, email, password, salt, first_name, last_name, birth, country, user_type) VALUES ('yellowelephant227', 'mirian.maatman@example.com', '98312b0f097e447f06a3fac4e04ae66114df8fbeef51016787e36fea0a2dc94c', '06W5FDZs', 'mirian', 'maatman', '1956-04-13 12:35:34', 2, 'Registered');
INSERT INTO useracc (username, email, password, salt, first_name, last_name, birth, country, user_type) VALUES ('beautifulladybug957', 'aleksi.rintala@example.com', 'b7f40fdc4f4f3ebde15cdb4e5331e17d1f00a6143c3d7b97a04dc50d7de79ee1', '0anM7upd', 'aleksi', 'rintala', '1993-04-29 19:33:53', 4, 'Registered');
INSERT INTO useracc (username, email, password, salt, first_name, last_name, birth, country, user_type) VALUES ('goldensnake731', 'tabita.barbosa@example.com', 'bbd0ff86341e33fe66ee0833ebd0a99d7c590e1c950c2b2d61974f9ef694e50e', 'ktLtOHRh', 'tabita', 'barbosa', '1979-11-06 14:56:45', 1, 'Registered');
INSERT INTO useracc (username, email, password, salt, first_name, last_name, birth, country, user_type) VALUES ('redbutterfly985', 'sylvia.knight@example.com', '5db2c0ea33f23d285c55cc4a583f5bde6cc1aef57cfc1dd16e8c7ee71102c379', 'lp1SXo0u', 'sylvia', 'knight', '1989-06-08 06:56:25', 5, 'Registered');

INSERT INTO topic (admin_id, topicname, description) VALUES (1, 'programming', 'for programmers, just like you.');
INSERT INTO topic (admin_id, topicname, description) VALUES (1, 'mathematics', 'for people studying math at any level.');
INSERT INTO topic (admin_id, topicname, description) VALUES (1, 'aviation', 'for aircraft pilots, mechanics and enthusiasts.');

INSERT INTO post (current_state, up_score, down_score) VALUES ('Published', 0, 0);
INSERT INTO postinstance (post_id, user_id, description) VALUES (1, 16, '&lt;p&gt;I try many ways but all fails. Some can help me. Thank you very much. &lt;/p&gt;
');
INSERT INTO question (post_id, topic_id, title) VALUES (1, 1, 'How to blur SimpleDraweeView in Android Studio with Fresco Library');
INSERT INTO activity (post_id, user_id, action) VALUES (1, 16, 'Create');
INSERT INTO tag (text) VALUES ('blur');
INSERT INTO questiontag (question_id, tag_id) VALUES (1, 1);
INSERT INTO tag (text) VALUES ('fresco');
INSERT INTO questiontag (question_id, tag_id) VALUES (1, 2);

INSERT INTO post (current_state, up_score, down_score) VALUES ('Published', 0, 0);
INSERT INTO postinstance (post_id, user_id, description) VALUES (2, 7, '&lt;p&gt;I want to extract machine code from XBee DigiMesh firmware (Cortex-M3, EM357), so I have SREC file with 3 sections inside. I suppose, that one of these sections is a code section, but arm-none-eabi-objdump reports &quot;unknown instruction&quot; very often. &lt;strong&gt;Does anyone know why this happens?&lt;/strong&gt; &lt;/p&gt;

&lt;p&gt;This is how I try to do this:&lt;/p&gt;

&lt;pre&gt;&lt;code&gt;arm-none-eabi-objcopy --input-target=srec --output-target=binary -j .sec2 xbp24-dm_8073.ehx2.dec sec2.bin
arm-none-eabi-objdump -D -bbinary -marm -Mforce-thumb sec2.bin
&lt;/code&gt;&lt;/pre&gt;

&lt;ul&gt;
&lt;li&gt;Firmware: &lt;a href=&quot;http://tmp.nazaryev.ru/xbp24-dm_8073.ehx2.dec&quot; rel=&quot;nofollow noreferrer&quot;&gt;http://tmp.nazaryev.ru/xbp24-dm_8073.ehx2.dec&lt;/a&gt;&lt;/li&gt;
&lt;li&gt;EM357 datasheet: &lt;a href=&quot;https://www.silabs.com/documents/public/data-sheets/EM35x.pdf&quot; rel=&quot;nofollow noreferrer&quot;&gt;https://www.silabs.com/documents/public/data-sheets/EM35x.pdf&lt;/a&gt;&lt;/li&gt;
&lt;/ul&gt;
');
INSERT INTO question (post_id, topic_id, title) VALUES (2, 1, 'Can&#39;t extract machine code from Cortex-M3 firmware');
INSERT INTO activity (post_id, user_id, action) VALUES (2, 7, 'Create');
INSERT INTO tag (text) VALUES ('arm');
INSERT INTO questiontag (question_id, tag_id) VALUES (2, 3);
INSERT INTO tag (text) VALUES ('reverse-engineering');
INSERT INTO questiontag (question_id, tag_id) VALUES (2, 4);
INSERT INTO tag (text) VALUES ('cortex-m3');
INSERT INTO questiontag (question_id, tag_id) VALUES (2, 5);
INSERT INTO tag (text) VALUES ('bare-metal');
INSERT INTO questiontag (question_id, tag_id) VALUES (2, 6);

INSERT INTO post (current_state, up_score, down_score) VALUES ('Published', 0, 0);
INSERT INTO postinstance (post_id, user_id, description) VALUES (3, 17, '&lt;p&gt;Currently I have a simple SQL request to get aall &lt;code&gt;group departure date&lt;/code&gt; and the associated &lt;code&gt;group size&lt;/code&gt; (teamLength) between 2 dates but it doesn&#x27;t work properly.&lt;/p&gt;

&lt;pre class=&quot;lang-sql prettyprint-override&quot;&gt;&lt;code&gt;SELECT `groups`.`departure`, COUNT(`group_users`.`group_id`) as &#x27;teamLength&#x27;
&lt;/code&gt;&lt;/pre&gt;

&lt;p&gt;FROM &lt;code&gt;groups&lt;/code&gt;
    INNER JOIN &lt;code&gt;group_users&lt;/code&gt;
ON &lt;code&gt;groups&lt;/code&gt;.&lt;code&gt;id&lt;/code&gt; = &lt;code&gt;group_users&lt;/code&gt;.&lt;code&gt;group_id&lt;/code&gt;
  WHERE departure BETWEEN &#x27;2017-03-01&#x27; AND &#x27;2017-03-31&#x27;&lt;/p&gt;

&lt;p&gt;In fact, if I have more than 1 group between the 2 dates, only 1 date will be recovered in association with the total number of teamLength.&lt;/p&gt;

&lt;p&gt;For exemple, if I have 2 groups in the same interval with, for group 1, 2 people and for group 2, 1 people, the result will be:&lt;/p&gt;

&lt;p&gt;&lt;a href=&quot;https://i.stack.imgur.com/xqN3B.png&quot; rel=&quot;nofollow noreferrer&quot;&gt;&lt;img src=&quot;https://i.stack.imgur.com/xqN3B.png&quot; alt=&quot;SQL Result&quot;&gt;&lt;/a&gt;&lt;/p&gt;

&lt;p&gt;Here are 2 screenshots of the current state of my &lt;code&gt;groups&lt;/code&gt; and &lt;code&gt;group_users&lt;/code&gt; tables:
&lt;a href=&quot;https://i.stack.imgur.com/M2GW4.png&quot; rel=&quot;nofollow noreferrer&quot;&gt;&lt;img src=&quot;https://i.stack.imgur.com/M2GW4.png&quot; alt=&quot;enter image description here&quot;&gt;&lt;/a&gt;&lt;/p&gt;

&lt;p&gt;&lt;a href=&quot;https://i.stack.imgur.com/kleL7.png&quot; rel=&quot;nofollow noreferrer&quot;&gt;&lt;img src=&quot;https://i.stack.imgur.com/kleL7.png&quot; alt=&quot;enter image description here&quot;&gt;&lt;/a&gt;&lt;/p&gt;

&lt;p&gt;Is it even possible to to what I want in only 1 SQL request ? Thanks&lt;/p&gt;
');
INSERT INTO question (post_id, topic_id, title) VALUES (3, 1, 'SQL Join with data associated to dates');
INSERT INTO activity (post_id, user_id, action) VALUES (3, 17, 'Create');
INSERT INTO tag (text) VALUES ('mysql');
INSERT INTO questiontag (question_id, tag_id) VALUES (3, 7);
INSERT INTO tag (text) VALUES ('sql');
INSERT INTO questiontag (question_id, tag_id) VALUES (3, 8);

INSERT INTO post (current_state, up_score, down_score) VALUES ('Published', -1, 0);
INSERT INTO postinstance (post_id, user_id, description) VALUES (4, 6, '&lt;p&gt;I need to provide panning and zooming capabilities to my image in WPF. I have followed the below link and it works fine for Touch screen based system.
&lt;a href=&quot;https://www.tutorialspoint.com/wpf/wpf_multi_touch.htm&quot; rel=&quot;nofollow noreferrer&quot;&gt;Multi touch with WPF&lt;/a&gt; . But what it doesn&#x27;t work with ,mouse events. such as scrolling the mouse wheel to zoom or rotating the image using mouse. below are my questions?&lt;/p&gt;

&lt;ol&gt;
&lt;li&gt;Is there any possibilities to achieve both mouse and touch events by means single event?&lt;/li&gt;
&lt;li&gt;IF yes how to do that?&lt;/li&gt;
&lt;li&gt;If it is not possible, Why?&lt;/li&gt;
&lt;/ol&gt;
');
INSERT INTO question (post_id, topic_id, title) VALUES (4, 1, 'handle Multi touch and mouse events with single event -WPF');
INSERT INTO activity (post_id, user_id, action) VALUES (4, 6, 'Create');
INSERT INTO tag (text) VALUES ('wpf');
INSERT INTO questiontag (question_id, tag_id) VALUES (4, 9);

INSERT INTO post (current_state, up_score, down_score) VALUES ('Published', -5, 0);
INSERT INTO postinstance (post_id, user_id, description) VALUES (5, 50, '&lt;p&gt;I try to teach myself some programming with the book &quot;Python Crashkurs&quot; by Eric Matthes.
I have/want to write a code with whom you can put in sandwich topics with and which prints back what topics you &quot;ordered&quot; and says sandwhich made.&lt;/p&gt;

&lt;p&gt;But I only can choose the toppings and It doenst Exit with Q or q
Here is my code:&lt;/p&gt;

&lt;pre&gt;&lt;code&gt;def choose_toppings():
   li=[]
   flage=True
   while flag==True:
        x=input(&quot;Please select your topping&quot;)
        li.append(x)
        print(&quot;press ´q´ to Exit&quot;)
        if x==(&quot;q&quot;,&quot;Q&quot;):
           flag=False
        return li 
def make_sandwich(**li):
   print(&quot;your topics are:&quot;,li)
   print(&quot;your sandwich is made&quot;)

choose_toppings()
make_sandwich(**li)
&lt;/code&gt;&lt;/pre&gt;

&lt;p&gt;Could your give me some hints or try to evolve my code. Thank you.&lt;/p&gt;

&lt;p&gt;greetings Martin &lt;/p&gt;
');
INSERT INTO question (post_id, topic_id, title) VALUES (5, 1, 'Python 3 code doesnt work');
INSERT INTO activity (post_id, user_id, action) VALUES (5, 50, 'Create');
INSERT INTO tag (text) VALUES ('python');
INSERT INTO questiontag (question_id, tag_id) VALUES (5, 10);

INSERT INTO post (current_state, up_score, down_score) VALUES ('Published', 0, 0);
INSERT INTO postinstance (post_id, user_id, description) VALUES (6, 2, '&lt;p&gt;Since subclass can access super class&#x27;s variables and methods defined as protected, why following code gives compile error?&lt;/p&gt;

&lt;pre&gt;&lt;code&gt;public class Animal {
    protected int var;

    public void eat() {
        System.out.println(&quot;Animal eating&quot;);
    }
}
class Dog extends Animal {
    Animal an = new Animal();
    an.var = 10;
}
&lt;/code&gt;&lt;/pre&gt;
');
INSERT INTO question (post_id, topic_id, title) VALUES (6, 1, 'Accessing super class variables/methods in sub class');
INSERT INTO activity (post_id, user_id, action) VALUES (6, 2, 'Create');
INSERT INTO tag (text) VALUES ('java');
INSERT INTO questiontag (question_id, tag_id) VALUES (6, 11);
INSERT INTO tag (text) VALUES ('inheritance');
INSERT INTO questiontag (question_id, tag_id) VALUES (6, 12);
INSERT INTO tag (text) VALUES ('access-modifiers');
INSERT INTO questiontag (question_id, tag_id) VALUES (6, 13);

INSERT INTO post (current_state, up_score, down_score) VALUES ('Published', 0, 0);
INSERT INTO postinstance (post_id, user_id, description) VALUES (7, 16, '&lt;p&gt;The title is a bit simplified, here&#x27;s the actual code:&lt;/p&gt;

&lt;pre&gt;&lt;code&gt;$(&#x27;a&#x27;).click(function (e) {
    var newLocation = this.href;

    $(&#x27;body&#x27;).fadeOut(250, newPage);

    function newPage() {
        window.location = newLocation;
    }
});
&lt;/code&gt;&lt;/pre&gt;

&lt;p&gt;The intention is to fade out the page before going to the href location. The problem is with links like this:&lt;/p&gt;

&lt;pre&gt;&lt;code&gt;&amp;lt;a href=&#x27;javascript:history.back()&#x27;&amp;gt;Link&amp;lt;/a&amp;gt;
&lt;/code&gt;&lt;/pre&gt;

&lt;p&gt;Normally, when href is &#x27;javascript:history.back()&#x27;, it goes back to the scroll position on the preivious page, which is what I want. With this code, it goes to the top of the page. How can i fix this?&lt;/p&gt;
');
INSERT INTO question (post_id, topic_id, title) VALUES (7, 1, 'Why does window.location = javascript:history.back() not restore the scroll position?');
INSERT INTO activity (post_id, user_id, action) VALUES (7, 16, 'Create');
INSERT INTO tag (text) VALUES ('javascript');
INSERT INTO questiontag (question_id, tag_id) VALUES (7, 14);
INSERT INTO tag (text) VALUES ('html');
INSERT INTO questiontag (question_id, tag_id) VALUES (7, 15);

INSERT INTO post (current_state, up_score, down_score) VALUES ('Published', 0, 0);
INSERT INTO postinstance (post_id, user_id, description) VALUES (8, 15, '&lt;p&gt;&lt;a href=&quot;https://i.stack.imgur.com/xvIBI.png&quot; rel=&quot;nofollow noreferrer&quot;&gt;&lt;img src=&quot;https://i.stack.imgur.com/xvIBI.png&quot; alt=&quot;enter image description here&quot;&gt;&lt;/a&gt;&lt;/p&gt;

&lt;p&gt;show this image in multiple part of crop.and save this multiple crop parts in different files. &lt;/p&gt;
');
INSERT INTO question (post_id, topic_id, title) VALUES (8, 1, 'How to crop multiple part of image file in android?');
INSERT INTO activity (post_id, user_id, action) VALUES (8, 15, 'Create');
INSERT INTO tag (text) VALUES ('android');
INSERT INTO questiontag (question_id, tag_id) VALUES (8, 16);
INSERT INTO tag (text) VALUES ('eclipse');
INSERT INTO questiontag (question_id, tag_id) VALUES (8, 17);
INSERT INTO tag (text) VALUES ('android-studio');
INSERT INTO questiontag (question_id, tag_id) VALUES (8, 18);

INSERT INTO post (current_state, up_score, down_score) VALUES ('Published', 0, 0);
INSERT INTO postinstance (post_id, user_id, description) VALUES (9, 17, '&lt;p&gt;On my page I have a toolbar which is supposed to be centered in the middle. I have a seperate css sheet which centres it, however it keeps being overriden by the min.css file. &lt;/p&gt;

&lt;p&gt;In my body content.css I have:&lt;/p&gt;

&lt;pre&gt;&lt;code&gt;.btn-toolbar .btn, .btn-toolbar .btn-group, .btn-toolbar .input-group {
  float:none !important;
}
&lt;/code&gt;&lt;/pre&gt;

&lt;p&gt;But when I inspect the page via the console it it always shows this in the min.css:&lt;/p&gt;

&lt;pre&gt;&lt;code&gt;.btn-toolbar .btn, .btn-toolbar .btn-group, .btn-toolbar .input-group {
  float:left;
}
&lt;/code&gt;&lt;/pre&gt;

&lt;p&gt;How do I override it?&lt;/p&gt;
');
INSERT INTO question (post_id, topic_id, title) VALUES (9, 1, 'How do you override bootstrap.min.css? Django');
INSERT INTO activity (post_id, user_id, action) VALUES (9, 17, 'Create');
INSERT INTO tag (text) VALUES ('css');
INSERT INTO questiontag (question_id, tag_id) VALUES (9, 19);
INSERT INTO tag (text) VALUES ('django');
INSERT INTO questiontag (question_id, tag_id) VALUES (9, 20);

INSERT INTO post (current_state, up_score, down_score) VALUES ('Published', 0, 0);
INSERT INTO postinstance (post_id, user_id, description) VALUES (10, 31, '&lt;p&gt;I have the following script that creates 2 session variables storing the IP and the time a form was submitted. I was wondering if it&#x27;s possible to &lt;strong&gt;display a message if the form is submitted more than 3 times by the same IP in the space of 60 seconds&lt;/strong&gt;.&lt;/p&gt;

&lt;pre&gt;&lt;code&gt;    &amp;lt;?php

if ($_SERVER[&#x27;REQUEST_METHOD&#x27;] == &#x27;POST&#x27;) {

    session_start();

    function getRealIpAddr()
    {
        if (!empty($_SERVER[&#x27;HTTP_CLIENT_IP&#x27;]))   //check ip from share internet
        {
          $ip=$_SERVER[&#x27;HTTP_CLIENT_IP&#x27;];
        }
        elseif (!empty($_SERVER[&#x27;HTTP_X_FORWARDED_FOR&#x27;]))   //to check ip is pass from proxy
        {
          $ip=$_SERVER[&#x27;HTTP_X_FORWARDED_FOR&#x27;];
        }
        else
        {
          $ip=$_SERVER[&#x27;REMOTE_ADDR&#x27;];
        }
        return $ip;
    }

    $_SESSION[&#x27;ip&#x27;] = getRealIpAddr();
    $_SESSION[&#x27;time&#x27;] = date(DATE_RFC822);

// function to prevent multiple form submissions / bot

}
&lt;/code&gt;&lt;/pre&gt;

&lt;p&gt;I realise this is quite rudimentary and not a failsafe, but I just want to put some basic abuse prevention and build from here.&lt;/p&gt;

&lt;p&gt;Many thanks for any guidance.&lt;/p&gt;
');
INSERT INTO question (post_id, topic_id, title) VALUES (10, 1, 'Prevent multiple Form Submissions from Same IP in specific time');
INSERT INTO activity (post_id, user_id, action) VALUES (10, 31, 'Create');
INSERT INTO tag (text) VALUES ('php');
INSERT INTO questiontag (question_id, tag_id) VALUES (10, 21);

INSERT INTO post (current_state, up_score, down_score) VALUES ('Published', 0, 0);
INSERT INTO postinstance (post_id, user_id, description) VALUES (11, 40, '&lt;p&gt;My json for marathon is below &lt;/p&gt;

&lt;pre&gt;&lt;code&gt;{
  &quot;id&quot;: &quot;/storage/mysql&quot;,
  &quot;cmd&quot;: null,
  &quot;cpus&quot;: 1,
  &quot;mem&quot;: 512,
  &quot;disk&quot;: 0,
  &quot;instances&quot;: 1,
  &quot;constraints&quot;: [
    [
      &quot;hostname&quot;,
      &quot;UNIQUE&quot;
    ]
  ],
  &quot;container&quot;: {
    &quot;type&quot;: &quot;DOCKER&quot;,
    &quot;volumes&quot;: [],
    &quot;docker&quot;: {
      &quot;image&quot;: &quot;reg.xxxxx.cn/library/mysql:5.7&quot;,
      &quot;network&quot;: &quot;HOST&quot;,
      &quot;portMappings&quot;: [],
      &quot;privileged&quot;: true,
      &quot;parameters&quot;: [],
      &quot;forcePullImage&quot;: false
    }
  },
  &quot;env&quot;: {
    &quot;MYSQL_ROOT_PASSWORD&quot;: &quot;123456&quot;
  },
  &quot;labels&quot;: {
    &quot;HAPROXY_GROUP&quot;: &quot;internal&quot;
  },
  &quot;portDefinitions&quot;: [
    {
      &quot;port&quot;: 3306,
      &quot;protocol&quot;: &quot;tcp&quot;,
      &quot;labels&quot;: {}
    }
  ]
}
&lt;/code&gt;&lt;/pre&gt;

&lt;p&gt;I find the haproxy (run at 192.168.30.142 &lt;a href=&quot;https://i.stack.imgur.com/46QDU.png&quot; rel=&quot;nofollow noreferrer&quot;&gt;View the screenshot&lt;/a&gt;) config is :&lt;/p&gt;

&lt;pre&gt;&lt;code&gt;frontend storage_mysql_3306
  bind *:3306
  mode tcp
  use_backend storage_mysql_3306

backend storage_mysql_3306
  balance roundrobin
  mode tcp
  server 192_168_30_144_31695 192.168.30.144:31695
&lt;/code&gt;&lt;/pre&gt;

&lt;p&gt;the mysql container is run at 192.168.30.144 &lt;a href=&quot;https://i.stack.imgur.com/uovDM.png&quot; rel=&quot;nofollow noreferrer&quot;&gt;View the screenshot&lt;/a&gt;, so what i want is :&lt;/p&gt;

&lt;pre&gt;&lt;code&gt;server 192_168_30_144_3306 192.168.30.144:3306
&lt;/code&gt;&lt;/pre&gt;

&lt;p&gt;so what should i do to slove it?
thanks!&lt;/p&gt;
');
INSERT INTO question (post_id, topic_id, title) VALUES (11, 1, 'How to config the marathon-lb when the container run in HOST network?');
INSERT INTO activity (post_id, user_id, action) VALUES (11, 40, 'Create');
INSERT INTO questiontag (question_id, tag_id) VALUES (11, 7);
INSERT INTO tag (text) VALUES ('docker');
INSERT INTO questiontag (question_id, tag_id) VALUES (11, 22);
INSERT INTO tag (text) VALUES ('marathon');
INSERT INTO questiontag (question_id, tag_id) VALUES (11, 23);

INSERT INTO post (current_state, up_score, down_score) VALUES ('Published', 1, 0);
INSERT INTO postinstance (post_id, user_id, description) VALUES (12, 36, '&lt;p&gt;I get an output from my grep command as below.&lt;/p&gt;

&lt;pre&gt;&lt;code&gt; grep -r GFD . | cut -d: -f2
out_GFD_994     NSE_FO_BHP_1703   -9425     6800       361.45      11900     359.96      5100      0.34%    6137085.0  -15.36
out_GFD_994     NSE_FO_BHP_1704   15651     -6800      360.38      6800      362.04      13600     26.66%   7374430.0  21.22 
out_GFD_994     NSE_FO_TLS_1703        -4996     2000       603.57      5000      602.68      3000      0.46%    4825900.0  -10.35
out_GFD_994     NSE_FO_TLS_1704        4480      -2000      605.71      3000      606.44      5000      29.62%   4849350.0  9.24  
out_GFD_994     NSE_FO_MQG_1703          -11717    -20000     148.64      50000     148.64      70000     0.46%    17837250.0  -6.57 
out_GFD_994     NSE_FO_MQG_1704          17213     20000      149.29      75000     149.39      55000     36.11%   19413500.0  8.87  
out_GFD_Part2                        NSE_FO_BHP_1703   -17597    -20000     0           0         39.25       20000     0.07%    785000.0  -224.17
out_GFD_Part2                        NSE_FO_BHP_1704   14481     20000      39.6        20000     0           0         1.38%    792000.0  182.84
out_GFD_Part2                        NSE_FO_TLS_1703         28312     1200       643.93      16800     645.52      15600     0.54%    20888220.0  13.55 
out_GFD_Part2                        NSE_FO_TLS_1704         -23813    -1200      647.91      16800     646.87      18000     34.11%   22528620.0  -10.57
out_GFD_Part2                        NSE_FO_MQG_1703   -133456    8800       1029.33     25300     1025.86     16500     0.55%    42968915.0  -31.06 unhedged
out_GFD_Part2                        NSE_FO_MQG_1704   141534    -7700      1031.26     33000     1033.85     40700     49.62%   76109605.0  18.60 
&lt;/code&gt;&lt;/pre&gt;

&lt;p&gt;I need a purge/merge/unstack (whatever word sounds appropriate) according to 2nd column value as key.
So that output data transforms to (summation of corresponding values)&lt;/p&gt;

&lt;pre&gt;&lt;code&gt;out_GFD_994     out_GFD_Part2    NSE_FO_BHP_1703   -9425-17597     6800-20000       361.45      11900     359.96      5100      0.34%    6137085.0  -15.36
out_GFD_994     out_GFD_Part2    NSE_FO_BHP_1704   15651+14481     -6800+20000      360.38      6800      362.04      13600     26.66%   7374430.0  21.22 
out_GFD_994     out_GFD_Part2    NSE_FO_TLS_1703        -4996+28312     2000+1200       603.57      5000      602.68      3000      0.46%    4825900.0  -10.35
out_GFD_994     out_GFD_Part2    NSE_FO_TLS_1704        4480-23813     -2000-1200      605.71      3000      606.44      5000      29.62%   4849350.0  9.24  
out_GFD_994     out_GFD_Part2    NSE_FO_MQG_1703          -11717-133456    -20000+8800     148.64      50000     148.64      70000     0.46%    17837250.0  -6.57 
out_GFD_994     out_GFD_Part2    NSE_FO_MQG_1704          17213+141534     20000-7700      149.29      75000     149.39      55000     36.11%   19413500.0  8.87  

                                       (only 2 columns shown in expected output format)
&lt;/code&gt;&lt;/pre&gt;

&lt;p&gt;I can give names to columns and load it as pandas dataframe if that paves the way to solve this problem.&lt;/p&gt;

&lt;p&gt;Update 1:&lt;/p&gt;

&lt;p&gt;I would work on just 5 columns for now and have loaded it into my pandas dataframe as below&lt;/p&gt;

&lt;pre&gt;&lt;code&gt;&amp;gt;&amp;gt;&amp;gt; df
      grep_string              key    val1   val2     val3
0     out_GFD_994  NSE_FO_BHP_1703   -9425   6800   361.45
1     out_GFD_994  NSE_FO_BHP_1704   15651  -6800   360.38
2     out_GFD_994  NSE_FO_TLS_1703   -4996   2000   603.57
3     out_GFD_994  NSE_FO_TLS_1704    4480  -2000   605.71
4     out_GFD_994  NSE_FO_MQG_1703  -11717 -20000   148.64
5     out_GFD_994  NSE_FO_MQG_1704   17213  20000   149.29
6   out_GFD_Part2  NSE_FO_BHP_1703  -17597 -20000     0.00
7   out_GFD_Part2  NSE_FO_BHP_1704   14481  20000    39.60
8   out_GFD_Part2  NSE_FO_TLS_1703   28312   1200   643.93
9   out_GFD_Part2  NSE_FO_TLS_1704  -23813  -1200   647.91
10  out_GFD_Part2  NSE_FO_MQG_1703 -133456   8800  1029.33
11  out_GFD_Part2  NSE_FO_MQG_1704  141534  -7700  1031.26
&lt;/code&gt;&lt;/pre&gt;

&lt;p&gt;How do I do a  (summation) merge using key column &lt;/p&gt;

&lt;p&gt;Update 2:&lt;/p&gt;

&lt;p&gt;The summed column values are to be added to a logfile as below:&lt;/p&gt;

&lt;pre&gt;&lt;code&gt;NSE_FO_BHP_1703_MAXLONGPOS = 200000
NSE_FO_BHP_1703_MAXSHORTPOS = 200000
NSE_FO_BHP_1703_MAXLONGEXPOSURE = 250000
NSE_FO_BHP_1703_MAXSHORTEXPOSURE = 250000
NSE_FO_BHP_1704_MAXLONGPOS = 200000
NSE_FO_BHP_1704_MAXSHORTPOS = 200000
NSE_FO_BHP_1704_MAXLONGEXPOSURE = 250000
NSE_FO_BHP_1704_MAXSHORTEXPOSURE = 250000
NSE_FO_TLS_1703_MAXLONGPOS = 100000
NSE_FO_TLS_1703_MAXSHORTPOS = 100000
NSE_FO_TLS_1703_MAXLONGEXPOSURE = 200000
NSE_FO_TLS_1703_MAXSHORTEXPOSURE = 200000
NSE_FO_TLS_1704_MAXLONGPOS = 100000
NSE_FO_TLS_1704_MAXSHORTPOS = 100000
NSE_FO_TLS_1704_MAXLONGEXPOSURE = 200000
NSE_FO_TLS_1704_MAXSHORTEXPOSURE = 200000
NSE_FO_MQG_1703_MAXLONGPOS = 300000
NSE_FO_MQG_1703_MAXSHORTPOS = 300000
NSE_FO_MQG_1703_MAXLONGEXPOSURE = 400000
NSE_FO_MQG_1703_MAXSHORTEXPOSURE = 400000
NSE_FO_DEF_1704_MAXLONGPOS = 300000
NSE_FO_MQG_1704_MAXSHORTPOS = 300000
NSE_FO_MQG_1704_MAXLONGEXPOSURE = 400000
NSE_FO_MQG_1704_MAXSHORTEXPOSURE = 400000
&lt;/code&gt;&lt;/pre&gt;

&lt;p&gt;Can we add summed output value we get in df (say column d )to be added/subtracted to the above file by mapping it to substring. example we get -13200 in column d.  We have &lt;code&gt;NSE_FO_BHP_1703_MAXLONGPOS = 200000&lt;/code&gt;. In the a file, change this to &lt;code&gt;213200&lt;/code&gt; and change &lt;code&gt;NSE_FO_BHP_1703_MAXSHORTPOS to 186800&lt;/code&gt;. Change the &lt;code&gt;MAXLONGEXPOSURE and MAXSHORTEXPOSURE to 263200 and 236800&lt;/code&gt; .&lt;/p&gt;
');
INSERT INTO question (post_id, topic_id, title) VALUES (12, 1, 'Unstack and merge based on column value as key');
INSERT INTO activity (post_id, user_id, action) VALUES (12, 36, 'Create');
INSERT INTO questiontag (question_id, tag_id) VALUES (12, 10);
INSERT INTO tag (text) VALUES ('pandas');
INSERT INTO questiontag (question_id, tag_id) VALUES (12, 24);
INSERT INTO tag (text) VALUES ('mapping');
INSERT INTO questiontag (question_id, tag_id) VALUES (12, 25);

INSERT INTO post (current_state, up_score, down_score) VALUES ('Published', 0, 0);
INSERT INTO postinstance (post_id, user_id, description) VALUES (13, 16, '&lt;p&gt;I&#x27;m inserting client information into Clients table found in MySql database from VB.Net 2010. The problem is when it insert Date values, the MySql Date column shows: &quot;0000-00-00&quot;.&lt;/p&gt;

&lt;p&gt;What I have to do to insert the compatible date format into MysQl Database?&lt;/p&gt;

&lt;p&gt;This is the code that i have tried to do that:&lt;/p&gt;

&lt;pre&gt;&lt;code&gt;Dim dtb, dtr As DateTime
DateTimePicker1.Format = DateTimePickerFormat.Custom
        DateTimePicker1.CustomFormat = &quot;yyyy-mm-dd&quot;
        dtb = DateTimePicker1.MinDate
        txtdtb.AppendText(dtb)

        DateTimePicker2.Format = DateTimePickerFormat.Custom
        DateTimePicker2.CustomFormat = &quot;yyyy-mm-dd&quot;
        dtr = DateTimePicker1.MinDate

            ExecSQL(&quot;INSERT INTO clients VALUES(&#x27;&quot; &amp;amp; clid.Text &amp;amp; &quot;&#x27;,&#x27;&quot; &amp;amp; clname.Text &amp;amp; &quot;&#x27;,&#x27;&quot; &amp;amp; clgen.Text &amp;amp; &quot;&#x27;,&#x27;&quot; &amp;amp; dtb &amp;amp; &quot;&#x27;,&#x27;&quot; &amp;amp; claddress.Text &amp;amp; &quot;&#x27;,&#x27;&quot; &amp;amp; clemail.Text &amp;amp; &quot;&#x27;,&#x27;&quot; &amp;amp; clphone.Text &amp;amp; &quot;&#x27;,&#x27;&quot; &amp;amp; clocp.Text &amp;amp; &quot;&#x27;,&#x27;&quot; &amp;amp; dtr &amp;amp; &quot;&#x27;)&quot;)
            MsgBox(&quot;Record Saved&quot;, MsgBoxStyle.Information, &quot;Save&quot;)

            FillList(frmMember.lvMember, GetData(&quot;SELECT * FROM clients&quot;))

        End If
&lt;/code&gt;&lt;/pre&gt;
');
INSERT INTO question (post_id, topic_id, title) VALUES (13, 1, 'Saving Date&amp;Time from VB.Net to mysql Database Date?');
INSERT INTO activity (post_id, user_id, action) VALUES (13, 16, 'Create');
INSERT INTO questiontag (question_id, tag_id) VALUES (13, 7);
INSERT INTO tag (text) VALUES ('vb.net');
INSERT INTO questiontag (question_id, tag_id) VALUES (13, 26);

INSERT INTO post (current_state, up_score, down_score) VALUES ('Published', -2, 0);
INSERT INTO postinstance (post_id, user_id, description) VALUES (14, 25, '&lt;p&gt;I use [getgz.php] to download [tcmsv_alldesc.gz] , and use [ungzip.php] to get [tcmsv_alldesc.json].&lt;/p&gt;

&lt;ol&gt;
&lt;li&gt;I couldn&#x27;t &lt;em&gt;count&lt;/em&gt; my data{park} by [tcmsv_alldesc.php].
//ans:1473&lt;/li&gt;
&lt;li&gt;I can see chinese word in data reading by localhost,
it&#x27;s correct. but open it in sublime or show it on localhost from
php, i&#x27;ll see many garbled. how can i see tradition chinese ?&lt;/li&gt;
&lt;li&gt;It&#x27;s because many &quot;/&quot; &quot;\&quot; &quot; &quot; in data,so i saw many garbled, am i
right?&lt;/li&gt;
&lt;/ol&gt;

&lt;p&gt;[getgz.php]&lt;/p&gt;

&lt;pre&gt;&lt;code&gt;&amp;lt;?php
file_put_contents(&quot;TCMSV_alldesc.gz&quot;, file_get_contents(&quot;https://tcgbusfs.blob.core.windows.net/blobtcmsv/TCMSV_alldesc.gz&quot;));
?&amp;gt;
&lt;/code&gt;&lt;/pre&gt;

&lt;p&gt;[ungzip.php]&lt;/p&gt;

&lt;pre&gt;&lt;code&gt;&amp;lt;?php
$file_name = &#x27;TCMSV_alldesc.gz&#x27;;
$buffer_size = 100000;
$out_file_name = str_replace(&#x27;.gz&#x27;,&#x27;.json&#x27;, $file_name);
$file = gzopen($file_name, &#x27;rb&#x27;);
$out_file = fopen($out_file_name, &#x27;wb&#x27;);
while(!gzeof($file)){
fwrite($out_file, gzread($file, $buffer_size));
}
fclose($out_file);
gzclose($file);
?&amp;gt;
&lt;/code&gt;&lt;/pre&gt;

&lt;p&gt;[TCMSV_alldesc.PHP]&lt;/p&gt;

&lt;pre&gt;&lt;code&gt;&amp;lt;?php
$dj = file_get_contents(&#x27;TCMSV_alldesc.json&#x27;);
print_r($dj);
echo count($dj-&amp;gt;{&#x27;data&#x27;}-&amp;gt;{&#x27;park&#x27;});
?&amp;gt;
&lt;/code&gt;&lt;/pre&gt;
');
INSERT INTO question (post_id, topic_id, title) VALUES (14, 1, 'GARBLED TO UTF8 AND COUNT JSON DATA IN PHP');
INSERT INTO activity (post_id, user_id, action) VALUES (14, 25, 'Create');
INSERT INTO questiontag (question_id, tag_id) VALUES (14, 21);
INSERT INTO tag (text) VALUES ('json');
INSERT INTO questiontag (question_id, tag_id) VALUES (14, 27);
INSERT INTO tag (text) VALUES ('count');
INSERT INTO questiontag (question_id, tag_id) VALUES (14, 28);
INSERT INTO tag (text) VALUES ('gz');
INSERT INTO questiontag (question_id, tag_id) VALUES (14, 29);

INSERT INTO post (current_state, up_score, down_score) VALUES ('Published', 0, 0);
INSERT INTO postinstance (post_id, user_id, description) VALUES (15, 22, '&lt;p&gt;I am currently using the following json data. (The key is a time hh:mm)&lt;/p&gt;

&lt;pre&gt;&lt;code&gt; &quot;chart&quot;: {
    &quot;23:20&quot;: 11,
    &quot;23:30&quot;: 11,
    &quot;23:40&quot;: 11,
    &quot;23:50&quot;: 16,
    &quot;00:00&quot;: 16,
    &quot;00:10&quot;: 14,
    &quot;00:20&quot;: 11,
    &quot;00:30&quot;: 12,
    &quot;00:40&quot;: 14,
    &quot;00:50&quot;: 10,
    &quot;01:00&quot;: 8,
    &quot;01:10&quot;: 12,
    &quot;01:20&quot;: 15,
    &quot;01:30&quot;: 13,
    &quot;01:40&quot;: 11,
    &quot;01:50&quot;: 8,
    &quot;02:00&quot;: 8
 }
&lt;/code&gt;&lt;/pre&gt;

&lt;p&gt;&lt;a href=&quot;https://pastebin.com/cp16Rr9w&quot; rel=&quot;nofollow noreferrer&quot;&gt;https://pastebin.com/cp16Rr9w&lt;/a&gt;&lt;/p&gt;

&lt;p&gt;I am then moving the data to a php array. I would like to sort the array, so it starts at the current server time and goes on from there.&lt;/p&gt;

&lt;p&gt;At the moment i am using the following php (unsorted)&lt;/p&gt;

&lt;pre&gt;&lt;code&gt;  &amp;lt;?php
    foreach ($data[&#x27;chart&#x27;] as $key =&amp;gt; $value){
        echo &#x27;Time: &#x27;.$key.&#x27;Data: &#x27;.$value;
    }
  ?&amp;gt;
&lt;/code&gt;&lt;/pre&gt;
');
INSERT INTO question (post_id, topic_id, title) VALUES (15, 1, 'Sort php array based on current time');
INSERT INTO activity (post_id, user_id, action) VALUES (15, 22, 'Create');
INSERT INTO questiontag (question_id, tag_id) VALUES (15, 21);
INSERT INTO tag (text) VALUES ('arrays');
INSERT INTO questiontag (question_id, tag_id) VALUES (15, 30);
INSERT INTO questiontag (question_id, tag_id) VALUES (15, 27);

INSERT INTO post (current_state, up_score, down_score) VALUES ('Published', 0, 0);
INSERT INTO postinstance (post_id, user_id, description) VALUES (16, 14, '&lt;p&gt;&lt;strong&gt;Table name product under this only i want to display one product with three prices.&lt;/strong&gt; &lt;em&gt;For Example&lt;/em&gt;&lt;/p&gt;

&lt;ul&gt;
&lt;li&gt;table tabura(product name) price on indian domain Rs 100.&lt;/li&gt;
&lt;li&gt;product same name price on another subdomain $500.&lt;/li&gt;
&lt;li&gt;product same name price on another subdomain SAR500.&lt;/li&gt;
&lt;/ul&gt;
');
INSERT INTO question (post_id, topic_id, title) VALUES (16, 1, 'how to display different price for same product in codeigniter');
INSERT INTO activity (post_id, user_id, action) VALUES (16, 14, 'Create');
INSERT INTO questiontag (question_id, tag_id) VALUES (16, 14);
INSERT INTO questiontag (question_id, tag_id) VALUES (16, 21);
INSERT INTO tag (text) VALUES ('codeigniter');
INSERT INTO questiontag (question_id, tag_id) VALUES (16, 31);
INSERT INTO tag (text) VALUES ('e-commerce');
INSERT INTO questiontag (question_id, tag_id) VALUES (16, 32);

INSERT INTO post (current_state, up_score, down_score) VALUES ('Published', 0, 0);
INSERT INTO postinstance (post_id, user_id, description) VALUES (17, 6, '&lt;p&gt;I have two python scripts as below -&lt;/p&gt;

&lt;p&gt;parent.py&lt;/p&gt;

&lt;pre&gt;&lt;code&gt;import os
import signal


shutdown = False

def sigterm_handler(signum, frame):
    global shutdown
    shutdown = True

if __name__ == &#x27;__main__&#x27;:
    signal.signal(signal.SIGTERM, sigterm_handler)
    signal.signal(signal.SIGINT, sigterm_handler)
    os.chdir(os.path.dirname(os.path.abspath(__file__)))
    cmd = &#x27;python child.py&#x27;
    while True:
        if shutdown == True:
            break
        print &#x27;executing %s&#x27; % cmd
        exit_code = os.system(cmd)
        print &#x27;Exit Code from %s &amp;gt; %s&#x27; % (cmd, exit_code)    
    print &#x27;Exiting Parent&#x27;    
&lt;/code&gt;&lt;/pre&gt;

&lt;p&gt;child.py&lt;/p&gt;

&lt;pre&gt;&lt;code&gt;import signal
import time

shutdown = False

def sigterm_handler(signum, frame):
    global shutdown
    shutdown = True

if __name__ == &#x27;__main__&#x27;:
    signal.signal(signal.SIGTERM, sigterm_handler)
    signal.signal(signal.SIGINT, sigterm_handler)
    while True:
        if shutdown == True:
            break
        print &#x27;Child Process Running !!&#x27;
        time.sleep(1)  
&lt;/code&gt;&lt;/pre&gt;

&lt;p&gt;If I run parent.py and press ctrl + c on the terminal the child process exits and gets restarted by the parent as the parent is not processing the SIGINT is not being processed by the parent. I want to terminate both parent and the child if ctrl + c is pressed on the terminal. But for cases where the child exits because of some error instead of ctrl + c event, I want the parent to continue executing. I could have handled SIGCHLD in the parent but that doesn&#x27;t indicate if the child was exited because of a ctrl + c event or something else. How would I achieve this behavior ?&lt;/p&gt;

&lt;p&gt;below is the output I get if I run the parent -&lt;/p&gt;

&lt;pre&gt;&lt;code&gt;executing python child.py
Child Process Running !!
Child Process Running !!
Child Process Running !!
Child Process Running !!
^CExit Code from python child.py &amp;gt; 2
executing python child.py
Child Process Running !!
Child Process Running !!
Child Process Running !!
Child Process Running !!
Child Process Running !!
^CExit Code from python child.py &amp;gt; 2
executing python child.py
Child Process Running !!
Child Process Running !!
Child Process Running !!
Child Process Running !!
^CExit Code from python child.py &amp;gt; 2
............................
............................
&lt;/code&gt;&lt;/pre&gt;
');
INSERT INTO question (post_id, topic_id, title) VALUES (17, 1, 'Python parent process is not catching SIGTERM/SIGINT signals when launching subprocess using os.sytem()');
INSERT INTO activity (post_id, user_id, action) VALUES (17, 6, 'Create');
INSERT INTO questiontag (question_id, tag_id) VALUES (17, 10);
INSERT INTO tag (text) VALUES ('subprocess');
INSERT INTO questiontag (question_id, tag_id) VALUES (17, 33);
INSERT INTO tag (text) VALUES ('signals');
INSERT INTO questiontag (question_id, tag_id) VALUES (17, 34);
INSERT INTO tag (text) VALUES ('os.system');
INSERT INTO questiontag (question_id, tag_id) VALUES (17, 35);

INSERT INTO post (current_state, up_score, down_score) VALUES ('Published', -3, 0);
INSERT INTO postinstance (post_id, user_id, description) VALUES (18, 29, '&lt;p&gt;Please Give me suggestion, i have tried all things in stackoverflow..but cant get anything....implode(): Invalid arguments passed in ERROR....It is totally different question.... anyone help.....&lt;/p&gt;

&lt;pre&gt;&lt;code&gt;$array= array(&#x27;sbi17online&#x27;=&amp;gt;array(1999,2499), &#x27;catts17&#x27;=&amp;gt;array(6499,7999), &#x27;sbi17test&#x27;=&amp;gt;749, &#x27;mba17&#x27;=&amp;gt;7999, &#x27;cat17&#x27;=&amp;gt;array(5499,6499, 7999), &#x27;gk17&#x27;=&amp;gt;array(499,1099,1199,1799), &#x27;sbi17combo&#x27;=&amp;gt;array(3499,3999), &#x27;ibps17offline&#x27;=&amp;gt;array(2999,3499), &#x27;dm17&#x27;=&amp;gt;array(699, 1199, 1299, 1799), &#x27;ibps17online&#x27;=&amp;gt;array(1999,2499), &#x27;sbi17offline&#x27;=&amp;gt;array(2999,3499), &#x27;gkdm17&#x27;=&amp;gt;array(1199,1799), &#x27;ibps17test&#x27;=&amp;gt;749, &#x27;ibps17combo&#x27;=&amp;gt;array(3499,3999) );

while($row = mysql_fetch_object($rs)){
$coursecode1 = $row-&amp;gt;coursecode;
LINE 15----- $implode= implode(&#x27;,&#x27;, $array[$coursecode1]);
array_push($result, $row);

 LINE 30------ $query1=mysql_query(&#x27;SELECT er.coursecode as registrationcoursecode, es.coursecode as salescoursecode FROM emailtodb_registration as er LEFT JOIN emailtodb_sales as es on er.email=es.email AND es.coursecode= &quot;&#x27;.$array[$implode].&#x27;&quot; WHERE er.email= &quot;&#x27;.$email1.&#x27;&quot; AND er.id= &quot;&#x27;.$id1.&#x27;&quot;&#x27;);
&lt;/code&gt;&lt;/pre&gt;

&lt;p&gt;ERRORS&lt;/p&gt;

&lt;p&gt;&lt;br /&gt;&lt;/p&gt;

&lt;blockquote&gt;
  &lt;p&gt;&lt;b&gt;Notice&lt;/b&gt;:  Undefined index: 499,1099,1199,1799 in &lt;b&gt;C:\xampp\htdocs        \razorpay\sample\razorpay-php-testapp-master_files
  \php-imap-ToDB-master\startmin-master\php\get_users.php&lt;/b&gt; on line &lt;b&gt;30&lt;/b&gt;&lt;br /&gt;
  &lt;br /&gt;
  &lt;b&gt;Notice&lt;/b&gt;:  Undefined index: 5499,6499,7999 in &lt;b&gt;C:\xampp\htdocs\razorpay\sample\razorpay-php-testapp-master_files
  \php-imap-ToDB-master\startmin-master\php\get_users.php&lt;/b&gt; on line &lt;b&gt;30&lt;/b&gt;&lt;br /&gt;
  &lt;br /&gt;
  &lt;b&gt;Warning&lt;/b&gt;:  implode(): Invalid arguments passed in &lt;b&gt;C:\xampp\htdocs\razorpay\sample\razorpay-php-testapp-master_files
  \php-imap-ToDB-master\startmin-master\php\get_users.php&lt;/b&gt; on line &lt;b&gt;15&lt;/b&gt;&lt;br /&gt;
  &lt;br /&gt;
  &lt;b&gt;Notice&lt;/b&gt;:  Undefined index:  in &lt;b&gt;C:\xampp\htdocs\razorpay\sample\razorpay-php-testapp-master_files
  \php-imap-ToDB-master\startmin-master\php\get_users.php&lt;/b&gt; on line &lt;b&gt;30&lt;/b&gt;&lt;br /&gt;
  &lt;br /&gt;
  &lt;b&gt;Notice&lt;/b&gt;:  Undefined index: 1999,2499 in &lt;b&gt;C:\xampp\htdocs\razorpay\sample\razorpay-php-testapp-master_files
  \php-imap-ToDB-master\startmin-master\php\get_users.php&lt;/b&gt; on line &lt;b&gt;30&lt;/b&gt;&lt;br /&gt;
  &lt;br /&gt;
  &lt;b&gt;Warning&lt;/b&gt;:  implode(): Invalid arguments passed in &lt;b&gt;C:\xampp\htdocs\razorpay\sample\razorpay-php-testapp-master_files
  \php-imap-ToDB-master\startmin-master\php\get_users.php&lt;/b&gt; on line &lt;b&gt;15&lt;/b&gt;&lt;br /&gt;
  &lt;br /&gt;
  &lt;b&gt;Warning&lt;/b&gt;:  implode(): Invalid arguments passed in &lt;b&gt;C:\xampp\htdocs\razorpay\sample\razorpay-php-testapp-master_files
  \php-imap-ToDB-master\startmin-master\php\get_users.php&lt;/b&gt; on line &lt;b&gt;15&lt;/b&gt;&lt;br /&gt;
  &lt;br /&gt;
  &lt;b&gt;Warning&lt;/b&gt;:  implode(): Invalid arguments passed in &lt;b&gt;C:\xampp\htdocs\razorpay\sample\razorpay-php-testapp-master_files
  \php-imap-ToDB-master\startmin-master\php\get_users.php&lt;/b&gt; on line &lt;b&gt;15&lt;/b&gt;&lt;br /&gt;
  &lt;br /&gt;
  &lt;b&gt;Warning&lt;/b&gt;:  implode(): Invalid arguments passed in &lt;b&gt;C:\xampp\htdocs\razorpay\sample\razorpay-php-testapp-master_files
  \php-imap-ToDB-master\startmin-master\php\get_users.php&lt;/b&gt; on line &lt;b&gt;15&lt;/b&gt;&lt;br /&gt;&lt;/p&gt;
&lt;/blockquote&gt;
');
INSERT INTO question (post_id, topic_id, title) VALUES (18, 1, 'undefined index error in php array while run my query');
INSERT INTO activity (post_id, user_id, action) VALUES (18, 29, 'Create');
INSERT INTO questiontag (question_id, tag_id) VALUES (18, 21);
INSERT INTO questiontag (question_id, tag_id) VALUES (18, 7);
INSERT INTO questiontag (question_id, tag_id) VALUES (18, 30);

INSERT INTO post (current_state, up_score, down_score) VALUES ('Published', 2, 0);
INSERT INTO postinstance (post_id, user_id, description) VALUES (19, 43, '&lt;p&gt;l have a strange scenario where &lt;code&gt;non NaN&lt;/code&gt; values are represented by &lt;code&gt;#####&lt;/code&gt;  but when l click on the cell of &lt;code&gt;####&lt;/code&gt; l get the value. However when l manipulate my data l got the following error :&lt;/p&gt;

&lt;pre&gt;&lt;code&gt;  img_charac=img[int(coords[2]):int(coords[3]),int(coords[0]):int(coords[1])]
ValueError: cannot convert float NaN to integer
&lt;/code&gt;&lt;/pre&gt;

&lt;p&gt;Because it reads some cell as &lt;code&gt;NaN&lt;/code&gt;&lt;/p&gt;

&lt;p&gt;how can l avoid that ?
Here is my csv file &lt;/p&gt;

&lt;p&gt;&lt;a href=&quot;https://i.stack.imgur.com/tAzK7.png&quot; rel=&quot;nofollow noreferrer&quot;&gt;&lt;img src=&quot;https://i.stack.imgur.com/tAzK7.png&quot; alt=&quot;enter image description here&quot;&gt;&lt;/a&gt;&lt;/p&gt;

&lt;p&gt;in the following picture look at te line &lt;code&gt;139 cell C&lt;/code&gt; when l click on that cell l get the real value on the top right corner &lt;/p&gt;

&lt;p&gt;&lt;a href=&quot;https://i.stack.imgur.com/YUgkF.png&quot; rel=&quot;nofollow noreferrer&quot;&gt;&lt;img src=&quot;https://i.stack.imgur.com/YUgkF.png&quot; alt=&quot;enter image description here&quot;&gt;&lt;/a&gt;&lt;/p&gt;

&lt;p&gt;l increased the width of the column l don&#x27;t have any &lt;code&gt;####&lt;/code&gt; in my csv file.
However when l read my csv file as follow :&lt;/p&gt;

&lt;pre&gt;&lt;code&gt;npa=np.genfromtxt(path_csv+&quot;char.csv&quot;, delimiter=&#x27;,&#x27;,skip_header=1,usecols=(2,3,4,5))

npa[:280]
array([[   38.,   104.,  2456.,  2492.],
       [   40.,   102.,  2442.,  2448.],
       [   40.,   100.,  2402.,  2410.],
       ..., 
       [ 1473.,  1482.,   153.,   177.],
       [   nan,  1491.,  1494.,   172.],
       [ 1508.,  1517.,   159.,   177.]])
&lt;/code&gt;&lt;/pre&gt;

&lt;p&gt;l get strangely one &lt;code&gt;NaN&lt;/code&gt; value &lt;code&gt;(npa[278])&lt;/code&gt;&lt;/p&gt;

&lt;pre&gt;&lt;code&gt;[   nan,  1491.,  1494.,   172.]
&lt;/code&gt;&lt;/pre&gt;

&lt;p&gt;l noticed  in this value it is not reading the correct column.
the entire line is as follow  : &lt;/p&gt;

&lt;pre&gt;&lt;code&gt;&#x27;,&#x27; 1491    1494    172 181
&lt;/code&gt;&lt;/pre&gt;

&lt;p&gt;rather writing :
 [ 1491.,  1494.,   172., 181.]
it writes :&lt;/p&gt;

&lt;pre&gt;&lt;code&gt;[   nan,  1491.,  1494.,   172.]
&lt;/code&gt;&lt;/pre&gt;

&lt;p&gt;which means it reads the first column which is a char &lt;code&gt;(&#x27;,&#x27;)&lt;/code&gt; and left the last column.
l noticed that for each row with a char &lt;code&gt;&#x27;,&#x27;&lt;/code&gt; for the rest it&#x27;s ok &lt;/p&gt;

&lt;p&gt;here how l read my csv :&lt;/p&gt;

&lt;pre&gt;&lt;code&gt;npa=np.genfromtxt(path_csv+&quot;char.csv&quot;, delimiter=&#x27;,&#x27;,skip_header=1,usecols=(2,3,4,5))
&lt;/code&gt;&lt;/pre&gt;

&lt;p&gt;l have  &lt;code&gt;delimiter=&#x27;,&#x27;&lt;/code&gt; and in the first column l have some char which are &lt;code&gt;&#x27;,&#x27;&lt;/code&gt;
thank you&lt;/p&gt;
');
INSERT INTO question (post_id, topic_id, title) VALUES (19, 1, 'l have NaN which are not NaN in my CSV file due to comma');
INSERT INTO activity (post_id, user_id, action) VALUES (19, 43, 'Create');
INSERT INTO questiontag (question_id, tag_id) VALUES (19, 10);
INSERT INTO tag (text) VALUES ('csv');
INSERT INTO questiontag (question_id, tag_id) VALUES (19, 36);
INSERT INTO questiontag (question_id, tag_id) VALUES (19, 24);
INSERT INTO tag (text) VALUES ('dataframe');
INSERT INTO questiontag (question_id, tag_id) VALUES (19, 37);

INSERT INTO post (current_state, up_score, down_score) VALUES ('Published', 0, 0);
INSERT INTO postinstance (post_id, user_id, description) VALUES (20, 1, '&lt;p&gt;I downloaded a theme on the internet and am trying to modify its &quot;contact&quot; page. I cannot find the place to modify it anywhere on wordpress admin panel&lt;/p&gt;

&lt;p&gt;&lt;a href=&quot;https://i.stack.imgur.com/ol3MY.png&quot; rel=&quot;nofollow noreferrer&quot;&gt;&lt;img src=&quot;https://i.stack.imgur.com/ol3MY.png&quot; alt=&quot;My contact page&quot;&gt;&lt;/a&gt;&lt;/p&gt;

&lt;p&gt;When I pressed on &quot;edit page&quot;, there is no code of the contact form, I cannot edit the code&lt;/p&gt;

&lt;p&gt;&lt;a href=&quot;https://i.stack.imgur.com/Kof6b.png&quot; rel=&quot;nofollow noreferrer&quot;&gt;&lt;img src=&quot;https://i.stack.imgur.com/Kof6b.png&quot; alt=&quot;Wordpress admin panel - Edit page&quot;&gt;&lt;/a&gt;&lt;/p&gt;

&lt;p&gt;I doubt the contact form is a plugin and look for it in my Plugin list. But no plugin for contact form either&lt;/p&gt;

&lt;p&gt;&lt;a href=&quot;https://i.stack.imgur.com/WGjk3.png&quot; rel=&quot;nofollow noreferrer&quot;&gt;&lt;img src=&quot;https://i.stack.imgur.com/WGjk3.png&quot; alt=&quot;My list of plugins&quot;&gt;&lt;/a&gt;&lt;/p&gt;

&lt;p&gt;Where can I find the code/ settings so that I can customize this contact form?&lt;/p&gt;
');
INSERT INTO question (post_id, topic_id, title) VALUES (20, 1, 'Where can I modify wordpress contact form?');
INSERT INTO activity (post_id, user_id, action) VALUES (20, 1, 'Create');
INSERT INTO tag (text) VALUES ('wordpress');
INSERT INTO questiontag (question_id, tag_id) VALUES (20, 38);
INSERT INTO tag (text) VALUES ('forms');
INSERT INTO questiontag (question_id, tag_id) VALUES (20, 39);
INSERT INTO tag (text) VALUES ('contact-form');
INSERT INTO questiontag (question_id, tag_id) VALUES (20, 40);

INSERT INTO post (current_state, up_score, down_score) VALUES ('Published', 0, 0);
INSERT INTO postinstance (post_id, user_id, description) VALUES (21, 11, '&lt;p&gt;I&#x27;m a noob here, but I all I want to do here is to generate a PHP Mail using all the rows and their values from a Database Table using MYSQLi method.&lt;/p&gt;

&lt;p&gt;My Table Format
&lt;strong&gt;ndr_confirm_id&lt;/strong&gt; | &lt;strong&gt;order_id&lt;/strong&gt; (INT) | &lt;strong&gt;tracking_no&lt;/strong&gt; (BIGINT) | &lt;strong&gt;status&lt;/strong&gt; (0,1) | &lt;strong&gt;update_time&lt;/strong&gt;
Estimated Rows in the Table : 50-100&lt;/p&gt;

&lt;p&gt;I want to generate a table within the PHP Mail which lists values from &lt;strong&gt;ALL&lt;/strong&gt; rows available in the table.&lt;/p&gt;

&lt;pre&gt;&lt;code&gt;&amp;lt;?php

ini_set(&#x27;display_errors&#x27;, 1);
ini_set(&#x27;display_startup_errors&#x27;, 1);
error_reporting(E_ALL);
$con=mysqli_connect(&quot;localhost&quot;,&quot;admin&quot;,&quot;ABC1234!&quot;,&quot;my_krty&quot;);//database connection


$date = date(&#x27;Y-m-d&#x27;);
$e_date = date(&#x27;d-m-Y&#x27;);

//Email Receiver//
   $to = &quot;xxx@example.com&quot;;

   //From Header//
   $header = &quot;From: MyKrty&amp;lt;undelivered@example.com&amp;gt;&quot;.&quot;\r\n&quot;;
   $header .= &quot;MIME-Version: 1.0&quot; . &quot;\r\n&quot;;
$header .= &quot;Content-type:text/html; charset=ISO-8859-1&quot; . &quot;\r\n&quot;;

   // Subject //
   $subject = &quot;Request&quot;;


   // Message //
   $message = &quot;&amp;lt;html&amp;gt;
    &amp;lt;head&amp;gt;
        &amp;lt;title&amp;gt;&amp;lt;/title&amp;gt;
        &amp;lt;link href=&#x27;https://fonts.googleapis.com/css?family=Pacifico|Varela+Round&#x27; rel=&#x27;stylesheet&#x27; /&amp;gt;
    &amp;lt;/head&amp;gt;
    &amp;lt;body style=&#x27;font-family: &#x27; varela=&#x27;&#x27;&amp;gt;

        &amp;lt;table align=&#x27;center&#x27; border=&#x27;0&#x27; cellpadding=&#x27;5&#x27; style=&#x27;background-color:#f2f2f2; border-radius:5px; color:#333333; padding:7px; width:85%;&#x27;&amp;gt;
            &amp;lt;tbody&amp;gt;
                &amp;lt;tr&amp;gt;
                    &amp;lt;td style=&#x27;text-align: center;&#x27;&amp;gt;
                        &amp;lt;strong&amp;gt;Tracking AWB&amp;lt;/strong&amp;gt;&amp;lt;/td&amp;gt;
                    &amp;lt;td style=&#x27;text-align: center;&#x27;&amp;gt;&amp;lt;strong&amp;gt;
                        Order ID #&amp;lt;/strong&amp;gt;&amp;lt;/td&amp;gt;

                &amp;lt;/tr&amp;gt;&quot;;
$get_ndr = mysqli_query($con,&quot;SELECT * FROM `oc_ndr_confirm` WHERE `status`=&#x27;0&#x27;&quot;);
while ($row = mysqli_fetch_array($get_ndr))
{
$order_id = $row[&#x27;order_id&#x27;];
$tracking_no = $row[&#x27;tracking_no&#x27;];
foreach($row as $value){

$message. = &quot;&amp;lt;tr&amp;gt;&amp;lt;td style=&#x27;text-align:center;&#x27;&amp;gt;&amp;lt;strong&amp;gt;&quot;.$value[&#x27;tracking_no&#x27;].&quot;&amp;lt;/td&amp;gt;&amp;lt;td style=&#x27;text-align:center;&#x27;&amp;gt;&quot;.$value[&#x27;order_id&#x27;].&quot;&amp;lt;/td&amp;gt;&amp;lt;/tr&amp;gt;&quot;;
        }}

$message.= &quot;            &amp;lt;/tbody&amp;gt;
        &amp;lt;/table&amp;gt;
        &amp;lt;p&amp;gt;
            &amp;amp;nbsp;&amp;lt;/p&amp;gt;
        &amp;lt;p&amp;gt;
            &amp;amp;nbsp;&amp;lt;/p&amp;gt;

        &amp;lt;p&amp;gt;
            We request you to kindly re-schedule the following above at your earliest.&amp;lt;/p&amp;gt;

    &amp;lt;/body&amp;gt;
&amp;lt;/html&amp;gt; \r\n&quot;;    

   //Send Mail//
   $mail_send = mail($to,$subject,$message,$header);
&lt;/code&gt;&lt;/pre&gt;

&lt;p&gt;I&#x27;ve tried a lot of Threads, but unable to figure out, as I don&#x27;t understand arrays much. The mail function is working fine, but I&#x27;m just receiving one row only in the table, with values as 2 in both columns.&lt;/p&gt;

&lt;p&gt;The last thread I referred to was &lt;strong&gt;&lt;a href=&quot;http://stackoverflow.com/questions/31271599/sending-email-with-all-products-from-cart&quot;&gt;How to Send Email with all Products in the Cart&lt;/a&gt;&lt;/strong&gt; .&lt;/p&gt;

&lt;p&gt;Though, I couldn&#x27;t make it referring the above mentioned thread as it was too confusing.&lt;/p&gt;
');
INSERT INTO question (post_id, topic_id, title) VALUES (21, 1, 'Dynamic PHP Email with All Values from Database Table in HTML using Mysqli');
INSERT INTO activity (post_id, user_id, action) VALUES (21, 11, 'Create');
INSERT INTO questiontag (question_id, tag_id) VALUES (21, 21);
INSERT INTO tag (text) VALUES ('email');
INSERT INTO questiontag (question_id, tag_id) VALUES (21, 41);
INSERT INTO tag (text) VALUES ('mysqli');
INSERT INTO questiontag (question_id, tag_id) VALUES (21, 42);
INSERT INTO tag (text) VALUES ('foreach');
INSERT INTO questiontag (question_id, tag_id) VALUES (21, 43);

INSERT INTO post (current_state, up_score, down_score) VALUES ('Published', 1, 0);
INSERT INTO postinstance (post_id, user_id, description) VALUES (22, 38, '&lt;p&gt;I&#x27;m about to change a code to &quot;WordPress-customized code&quot; (using $wpdb). And with &lt;code&gt;$wpdb-&amp;gt;get_results()&lt;/code&gt; I get an array that need to be outputted with a foreach loop. But the problem is that my current while-loop has a &quot;$initial_hidden statement&quot; in it that I don&#x27;t know how to do with the new foreach.&lt;/p&gt;

&lt;p&gt;Here is my current code:&lt;/p&gt;

&lt;pre&gt;&lt;code&gt;while (($initial_hidden == true) || ($r = mysql_fetch_assoc($q))) {

...

}
&lt;/code&gt;&lt;/pre&gt;

&lt;p&gt;So, how do I get the &quot;initial hidden&quot; to this:&lt;/p&gt;

&lt;pre&gt;&lt;code&gt;foreach ($q as $r) {

...

}
&lt;/code&gt;&lt;/pre&gt;
');
INSERT INTO question (post_id, topic_id, title) VALUES (22, 1, 'Change a while loop to foreach?');
INSERT INTO activity (post_id, user_id, action) VALUES (22, 38, 'Create');
INSERT INTO questiontag (question_id, tag_id) VALUES (22, 21);
INSERT INTO questiontag (question_id, tag_id) VALUES (22, 38);
INSERT INTO questiontag (question_id, tag_id) VALUES (22, 43);

INSERT INTO post (current_state, up_score, down_score) VALUES ('Deleted', 0, 0);
INSERT INTO postinstance (post_id, user_id, description) VALUES (23, 12, '&lt;p&gt;I&#x27;m working on some data which contains rejected and accepted data. These are separated in two separated log files. I want to merge them with R-code.&lt;/p&gt;

&lt;p&gt;But if a code was rejected it &lt;em&gt;could&lt;/em&gt; be accepted later on. And the other way around. If you used the code already it should be rejected later on.&lt;/p&gt;

&lt;p&gt;I want to make a merge between these two tables cause when you&#x27;re code is rejected I also get a code why it was rejected in the first place when someone used the code at the wrong day or at the wrong store and uses it later on at the right place and time I can find it back in the accepted log file.&lt;/p&gt;

&lt;p&gt;my code looks like this:&lt;/p&gt;

&lt;pre&gt;&lt;code&gt;head(ACCEPTED)

code   Overruled device      date
1 29    FALSE   05       2017-02-23 16:27:56
2 30    FALSE   05       2017-02-23 16:27:58
3 09    FALSE   05       2017-02-23 16:28:31
4 06    FALSE   08       2017-02-23 16:28:34
5 27    FALSE   08       2017-02-23 16:28:39
6 07    FALSE   08       2017-02-23 16:28:59

head(REJECTED)
code   CODE device         date
1 29    1   01        2017-02-22 12:47:49
2 07    5   01        2017-02-23 16:48:25
3 00    2   01        2017-02-23 12:50:00
4 09    3   01        2017-02-23 16:51:23
5 87    1   07        2017-02-23 16:25:29
6 98    1   03        2017-02-23 16:25:47
&lt;/code&gt;&lt;/pre&gt;

&lt;p&gt;I already merged them by barcode but then I didn&#x27;t include the fact that I wanted to know the origin where the code was first used. &lt;/p&gt;

&lt;ul&gt;
&lt;li&gt;So for code 29 it was first rejected on the 22 and accepted on the 23. &lt;/li&gt;
&lt;li&gt;But code 09 was first accepted and then rejected (someone tried to use the code later on, but failed because it was already used)&lt;/li&gt;
&lt;/ul&gt;

&lt;p&gt;Some code is not in both tables because it either was accepted or rejected and not used again. &lt;/p&gt;

&lt;p&gt;I want a table that can work with chord  visualisation tool from Microsoft power BI 
&lt;a href=&quot;https://i.stack.imgur.com/GQrl8.png&quot; rel=&quot;nofollow noreferrer&quot;&gt;&lt;img src=&quot;https://i.stack.imgur.com/GQrl8.png&quot; alt=&quot;chord, power BI&quot;&gt;&lt;/a&gt;&lt;/p&gt;

&lt;p&gt;the new data frame should look like this:&lt;/p&gt;

&lt;pre&gt;&lt;code&gt; code   from   to
 29     01     05 # because the code was first seen at 01 and then scanned at 05
 09     05     01 
 07     08     01 
&lt;/code&gt;&lt;/pre&gt;

&lt;p&gt;If the code doesn&#x27;t exist in the other table it should not appear in the new table. Normal merging works by code but it should be in order of appearance of the code. 
Any help will be appreciated.&lt;/p&gt;
');
INSERT INTO question (post_id, topic_id, title) VALUES (23, 1, 'merging to data tables by code but recognize where it was scanned first');
INSERT INTO activity (post_id, user_id, action) VALUES (23, 12, 'Create');
INSERT INTO tag (text) VALUES ('r');
INSERT INTO questiontag (question_id, tag_id) VALUES (23, 44);
INSERT INTO tag (text) VALUES ('powerbi');
INSERT INTO questiontag (question_id, tag_id) VALUES (23, 45);
INSERT INTO tag (text) VALUES ('posixct');
INSERT INTO questiontag (question_id, tag_id) VALUES (23, 46);

INSERT INTO post (current_state, up_score, down_score) VALUES ('Published', 1, 0);
INSERT INTO postinstance (post_id, user_id, description) VALUES (24, 37, '&lt;p&gt;We would like to implement an authentication consumer using a REST service from a third party provider.&lt;/p&gt;

&lt;p&gt;To retrieve userinformation they are only providing the authorization flow. This flow returns an URL to their system to redirect to, when the user authenticates in their system, they do a postback to our page including a token. With that token we can call their system again to retrieve the actual user information.&lt;/p&gt;

&lt;p&gt;They require us to use a public private keypair (available via an url) to sign and encrypt all the JSON data (request and response objects are/need to be signed and encrypted). Their response claim will also be base64 encoded, signed and encrypted using RSA SHA-256.&lt;/p&gt;

&lt;p&gt;Are there any examples on how we could implement the retrieval of the user information (claim) using dotnetopenauth?&lt;/p&gt;

&lt;p&gt;Note that I&#x27;m completely new to OpenID and OAuth&lt;/p&gt;
');
INSERT INTO question (post_id, topic_id, title) VALUES (24, 1, 'Authorization flow using signing and encryption with public/private keypair');
INSERT INTO activity (post_id, user_id, action) VALUES (24, 37, 'Create');
INSERT INTO tag (text) VALUES ('dotnetopenauth');
INSERT INTO questiontag (question_id, tag_id) VALUES (24, 47);

INSERT INTO post (current_state, up_score, down_score) VALUES ('Published', 0, 0);
INSERT INTO postinstance (post_id, user_id, description) VALUES (25, 15, '&lt;p&gt;Here&#x27;s something I can&#x27;t get my head around and I would appreciate some help :)&lt;/p&gt;

&lt;p&gt;At the moment I have fields on an Excel spreadsheet that have customer&#x27;s addresses and phone numbers. However the phone numbers are at the end of each string in the address field e.g &lt;/p&gt;

&lt;p&gt;Name,Address,Landline,Mobile
Johnson,2 Oxton Road Moreton CH45 9JB 07854213658 721 2569,&lt;/p&gt;

&lt;p&gt;I need it to go to 
Johnson,2 Oxton Road Moreton CH45 9JB,07854213658,721 2569&lt;/p&gt;

&lt;p&gt;Any ideas? The phone numbers are always at the end of the string&lt;/p&gt;

&lt;p&gt;I can also write in c# but I can&#x27;t figure out where to start&lt;/p&gt;

&lt;p&gt;Thanks in advance guys&lt;/p&gt;
');
INSERT INTO question (post_id, topic_id, title) VALUES (25, 1, 'Copy Numbers from end of string');
INSERT INTO activity (post_id, user_id, action) VALUES (25, 15, 'Create');
INSERT INTO tag (text) VALUES ('c#');
INSERT INTO questiontag (question_id, tag_id) VALUES (25, 48);
INSERT INTO tag (text) VALUES ('excel');
INSERT INTO questiontag (question_id, tag_id) VALUES (25, 49);

INSERT INTO post (current_state, up_score, down_score) VALUES ('Published', 0, 0);
INSERT INTO postinstance (post_id, user_id, description) VALUES (26, 31, '&lt;p&gt;im trying to extract the .pyc, but unpy2exe doesn&#x27;t return anything, i have le .library&lt;/p&gt;

&lt;p&gt;i dont know the excat version of python used to create that, but it is a 2.7&lt;/p&gt;

&lt;p&gt;unpy2exe.py [-h] [--verbose] [-o C:\Users\xra\Desktop\MT4] [-p 2.7.13] C:\Users\xra\Desktop\Python\EURUSD.exe&lt;/p&gt;
');
INSERT INTO question (post_id, topic_id, title) VALUES (26, 1, 'I can&#39;t extract the .pyc with unpy2exe');
INSERT INTO activity (post_id, user_id, action) VALUES (26, 31, 'Create');
INSERT INTO questiontag (question_id, tag_id) VALUES (26, 10);
INSERT INTO tag (text) VALUES ('python-2.7');
INSERT INTO questiontag (question_id, tag_id) VALUES (26, 50);
INSERT INTO tag (text) VALUES ('py2exe');
INSERT INTO questiontag (question_id, tag_id) VALUES (26, 51);

INSERT INTO post (current_state, up_score, down_score) VALUES ('Published', -2, 0);
INSERT INTO postinstance (post_id, user_id, description) VALUES (27, 50, '&lt;p&gt;Is it possible to create such a website, that when a user visits my website and presses a button &lt;strong&gt;it would print an image to my local printer&lt;/strong&gt;. I tried to search an solution on the internet but couldnt find anything or any kind of documentation that helps with it.&lt;/p&gt;

&lt;p&gt;The duplicate didn&#x27;t solve my problem. I don&#x27;t want to print the image to client. &lt;/p&gt;

&lt;p&gt;I just want to print the image in &lt;strong&gt;my printer&lt;/strong&gt; ( server side)&lt;/p&gt;
');
INSERT INTO question (post_id, topic_id, title) VALUES (27, 1, 'Print Image in Server side on Button Click by Client');
INSERT INTO activity (post_id, user_id, action) VALUES (27, 50, 'Create');
INSERT INTO questiontag (question_id, tag_id) VALUES (27, 14);
INSERT INTO questiontag (question_id, tag_id) VALUES (27, 15);

INSERT INTO post (current_state, up_score, down_score) VALUES ('Published', 0, 0);
INSERT INTO postinstance (post_id, user_id, description) VALUES (28, 27, '&lt;p&gt;I&#x27;m having a view pager in an application which is dynamically populated based on content available on server i.e tabs in view pager is variable. To do this I have created a single fragment which is binds to each tabs inside view pager. &lt;/p&gt;

&lt;p&gt;I have populated viewpager like this:&lt;/p&gt;

&lt;pre&gt;&lt;code&gt;
    List lstFragments = lstFragments = new ArrayList();
    lstFragments.add(DetailsFragment.newInstance(cat.getId(), subcategoryId, cat.getName(), subcategoryName, subcategoryIconUrl));
    DetailsTabsAdapter pageAdapter = new DetailsTabsAdapter(getChildFragmentManager(), lstFragments);

    viewPager.setAdapter(pageAdapter);

&lt;/code&gt;&lt;/pre&gt; 

&lt;p&gt;By default viewpager has property that its load content for one previous and one next fragment, but I don&#x27;t want this.&lt;/p&gt;

&lt;p&gt;&lt;strong&gt;What I want to achieve:&lt;/strong&gt;&lt;/p&gt;

&lt;ol&gt;
&lt;li&gt;Load content of only selected/active tab.&lt;/li&gt;
&lt;li&gt;At the same time once content is loaded for that tab I don&#x27;t want to
load it again from server if user comes back.&lt;/li&gt;
&lt;/ol&gt;

&lt;p&gt;&lt;strong&gt;How to achieve above functionality?&lt;/strong&gt;&lt;/p&gt;

&lt;p&gt;&lt;strong&gt;What I have did to achieve this:&lt;/strong&gt;&lt;/p&gt;

&lt;ol&gt;
&lt;li&gt;&lt;p&gt;I have loaded content from server in fragment&#x27;s &lt;code&gt;public View
onCreateView()&lt;/code&gt; lifecycle event. Content is loading fine but it
loads content for other tab as well.&lt;/p&gt;&lt;/li&gt;
&lt;li&gt;&lt;p&gt;Then I tried &lt;code&gt;viewPager.setOffscreenPageLimit(0)&lt;/code&gt;. But it also not working.&lt;/p&gt;&lt;/li&gt;
&lt;/ol&gt;

&lt;p&gt;Please help me out to resolve this.
Thanks&lt;/p&gt;
');
INSERT INTO question (post_id, topic_id, title) VALUES (28, 1, 'Load selected/active tab content in view pager');
INSERT INTO activity (post_id, user_id, action) VALUES (28, 27, 'Create');
INSERT INTO questiontag (question_id, tag_id) VALUES (28, 16);
INSERT INTO tag (text) VALUES ('android-fragments');
INSERT INTO questiontag (question_id, tag_id) VALUES (28, 52);
INSERT INTO tag (text) VALUES ('android-viewpager');
INSERT INTO questiontag (question_id, tag_id) VALUES (28, 53);

INSERT INTO post (current_state, up_score, down_score) VALUES ('Published', 0, 0);
INSERT INTO postinstance (post_id, user_id, description) VALUES (29, 39, '&lt;p&gt;I am trying to capture HAR using browsermob standalone server. But, once the server is started and server:port is configured in web browser/mobile i am not able to connect to internet. Below is the steps i have followed.&lt;/p&gt;

&lt;ol&gt;
&lt;li&gt;Download browsermob from below location : &lt;a href=&quot;https://github.com/lightbody/browsermob-proxy/releases/download/browsermob-proxy-2.1.4/browsermob-proxy-2.1.4-bin.zip&quot; rel=&quot;nofollow noreferrer&quot;&gt;https://github.com/lightbody/browsermob-proxy/releases/download/browsermob-proxy-2.1.4/browsermob-proxy-2.1.4-bin.zip&lt;/a&gt;&lt;/li&gt;
&lt;li&gt;./browsermob-proxy -port 9090
&lt;code&gt;[INFO  2017-03-29T14:08:38,256 org.littleshoot.proxy.impl.DefaultHttpProxyServer] (qtp1375394559-17) Proxy started at address: /0:0:0:0:0:0:0:0:8081&lt;/code&gt;&lt;/li&gt;
&lt;li&gt;curl -X POST &lt;a href=&quot;http://localhost:9090/proxy&quot; rel=&quot;nofollow noreferrer&quot;&gt;http://localhost:9090/proxy&lt;/a&gt;
&lt;code&gt;{&quot;port&quot;:8081}&lt;/code&gt;&lt;/li&gt;
&lt;li&gt;&lt;p&gt;curl -X POST &lt;a href=&quot;http://localhost:9090/proxy&quot; rel=&quot;nofollow noreferrer&quot;&gt;http://localhost:9090/proxy&lt;/a&gt;
&lt;code&gt;From the above INFO log i got server as 0.0.0.0 and port is 8081.&lt;/code&gt;
 i configured the below in web browser : 
&lt;code&gt;Network settings &amp;gt; Manual proxy configuration &amp;gt; HTTP Proxy: 0.0.0.0, Port : 8081&lt;/code&gt;&lt;/p&gt;

&lt;p&gt;i configured below in mobile (iPhone 6plus, OS 10.3): 
&lt;code&gt;HTTP Proxy &amp;gt; Manual
server : 0.0.0.0, port:8081&lt;/code&gt;&lt;/p&gt;

&lt;p&gt;After doing the above proxy changes, i am not able to connect to internet in web/mobile.&lt;/p&gt;&lt;/li&gt;
&lt;li&gt;&lt;p&gt;curl -X get &lt;a href=&quot;http://localhost:9090/proxy&quot; rel=&quot;nofollow noreferrer&quot;&gt;http://localhost:9090/proxy&lt;/a&gt;&lt;/p&gt;&lt;/li&gt;
&lt;/ol&gt;

&lt;p&gt;Here i get HAR with empty entries.&lt;/p&gt;

&lt;p&gt;Any suggestions?&lt;/p&gt;
');
INSERT INTO question (post_id, topic_id, title) VALUES (29, 1, 'Browsermob standalone server : Not able to capture HAR');
INSERT INTO activity (post_id, user_id, action) VALUES (29, 39, 'Create');
INSERT INTO tag (text) VALUES ('browsermob');
INSERT INTO questiontag (question_id, tag_id) VALUES (29, 54);
INSERT INTO tag (text) VALUES ('browsermob-proxy');
INSERT INTO questiontag (question_id, tag_id) VALUES (29, 55);

INSERT INTO post (current_state, up_score, down_score) VALUES ('Published', 0, 0);
INSERT INTO postinstance (post_id, user_id, description) VALUES (30, 21, '&lt;p&gt;In our website media page we have youtube videos and plays perfectly well. Some offices ban youtube, for those we want a secondary option on playing the video with html5 player and will upload copy the video into the server. Please help to implement this. We want to identify youtube is banned and the other player should take charge. &lt;/p&gt;
');
INSERT INTO question (post_id, topic_id, title) VALUES (30, 1, 'Play normal video on a web page wherever tube video is banned');
INSERT INTO activity (post_id, user_id, action) VALUES (30, 21, 'Create');
INSERT INTO tag (text) VALUES ('html5');
INSERT INTO questiontag (question_id, tag_id) VALUES (30, 56);
INSERT INTO tag (text) VALUES ('youtube');
INSERT INTO questiontag (question_id, tag_id) VALUES (30, 57);

INSERT INTO post (current_state, up_score, down_score) VALUES ('Published', 0, 0);
INSERT INTO postinstance (post_id, user_id, description) VALUES (31, 18, '&lt;p&gt;A few things to consider:
Spelling matters!, you used &#x27;flage&#x27; and &#x27;flag&#x27; as the same variable. Whitespace is your friend, and makes code easier to read and edit. Keep track of the order your print statements use, when will the user see the &#x27;press ´q´ to Exit&#x27; etc... &lt;/p&gt;

&lt;pre&gt;&lt;code&gt;def choose_toppings():
    li = []
    flag = True

    while flag == True:
        x = input(&quot;Please select your topping, or press ´q´ to Exit: &quot;)
        if x != &quot;q&quot; or &quot;Q&quot;
            li.append(x)
        else:
            flag = False
    return li

def make_sandwich(**li):
    print(&quot;your topics are:&quot;,li)
    print(&quot;your sandwich is made&quot;)


choose_toppings()
make_sandwich(**li)
&lt;/code&gt;&lt;/pre&gt;
');
INSERT INTO answer (post_id, question_id, accepted) VALUES (31, 5, 'False');
INSERT INTO activity (post_id, user_id, action) VALUES (31, 18, 'Create');

INSERT INTO post (current_state, up_score, down_score) VALUES ('Published', 0, 0);
INSERT INTO postinstance (post_id, user_id, description) VALUES (32, 30, '&lt;p&gt;You need to put it inside a Method. See below :&lt;/p&gt;

&lt;p&gt;class Dog extends Animal {&lt;/p&gt;

&lt;pre&gt;&lt;code&gt;public void testMe()
{
    Animal an = new Animal();
    an.var = 10;
}
&lt;/code&gt;&lt;/pre&gt;

&lt;p&gt;}&lt;/p&gt;
');
INSERT INTO answer (post_id, question_id, accepted) VALUES (32, 6, 'False');
INSERT INTO activity (post_id, user_id, action) VALUES (32, 30, 'Create');

INSERT INTO post (current_state, up_score, down_score) VALUES ('Published', 0, 0);
INSERT INTO postinstance (post_id, user_id, description) VALUES (33, 2, '&lt;p&gt;I think I found the answer
&lt;a href=&quot;http://mesosphere.github.io/marathon/docs/host-port.html&quot; rel=&quot;nofollow noreferrer&quot;&gt;http://mesosphere.github.io/marathon/docs/host-port.html&lt;/a&gt;&lt;/p&gt;

&lt;p&gt;&lt;strong&gt;Mesos agents do NOT offer all ports&lt;/strong&gt;&lt;/p&gt;

&lt;p&gt;Am I right?&lt;/p&gt;
');
INSERT INTO answer (post_id, question_id, accepted) VALUES (33, 11, 'False');
INSERT INTO activity (post_id, user_id, action) VALUES (33, 2, 'Create');

INSERT INTO post (current_state, up_score, down_score) VALUES ('Published', 0, 0);
INSERT INTO postinstance (post_id, user_id, description) VALUES (34, 1, '&lt;p&gt;In short you need &lt;code&gt;DateTimePicker1.value.tostring(&quot;yyyy-M-d&quot;)&lt;/code&gt;.&lt;/p&gt;

&lt;p&gt;The &lt;code&gt;CustomFormat&lt;/code&gt; property of &lt;code&gt;DateTimePicker&lt;/code&gt; only changes the way the component is displayed on the form, the actual date value of the &lt;code&gt;DateTimePicker&lt;/code&gt; is stored in its &lt;code&gt;Value&lt;/code&gt; property:&lt;/p&gt;

&lt;pre&gt;&lt;code&gt;DateTimePicker1.Value
&lt;/code&gt;&lt;/pre&gt;

&lt;p&gt;To change the format of the date you can just use the &lt;code&gt;ToString(format as string)&lt;/code&gt; method:&lt;/p&gt;

&lt;pre&gt;&lt;code&gt;DateTimePicker1.Value.ToString(&quot;yyyy-M-d&quot;)
&lt;/code&gt;&lt;/pre&gt;

&lt;p&gt;In MySQL the &quot;&lt;em&gt;date&lt;/em&gt;&quot; data type stores date only and accepts date in the format &quot;2017-03-20&quot; hence we use the format &quot;yyyy-M-d&quot; in the &lt;code&gt;ToString&lt;/code&gt; function.&lt;/p&gt;
');
INSERT INTO answer (post_id, question_id, accepted) VALUES (34, 13, 'False');
INSERT INTO activity (post_id, user_id, action) VALUES (34, 1, 'Create');

INSERT INTO post (current_state, up_score, down_score) VALUES ('Published', 0, 0);
INSERT INTO postinstance (post_id, user_id, description) VALUES (35, 15, '&lt;pre&gt;&lt;code&gt;function hsort($a, $b)
{
    return (floatval(str_replace(&quot;:&quot;, &quot;.&quot;, $a)) - floatval(str_replace(&quot;:&quot;, &quot;.&quot;, $a))) 
}

$chart = array_flip($chart);
uksort($chart, &quot;hsort&quot;);
$chart = array_flip($chart);
&lt;/code&gt;&lt;/pre&gt;
');
INSERT INTO answer (post_id, question_id, accepted) VALUES (35, 15, 'False');
INSERT INTO activity (post_id, user_id, action) VALUES (35, 15, 'Create');

INSERT INTO post (current_state, up_score, down_score) VALUES ('Published', 0, 0);
INSERT INTO postinstance (post_id, user_id, description) VALUES (36, 18, '&lt;p&gt;I think you&#x27;ll have better luck with &lt;code&gt;subprocess&lt;/code&gt; than &lt;code&gt;os.system&lt;/code&gt;. The code below does what you want, if I understand you correctly: CTRL-C causes both child and parent to stop; but if child dies for some other reason, parent will run the child again.&lt;/p&gt;

&lt;p&gt;Here&#x27;s a parent program similar to yours:&lt;/p&gt;

&lt;pre&gt;&lt;code&gt;import signal
import subprocess

shutdown = False

def sigterm_handler(signum, frame):
    print &#x27;parent got shutdown&#x27;
    global shutdown
    shutdown = True

if __name__ == &#x27;__main__&#x27;:
    signal.signal(signal.SIGTERM, sigterm_handler)
    signal.signal(signal.SIGINT, sigterm_handler)
    cmd_args = [&#x27;python&#x27;, &#x27;child.py&#x27;]
    while not shutdown:
        print &#x27;executing&#x27;, cmd_args
        try:
            subprocess.check_call(cmd_args)
        except subprocess.CalledProcessError:
            print &#x27;child died&#x27;
            pass
    print &#x27;Exiting Parent&#x27;
&lt;/code&gt;&lt;/pre&gt;

&lt;p&gt;And here is a child program that runs for a while and then dies with a ZeroDivisionError.&lt;/p&gt;

&lt;pre&gt;&lt;code&gt;import signal
import sys
import time

def sigterm_handler(signum, frame):
    print &#x27;child got shutdown&#x27;
    sys.exit(0)

if __name__ == &#x27;__main__&#x27;:
    signal.signal(signal.SIGTERM, sigterm_handler)
    signal.signal(signal.SIGINT, sigterm_handler)
    for i in range(3, -1, -1):
        print &#x27;Child Process Running&#x27;, i, i/i
        time.sleep(3)
&lt;/code&gt;&lt;/pre&gt;
');
INSERT INTO answer (post_id, question_id, accepted) VALUES (36, 17, 'False');
INSERT INTO activity (post_id, user_id, action) VALUES (36, 18, 'Create');

INSERT INTO post (current_state, up_score, down_score) VALUES ('Published', 0, 0);
INSERT INTO postinstance (post_id, user_id, description) VALUES (37, 46, '&lt;p&gt;Download the wordpress theme, put it in a zip file, open it in WinRAR then click find and search for the string that will help you find out where the contact form is being generated. You can search for &quot;Human Verification&quot;.&lt;/p&gt;
');
INSERT INTO answer (post_id, question_id, accepted) VALUES (37, 20, 'False');
INSERT INTO activity (post_id, user_id, action) VALUES (37, 46, 'Create');

INSERT INTO post (current_state, up_score, down_score) VALUES ('Published', -1, 0);
INSERT INTO postinstance (post_id, user_id, description) VALUES (38, 15, '&lt;p&gt;You can also have foreach inside the while loop&lt;/p&gt;

&lt;pre&gt;&lt;code&gt;while (($initial_hidden == true) || !empty(mysql_fetch_assoc($q))) {
foreach($r = mysql_fetch_assoc($q)){
}
...

} 
&lt;/code&gt;&lt;/pre&gt;
');
INSERT INTO answer (post_id, question_id, accepted) VALUES (38, 22, 'False');
INSERT INTO activity (post_id, user_id, action) VALUES (38, 15, 'Create');

INSERT INTO post (current_state, up_score, down_score) VALUES ('Published', 0, 0);
INSERT INTO postinstance (post_id, user_id, description) VALUES (39, 39, '&lt;p&gt;&lt;strong&gt;For Issue 1&lt;/strong&gt; &lt;/p&gt;

&lt;p&gt;You need to implement &lt;code&gt;public void setUserVisibleHint(boolean isVisibleToUser)&lt;/code&gt; like below:&lt;/p&gt;

&lt;pre&gt;&lt;code&gt;
boolean isDataLoaded = false;

    @Override
    public void setUserVisibleHint(boolean isVisibleToUser) {
        super.setUserVisibleHint(isVisibleToUser);

        if (isVisibleToUser &amp;&amp; !isDataLoaded ) {

            loadData();//Load data from server here
            isDataLoaded = true;
        }
    }

&lt;/code&gt;&lt;/pre&gt;

&lt;p&gt;Above code will load data only when your fragment will be visible to user and &lt;code&gt;isDataLoaded&lt;/code&gt; flag ensure that content is loaded once per fragment lifecycle.&lt;/p&gt;

&lt;p&gt;&lt;strong&gt;For issue 2&lt;/strong&gt;&lt;/p&gt;

&lt;p&gt;You need to store data you want to show to user as global within that fragment in your case &lt;code&gt;DetailsFragment&lt;/code&gt; and check its value before loading it from server. May be you can do like below code.&lt;/p&gt;

&lt;pre&gt;&lt;code&gt;
boolean isDataLoaded = false;

    @Override
    public void setUserVisibleHint(boolean isVisibleToUser) {
        super.setUserVisibleHint(isVisibleToUser);

        if (isVisibleToUser &amp;&amp; !isDataLoaded ) {

            loadData();//Load data from server here
            isDataLoaded = true;
        }
        else if(isDataLoaded &amp;&amp; yourData != null)
        {
            //Load your data from cache or existing global instance here
        }
    }
&lt;/code&gt;&lt;/pre&gt;
');
INSERT INTO answer (post_id, question_id, accepted) VALUES (39, 28, 'False');
INSERT INTO activity (post_id, user_id, action) VALUES (39, 39, 'Create');

INSERT INTO post (current_state, up_score, down_score) VALUES ('Published', 0, 0);
INSERT INTO postinstance (post_id, user_id, description) VALUES (40, 28, '&lt;blockquote&gt;
  &lt;p&gt;So, how do I get the &quot;initial hidden&quot; to this&lt;/p&gt;
&lt;/blockquote&gt;

&lt;p&gt;You can abort &lt;code&gt;foreach&lt;/code&gt; with regular &lt;code&gt;break;&lt;/code&gt; so simply add &lt;code&gt;if()&lt;/code&gt; in loop body and &lt;code&gt;break&lt;/code&gt; when condition is met.&lt;/p&gt;

&lt;pre&gt;&lt;code&gt;foreach($q as $r) {
     ...

   if ($initial_hidden) {
      break;
   }
}
&lt;/code&gt;&lt;/pre&gt;
');
INSERT INTO answer (post_id, question_id, accepted) VALUES (40, 22, 'False');
INSERT INTO activity (post_id, user_id, action) VALUES (40, 28, 'Create');

INSERT INTO post (current_state, up_score, down_score) VALUES ('Deleted', 0, 0);
INSERT INTO postinstance (post_id, user_id, description) VALUES (41, 29, '&lt;p&gt;In you fragment call this&lt;/p&gt;

&lt;pre&gt;&lt;code&gt; @Override
    public void setUserVisibleHint(boolean isVisibleToUser) {
        super.setUserVisibleHint(isVisibleToUser);
        if(isVisibleToUser){
            //Do what you want here`enter code here`

        }
    }
&lt;/code&gt;&lt;/pre&gt;
');
INSERT INTO answer (post_id, question_id, accepted) VALUES (41, 28, 'False');
INSERT INTO activity (post_id, user_id, action) VALUES (41, 29, 'Create');

INSERT INTO post (current_state, up_score, down_score) VALUES ('Published', 0, 0);
INSERT INTO postinstance (post_id, user_id, description) VALUES (42, 15, '&lt;p&gt;There is a method called &lt;code&gt;setUserVisibleHint()&lt;/code&gt; you can override it in your &lt;code&gt;Frament&lt;/code&gt;. Which is called when the Fragment is visible. Now you can call the service to load data inside that method. And at the same time in the same method check for data if it is already loaded (saved in db) then call the service otherwise load the data from saved once.&lt;/p&gt;

&lt;pre&gt;&lt;code&gt;@Override
public void setUserVisibleHint(boolean isVisibleToUser) {
    super.setUserVisibleHint(isVisibleToUser);
    // check if fragment is visible
    if (isVisibleToUser) {

    if(mdata == null){
    callService();
    } else{
    loadFromSavedDB();
    }
 }
}
&lt;/code&gt;&lt;/pre&gt;
');
INSERT INTO answer (post_id, question_id, accepted) VALUES (42, 28, 'False');
INSERT INTO activity (post_id, user_id, action) VALUES (42, 15, 'Create');

INSERT INTO post (current_state, up_score, down_score) VALUES ('Published', 0, 0);
INSERT INTO postinstance (post_id, user_id, description) VALUES (43, 30, '&lt;p&gt;There are many functions to help you with the task. See &lt;a href=&quot;http://php.net/manual/en/array.sorting.php&quot; rel=&quot;nofollow noreferrer&quot;&gt;Sorting Arrays&lt;/a&gt; in docs.&lt;/p&gt;

&lt;p&gt;In this case you need custom comparator, and you will be sorting by key, so &lt;a href=&quot;http://php.net/manual/en/function.uksort.php&quot; rel=&quot;nofollow noreferrer&quot;&gt;uksort()&lt;/a&gt; looks like the right tool for the task:&lt;/p&gt;

&lt;blockquote&gt;
  &lt;p&gt;Sort an array by keys using a user-defined comparison function&lt;/p&gt;
&lt;/blockquote&gt;
');
INSERT INTO answer (post_id, question_id, accepted) VALUES (43, 15, 'False');
INSERT INTO activity (post_id, user_id, action) VALUES (43, 30, 'Create');

INSERT INTO post (current_state, up_score, down_score) VALUES ('Published', 1, 0);
INSERT INTO postinstance (post_id, user_id, description) VALUES (44, 3, '&lt;p&gt;This is an Excel question, and your problem happens because Excel has no space to display the value. Increase the column width of C and you&#x27;ll be fine.&lt;/p&gt;
');
INSERT INTO answer (post_id, question_id, accepted) VALUES (44, 19, 'True');
INSERT INTO activity (post_id, user_id, action) VALUES (44, 3, 'Create');

INSERT INTO post (current_state, up_score, down_score) VALUES ('Published', 1, 0);
INSERT INTO postinstance (post_id, user_id, description) VALUES (45, 24, '&lt;p&gt;You can use &lt;code&gt;groupby&lt;/code&gt; with &lt;a href=&quot;http://pandas.pydata.org/pandas-docs/stable/generated/pandas.core.groupby.GroupBy.aggregate.html&quot; rel=&quot;nofollow noreferrer&quot;&gt;&lt;code&gt;agg&lt;/code&gt;&lt;/a&gt; by dict created by &lt;code&gt;dict comprehension&lt;/code&gt;. Last create from first column another 2 by &lt;a href=&quot;http://pandas.pydata.org/pandas-docs/stable/generated/pandas.Series.str.split.html&quot; rel=&quot;nofollow noreferrer&quot;&gt;&lt;code&gt;split&lt;/code&gt;&lt;/a&gt;:&lt;/p&gt;

&lt;pre&gt;&lt;code&gt;print (df)
               0                1       2      3        4      5        6   \
0     out_GFD_994  NSE_FO_BHP_1703   -9425   6800   361.45  11900   359.96   
1     out_GFD_994  NSE_FO_BHP_1704   15651  -6800   360.38   6800   362.04   
2     out_GFD_994  NSE_FO_TLS_1703   -4996   2000   603.57   5000   602.68   
3     out_GFD_994  NSE_FO_TLS_1704    4480  -2000   605.71   3000   606.44   
4     out_GFD_994  NSE_FO_MQG_1703  -11717 -20000   148.64  50000   148.64   
5     out_GFD_994  NSE_FO_MQG_1704   17213  20000   149.29  75000   149.39   
6   out_GFD_Part2  NSE_FO_BHP_1703  -17597 -20000     0.00      0    39.25   
7   out_GFD_Part2  NSE_FO_BHP_1704   14481  20000    39.60  20000     0.00   
8   out_GFD_Part2  NSE_FO_TLS_1703   28312   1200   643.93  16800   645.52   
9   out_GFD_Part2  NSE_FO_TLS_1704  -23813  -1200   647.91  16800   646.87   
10  out_GFD_Part2  NSE_FO_MQG_1703 -133456   8800  1029.33  25300  1025.86   
11  out_GFD_Part2  NSE_FO_MQG_1704  141534  -7700  1031.26  33000  1033.85   

       7       8           9       10  
0    5100   0.34%   6137085.0  -15.36  
1   13600  26.66%   7374430.0   21.22  
2    3000   0.46%   4825900.0  -10.35  
3    5000  29.62%   4849350.0    9.24  
4   70000   0.46%  17837250.0   -6.57  
5   55000  36.11%  19413500.0    8.87  
6   20000   0.07%    785000.0 -224.17  
7       0   1.38%    792000.0  182.84  
8   15600   0.54%  20888220.0   13.55  
9   18000  34.11%  22528620.0  -10.57  
10  16500   0.55%  42968915.0  -31.06  
11  40700  49.62%  76109605.0   18.60  
&lt;/code&gt;&lt;/pre&gt;

&lt;hr&gt;

&lt;pre&gt;&lt;code&gt;#sum all columns without first,second and 9 column with percentage
d = {x:&#x27;sum&#x27; for x in df if not x in [0,1,8]}
#add custom function for first column
d.update({0:&#x27;|&#x27;.join})
print (d)
{0: &amp;lt;built-in method join of str object at 0x0000000001180AE8&amp;gt;, 2: &#x27;sum&#x27;, 
 3: &#x27;sum&#x27;, 4: &#x27;sum&#x27;, 5: &#x27;sum&#x27;, 6: &#x27;sum&#x27;, 7: &#x27;sum&#x27;, 9: &#x27;sum&#x27;, 10: &#x27;sum&#x27;}

df = df.groupby(1).agg(d).reset_index()
df[[-2,-1]] = df.pop(0).str.split(&#x27;|&#x27;, expand=True)
#change order of columns
df = df.sort_index(axis=1)
#reset column names to  default (0,1...)
df.columns = np.arange(len(df.columns))
print (df)
            0              1                2       3      4        5   \
0  out_GFD_994  out_GFD_Part2  NSE_FO_BHP_1703  -27022 -13200   361.45   
1  out_GFD_994  out_GFD_Part2  NSE_FO_BHP_1704   30132  13200   399.98   
2  out_GFD_994  out_GFD_Part2  NSE_FO_MQG_1703 -145173 -11200  1177.97   
3  out_GFD_994  out_GFD_Part2  NSE_FO_MQG_1704  158747  12300  1180.55   
4  out_GFD_994  out_GFD_Part2  NSE_FO_TLS_1703   23316   3200  1247.50   
5  out_GFD_994  out_GFD_Part2  NSE_FO_TLS_1704  -19333  -3200  1253.62   

       6        7      8           9       10  
0   11900   399.21  25100   6922085.0 -239.53  
1   26800   362.04  13600   8166430.0  204.06  
2   75300  1174.50  86500  60806165.0  -37.63  
3  108000  1183.24  95700  95523105.0   27.47  
4   21800  1248.20  18600  25714120.0    3.20  
5   19800  1253.31  23000  27377970.0   -1.33  
&lt;/code&gt;&lt;/pre&gt;

&lt;p&gt;Solution with custom column names:&lt;/p&gt;

&lt;pre&gt;&lt;code&gt;df.columns = list(&#x27;abcdefghijk&#x27;)
print (df)
                a                b       c      d        e      f        g  \
0     out_GFD_994  NSE_FO_BHP_1703   -9425   6800   361.45  11900   359.96   
1     out_GFD_994  NSE_FO_BHP_1704   15651  -6800   360.38   6800   362.04   
2     out_GFD_994  NSE_FO_TLS_1703   -4996   2000   603.57   5000   602.68   
3     out_GFD_994  NSE_FO_TLS_1704    4480  -2000   605.71   3000   606.44   
4     out_GFD_994  NSE_FO_MQG_1703  -11717 -20000   148.64  50000   148.64   
5     out_GFD_994  NSE_FO_MQG_1704   17213  20000   149.29  75000   149.39   
6   out_GFD_Part2  NSE_FO_BHP_1703  -17597 -20000     0.00      0    39.25   
7   out_GFD_Part2  NSE_FO_BHP_1704   14481  20000    39.60  20000     0.00   
8   out_GFD_Part2  NSE_FO_TLS_1703   28312   1200   643.93  16800   645.52   
9   out_GFD_Part2  NSE_FO_TLS_1704  -23813  -1200   647.91  16800   646.87   
10  out_GFD_Part2  NSE_FO_MQG_1703 -133456   8800  1029.33  25300  1025.86   
11  out_GFD_Part2  NSE_FO_MQG_1704  141534  -7700  1031.26  33000  1033.85   

        h       i           j       k  
0    5100   0.34%   6137085.0  -15.36  
1   13600  26.66%   7374430.0   21.22  
2    3000   0.46%   4825900.0  -10.35  
3    5000  29.62%   4849350.0    9.24  
4   70000   0.46%  17837250.0   -6.57  
5   55000  36.11%  19413500.0    8.87  
6   20000   0.07%    785000.0 -224.17  
7       0   1.38%    792000.0  182.84  
8   15600   0.54%  20888220.0   13.55  
9   18000  34.11%  22528620.0  -10.57  
10  16500   0.55%  42968915.0  -31.06  
11  40700  49.62%  76109605.0   18.60
&lt;/code&gt;&lt;/pre&gt;

&lt;hr&gt;

&lt;pre&gt;&lt;code&gt;d = {x:&#x27;sum&#x27; for x in df if not x in [&#x27;a&#x27;,&#x27;b&#x27;, &#x27;i&#x27;]}
#add custom function for first column
d.update({&#x27;a&#x27;:&#x27;|&#x27;.join})
print (d)
{&#x27;e&#x27;: &#x27;sum&#x27;, &#x27;k&#x27;: &#x27;sum&#x27;, &#x27;a&#x27;: &amp;lt;built-in method join of str object at 0x0000000001180AE8&amp;gt;, 
&#x27;f&#x27;: &#x27;sum&#x27;, &#x27;d&#x27;: &#x27;sum&#x27;, &#x27;g&#x27;: &#x27;sum&#x27;, &#x27;j&#x27;: &#x27;sum&#x27;, &#x27;c&#x27;: &#x27;sum&#x27;, &#x27;h&#x27;: &#x27;sum&#x27;}
df = df.groupby(&#x27;b&#x27;).agg(d).reset_index()
df1 = df.pop(&#x27;a&#x27;).str.split(&#x27;|&#x27;, expand=True)
df1.columns = [&#x27;out_&#x27; + str(x) for x in df1.columns]
df = pd.concat([df1, df],axis=1)
print (df)
         out_0          out_1                b        e       k       f  \
0  out_GFD_994  out_GFD_Part2  NSE_FO_BHP_1703   361.45 -239.53   11900   
1  out_GFD_994  out_GFD_Part2  NSE_FO_BHP_1704   399.98  204.06   26800   
2  out_GFD_994  out_GFD_Part2  NSE_FO_MQG_1703  1177.97  -37.63   75300   
3  out_GFD_994  out_GFD_Part2  NSE_FO_MQG_1704  1180.55   27.47  108000   
4  out_GFD_994  out_GFD_Part2  NSE_FO_TLS_1703  1247.50    3.20   21800   
5  out_GFD_994  out_GFD_Part2  NSE_FO_TLS_1704  1253.62   -1.33   19800   

       d        g           j       c      h  
0 -13200   399.21   6922085.0  -27022  25100  
1  13200   362.04   8166430.0   30132  13600  
2 -11200  1174.50  60806165.0 -145173  86500  
3  12300  1183.24  95523105.0  158747  95700  
4   3200  1248.20  25714120.0   23316  18600  
5  -3200  1253.31  27377970.0  -19333  23000  
&lt;/code&gt;&lt;/pre&gt;
');
INSERT INTO answer (post_id, question_id, accepted) VALUES (45, 12, 'False');
INSERT INTO activity (post_id, user_id, action) VALUES (45, 24, 'Create');

INSERT INTO post (current_state, up_score, down_score) VALUES ('Deleted', -1, 0);
INSERT INTO postinstance (post_id, user_id, description) VALUES (46, 24, '&lt;p&gt;I&#x27;m confusing.
You say that you want :
-first to choose topic.
You achieve it by x variable
-second you ask the user that if he like to exist he enter &quot;q&quot; or &quot;Q&quot;.
I suggest you to use two variables:
The first can store user topic
And the second can store the choice made by user (exist or not exist).&lt;/p&gt;

&lt;p&gt;Your code did not work properly because (&quot;q&quot;, &quot;Q&quot;) is tuple.
You can reach your goal by replace this line if x == (&quot;q&quot;, &quot;Q&quot;) by if x == &quot;q&quot; or x ==&quot;Q&quot;&lt;/p&gt;

&lt;p&gt;You can read more about tuplehttps://docs.python.org/3.3/tutorial/datastructures.html#tuples-and-sequences&lt;/p&gt;
');
INSERT INTO answer (post_id, question_id, accepted) VALUES (46, 5, 'False');
INSERT INTO activity (post_id, user_id, action) VALUES (46, 24, 'Create');

INSERT INTO post (current_state, up_score, down_score) VALUES ('Published', 1, 0);
INSERT INTO postinstance (post_id, user_id, description) VALUES (47, 12, '&lt;p&gt;Because they are not the same&lt;/p&gt;

&lt;p&gt;Take a touch and drag, and a click and drag, superficially the same&lt;/p&gt;

&lt;p&gt;But a click can be left, right, middle, special, it can be multiple buttons at once, none of that has anything to do with a touch&lt;/p&gt;

&lt;p&gt;likewise a touch pinch has no meaning as mouse scroll wheel event&lt;/p&gt;

&lt;p&gt;So you need to capture the different Events and convert them into a meaningful command that the VM can perform&lt;/p&gt;
');
INSERT INTO answer (post_id, question_id, accepted) VALUES (47, 4, 'False');
INSERT INTO activity (post_id, user_id, action) VALUES (47, 12, 'Create');

INSERT INTO post (current_state, up_score, down_score) VALUES ('Published', 1, 0);
INSERT INTO postinstance (post_id, user_id, description) VALUES (48, 28, '&lt;p&gt;There are no such Common thing except the click events like MouseLeftButtonDown,MouseDown ... You have to Implement your own logic for Touch and Mouse Based Interaction.&lt;/p&gt;
');
INSERT INTO answer (post_id, question_id, accepted) VALUES (48, 4, 'False');
INSERT INTO activity (post_id, user_id, action) VALUES (48, 28, 'Create');

INSERT INTO post (current_state, up_score, down_score) VALUES ('Published', 0, 0);
INSERT INTO postinstance (post_id, user_id, description) VALUES (49, 32, '&lt;p&gt;Probably the problem of the zero date is due to the fact that you read the wrong property of the DateTimePicker (MinDate instead of Value), but you have a big problem here.&lt;/p&gt;

&lt;p&gt;If you use string concatenation to form your Sql commands, you are writing a very weak code. First you are open to Sql Injections, second you cannot be sure to format correctly your input values to the likes of the database engine and third parsing error could arise if your user types a single quote in a string field.&lt;/p&gt;

&lt;p&gt;To fix all of these problems require a rewrite of your ExecSQL to receive a collection of parameters &lt;/p&gt;

&lt;p&gt;For Example&lt;/p&gt;

&lt;pre&gt;&lt;code&gt; Dim pms As List(Of MySqlParameter) = new List(Of MySqlParameter)()
 pms.Add(new MySqlParameter(&quot;@id&quot;,clid.Text) &#x27; Convert.ToInt32(clid.Text) if this is numeric&#x27;
 .... and so on for the other parameters ....

 ExecSql(&quot;Insert into clients &quot; &amp;amp; _
         &quot;VALUES(@id,@name,@gen,@dtb,@addr,@email,@phone,@clop,@dtr)&quot;,pms)


 Public Sub ExecSQL(command As String, pms As List(Of MySqlParameter))
     .. open the connection with using
     Dim cmd = new MySqlCommand(command, connection)
     cmd.Parameters.AddRange(pms.ToArray())
     cmd.ExecuteNonQuery();
 End Sub
&lt;/code&gt;&lt;/pre&gt;

&lt;p&gt;As you can see, the command text is now more readable and there are no more string concatenations with embedded single quotes.&lt;/p&gt;
');
INSERT INTO answer (post_id, question_id, accepted) VALUES (49, 13, 'False');
INSERT INTO activity (post_id, user_id, action) VALUES (49, 32, 'Create');

INSERT INTO post (current_state, up_score, down_score) VALUES ('Published', 2, 0);
INSERT INTO postinstance (post_id, user_id, description) VALUES (50, 2, '&lt;p&gt;You are inserting &lt;code&gt;DateTimePicker1.MinDate&lt;/code&gt; instead of the actual values the user has chosen.&lt;/p&gt;

&lt;p&gt;Also, use uppercase months otherwise these are the minutes &lt;code&gt;mm&lt;/code&gt;:&lt;/p&gt;

&lt;pre&gt;&lt;code&gt;DateTimePicker1.CustomFormat = &quot;yyyy-MM-dd&quot;
DateTimePicker2.CustomFormat = &quot;yyyy-MM-dd&quot;
&lt;/code&gt;&lt;/pre&gt;

&lt;p&gt;Finally, &lt;strong&gt;use sql-parameters&lt;/strong&gt; instead of string concatenation to prevent sql-injection and localization or conversion issues.&lt;/p&gt;

&lt;p&gt;Here&#x27;s an example:&lt;/p&gt;

&lt;pre&gt;&lt;code&gt;Using con As New MySqlConnection(My.Settings.ConnectionString)
    Using cmd = New MySqlCommand(&quot;INSERT INTO clients VALUES(@clid,@clname,@clgen,@dtb,@claddress,@clemail,@clphone,@clocp,@dtr)&quot;, con)
        cmd.Parameters.AddWithValue(&quot;@clid&quot;, Int32.Parse(clid.Text))
        &#x27; .... &#x27;
        cmd.Parameters.AddWithValue(&quot;@dtr&quot;, dtr.Value)
        con.Open()
        Dim insertedClientCount = cmd.ExecuteNonQuery()
    End Using
End Using
&lt;/code&gt;&lt;/pre&gt;
');
INSERT INTO answer (post_id, question_id, accepted) VALUES (50, 13, 'True');
INSERT INTO activity (post_id, user_id, action) VALUES (50, 2, 'Create');

INSERT INTO post (current_state, up_score, down_score) VALUES ('Published', 0, 0);
INSERT INTO postinstance (post_id, user_id, description) VALUES (51, 43, '&lt;p&gt;I had problems like that as well and I solved it by specifying ToString(&quot;s&quot;) to all my DateTime variables&lt;/p&gt;

&lt;pre&gt;&lt;code&gt;dtb.ToString(&#x27;s&#x27;)
dtr.ToString(&#x27;s&#x27;)
&lt;/code&gt;&lt;/pre&gt;

&lt;p&gt;By writing this way the date has the correct format (2006-08-22T06:30:07) when inserting into MySQL.&lt;/p&gt;
');
INSERT INTO answer (post_id, question_id, accepted) VALUES (51, 13, 'False');
INSERT INTO activity (post_id, user_id, action) VALUES (51, 43, 'Create');

INSERT INTO post (current_state, up_score, down_score) VALUES ('Published', 0, 0);
INSERT INTO postinstance (post_id, user_id, description) VALUES (52, 32, 'you cab use &lt;code&gt;!empty&lt;/code&gt; in while for that');
INSERT INTO answercomment (post_id, answer_id) VALUES (52, 38);
INSERT INTO activity (post_id, user_id, action) VALUES (52, 32, 'Create');

INSERT INTO post (current_state, up_score, down_score) VALUES ('Published', 0, 0);
INSERT INTO postinstance (post_id, user_id, description) VALUES (53, 11, 'But the thing with the initial_hidden is to process everything in the iteration even if the array is empty. That&amp;#39;s not working with your method.');
INSERT INTO answercomment (post_id, answer_id) VALUES (53, 38);
INSERT INTO activity (post_id, user_id, action) VALUES (53, 11, 'Create');

INSERT INTO post (current_state, up_score, down_score) VALUES ('Published', 0, 0);
INSERT INTO postinstance (post_id, user_id, description) VALUES (54, 41, 'please see the upadate. your suggestion works. but for some rows with char &amp;#39;,&amp;#39;  it  recognized as always &amp;#39;NaN&amp;#39; even if there no &amp;#39;####&amp;#39; in my csv file');
INSERT INTO answercomment (post_id, answer_id) VALUES (54, 44);
INSERT INTO activity (post_id, user_id, action) VALUES (54, 41, 'Create');

INSERT INTO post (current_state, up_score, down_score) VALUES ('Published', 0, 0);
INSERT INTO postinstance (post_id, user_id, description) VALUES (55, 41, 'When I check the position of (yyyy/mm/dd) using Msgbox: it shows (dd/mm/yyyy). I think the position of the date format not changed. what is the problem?');
INSERT INTO answercomment (post_id, answer_id) VALUES (55, 51);
INSERT INTO activity (post_id, user_id, action) VALUES (55, 41, 'Create');

INSERT INTO post (current_state, up_score, down_score) VALUES ('Published', 0, 0);
INSERT INTO postinstance (post_id, user_id, description) VALUES (56, 48, '@ensberiyu: i&amp;#39;ve added an example. I&amp;#39;ve assumed that &lt;code&gt;clid&lt;/code&gt; actually is an &lt;code&gt;int&lt;/code&gt; in the database. Always use the correct type. Therefore i&amp;#39;ve used &lt;code&gt;Int32.Parse&lt;/code&gt;. You can use &lt;code&gt;Int32.TryParse&lt;/code&gt; to validate the input.');
INSERT INTO answercomment (post_id, answer_id) VALUES (56, 50);
INSERT INTO activity (post_id, user_id, action) VALUES (56, 48, 'Create');

INSERT INTO post (current_state, up_score, down_score) VALUES ('Published', 0, 0);
INSERT INTO postinstance (post_id, user_id, description) VALUES (57, 43, 'Thanks, I&amp;#39;m beginner please help me how to do that?');
INSERT INTO answercomment (post_id, answer_id) VALUES (57, 50);
INSERT INTO activity (post_id, user_id, action) VALUES (57, 43, 'Create');

INSERT INTO post (current_state, up_score, down_score) VALUES ('Published', 0, 0);
INSERT INTO postinstance (post_id, user_id, description) VALUES (58, 43, '&lt;blockquote&gt;
  &lt;p&gt;&lt;strong&gt;My problem&lt;/strong&gt;: I should calculate this sum: $\sum_{n=0}^{\infty} nx^{2n+1}$.&lt;/p&gt;
&lt;/blockquote&gt;

&lt;p&gt;&lt;strong&gt;My solution&lt;/strong&gt;: $\;$$ x \sum_{n=0}^{\infty} nx^{2n}$,&lt;/p&gt;

&lt;ul&gt;
&lt;li&gt;Substitution: $x^2 = y$&lt;/li&gt;
&lt;/ul&gt;

&lt;p&gt;Then $\;$$ y^{1/2} \sum_{n=0}^{\infty} ny^{n}$, ...&lt;/p&gt;

&lt;p&gt;Now I would focus just on $\;$$ \sum_{n=0}^{\infty} ny^{n} =  y\sum_{n=0}^{\infty} ny^{n-1}$$, $&lt;/p&gt;

&lt;p&gt;Because $\;$$ \sum_{n=0}^{\infty} y^{n} = 1/(1-y)$&lt;/p&gt;

&lt;p&gt;&lt;strong&gt;EDIT&lt;/strong&gt;&lt;/p&gt;

&lt;p&gt;So $   \sum_{n=0}^{\infty} ny^{n-1} = y/ (1-y)^2$&lt;/p&gt;

&lt;p&gt;Finally $y^{1/2}\sum_{n=0}^{\infty} ny^{n-1} = y^{1/2}/ (1-y)^2 = x/(1-x^2)^2$&lt;/p&gt;
');
INSERT INTO question (post_id, topic_id, title) VALUES (58, 2, 'Evaluating a sum: $\sum_{n=0}^{\infty} nx^{2n+1}$');
INSERT INTO activity (post_id, user_id, action) VALUES (58, 43, 'Create');
INSERT INTO tag (text) VALUES ('calculus');
INSERT INTO questiontag (question_id, tag_id) VALUES (58, 58);
INSERT INTO tag (text) VALUES ('sequences-and-series');
INSERT INTO questiontag (question_id, tag_id) VALUES (58, 59);
INSERT INTO tag (text) VALUES ('power-series');
INSERT INTO questiontag (question_id, tag_id) VALUES (58, 60);

INSERT INTO post (current_state, up_score, down_score) VALUES ('Published', 1, 0);
INSERT INTO postinstance (post_id, user_id, description) VALUES (59, 41, '&lt;p&gt;&lt;a href=&quot;https://i.stack.imgur.com/rtGuh.png&quot; rel=&quot;nofollow noreferrer&quot;&gt;&lt;img src=&quot;https://i.stack.imgur.com/rtGuh.png&quot; alt=&quot;The problem&quot;&gt;&lt;/a&gt;&lt;/p&gt;

&lt;p&gt;Update my lagrangian is &lt;/p&gt;

&lt;p&gt;$$L=\frac{ml^2}2\left(\dot \theta_1^2+\frac 13\dot \theta_2^2+\dot \theta_1\dot \theta_2\cos\delta\right)+mgl(cos\theta_1+\frac 12\cos\theta_2)$$&lt;/p&gt;

&lt;p&gt;and for my linearised equations of motion question (5) i got the following &lt;/p&gt;

&lt;p&gt;$$(\ddot \theta_1) +\frac{2}{3}\ddot\theta_2=\frac{-2g}{l}\theta_2$$&lt;/p&gt;

&lt;p&gt;and $$2\ddot \theta_1 +\ddot \theta_2=\frac{-2g}{l}\theta_1$$&lt;/p&gt;

&lt;p&gt;These seem to give numerically unpleasant normal mode frequencies though, so I&#x27;m not entirely sure that they&#x27;re right, maybe i went wrong on calculating the equations of motion. a futher solution would be ideal. Thanks &lt;/p&gt;

&lt;p&gt;my differentials were &lt;/p&gt;

&lt;p&gt;$$\frac{dL}{d\theta_1}=-\frac{ml^2}{2}\dot\theta_1\dot\theta_2\cos(\theta_1)sin(\theta_2)-\frac{ml^2}{2}\dot\theta_1\dot\theta_2\sin(\theta_1)\cos(\theta_2)-mgl\sin(\theta_1)$$&lt;/p&gt;

&lt;p&gt;$$\frac{dL}{d\theta_2}=-\frac{ml^2}{2}\dot\theta_1\dot\theta_2\cos(\theta_1)\sin(\theta_2)+\frac{ml^2}{2}\dot\theta_1\dot\theta_2\sin(\theta_1)\cos(\theta_2)-\frac{mgl}{2}\sin(\theta_2)$$&lt;/p&gt;

&lt;p&gt;$$\frac{dL}{d\dot\theta_1}=ml^2\dot\theta_1+\frac{ml^2}{2}\dot\theta_2\cos(\theta_2-\theta_1)$$&lt;/p&gt;

&lt;p&gt;and finally $$\frac{dL}{d\dot\theta_2}=\frac{ml^2}{3}\dot\theta_2+\frac{ml^2}{2}\dot\theta_1\cos(\theta_2-\theta_1)$$&lt;/p&gt;

&lt;p&gt;so the two equations of motion are &lt;/p&gt;

&lt;p&gt;$$ml^2\ddot\theta_1+\frac{ml^2}{2}\dot\theta_1\dot\theta_2\cos(\theta_1)sin(\theta_2)+\frac{ml^2}{2}\dot\theta_1\dot\theta_2\sin(\theta_1)\cos(\theta_2)+mgl\sin(\theta_1)=0$$&lt;/p&gt;

&lt;p&gt;and $$\frac{ml^2}{3}\ddot\theta_2+\frac{ml^2}{2}\dot\theta_1\dot\theta_2\cos(\theta_1)\sin(\theta_2)-\frac{ml^2}{2}\dot\theta_1\dot\theta_2\sin(\theta_1)\cos(\theta_2)+\frac{mgl}{2}\sin(\theta_2)=0$$&lt;/p&gt;
');
INSERT INTO question (post_id, topic_id, title) VALUES (59, 2, 'Pendulum problem inertia');
INSERT INTO activity (post_id, user_id, action) VALUES (59, 41, 'Create');
INSERT INTO tag (text) VALUES ('dynamical-systems');
INSERT INTO questiontag (question_id, tag_id) VALUES (59, 61);
INSERT INTO tag (text) VALUES ('classical-mechanics');
INSERT INTO questiontag (question_id, tag_id) VALUES (59, 62);
INSERT INTO tag (text) VALUES ('euler-lagrange-equation');
INSERT INTO questiontag (question_id, tag_id) VALUES (59, 63);

INSERT INTO post (current_state, up_score, down_score) VALUES ('Published', 1, 0);
INSERT INTO postinstance (post_id, user_id, description) VALUES (60, 30, '&lt;p&gt;I&#x27;m looking to find inner and outer solutions to this ODE and to do some matching $$\epsilon \ddot y + (1+t) \dot y = 0 \;\;\;\;\; y(0) = 0 \;\; \dot y (0) = \frac1\epsilon$$&lt;/p&gt;

&lt;p&gt;So I understand I need to convert to a new time variable $\tau = \frac t\epsilon$ ($\dot y$ and $y&#x27;$ are $\frac{dy}{dt}$ and $\frac{dy}{d\tau}$ respectively), which I plug in to get&lt;/p&gt;

&lt;p&gt;$$y&#x27;&#x27;+(1+\epsilon \tau)y&#x27; =0 \;\;\;\;\; y(0) = 0 \;\; y&#x27; (0) = 1$$&lt;/p&gt;

&lt;p&gt;So if I plug in $y^i=y_0^i + \epsilon y_1^i$ to the $\tau$ equation and solve I get $y^i = 1-e^{-t}+\epsilon(1-e^{-t}(1-t-\frac{t^2}2))$.&lt;/p&gt;

&lt;p&gt;When I plug in $y^o=y_0^o + \epsilon y_1^o$ to the $t$ equation and solve ignoring the boundary conditions I just get a constant. So $y^o = c+\epsilon d$. &lt;/p&gt;

&lt;p&gt;Now to apply Van Dyke matching rules. Express $y^i$ in terms of $\tau$ to get $y^{io}=1-e^{-\epsilon\tau}+\epsilon(1-e^{-\epsilon\tau})$ plus higher order terms. $1-e^{-\epsilon\tau}$ goes to zero, so the whole thing is zero. $y^{oi}=y^{o}$ since it&#x27;s constant, so equating them I just get zero.&lt;/p&gt;

&lt;p&gt;Something seems wrong. Is zero really the best approximation available here? Where did I go wrong?&lt;/p&gt;
');
INSERT INTO question (post_id, topic_id, title) VALUES (60, 2, 'Matching inner and outer solutions gives me zero');
INSERT INTO activity (post_id, user_id, action) VALUES (60, 30, 'Create');
INSERT INTO tag (text) VALUES ('differential-equations');
INSERT INTO questiontag (question_id, tag_id) VALUES (60, 64);
INSERT INTO tag (text) VALUES ('proof-verification');
INSERT INTO questiontag (question_id, tag_id) VALUES (60, 65);
INSERT INTO tag (text) VALUES ('perturbation-theory');
INSERT INTO questiontag (question_id, tag_id) VALUES (60, 66);

INSERT INTO post (current_state, up_score, down_score) VALUES ('Published', 0, 0);
INSERT INTO postinstance (post_id, user_id, description) VALUES (61, 5, '&lt;p&gt;It seems that there is no way of computing&lt;/p&gt;

&lt;p&gt;$$ \lVert e^A\lVert $$&lt;/p&gt;

&lt;p&gt;for an arbitrary real square matrix $A$ and any matrix norm $\lVert\cdot\lVert$. Is that right?&lt;/p&gt;

&lt;p&gt;Because so far I could only find upper-bound estimates. If this problem in its full generality is not solved, can anyone say something about its solvability?&lt;/p&gt;

&lt;p&gt;For my particular case it would suffice to restrict to the case&lt;/p&gt;

&lt;p&gt;$$A=A^\mathrm{T}, \quad \mathrm{tr}(A) = 0$$
meaning $\left(e^A\right)^\mathrm{T} = e^A$ and $\det(e^A) = 1$.&lt;/p&gt;

&lt;p&gt;Thanks for any suggestions.&lt;/p&gt;
');
INSERT INTO question (post_id, topic_id, title) VALUES (61, 2, 'Exact norm of matrix exponential');
INSERT INTO activity (post_id, user_id, action) VALUES (61, 5, 'Create');
INSERT INTO tag (text) VALUES ('linear-algebra');
INSERT INTO questiontag (question_id, tag_id) VALUES (61, 67);
INSERT INTO tag (text) VALUES ('matrices');
INSERT INTO questiontag (question_id, tag_id) VALUES (61, 68);
INSERT INTO tag (text) VALUES ('norm');
INSERT INTO questiontag (question_id, tag_id) VALUES (61, 69);
INSERT INTO tag (text) VALUES ('matrix-calculus');
INSERT INTO questiontag (question_id, tag_id) VALUES (61, 70);

INSERT INTO post (current_state, up_score, down_score) VALUES ('Published', 0, 0);
INSERT INTO postinstance (post_id, user_id, description) VALUES (62, 15, '&lt;p&gt;Consider the system
$$
x&#x27;=x², y&#x27;=y
$$
and find the local unstable manifold of the equilibrium $(0,0)$.&lt;/p&gt;

&lt;p&gt;The linearization matrix is
$$
A=\begin{pmatrix}0 &amp;amp; 0\\0 &amp;amp; 1\end{pmatrix},
$$
hence the eigenvalues are $\lambda_1=0$ and $\lambda_2=1$.&lt;/p&gt;

&lt;p&gt;The unstable space is spanned by the eigenvector belonging to $\lambda_2$, say $v=(0,1)$. Hence the $y$-axis should be the unstable space.&lt;/p&gt;

&lt;p&gt;But what is the unstable manifold? Its tangent to the y-axis in $(0,0)$?&lt;/p&gt;
');
INSERT INTO question (post_id, topic_id, title) VALUES (62, 2, 'Local unstable manifold');
INSERT INTO activity (post_id, user_id, action) VALUES (62, 15, 'Create');
INSERT INTO questiontag (question_id, tag_id) VALUES (62, 64);
INSERT INTO tag (text) VALUES ('manifolds');
INSERT INTO questiontag (question_id, tag_id) VALUES (62, 71);
INSERT INTO questiontag (question_id, tag_id) VALUES (62, 61);

INSERT INTO post (current_state, up_score, down_score) VALUES ('Published', -1, 0);
INSERT INTO postinstance (post_id, user_id, description) VALUES (63, 34, '&lt;p&gt;I have come across a question when researching integral substitution and I have no idea how to do it. Any help would be greatly appreciated as I don&#x27;t understand what to do. &lt;/p&gt;

&lt;p&gt;$$\int \text{csc}^2 2\theta \cot2\theta \,d\theta $$&lt;/p&gt;

&lt;p&gt;I need to do the integral in two ways by using two different substitutions: $u = \cot 2\theta$ and $u = \text{csc } 2\theta$&lt;/p&gt;
');
INSERT INTO question (post_id, topic_id, title) VALUES (63, 2, 'Integral Substitution $\text{csc }\theta \cot\theta$');
INSERT INTO activity (post_id, user_id, action) VALUES (63, 34, 'Create');
INSERT INTO tag (text) VALUES ('integration');
INSERT INTO questiontag (question_id, tag_id) VALUES (63, 72);
INSERT INTO tag (text) VALUES ('substitution');
INSERT INTO questiontag (question_id, tag_id) VALUES (63, 73);

INSERT INTO post (current_state, up_score, down_score) VALUES ('Published', -1, 0);
INSERT INTO postinstance (post_id, user_id, description) VALUES (64, 10, '&lt;p&gt;On a 10-key (0 to 9) keyboard, a 4-digit password has 10^4 possibilities or 10,000.  If you have to press four numbers and then enter, you might enter up to 10,000 times.&lt;/p&gt;

&lt;p&gt;However, what if you could enter numbers without pressing enter?  Then the following sequence:&lt;/p&gt;

&lt;pre&gt;&lt;code&gt;111122223333
&lt;/code&gt;&lt;/pre&gt;

&lt;p&gt;Gets 1 repeat 4, 2 repeat 4, etc.  but it also gets 1112, 1122, 1222, etc. etc.&lt;/p&gt;

&lt;p&gt;This is my first post on Math Stack and it may be wrong to say this but I&#x27;m not necessarily looking for the answer :) Moreso I am asking for suggestions on how to approach this and prove it.  Thanks&lt;/p&gt;
');
INSERT INTO question (post_id, topic_id, title) VALUES (64, 2, 'how to calculate the optimal string to match a pass sequence');
INSERT INTO activity (post_id, user_id, action) VALUES (64, 10, 'Create');
INSERT INTO tag (text) VALUES ('probability');
INSERT INTO questiontag (question_id, tag_id) VALUES (64, 74);
INSERT INTO questiontag (question_id, tag_id) VALUES (64, 59);
INSERT INTO tag (text) VALUES ('optimization');
INSERT INTO questiontag (question_id, tag_id) VALUES (64, 75);

INSERT INTO post (current_state, up_score, down_score) VALUES ('Published', 0, 0);
INSERT INTO postinstance (post_id, user_id, description) VALUES (65, 22, '&lt;blockquote&gt;
  &lt;p&gt;A vector field $V$ has the divergence $div(V)=4$. &lt;/p&gt;
  
  &lt;p&gt;What is the total flux in through the surface $\partial C$ of a massive rotating cylinder $C$ that has the height $h=2$ and the radius $r=5$?&lt;/p&gt;
&lt;/blockquote&gt;

&lt;hr&gt;

&lt;p&gt;My parameterization is:&lt;/p&gt;

&lt;p&gt;$$r(u,v)=(5\cos v,5\sin v,u)$$&lt;/p&gt;

&lt;p&gt;The normal vector to the cylinder I&#x27;ve calculated is:&lt;/p&gt;

&lt;p&gt;$$\vec{n}=(-5\cos v,-5\sin v,0)$$&lt;/p&gt;

&lt;p&gt;I don&#x27;t know where to go from here. I&#x27;d appreciate your help.&lt;/p&gt;
');
INSERT INTO question (post_id, topic_id, title) VALUES (65, 2, 'Flux through rotating cylinder using divergence theorem');
INSERT INTO activity (post_id, user_id, action) VALUES (65, 22, 'Create');
INSERT INTO tag (text) VALUES ('surface-integrals');
INSERT INTO questiontag (question_id, tag_id) VALUES (65, 76);

INSERT INTO post (current_state, up_score, down_score) VALUES ('Published', 1, 0);
INSERT INTO postinstance (post_id, user_id, description) VALUES (66, 1, '&lt;p&gt;In type theory and constructive mathematics, Hedberg&#x27;s theorem says:&lt;/p&gt;

&lt;blockquote&gt;
  &lt;p&gt;A type with decideable equality is automatically a set.&lt;/p&gt;
&lt;/blockquote&gt;

&lt;p&gt;But coming at it from a classical viewpoint, I don&#x27;t understand how this could be true. If I understand correctly, the word &quot;type&quot; in this context basically means &quot;$\infty$-groupoid.&quot; Okay, so consider the delooping $G$ of the group $\mathbb{Z}/2\mathbb{Z}.$ It follows that $G$ is the groupoid with one object and two automorphisms. Since there&#x27;s only one object, equality of objects is decidable. And since there exist parallel morphisms that aren&#x27;t equal, $G$ is not a set.&lt;/p&gt;

&lt;p&gt;What am I not understanding here?&lt;/p&gt;
');
INSERT INTO question (post_id, topic_id, title) VALUES (66, 2, 'What am I not understanding about Hedberg&#39;s theorem?');
INSERT INTO activity (post_id, user_id, action) VALUES (66, 1, 'Create');
INSERT INTO tag (text) VALUES ('soft-question');
INSERT INTO questiontag (question_id, tag_id) VALUES (66, 77);
INSERT INTO tag (text) VALUES ('homotopy-theory');
INSERT INTO questiontag (question_id, tag_id) VALUES (66, 78);
INSERT INTO tag (text) VALUES ('foundations');
INSERT INTO questiontag (question_id, tag_id) VALUES (66, 79);
INSERT INTO tag (text) VALUES ('constructive-mathematics');
INSERT INTO questiontag (question_id, tag_id) VALUES (66, 80);
INSERT INTO tag (text) VALUES ('type-theory');
INSERT INTO questiontag (question_id, tag_id) VALUES (66, 81);

INSERT INTO post (current_state, up_score, down_score) VALUES ('Published', 2, 0);
INSERT INTO postinstance (post_id, user_id, description) VALUES (67, 24, '&lt;p&gt;I was trying to understand Bernoulli numbers. When I googled, I found &lt;a href=&quot;http://wstein.org/edu/fall05/168/projects/kevin_mcgown/bernproj.pdf&quot; rel=&quot;nofollow noreferrer&quot;&gt;this link&lt;/a&gt;. &lt;/p&gt;

&lt;p&gt;It starts by saying that, The Bernoulli numbers are defined via the coefficients of the power series expansion of 
$\frac{t}{e^{t}-1}$,&lt;/p&gt;

&lt;p&gt;then they write the expansion,for $m \geq 0$.&lt;/p&gt;

&lt;p&gt;$\frac{t}{e^{t}-1} = \sum_{m=0}^{\infty} \frac{B_m}{m!}t^{m}$ (1)&lt;/p&gt;

&lt;p&gt;Then, the tutorial says that we multiply both sides by $(e^{t} -1)$ and get &lt;/p&gt;

&lt;p&gt;$B_0=1$, &lt;/p&gt;

&lt;p&gt;$B_m= -\frac{1}{m+1}\sum_{k=0}^{m-1}\binom{m+1}{k}B_k$. (2)&lt;/p&gt;

&lt;p&gt;&lt;strong&gt;How is this happening?&lt;/strong&gt; &lt;/p&gt;

&lt;p&gt;I tried doing this with hand and I get a recursive relation, that looks like, &lt;/p&gt;

&lt;p&gt;$\frac{t}{e^{t}-1} = \sum_{m=0}^{\infty} \frac{B_m}{m!}t^{m}$&lt;/p&gt;

&lt;p&gt;$\implies t = e^{t}\sum_{m=0}^{\infty} \frac{B_m}{m!}t^{m} - \sum_{m=0}^{\infty} \frac{B_m}{m!}t^{m}$&lt;/p&gt;

&lt;p&gt;$\implies t = e^{t}\sum_{m=0}^{\infty} \frac{B_m}{m!}t^{m} - \frac{t}{e^{t}-1}$&lt;/p&gt;

&lt;p&gt;What next?&lt;/p&gt;

&lt;p&gt;How do I get to (2)? &lt;/p&gt;

&lt;p&gt;I am new to number theory, please excuse me if the doubt is very basic. Any kind of help will be appreciated. :)&lt;/p&gt;
');
INSERT INTO question (post_id, topic_id, title) VALUES (67, 2, 'How do we get the final formula of the Bernoulli number?');
INSERT INTO activity (post_id, user_id, action) VALUES (67, 24, 'Create');
INSERT INTO tag (text) VALUES ('number-theory');
INSERT INTO questiontag (question_id, tag_id) VALUES (67, 82);
INSERT INTO tag (text) VALUES ('intuition');
INSERT INTO questiontag (question_id, tag_id) VALUES (67, 83);
INSERT INTO tag (text) VALUES ('proof-explanation');
INSERT INTO questiontag (question_id, tag_id) VALUES (67, 84);
INSERT INTO tag (text) VALUES ('bernoulli-numbers');
INSERT INTO questiontag (question_id, tag_id) VALUES (67, 85);

INSERT INTO post (current_state, up_score, down_score) VALUES ('Published', -2, 0);
INSERT INTO postinstance (post_id, user_id, description) VALUES (68, 19, '&lt;p&gt;If there are two set $A$ and $B$ such that $A \rightarrowtail B$ (bijection), does $|A| = |B|$?&lt;/p&gt;

&lt;p&gt;And if  $A \sim B$ (equinumerous), does $|A| = |B|$?&lt;/p&gt;
');
INSERT INTO question (post_id, topic_id, title) VALUES (68, 2, 'Do two bijective sets have the same cardinality?');
INSERT INTO activity (post_id, user_id, action) VALUES (68, 19, 'Create');
INSERT INTO tag (text) VALUES ('discrete-mathematics');
INSERT INTO questiontag (question_id, tag_id) VALUES (68, 86);
INSERT INTO tag (text) VALUES ('set-theory');
INSERT INTO questiontag (question_id, tag_id) VALUES (68, 87);

INSERT INTO post (current_state, up_score, down_score) VALUES ('Published', 0, 0);
INSERT INTO postinstance (post_id, user_id, description) VALUES (69, 23, '&lt;p&gt;I am trying to show the following:&lt;/p&gt;

&lt;p&gt;Let $\xi, \eta$ by random variables with finite expectation such that $E(\xi \mid \eta) \ge \eta$ and $E(\eta \mid \xi) \ge \xi$.  Prove that $\eta = \xi$ almost surely.  &lt;/p&gt;

&lt;p&gt;From definition I know that $E(\xi \mid \eta) = \int \xi \frac{f(\xi,\eta)}{g(\xi)}\,d\xi$, where $g$ is marginal distribution for $\xi$ and $E(\xi \mid \eta) = \int \eta \frac{f(\xi,\eta)}{g(\eta)} \, d\eta$, where $g$ is marginal distribution for $\eta.$  I am just not sure how to combine these expressions with the inequalities to show almost sure equality between the random variables.&lt;/p&gt;
');
INSERT INTO question (post_id, topic_id, title) VALUES (69, 2, 'Conditional Expectation to show two random variables are equal almost surely');
INSERT INTO activity (post_id, user_id, action) VALUES (69, 23, 'Create');
INSERT INTO tag (text) VALUES ('probability-theory');
INSERT INTO questiontag (question_id, tag_id) VALUES (69, 88);
INSERT INTO tag (text) VALUES ('conditional-expectation');
INSERT INTO questiontag (question_id, tag_id) VALUES (69, 89);

INSERT INTO post (current_state, up_score, down_score) VALUES ('Published', 3, 0);
INSERT INTO postinstance (post_id, user_id, description) VALUES (70, 14, '&lt;p&gt;A morphism $f: X\to Y$ in mod A is called irreducible if &lt;/p&gt;

&lt;ol&gt;
&lt;li&gt;&lt;p&gt;f is not a section,&lt;/p&gt;&lt;/li&gt;
&lt;li&gt;&lt;p&gt;f is not a retraction,&lt;/p&gt;&lt;/li&gt;
&lt;li&gt;&lt;p&gt;and whenever $f = gh $ for some morphisms $h: X \to Z$ and $g: Z \to Y$, then either $h$ is a section or $g$ is a retraction.&lt;/p&gt;&lt;/li&gt;
&lt;/ol&gt;

&lt;p&gt;Now I am reading Schiffler&#x27;s book &quot;Quiver Representation&quot;, Proposition 7.4 (2)  states the fact that if $f: X\to Y$ is an irreducible morphsim, then $f$ admits no nontrivial factorization.&lt;/p&gt;

&lt;p&gt;I have two questions:&lt;/p&gt;

&lt;ul&gt;
&lt;li&gt;What is trivial factorization or nontrivial factorization of $f$?&lt;/li&gt;
&lt;li&gt;In the proof of Proposition 7.4 (2), $f$ is injective, then $f$ is not surjective, (Proposition 7.4 (1)) and thus $h$ cannot be a retraction. I don&#x27;t know why $h$ is not a retraction.&lt;/li&gt;
&lt;/ul&gt;
');
INSERT INTO question (post_id, topic_id, title) VALUES (70, 2, 'About irreducible morphisms');
INSERT INTO activity (post_id, user_id, action) VALUES (70, 14, 'Create');
INSERT INTO tag (text) VALUES ('representation-theory');
INSERT INTO questiontag (question_id, tag_id) VALUES (70, 90);
INSERT INTO tag (text) VALUES ('quiver');
INSERT INTO questiontag (question_id, tag_id) VALUES (70, 91);

INSERT INTO post (current_state, up_score, down_score) VALUES ('Published', 1, 0);
INSERT INTO postinstance (post_id, user_id, description) VALUES (71, 18, '&lt;p&gt;Consider a multiplicative abelian group $T$ and an additive abelian group $S$, along with the following axioms.&lt;/p&gt;

&lt;ol&gt;
&lt;li&gt;$t_1(t_2s) = (t_1t_2)s$ for $t_1,t_2 \in T$ and $s \in S$&lt;/li&gt;
&lt;li&gt;$1s = s$, where $1$ denotes the identity in $T$ and $s \in S$&lt;/li&gt;
&lt;li&gt;$t(s_1 + s_2) = ts_1 + ts_2$ for $t \in T$ and $s_1,s_2 \in S$&lt;/li&gt;
&lt;/ol&gt;

&lt;p&gt;In other words, it is like a vector space with an abelian group in place of the scalar field.&lt;/p&gt;

&lt;p&gt;Does this structure have a name? Are there any results known about this structure?&lt;/p&gt;
');
INSERT INTO question (post_id, topic_id, title) VALUES (71, 2, 'Does the following algebraic structure have a name?');
INSERT INTO activity (post_id, user_id, action) VALUES (71, 18, 'Create');
INSERT INTO tag (text) VALUES ('abstract-algebra');
INSERT INTO questiontag (question_id, tag_id) VALUES (71, 92);

INSERT INTO post (current_state, up_score, down_score) VALUES ('Published', 1, 0);
INSERT INTO postinstance (post_id, user_id, description) VALUES (72, 2, '&lt;p&gt;having trouble moving from the concept of increasing/decreasing sequence of real numbers to increasing/decreasing sequence of events.  I have no problem with this concept regarding real numbers but events is a bit abstract.&lt;/p&gt;

&lt;p&gt;My question is could someone provide any real-life examples of increasing/decreasing sequences of events and not in terms of a mathematical definition which I already know.&lt;/p&gt;

&lt;p&gt;For example, suppose we have a sequence of coin tosses and we denote event An as the event of getting heads of the nth coin toss.  Is the reason why this sequence is an increasing sequence of events is because the indicator function of the event is increasing?  What causes a sequence to be classified as increasing/decreasing? Again, not looking for a mathematical definition of why or why not an event sequence is increasing/decreasing but examples and intuition that I can&#x27;t seem to find in any probability book.&lt;/p&gt;

&lt;p&gt;Thanks so much!&lt;/p&gt;
');
INSERT INTO question (post_id, topic_id, title) VALUES (72, 2, 'Increasing/Decreasing Sequence of Events Intuition');
INSERT INTO activity (post_id, user_id, action) VALUES (72, 2, 'Create');
INSERT INTO questiontag (question_id, tag_id) VALUES (72, 88);

INSERT INTO post (current_state, up_score, down_score) VALUES ('Published', 0, 0);
INSERT INTO postinstance (post_id, user_id, description) VALUES (73, 39, '&lt;p&gt;All fields are rings, i.e. Fields $\subsetneq$ Rings, however, when dealing with a ring &lt;strong&gt;R&lt;/strong&gt; and a field &lt;strong&gt;K&lt;/strong&gt; with the same generators we have that &lt;strong&gt;R&lt;/strong&gt; $\subseteq$ &lt;strong&gt;K&lt;/strong&gt;? Am I right in thinking this?&lt;/p&gt;

&lt;p&gt;My reasoning is that all fields follow the &quot;rules&quot; of being a ring, ergo all fields are rings, but a ring with the same generators as the field need not contain all of the elements of the field, therefore the ring is a subset of the field.&lt;/p&gt;

&lt;p&gt;I&#x27;m getting myself confused so it&#x27;d be nice if someone could set me straight!&lt;/p&gt;
');
INSERT INTO question (post_id, topic_id, title) VALUES (73, 2, 'Fields are a subset of rings, but a ring is a subset of a field?');
INSERT INTO activity (post_id, user_id, action) VALUES (73, 39, 'Create');
INSERT INTO questiontag (question_id, tag_id) VALUES (73, 92);

INSERT INTO post (current_state, up_score, down_score) VALUES ('Published', 0, 0);
INSERT INTO postinstance (post_id, user_id, description) VALUES (74, 44, '&lt;p&gt;Can the &quot;proves consistent&quot; relation be proven antisymmetric?  By antisymmetric I mean there is not some chain of theories in which some theory proves other theories consistent which in turn prove it consistent.&lt;/p&gt;

&lt;p&gt;If $\succ$ is the &quot;proves consistent&quot; relation:&lt;/p&gt;

&lt;p&gt;$A\succ B\iff (A\implies Con(B))\quad\forall A\forall B $&lt;/p&gt;

&lt;p&gt;then I think antisymmetry is usually written as follows: &lt;/p&gt;

&lt;p&gt;$A\succ B\land B\succ A\implies A=B\quad\forall A\forall B$&lt;/p&gt;

&lt;p&gt;Can this be proven?&lt;/p&gt;

&lt;p&gt;This is an inquiry motivated in part by learning that &lt;a href=&quot;https://en.wikipedia.org/wiki/Gentzen%27s_consistency_proof&quot; rel=&quot;nofollow noreferrer&quot; title=&quot;Gentzen&amp;#39;s Consistency Proof&quot;&gt;Gentzen&#x27;s Consistency Proof&lt;/a&gt; is neither weaker nor stronger than PA, which suggests an ordering may not necessarily be implied by proving consistency.&lt;/p&gt;

&lt;p&gt;It would seem to me that by Godel&#x27;s imcompleteness theorem we&#x27;re denied reflexivity:&lt;/p&gt;

&lt;p&gt;$A\succ B\implies A\neq B$&lt;/p&gt;

&lt;p&gt;which denies us the usual antisymmetry rule.  But it seems this doesn&#x27;t necessarily rule out antisymmetry provided we have transitivity.  Because if $\succ$ were both transitive and symmetric, we might have the following contradiction:&lt;/p&gt;

&lt;p&gt;$A\succ C\succ A \implies A\succ A\implies A\neq A$&lt;/p&gt;

&lt;p&gt;$\therefore\nexists C\mid A\succ C\succ A$&lt;/p&gt;

&lt;p&gt;Which fulfils the purpose of antisymmetry when we&#x27;re denied reflexivity.&lt;/p&gt;

&lt;p&gt;So the limit of what I can prove is that &quot;proves consistent&quot; is antisymmetric provided it is also transitive - which I have, as yet, no reason to believe it is.&lt;/p&gt;
');
INSERT INTO question (post_id, topic_id, title) VALUES (74, 2, 'Can the &quot;proves consistent&quot; relation be proven antisymmetric?');
INSERT INTO activity (post_id, user_id, action) VALUES (74, 44, 'Create');
INSERT INTO tag (text) VALUES ('logic');
INSERT INTO questiontag (question_id, tag_id) VALUES (74, 93);
INSERT INTO tag (text) VALUES ('relations');
INSERT INTO questiontag (question_id, tag_id) VALUES (74, 94);
INSERT INTO tag (text) VALUES ('peano-axioms');
INSERT INTO questiontag (question_id, tag_id) VALUES (74, 95);

INSERT INTO post (current_state, up_score, down_score) VALUES ('Published', 0, 0);
INSERT INTO postinstance (post_id, user_id, description) VALUES (75, 26, '&lt;p&gt;Consider &lt;a href=&quot;https://i.stack.imgur.com/ugQxR.png&quot; rel=&quot;nofollow noreferrer&quot;&gt;this picture.&lt;/a&gt;
I need to integrate a function of spatial position and direction for the entire volume of the cube. So for example at point &lt;em&gt;(x1,y1,z1)&lt;/em&gt; I need to integrate for the distance s and all the surface area of the cube. &lt;br/&gt;Normally I would just integrate with a volume element &lt;em&gt;dA&lt;/em&gt;ds* were dA can be &lt;em&gt;dx&lt;/em&gt;dy* or &lt;em&gt;dx&lt;/em&gt;dz* or &lt;em&gt;dy&lt;/em&gt;dz*, depending on the surface of the cube. &lt;br/&gt;However the solid angle about &lt;em&gt;s&lt;/em&gt; is projected on the wall. &lt;br/&gt;So should I multiply the volume element with the cosine of the angle between the normal of each surface with &lt;em&gt;s&lt;/em&gt;?&lt;/p&gt;
');
INSERT INTO question (post_id, topic_id, title) VALUES (75, 2, 'Solid angle in a cube');
INSERT INTO activity (post_id, user_id, action) VALUES (75, 26, 'Create');
INSERT INTO questiontag (question_id, tag_id) VALUES (75, 72);
INSERT INTO tag (text) VALUES ('volume');
INSERT INTO questiontag (question_id, tag_id) VALUES (75, 96);
INSERT INTO tag (text) VALUES ('solid-angle');
INSERT INTO questiontag (question_id, tag_id) VALUES (75, 97);

INSERT INTO post (current_state, up_score, down_score) VALUES ('Published', -7, 0);
INSERT INTO postinstance (post_id, user_id, description) VALUES (76, 28, '&lt;p&gt;Why do we write $\sqrt{18}$ as $3\sqrt{2}$? I know that it&#x27;s decimal expansion is $4.24$, but why $3\sqrt{2}$?&lt;/p&gt;
');
INSERT INTO question (post_id, topic_id, title) VALUES (76, 2, 'Why do we write $\sqrt{18}$ as $3\sqrt{2}$?');
INSERT INTO activity (post_id, user_id, action) VALUES (76, 28, 'Create');
INSERT INTO tag (text) VALUES ('roots');
INSERT INTO questiontag (question_id, tag_id) VALUES (76, 98);

INSERT INTO post (current_state, up_score, down_score) VALUES ('Published', 1, 0);
INSERT INTO postinstance (post_id, user_id, description) VALUES (77, 9, '&lt;p&gt;I need someone to confirm If I solved this problem correctly and tell me how to properly write the solution or notations (most of the time when I&#x27;m doing a probability problem I feel like it&#x27;s more like a notation exercise than a math exercise)&lt;/p&gt;

&lt;blockquote&gt;
  &lt;p&gt;What&#x27;s the probability to get at least 2 tails after flipping a rigged coin six times if getting a head is twice as likely as getting a tail?&lt;/p&gt;
&lt;/blockquote&gt;

&lt;p&gt;My attempt : &lt;/p&gt;

&lt;p&gt;P(at least 2 tails) = P(no tail) + P(1 tail) + P(2 tails)&lt;/p&gt;

&lt;p&gt;P(no tail) = P(6 heads) = $(\frac23)^6$&lt;/p&gt;

&lt;p&gt;P(1 tail) = $6\cdot$P(1 tail $\textbf{and}$ 5 heads) = $6\cdot$P(1 tail)$\cdot$P(5 heads) = $6\cdot\frac13\cdot(\frac23)^5$&lt;/p&gt;

&lt;p&gt;P(2 tail) = $\frac{6!}{2!\cdot4!}\cdot$P(2 tail $\textbf{and}$ 4 heads) = $\frac{6!}{2!\cdot4!}\cdot$P(2 tail)$\cdot$P(4 heads) = $\frac{6!}{2!\cdot4!}\cdot(\frac13)^2\cdot(\frac23)^4$&lt;/p&gt;

&lt;p&gt;then I add them up so : P(at least 2 tails) = $\frac{496}{729}$ it&#x27;s greater than a half so I have some doubts that it&#x27;s wrong&lt;/p&gt;

&lt;p&gt;any elucidation would be appreciated. Thanks! &lt;/p&gt;
');
INSERT INTO question (post_id, topic_id, title) VALUES (77, 2, 'Doubts about computation of the probability to get at least 2 tails in 6 throws of a rigged coin');
INSERT INTO activity (post_id, user_id, action) VALUES (77, 9, 'Create');
INSERT INTO questiontag (question_id, tag_id) VALUES (77, 74);

INSERT INTO post (current_state, up_score, down_score) VALUES ('Published', 0, 0);
INSERT INTO postinstance (post_id, user_id, description) VALUES (78, 46, '&lt;p&gt;Given, $n(A)=3$, $n(B)=6$. Find the maximum and minimum value of $n(A\cup B)$.&lt;/p&gt;

&lt;p&gt;My attempt
$n(A\cup B)$ will be maximum if $n(A\cap B)$ is minimum (i.e $n(A\cap B)=0$)&lt;/p&gt;

&lt;p&gt;So, $n(A\cup B)= 3+6=9$.&lt;/p&gt;

&lt;p&gt;Am i right? Please help further &lt;/p&gt;
');
INSERT INTO question (post_id, topic_id, title) VALUES (78, 2, 'If $A$ and $B$ are two sets containing 3 and 6 elements respectively');
INSERT INTO activity (post_id, user_id, action) VALUES (78, 46, 'Create');
INSERT INTO tag (text) VALUES ('elementary-set-theory');
INSERT INTO questiontag (question_id, tag_id) VALUES (78, 99);

INSERT INTO post (current_state, up_score, down_score) VALUES ('Published', 1, 0);
INSERT INTO postinstance (post_id, user_id, description) VALUES (79, 47, '&lt;p&gt;Let $1+2^n+4^n$ be a prime number.Why is there $k\in \mathbb{Z}$ such that $n=3^k$?&lt;/p&gt;
');
INSERT INTO question (post_id, topic_id, title) VALUES (79, 2, 'Suppose $1+2^n+4^n$ be a prime number.Why is there $k\in \mathbb{Z}$ such that $n=3^k$?');
INSERT INTO activity (post_id, user_id, action) VALUES (79, 47, 'Create');
INSERT INTO tag (text) VALUES ('prime-numbers');
INSERT INTO questiontag (question_id, tag_id) VALUES (79, 100);

INSERT INTO post (current_state, up_score, down_score) VALUES ('Published', 0, 0);
INSERT INTO postinstance (post_id, user_id, description) VALUES (80, 9, '&lt;p&gt;Let $K$ be a field. Consider $P \subset K$ satisfying the following properties:&lt;/p&gt;

&lt;blockquote&gt;
  &lt;ol&gt;
  &lt;li&gt;&lt;p&gt;$x \in P$ and $y \in P$ imply $x+y \in P$ and $xy \in P$&lt;/p&gt;&lt;/li&gt;
  &lt;li&gt;&lt;p&gt;$x \in K$ imply $x^2 \in P$&lt;/p&gt;&lt;/li&gt;
  &lt;li&gt;${-1} \notin P$&lt;/li&gt;
  &lt;/ol&gt;
&lt;/blockquote&gt;

&lt;p&gt;We call such $P$ a prepositive cone. We further call $P$ a positive cone if $K = P \cup {-P}$.&lt;/p&gt;

&lt;p&gt;I have a few questions regarding the notion of a positive cone (I have not found references for this concept elsewhere other than Wikipedia). &lt;/p&gt;

&lt;ol&gt;
&lt;li&gt;Why the name positive &quot;cone&quot;? I understand why positive is there, but not the &quot;cone&quot; part.&lt;/li&gt;
&lt;li&gt;If we keep Property $1$, delete Property $2$ and Property $3$, and add Property $2&#x27;$, which says that $x \in P$, or $x = 0$, or $x \notin P$ (only one case holds for any $x \in K$), and define a positive cone this way, what do we lose? Why not define positive cones this way instead?&lt;/li&gt;
&lt;/ol&gt;
');
INSERT INTO question (post_id, topic_id, title) VALUES (80, 2, 'Why is a positive cone defined the way it is?');
INSERT INTO activity (post_id, user_id, action) VALUES (80, 9, 'Create');
INSERT INTO tag (text) VALUES ('field-theory');
INSERT INTO questiontag (question_id, tag_id) VALUES (80, 101);
INSERT INTO tag (text) VALUES ('ordered-fields');
INSERT INTO questiontag (question_id, tag_id) VALUES (80, 102);

INSERT INTO post (current_state, up_score, down_score) VALUES ('Published', 0, 0);
INSERT INTO postinstance (post_id, user_id, description) VALUES (81, 2, '&lt;p&gt;I had a question to calculate the arc length of the cardiod $r=1+cos(\theta)$.&lt;/p&gt;

&lt;p&gt;My calculation went as follows: $\int_0^{2\pi} \sqrt{((1+cos(\theta))^2+sin^2(\theta)}d\theta = \int_0^{2\pi} \sqrt{4cos^2(\frac{\theta}{2})}d\theta= \int_0^{2\pi} 2cos(\frac{\theta}{2})d\theta = 4sin(\frac{\theta}{2})|_0^{2\pi}=0$&lt;/p&gt;

&lt;p&gt;The step where I have gone wrong is that: $$\sqrt{4cos^2(\frac{\theta}{2})}$$ should be $$|2cos(\frac{\theta}{2})|$$ which leads to an arc length of $8$
but I don&#x27;t see why this should happen. It is obvious to me that arclength cannot be zero in this case but why is the modulus sign needed here?&lt;/p&gt;

&lt;p&gt;Also, I know about the argument saying that we could integrate from $0$ to $\pi$ and double the arclenght since the curve is symmetric but could those arguments be avoided here since that is not the issue.&lt;/p&gt;

&lt;p&gt;Can we have negative arclength? Does arclength become negative when the curve dips below the x axis? Please could this be explained in more detail.&lt;/p&gt;
');
INSERT INTO question (post_id, topic_id, title) VALUES (81, 2, 'Negative Arc Length Problem (Cardioid Example)');
INSERT INTO activity (post_id, user_id, action) VALUES (81, 2, 'Create');
INSERT INTO tag (text) VALUES ('arc-length');
INSERT INTO questiontag (question_id, tag_id) VALUES (81, 103);

INSERT INTO post (current_state, up_score, down_score) VALUES ('Published', 3, 1);
INSERT INTO postinstance (post_id, user_id, description) VALUES (82, 2, '&lt;p&gt;It seems to be the case, but i don&#x27;t have a proof.&lt;/p&gt;

&lt;p&gt;Given the function $f$ such that $f(x) \geq e^x$, is it true that $f&#x27;(x) \geq f(x)$?!&lt;/p&gt;

&lt;p&gt;I was experimenting with wolfram and it appears that $\frac{f&#x27;(x)}{f(x)} \geq 1$ whenever $f$ is bigger or equal to $\exp(x)$. &lt;/p&gt;

&lt;p&gt;Note : as suggested in the comments, i meant that for all positive $x$ which means that $f(x) \geq e^x \space \forall x$ such that $x\ge 0$.&lt;/p&gt;
');
INSERT INTO question (post_id, topic_id, title) VALUES (82, 2, 'Is the derivative of a function bigger or equal to $e^x$ will always be bigger or equal to the function ?!');
INSERT INTO activity (post_id, user_id, action) VALUES (82, 2, 'Create');
INSERT INTO tag (text) VALUES ('functions');
INSERT INTO questiontag (question_id, tag_id) VALUES (82, 104);
INSERT INTO tag (text) VALUES ('derivatives');
INSERT INTO questiontag (question_id, tag_id) VALUES (82, 105);
INSERT INTO tag (text) VALUES ('inequality');
INSERT INTO questiontag (question_id, tag_id) VALUES (82, 106);
INSERT INTO tag (text) VALUES ('functional-inequalities');
INSERT INTO questiontag (question_id, tag_id) VALUES (82, 107);

INSERT INTO post (current_state, up_score, down_score) VALUES ('Published', 1, 0);
INSERT INTO postinstance (post_id, user_id, description) VALUES (83, 26, '&lt;p&gt;Not quite sure whether this question belongs here or on &lt;a href=&quot;http://matheducators.stackexchange.com/&quot;&gt;MESE&lt;/a&gt;. Anyway: Can anyone suggest a good example of a separable metric space that is neither normable nor a subset of normed space with the induced metric? Anything less trivial than a discrete metric space would be appreciated.&lt;/p&gt;
');
INSERT INTO question (post_id, topic_id, title) VALUES (83, 2, 'Separable metric spaces that are not normable');
INSERT INTO activity (post_id, user_id, action) VALUES (83, 26, 'Create');
INSERT INTO tag (text) VALUES ('general-topology');
INSERT INTO questiontag (question_id, tag_id) VALUES (83, 108);
INSERT INTO tag (text) VALUES ('metric-spaces');
INSERT INTO questiontag (question_id, tag_id) VALUES (83, 109);

INSERT INTO post (current_state, up_score, down_score) VALUES ('Published', 0, 0);
INSERT INTO postinstance (post_id, user_id, description) VALUES (84, 45, '&lt;p&gt;Inspired from &lt;a href=&quot;https://stackoverflow.com/questions/43089081/calculating-the-probability-of-the-uuid-to-be-unique&quot;&gt;https://stackoverflow.com/questions/43089081/calculating-the-probability-of-the-uuid-to-be-unique&lt;/a&gt;&lt;/p&gt;

&lt;p&gt;This is a password generator and it works as follow:&lt;/p&gt;

&lt;ol&gt;
&lt;li&gt;Define 3 set of characters: 0-9,  a-z, A-Z, and the password length $L$&lt;/li&gt;
&lt;li&gt;Random pick one set of characters&lt;/li&gt;
&lt;li&gt;From the picked set, random pick the character from it until $L$ length password is generated&lt;/li&gt;
&lt;/ol&gt;

&lt;p&gt;Is it possible to calculate the expected number of times $n$ to generate same password which already geneated before? (password length $L$ is constant)&lt;/p&gt;

&lt;p&gt;What struggle me the most is that the character set size is not the same, password formed by 0-9 is more likely to appear so the password is not equiprobable...&lt;/p&gt;
');
INSERT INTO question (post_id, topic_id, title) VALUES (84, 2, 'How to calculate expected value of having first collision of this password generator?');
INSERT INTO activity (post_id, user_id, action) VALUES (84, 45, 'Create');
INSERT INTO questiontag (question_id, tag_id) VALUES (84, 74);
INSERT INTO questiontag (question_id, tag_id) VALUES (84, 88);

INSERT INTO post (current_state, up_score, down_score) VALUES ('Published', 1, 0);
INSERT INTO postinstance (post_id, user_id, description) VALUES (85, 11, '&lt;p&gt;I wonder why do one cares that pushforward of quasicoherent sheaves satisfies equality $f_*g_*=(fg)_*$, but for pullback there is only canonical isomorphism $g^*f^* \cong (fg)^*$?&lt;/p&gt;

&lt;p&gt;I believe that the fact follows because $A \otimes_B C \otimes_C D \cong A \otimes_B D$ is only canonical isomorphism, not equality. The fact is mentioned in Vistoli&#x27;s &lt;em&gt;Grothendieck&#x27;s FGA explained&lt;/em&gt;, 3.2.1 as $QCoh$ is a natural example of &lt;em&gt;pseudo-functor&lt;/em&gt;. Thus another side of the question: why is it only pseudo-functor, and does one really cares about it (or is it like set-theoretic problems: one can always solve them, unless doing something really stupid)?&lt;/p&gt;
');
INSERT INTO question (post_id, topic_id, title) VALUES (85, 2, 'For sheaves, $f_*g_*=(fg)_*$ is equality, but $g^*f^* \cong (fg)^*$ only canonical isomorphism');
INSERT INTO activity (post_id, user_id, action) VALUES (85, 11, 'Create');
INSERT INTO tag (text) VALUES ('algebraic-geometry');
INSERT INTO questiontag (question_id, tag_id) VALUES (85, 110);
INSERT INTO tag (text) VALUES ('category-theory');
INSERT INTO questiontag (question_id, tag_id) VALUES (85, 111);

INSERT INTO post (current_state, up_score, down_score) VALUES ('Published', 1, 0);
INSERT INTO postinstance (post_id, user_id, description) VALUES (86, 41, '&lt;blockquote&gt;
  &lt;p&gt;Is there a ring isomorphism between $M_n(D)$ and $M_m(D)$ where $n\neq m$ and $D$ is a division ring?&lt;/p&gt;
&lt;/blockquote&gt;

&lt;p&gt;I know that this is impossible if we talk about sinister $D$-vectorial spaces homomorphism (because of dimension over $D$ must be the same).
What if we think about just a ring isomorphism?&lt;/p&gt;

&lt;p&gt;Thanks in advance! &lt;/p&gt;
');
INSERT INTO question (post_id, topic_id, title) VALUES (86, 2, 'Is there a ring isomorphism between $M_n(D)$ and $M_m(D)$ where $n\neq m$ and $D$ is a division ring?');
INSERT INTO activity (post_id, user_id, action) VALUES (86, 41, 'Create');
INSERT INTO questiontag (question_id, tag_id) VALUES (86, 67);
INSERT INTO questiontag (question_id, tag_id) VALUES (86, 92);
INSERT INTO tag (text) VALUES ('ring-theory');
INSERT INTO questiontag (question_id, tag_id) VALUES (86, 112);

INSERT INTO post (current_state, up_score, down_score) VALUES ('Published', 0, 0);
INSERT INTO postinstance (post_id, user_id, description) VALUES (87, 45, '&lt;p&gt;Let $S_{A \times B}, T_{A \times B} : A \times B \rightarrow C$ and $S_{B \times A}, T_{B \times A} : B \times A \rightarrow C$ be &quot;the same&quot; functors (modulo the order of $A$ and $B$) in the sense that&lt;/p&gt;

&lt;p&gt;$$
S_{A \times B} (a,b) = c \text{ iff } S_{B \times A} (b,a) = c \text {, for $a \in ob(A)$, $b \in ob(B)$, and $c \in ob(C)$ }
$$&lt;/p&gt;

&lt;p&gt;and likewise for $T_{A \times B}$.&lt;/p&gt;

&lt;p&gt;If $\eta_{A \times B}$ from $S_{A \times B}$ to $T_{A \times B}$ is natural in $A \times B$ to $C$, does that also mean its corresponding $\eta_{B \times A}$ is also natural from $B \times A$ to $C$?&lt;/p&gt;
');
INSERT INTO question (post_id, topic_id, title) VALUES (87, 2, 'Natural Transformations from $A \times B$ to $C$ vs. $B \times A$ to $C$');
INSERT INTO activity (post_id, user_id, action) VALUES (87, 45, 'Create');
INSERT INTO questiontag (question_id, tag_id) VALUES (87, 111);

INSERT INTO post (current_state, up_score, down_score) VALUES ('Published', 1, 0);
INSERT INTO postinstance (post_id, user_id, description) VALUES (88, 26, '&lt;ol&gt;
&lt;li&gt;For an arbitrary point on the rod, let $p$ be its distance from the point of connection to the wire. Since the mass is uniformly distributed, then
$$dm=\frac ml dp$$
and the distance of that point from the reference of rotation can be obtained from the law of cosines:
$$r^2=l^2+p^2+2lp\cos\delta$$
Here, $\delta=\theta_2 - \theta_1\,$. The moment of intertia is defined by:
$$dI=r^2 dm\implies I=\frac ml\int_0^l r^2 dp$$
Consequently
$$I=\frac ml\int_0^l(l^2+p^2+2lp\cos\delta)dp=m l^2\left(\frac 43+\cos(\theta_2-\theta_1)\right)$$&lt;/li&gt;
&lt;li&gt;The kinetic energy is calculated from a similar procedure.
$$dK=\frac 12v^2dm\implies K=\frac m{2l}\int_l v^2 dp$$
where
$$\begin{align}v^2&amp;amp;=v_x^2+v_y^2=[\partial_t(l\sin\theta_1+p\sin\theta_2)]^2+[\partial_t(l\cos\theta_1+p\cos\theta_2)]^2\\&amp;amp;=
(l\dot{\theta_1}\cos\theta_1+p\dot{\theta_2}\cos\theta_2)^2+(l\dot{\theta_1}\sin\theta_1+p\dot{\theta_2}\sin\theta_2)^2\\&amp;amp;=
(l\dot{\theta_1})^2+(p\dot{\theta_2})^2+2lp\dot{\theta_1}\dot{\theta_2}\cos\delta\end{align}$$
Thus
$$K=\frac{ml^2}2\left(\dot{\theta_1}^2+\frac 13\dot{\theta_2}^2+\dot{\theta_1}\dot{\theta_2}\cos\delta\right)$$&lt;/li&gt;
&lt;li&gt;And similarly, the potential energy is the result of an integral as well:
$$dU=-gh\,dm\implies U=-\frac {mg}l\int_0^l hdp$$
where
$$h=l\cos\theta_1+p\cos\theta_2$$
which results in $$U=-mgl(\cos\theta_1+\frac 12\cos\theta_2)$$&lt;/li&gt;
&lt;li&gt;Lagrangian is given by $K-U$. Let $\omega_1=\dot\theta_1$ and $\omega_2=\dot\theta_2$ then
$$L=\frac{ml^2}2\left(\omega_1^2+\frac 13\omega_2^2+\omega_1\omega_2\cos(\theta_2-\theta_1)+\frac gl(2\cos\theta_1+\cos\theta_2)\right)$$
and from Euler-Lagrange equations
$$\frac d{dt}\left(\frac{\partial L}{\partial\omega_i}\right)=\frac{\partial L}{\partial\theta_i},\quad i=1,2$$
we have
$$2\dot\omega_1+\dot\omega_2\cos(\theta_2-\theta_1)-\omega_2^2\sin(\theta_2-\theta_1)+2\frac gl\sin\theta_1=0\\
\frac 23\dot\omega_2+\dot\omega_1\cos(\theta_2-\theta_1)+\omega_1^2\sin(\theta_2-\theta_1)+\frac gl\sin\theta_2=0$$
Thus the state-space equations, knowing that the state variables are $\theta_1,\theta_2,\omega_1,\omega_2$ can be written as:
$$\begin{align}\pmatrix{\dot\theta_1\\\dot\theta_2}&amp;amp;=\pmatrix{\omega_1\\ \omega_2}\\
\pmatrix{\dot\omega_1\\\dot\omega_2}&amp;amp;=\pmatrix{2&amp;amp;\cos(\theta_2-\theta_1)\\ \cos(\theta_2-\theta_1)&amp;amp;\frac 23}^{-1}
\pmatrix{\omega_2^2\sin(\theta_2-\theta_1)-2\frac gl\sin\theta_1\\
-\omega_1^2\sin(\theta_2-\theta_1)-\frac gl\sin\theta_2}
\end{align}$$
and you can linearize the system by calculating the Jacobian, $\frac{\partial f}{\partial x}|_{x=0}$ which is a straightforward but tedious process.&lt;/li&gt;
&lt;/ol&gt;
');
INSERT INTO answer (post_id, question_id, accepted) VALUES (88, 59, 'True');
INSERT INTO activity (post_id, user_id, action) VALUES (88, 26, 'Create');

INSERT INTO post (current_state, up_score, down_score) VALUES ('Published', 0, 0);
INSERT INTO postinstance (post_id, user_id, description) VALUES (89, 49, '&lt;p&gt;Your inner solution is in $τ$, it should read
$$
y^i(τ) = 1-e^{-τ}+ϵ\Bigl(1-e^{-τ}\bigl(1-τ-\frac{τ^2}2\bigr)\Bigr).
$$
Then the matching rules tell you to equate $y^i(\infty)$ with $y^o(0)$ which gives the constant function $y^o(t)=1+ϵ$.&lt;/p&gt;

&lt;p&gt;As $e^{-τ}τ^2\le 4e^{-τ/2}$ the difference to the constant will be lower than second order in $ϵ$ for $τ&amp;gt;-2\lnϵ$ or $t&amp;gt;2ϵ|\lnϵ|$.&lt;/p&gt;
');
INSERT INTO answer (post_id, question_id, accepted) VALUES (89, 60, 'False');
INSERT INTO activity (post_id, user_id, action) VALUES (89, 49, 'Create');

INSERT INTO post (current_state, up_score, down_score) VALUES ('Published', 0, 0);
INSERT INTO postinstance (post_id, user_id, description) VALUES (90, 28, '&lt;p&gt;&lt;strong&gt;Hint&lt;/strong&gt;:&lt;/p&gt;

&lt;p&gt;$$S-x^2S=(x^3+2x^5+3x^7+\cdots)-(x^5+2x^7+3x^9+\cdots)=x^3+x^5+x^7+\cdots$$&lt;/p&gt;
');
INSERT INTO answer (post_id, question_id, accepted) VALUES (90, 58, 'False');
INSERT INTO activity (post_id, user_id, action) VALUES (90, 28, 'Create');

INSERT INTO post (current_state, up_score, down_score) VALUES ('Published', 2, 1);
INSERT INTO postinstance (post_id, user_id, description) VALUES (91, 28, '&lt;p&gt;&lt;em&gt;The point is continuity&lt;/em&gt;: In the homotopy-type-theoretic context, decidable equality for a type $X$ means that the type $\Pi_{x,y : X} (x=_Xy)\vee \neg(x=_Xy)$ is inhabited, so you&#x27;re requested to provide, in a continuous manner, either a path between $x$ and $y$ or a proof that such cannot exist. If you&#x27;re working with a connected type, i.e. $\Pi_{x,y:X} \|x=_Xy\|$ is inhabited, then this is equivalent to giving an inhabitant of $\Pi_{x,y : X} (x=_Xy)$, which however is the definition of $X$ being a $-1$-type / proposition.&lt;/p&gt;

&lt;p&gt;If you follow the naive argument, you&#x27;ll also see the flaw: So in $X=B({\mathbb Z}/2{\mathbb Z})$, there&#x27;s only one object, say $\ast$, and for that object we&#x27;d like to pick say the constant path $c_\ast$ as a proof of $\ast=_X\ast$. But now, we move from $\ast$ to $\ast$ in the left argument of $=_X$ via the unique nontrivial loop, say $\gamma$, and continuity would then force us to assign $\gamma\cdot c_\ast=\gamma$ to $\ast$ instead - contradiction.&lt;/p&gt;
');
INSERT INTO answer (post_id, question_id, accepted) VALUES (91, 66, 'False');
INSERT INTO activity (post_id, user_id, action) VALUES (91, 28, 'Create');

INSERT INTO post (current_state, up_score, down_score) VALUES ('Published', 1, 0);
INSERT INTO postinstance (post_id, user_id, description) VALUES (92, 4, '&lt;p&gt;With recurrences of this type I like the representation in a matrix format. Note, that the binomial-coefficients in your recursive formula occur in the manner of the Pascal-matrix ( = &lt;strong&gt;&lt;em&gt;&quot;P&quot;&lt;/em&gt;&lt;/strong&gt;).         &lt;/p&gt;

&lt;p&gt;The following is the multiplication-scheme for the Bernoulli-numbers:&lt;/p&gt;

&lt;pre&gt;&lt;code&gt;                          |      1  |
                          |   -1/2  |  vector B of
                          |    1/6  |  Bernoulli-numbers 
     P*B = dV(-1)*B       |      0  |
                          |  -1/30  |
                          |      0  |
                        * |   1/42  |
                          |   ...   |
  -  -   -   -   -  -  -  +      -  +
   Matrix P               |     =   | 
  -  -   -   -   -  -  -  +      -  +
  1  .   .   .   .  .  .  |      1  |
  1  1   .   .   .  .  .  |    1/2  |
  1  2   1   .   .  .  .  |    1/6  | vector B of
  1  3   3   1   .  .  .  |      0  | Bernoulli-numbers, 
  1  4   6   4   1  .  .  |  -1/30  | each second one having sign changed
  1  5  10  10   5  1  .  |      0  | (this are 1/2,0,0,0, so this is easy 
  1  6  15  20  15  6  1  |   1/42  |  to overlook )
  ...     ...      ...    |    ...  | 
  -  -   -   -   -  -  -  +      -  +
&lt;/code&gt;&lt;/pre&gt;

&lt;p&gt;This scheme illustrates the matrix-product $$P \cdot B = \,^dV(-1) \cdot B $$ where $ \,^dV(-1)= \operatorname{diagonal}([1,-1,1,-1,...]) $      &lt;/p&gt;

&lt;p&gt;&lt;em&gt;(Btw: it seems to me, that the $- {1 \over m+1} ...$ in your formula should be $ {(-1)^m \over m+1} ...$ ) but I might be erring there)&lt;/em&gt;            &lt;/p&gt;

&lt;p&gt;&lt;em&gt;(P.s.: you might also be interested in &lt;a href=&quot;http://go.helms-net.de/math/pascal/bernoulli_en.pdf&quot; rel=&quot;nofollow noreferrer&quot;&gt;this small treatize&lt;/a&gt; on exactly that subject / method)&lt;/em&gt;&lt;/p&gt;
');
INSERT INTO answer (post_id, question_id, accepted) VALUES (92, 67, 'False');
INSERT INTO activity (post_id, user_id, action) VALUES (92, 4, 'Create');

INSERT INTO post (current_state, up_score, down_score) VALUES ('Published', 0, 0);
INSERT INTO postinstance (post_id, user_id, description) VALUES (93, 40, '&lt;p&gt;By definition $\sum_{n=0}^\infty nx^{2n+1}=\lim_{N\to\infty} S_N$, where $S_N=\sum_{n=0}^N nx^{2n+1}$. &lt;/p&gt;

&lt;p&gt;If $|x|&amp;gt;1$ the terms do not tend to zero and the sum does not converge.&lt;/p&gt;

&lt;p&gt;Suppose $|x|&amp;lt;1$. Now $S_N-x^2S_N=\sum_{n=1}^{N}x^{2n+1}-Nx^{2N+3}=x\frac{1-x^{2N+2}}{1-x^2}-Nx^{2N+3}$.&lt;br&gt;
(Since $x^{2n+1}$ appears once with coefficient $n$ and once with coefficient $-(n-1)$ if $n&amp;lt;N$.) &lt;/p&gt;

&lt;p&gt;So we have $$S_N=x\frac{1-x^{2N+2}}{(1-x^2)^2}-\frac{Nx^{2N+3}}{1-x^2}.$$
The limit of this as $N\to\infty$ is $\frac x{(1-x^2)^2}$.&lt;/p&gt;
');
INSERT INTO answer (post_id, question_id, accepted) VALUES (93, 58, 'False');
INSERT INTO activity (post_id, user_id, action) VALUES (93, 40, 'Create');

INSERT INTO post (current_state, up_score, down_score) VALUES ('Published', 0, 0);
INSERT INTO postinstance (post_id, user_id, description) VALUES (94, 47, '&lt;p&gt;A hand-made exploration here would look as follows:
We can always write (I will use $X$ and $Y$)&lt;/p&gt;

&lt;p&gt;$$X = E(X\mid Y) + e_{X|Y} \implies E(X\mid Y) = X-e_{X|Y}$$ 
$$Y \equiv E(Y\mid X) + e_{Y|X} \implies E(Y\mid X) = Y-e_{Y|X}$$&lt;/p&gt;

&lt;p&gt;where $e_{X|Y},\;\;e_{Y|X}$ are the conditional expectation function errors, which by construction have expected value zero, $E[e_{X|Y}]=E[e_{Y|X}]=0$.&lt;/p&gt;

&lt;p&gt;By the assumed inequalities we then have&lt;/p&gt;

&lt;p&gt;$$X-e_{X|Y} \geq Y \implies X \geq Y + e_{X|Y},\;\;\; Y-e_{Y|X}\geq X$$&lt;/p&gt;

&lt;p&gt;Combining&lt;/p&gt;

&lt;p&gt;$$Y + e_{X|Y} \leq X \leq Y-e_{Y|X} \implies e_{X|Y}+e_{Y|X} \leq 0 $$&lt;/p&gt;

&lt;p&gt;So under the assumed inequalities, the random variable $Z \equiv e_{X|Y}+e_{Y|X}$ is non-positive. But also $E(Z) = E(e_{X|Y})+E(e_{Y|X}) = 0$. 
For a non-positive random variable to have expected value zero, all probability mass must be concentrated at the value zero, making $Z$ a constant random variable equal to zero. But then &lt;/p&gt;

&lt;p&gt;$$Z = e_{X|Y} + e_{Y|X}=0 \implies e_{X|Y} = - e_{Y|X}$$&lt;/p&gt;

&lt;p&gt;But then we obtain&lt;/p&gt;

&lt;p&gt;$$Y + e_{X|Y} \leq X \leq Y+e_{X|Y} \implies X = Y+e_{X|Y}$$&lt;/p&gt;

&lt;p&gt;while also $X = E(X\mid Y) + e_{X|Y}$ which leads to $Y = E(X\mid Y)$. &lt;/p&gt;

&lt;p&gt;By analogous manipulations, we obtain $X = E(Y\mid X)$.&lt;/p&gt;

&lt;p&gt;Then &lt;a href=&quot;http://math.stackexchange.com/q/666843/87400&quot;&gt;&lt;strong&gt;this post&lt;/strong&gt;&lt;/a&gt; contains the proof for the case of equality.&lt;/p&gt;
');
INSERT INTO answer (post_id, question_id, accepted) VALUES (94, 69, 'False');
INSERT INTO activity (post_id, user_id, action) VALUES (94, 47, 'Create');

INSERT INTO post (current_state, up_score, down_score) VALUES ('Published', 1, 0);
INSERT INTO postinstance (post_id, user_id, description) VALUES (95, 34, '&lt;p&gt;It has a very well known name actually: $T$ acts via automorphisms on $S$.&lt;/p&gt;

&lt;p&gt;As you can see by requiring your third condition (first two conditions for it to be action) every element of $T$ define an isomorphism from $S$ to $S$ which means you have an homomorphism from $T$ to $Aut(S)$.This is nothing but the essential thing to define semidirect product of $T$ and $S$. (of course, it is used in many places, many related results exist) &lt;/p&gt;

&lt;p&gt;There is no need to require $S$ is abelian, we can define it in a general way.($S$ &#x27;s being abelian has no actual advantage to define the structure) To reach more information please read the chapter 3 of &quot;Finite Group Theory by I.Martin Isaacs&quot; or make research about &quot;Split Extensions&quot;.&lt;/p&gt;
');
INSERT INTO answer (post_id, question_id, accepted) VALUES (95, 71, 'False');
INSERT INTO activity (post_id, user_id, action) VALUES (95, 34, 'Create');

INSERT INTO post (current_state, up_score, down_score) VALUES ('Published', 0, 0);
INSERT INTO postinstance (post_id, user_id, description) VALUES (96, 44, '&lt;p&gt;It follows from definition of bijection. Every element of $A$ has a unique image in $B$ as it is injective well defined function and every element of $B$ is image of some element of $A$ as function is surjective. This forces $|A|=|B|$.&lt;/p&gt;
');
INSERT INTO answer (post_id, question_id, accepted) VALUES (96, 68, 'False');
INSERT INTO activity (post_id, user_id, action) VALUES (96, 44, 'Create');

INSERT INTO post (current_state, up_score, down_score) VALUES ('Published', 0, 0);
INSERT INTO postinstance (post_id, user_id, description) VALUES (97, 30, '&lt;p&gt;Consider a box $$B=[a_1,b_1]\times[a_2,b_2]\times[a_3,b_3]\ ,$$
and assume that the &quot;origin&quot; $p=(p_1,p_2,p_3)$ is in the interior of $B$. In order to compute the volume integral $\int_B f(x)\&amp;gt;{\rm d}(x)$ you can go ahead as planned and compute six integrals over pyramids $P_k$ having a face of $B$ as base.&lt;/p&gt;

&lt;p&gt;Consider as an example the integral corresponding to the face $x_1=b_1$ of $B$. This face is parametrized by $$(u,v)\in[a_2,b_2]\times[a_3,b_3]=:F\ .$$
A parametric representation of the corresponding pyramid $P$ is then given by
$$x=(1-t)p+t\bigl(b_1, u,v\bigr)\qquad\bigl(0\leq t\leq 1,\ (u,v)\in F\bigr)\ .\tag{1}$$
The Jacobian determinant of $(1)$ computes to $J=t^2(b_1-p_1)$. We therefore obtain
$$\int_P f(x)\&amp;gt;{\rm d}(x)=(b_1-p_1)\int_F\&amp;gt;\int_0^1 t^2\&amp;gt;f\bigl((1-t)p+t(b_1,u,v)\bigr)\&amp;gt;dt\&amp;gt;{\rm d}(u,v)\ .$$&lt;/p&gt;
');
INSERT INTO answer (post_id, question_id, accepted) VALUES (97, 75, 'False');
INSERT INTO activity (post_id, user_id, action) VALUES (97, 30, 'Create');

INSERT INTO post (current_state, up_score, down_score) VALUES ('Published', 0, 0);
INSERT INTO postinstance (post_id, user_id, description) VALUES (98, 2, '&lt;p&gt;It is conventional to do so because it is reduced to its simplest form, yet it is still exact. However $\sqrt18$ and $3\sqrt{2}$ are both correct representations of the same number, nobody can say one is correct and one is not correct.&lt;/p&gt;

&lt;p&gt;But, consider the similarity with fractions. The following is exact and valid but it can be simplified further:&lt;/p&gt;

&lt;p&gt;$$\frac{2}{10}$$&lt;/p&gt;

&lt;p&gt;Most people, I think, would simplify this.&lt;/p&gt;
');
INSERT INTO answer (post_id, question_id, accepted) VALUES (98, 76, 'False');
INSERT INTO activity (post_id, user_id, action) VALUES (98, 2, 'Create');

INSERT INTO post (current_state, up_score, down_score) VALUES ('Published', 0, 0);
INSERT INTO postinstance (post_id, user_id, description) VALUES (99, 2, '&lt;p&gt;With the substitutions you insisted, here are the following solutions:&lt;/p&gt;

&lt;p&gt;&lt;strong&gt;Solution 1:&lt;/strong&gt; Let $u=\cot 2\theta$. Then $du=-2\csc^2 2\theta d\theta$.
Thus,$$\begin{align}
\int \text{csc}^2 2\theta \cot2\theta \,d\theta&amp;amp;=-\frac{1}{2}\int udu\\
&amp;amp;=-\frac{1}{2}\frac{u^2}{2}+k\\
&amp;amp;=-\frac{1}{2}\frac{\cot^2 2\theta}{2}+k
\end{align}$$&lt;/p&gt;

&lt;p&gt;&lt;strong&gt;Solution 2:&lt;/strong&gt; Let $u=\csc 2\theta$. Then $du=-2\csc 2\theta \cot 2\theta d\theta$. Thus,
$$\begin{align}
\int \text{csc}^2 2\theta \cot2\theta \,d\theta&amp;amp;=\int \big[\csc 2\theta\cdot\csc 2\theta\cot 2\theta d\theta\big]\\
&amp;amp;=-\frac{1}{2}\int udu\\
&amp;amp;=-\frac{1}{2}\frac{u^2}{2}+C\\
&amp;amp;=-\frac{1}{2}\frac{\csc^22\theta}{2}+C\\
\end{align}$$&lt;/p&gt;
');
INSERT INTO answer (post_id, question_id, accepted) VALUES (99, 63, 'False');
INSERT INTO activity (post_id, user_id, action) VALUES (99, 2, 'Create');

INSERT INTO post (current_state, up_score, down_score) VALUES ('Published', 1, 0);
INSERT INTO postinstance (post_id, user_id, description) VALUES (100, 47, '&lt;p&gt;You&#x27;re right.
$$
n(A \cup B) = n(A) + n(B) - n(A \cap B)
$$
Since $n(A)$ and $n(B)$ are fixed, $n(A \cup B)$ is maximum when $n(A \cap B)$ is minimum.&lt;br/&gt;
$n(A \cap B)$ is always positive and is equal to zero when $A$ et $B$ are disjoints.&lt;/p&gt;
');
INSERT INTO answer (post_id, question_id, accepted) VALUES (100, 78, 'False');
INSERT INTO activity (post_id, user_id, action) VALUES (100, 47, 'Create');

INSERT INTO post (current_state, up_score, down_score) VALUES ('Published', 4, 2);
INSERT INTO postinstance (post_id, user_id, description) VALUES (101, 9, '&lt;p&gt;&lt;strong&gt;1) Why is it valid?&lt;/strong&gt;
$$\sqrt{18}=\sqrt{9\cdot2}=\sqrt9\cdot\sqrt2=3\sqrt2$$&lt;/p&gt;

&lt;p&gt;&lt;strong&gt;2) Why would we choose to do it?&lt;/strong&gt;&lt;/p&gt;

&lt;p&gt;For exampe,
$$\sqrt{18}-\sqrt{32}+\sqrt{72}=3\sqrt{2}-4\sqrt{2}+6\sqrt{2}=5\sqrt{2}$$&lt;/p&gt;
');
INSERT INTO answer (post_id, question_id, accepted) VALUES (101, 76, 'False');
INSERT INTO activity (post_id, user_id, action) VALUES (101, 9, 'Create');

INSERT INTO post (current_state, up_score, down_score) VALUES ('Published', 1, 0);
INSERT INTO postinstance (post_id, user_id, description) VALUES (102, 5, '&lt;p&gt;The modulus is there because for every $x\in\mathbb R$, the value of $\sqrt{x^2}$ is equal to $|x|$, not $x$. Remember, $\sqrt{a}$ is defined as the &lt;strong&gt;non-negative&lt;/strong&gt; solution to the equation $x^2=a$. The function $x\mapsto\sqrt{x}$ is a &lt;em&gt;positive&lt;/em&gt; function on $[0,\infty)$.&lt;/p&gt;

&lt;p&gt;For example, if $x=-2$, then $\sqrt{(-2)^2}=2\neq -2$.&lt;/p&gt;

&lt;p&gt;So, since $4\cos^2\left(\frac\theta2\right) = \left(2\cos\left(\frac\theta2\right)\right)^2$ applying the rule $\sqrt{x^2}=|x|$ to the expression $$\sqrt{4\cos^2\left(\frac\theta2\right)}$$&lt;/p&gt;

&lt;p&gt;yields $$\left|2\cos\left(\frac\theta2\right)\right|.$$&lt;/p&gt;

&lt;hr&gt;

&lt;blockquote&gt;
  &lt;p&gt;Can we have negative arclength?&lt;/p&gt;
&lt;/blockquote&gt;

&lt;p&gt;No, the arclength is an integral of a positive function, so it is positive.&lt;/p&gt;

&lt;blockquote&gt;
  &lt;p&gt;Does arclength become negative when the curve dips below the x axis?&lt;/p&gt;
&lt;/blockquote&gt;

&lt;p&gt;No.&lt;/p&gt;
');
INSERT INTO answer (post_id, question_id, accepted) VALUES (102, 81, 'True');
INSERT INTO activity (post_id, user_id, action) VALUES (102, 5, 'Create');

INSERT INTO post (current_state, up_score, down_score) VALUES ('Published', 2, 0);
INSERT INTO postinstance (post_id, user_id, description) VALUES (103, 13, '&lt;p&gt;Let us consider the function $g(x):=\log(f(x))$.&lt;/p&gt;

&lt;p&gt;Your question is recast as: if $g(x)\ge x$, is it true that $g&#x27;(x)\ge1$ ?* &lt;/p&gt;

&lt;p&gt;This is obviously false, as a curve lying above $x$ can take any slope.&lt;/p&gt;

&lt;p&gt;&lt;a href=&quot;https://i.stack.imgur.com/kGbgJ.png&quot; rel=&quot;nofollow noreferrer&quot;&gt;&lt;img src=&quot;https://i.stack.imgur.com/kGbgJ.png&quot; alt=&quot;enter image description here&quot;&gt;&lt;/a&gt;&lt;/p&gt;

&lt;hr&gt;

&lt;p&gt;*$\log f(x)\ge \log e^x$ vs. $(\log f(x))&#x27;=\dfrac{f&#x27;(x)}{f(x)}\ge1$.&lt;/p&gt;
');
INSERT INTO answer (post_id, question_id, accepted) VALUES (103, 82, 'False');
INSERT INTO activity (post_id, user_id, action) VALUES (103, 13, 'Create');

INSERT INTO post (current_state, up_score, down_score) VALUES ('Published', 0, 0);
INSERT INTO postinstance (post_id, user_id, description) VALUES (104, 42, '&lt;p&gt;It seems to me that the question essentially contains its answer. One would care about the differences, if one cares to know what things are!&lt;/p&gt;

&lt;p&gt;Having the equalities $(f\circ g)_\ast=f_\ast\circ g_\ast$ and ${id_X}_\ast=id_{\mathbf{QCoh}(X)}$, for every composable pair of morphisms $f$ and  $g$ in $\mathbf{Sch}/S$, and for every $X\in \mathbf{Sch}/S$, implies that there is a functor
$$
\mathbf{QCoh}:\mathbf{Sch}/S\to \mathbf{CAT},
$$
where $\mathbf{CAT}$ is the category of large categories and functors between them, with $\mathbf{QCoh}(f)=f_\ast$. On the other hand, in general, ${()}^\ast$ is not a functor between categories, it is rather a &lt;a href=&quot;https://ncatlab.org/nlab/show/pseudofunctor&quot; rel=&quot;nofollow noreferrer&quot;&gt;pseudofunctor&lt;/a&gt;
$$
\mathbf{QCoh}:(\mathbf{Sch}/S)^{op}\to \mathbf{CAT}_2,
$$
where $\mathbf{CAT}_2$ is the strict $2$-category of large categories, functors between them, and natural transformations between the latter, with $\mathbf{QCoh}(f)=f^\ast$. &lt;/p&gt;

&lt;p&gt;The question whether one needs to distinguish between an equality and a canonical isomorphism is essentially the same as asking if, in a group, one needs to to distinguish between the identity element and a choice of an element of the group.&lt;/p&gt;
');
INSERT INTO answer (post_id, question_id, accepted) VALUES (104, 85, 'False');
INSERT INTO activity (post_id, user_id, action) VALUES (104, 42, 'Create');

INSERT INTO post (current_state, up_score, down_score) VALUES ('Published', 1, 0);
INSERT INTO postinstance (post_id, user_id, description) VALUES (105, 1, '&lt;p&gt;For any natural transformation $\tau : F \to G$, $\tau_H : F\circ H \to G \circ H$ is also a natural transformation. (Note, this is the horizontal composition $\tau * id_H$.)  In your case $S_{B \times A} = S_{A\times B} \circ \sigma$ where $\sigma : B\times A \to A \times B$ is the swapping functor in $\mathbf{Cat}$.  $\eta_{B\times A} = \eta_{A\times B,\sigma}$.&lt;/p&gt;
');
INSERT INTO answer (post_id, question_id, accepted) VALUES (105, 87, 'False');
INSERT INTO activity (post_id, user_id, action) VALUES (105, 1, 'Create');

INSERT INTO post (current_state, up_score, down_score) VALUES ('Published', 0, 0);
INSERT INTO postinstance (post_id, user_id, description) VALUES (106, 26, '&lt;p&gt;When dealing with irrational numbers like $\sqrt2$ it is often good not to write their non-terminating and non-repeating approximated value.&lt;/p&gt;
');
INSERT INTO answer (post_id, question_id, accepted) VALUES (106, 76, 'False');
INSERT INTO activity (post_id, user_id, action) VALUES (106, 26, 'Create');

INSERT INTO post (current_state, up_score, down_score) VALUES ('Published', 0, 0);
INSERT INTO postinstance (post_id, user_id, description) VALUES (107, 25, '&lt;p&gt;&lt;em&gt;No, this cannot exist:&lt;/em&gt; You can recover $n$ from the isomorphism class of the ring $M_n(D)$ as the number of irreducible summands in the decomposition of the regular $M_n(D)$ module. &lt;/p&gt;

&lt;p&gt;&lt;em&gt;Note:&lt;/em&gt; This argument is invalid in the categorical context, i.e. when talking about invariants of the &lt;em&gt;module categories&lt;/em&gt;, because there&#x27;s no canonical notion of &lt;em&gt;regular&lt;/em&gt; module. Indeed, as you&#x27;ll probably know, $M_n(D)$ and $D$ have equivalent module categories.&lt;/p&gt;
');
INSERT INTO answer (post_id, question_id, accepted) VALUES (107, 86, 'False');
INSERT INTO activity (post_id, user_id, action) VALUES (107, 25, 'Create');

INSERT INTO post (current_state, up_score, down_score) VALUES ('Published', 4, 3);
INSERT INTO postinstance (post_id, user_id, description) VALUES (108, 18, '&lt;p&gt;The calculation as far as I see it is correct, but you calculated&lt;/p&gt;

&lt;p&gt;P(not more than 2 tails) = P(no tail) + P(1 tail) + P(2 tails)&lt;/p&gt;

&lt;p&gt;but you wanted&lt;/p&gt;

&lt;p&gt;P(at least 2 tails) = 1 - (P(no tail) + P(1 tail))&lt;/p&gt;
');
INSERT INTO answer (post_id, question_id, accepted) VALUES (108, 77, 'False');
INSERT INTO activity (post_id, user_id, action) VALUES (108, 18, 'Create');

INSERT INTO post (current_state, up_score, down_score) VALUES ('Published', 0, 0);
INSERT INTO postinstance (post_id, user_id, description) VALUES (109, 9, '&lt;p&gt;It is because it is convenient to do so for calculations. For instance when dealing with expressions such as $\sqrt{18}-\sqrt{2}$, writing $\sqrt{18}$ as $3\sqrt{2}$ allows us to simplify the expression into $2\sqrt{2}$&lt;/p&gt;
');
INSERT INTO answer (post_id, question_id, accepted) VALUES (109, 76, 'False');
INSERT INTO activity (post_id, user_id, action) VALUES (109, 9, 'Create');

INSERT INTO post (current_state, up_score, down_score) VALUES ('Published', 0, 0);
INSERT INTO postinstance (post_id, user_id, description) VALUES (110, 33, '&lt;p&gt;We have $n(A \cup B)=n(A)+n(B)-n(A \cap B)=9-n(A \cap B)$.&lt;/p&gt;

&lt;p&gt;Furthermore, since $A \cap B \subseteq A$, the follwing values for $n(A \cap B)$ are possible:&lt;/p&gt;

&lt;p&gt;$0,1,2$ and $3$.&lt;/p&gt;
');
INSERT INTO answer (post_id, question_id, accepted) VALUES (110, 78, 'False');
INSERT INTO activity (post_id, user_id, action) VALUES (110, 33, 'Create');

INSERT INTO post (current_state, up_score, down_score) VALUES ('Deleted', 0, 0);
INSERT INTO postinstance (post_id, user_id, description) VALUES (111, 4, '&lt;p&gt;If $f(x) \geq e^x \space \forall x$ then we can take the logarithm of both sides to give $\log f(x) \geq x \space \forall x$. It is tempting to take the derivative of both sides and conclude that $\frac{f&#x27;(x)}{f(x)} \geq 1 \space \forall x$ - but, as the examples above show, that is just not true.&lt;/p&gt;
');
INSERT INTO answer (post_id, question_id, accepted) VALUES (111, 82, 'False');
INSERT INTO activity (post_id, user_id, action) VALUES (111, 4, 'Create');

INSERT INTO post (current_state, up_score, down_score) VALUES ('Published', 1, 0);
INSERT INTO postinstance (post_id, user_id, description) VALUES (112, 15, '&lt;p&gt;let $f(x) = e^x + 1 + \cos x \ge e^x + 1 - 1 = e^x$&lt;/p&gt;

&lt;p&gt;$f&#x27;(x) = e^x - \sin x$. &lt;/p&gt;
');
INSERT INTO answer (post_id, question_id, accepted) VALUES (112, 82, 'False');
INSERT INTO activity (post_id, user_id, action) VALUES (112, 15, 'Create');

INSERT INTO post (current_state, up_score, down_score) VALUES ('Published', 3, 2);
INSERT INTO postinstance (post_id, user_id, description) VALUES (113, 37, '&lt;p&gt;No and heres why.&lt;/p&gt;

&lt;p&gt;Assume u have a function $f(x) = e^x+1$ which is greater than $e^x$ for all $x$.
However its derivative would be $f&#x27;(x) = e^x$ which is smaller. I think a more interesting question would be if the function was asymptotically greater than $e^x$&lt;/p&gt;
');
INSERT INTO answer (post_id, question_id, accepted) VALUES (113, 82, 'False');
INSERT INTO activity (post_id, user_id, action) VALUES (113, 37, 'Create');

INSERT INTO post (current_state, up_score, down_score) VALUES ('Published', 2, 1);
INSERT INTO postinstance (post_id, user_id, description) VALUES (114, 47, '&lt;p&gt;This is not true. The $e^x$ is always positive, so it suffices to give a function that is decreasing on some interval and yet greater than $e^x$. It should be obvious that such functions exist.&lt;/p&gt;
');
INSERT INTO answer (post_id, question_id, accepted) VALUES (114, 82, 'False');
INSERT INTO activity (post_id, user_id, action) VALUES (114, 47, 'Create');

INSERT INTO post (current_state, up_score, down_score) VALUES ('Published', 0, 0);
INSERT INTO postinstance (post_id, user_id, description) VALUES (115, 35, '&lt;p&gt;So far, I can see the time scale change to the new variable $\tau$ should yield the following differential equation instead:&lt;/p&gt;

&lt;p&gt;$\epsilon^2y&#x27;&#x27; + (1 + \epsilon \tau)y&#x27; = 0\quad y(0)=0\quad y&#x27;(0) = 1\quad$&lt;/p&gt;

&lt;p&gt;I have not check if there are additional errors though.&lt;/p&gt;
');
INSERT INTO answer (post_id, question_id, accepted) VALUES (115, 60, 'False');
INSERT INTO activity (post_id, user_id, action) VALUES (115, 35, 'Create');

INSERT INTO post (current_state, up_score, down_score) VALUES ('Published', 2, 1);
INSERT INTO postinstance (post_id, user_id, description) VALUES (116, 40, '&lt;p&gt;All metric spaces are subspaces of a Banach space. See &lt;a href=&quot;https://en.wikipedia.org/wiki/Kuratowski_embedding&quot; rel=&quot;nofollow&quot;&gt;https://en.wikipedia.org/wiki/Kuratowski_embedding&lt;/a&gt; for instance.&lt;/p&gt;

&lt;p&gt;If your metric space is separable you can even embed it in $\mathcal{C}([0.1],\mathbb{R})$ with the usual sup norm.&lt;/p&gt;
');
INSERT INTO answer (post_id, question_id, accepted) VALUES (116, 83, 'False');
INSERT INTO activity (post_id, user_id, action) VALUES (116, 40, 'Create');

INSERT INTO post (current_state, up_score, down_score) VALUES ('Published', 0, 0);
INSERT INTO postinstance (post_id, user_id, description) VALUES (117, 50, '&lt;p&gt;The sequence that you&#x27;ve stated is NOT, by the definitions I know, considered an increasing sequence of events.&lt;/p&gt;

&lt;p&gt;A sequence of events $(A_n)_{n\in\mathbb{N}}$is &lt;em&gt;increasing&lt;/em&gt; if, roughly, the event $A_n$ implies EVERY event $A_N$ for $N\geq n$.&lt;/p&gt;

&lt;p&gt;So, if $A_n$ represents the event that you get AT LEAST one heads in the first $n$ coin flips, then $(A_n)$ is an increasing sequence: if you got at least one heads in the first $n$, then you certainly got at least one heads in the first $n+1$, $n+2$, and so on.&lt;/p&gt;
');
INSERT INTO answer (post_id, question_id, accepted) VALUES (117, 72, 'False');
INSERT INTO activity (post_id, user_id, action) VALUES (117, 50, 'Create');

INSERT INTO post (current_state, up_score, down_score) VALUES ('Published', 0, 0);
INSERT INTO postinstance (post_id, user_id, description) VALUES (118, 14, 'The complete and rigorous development is  made by @especiallylime.');
INSERT INTO answercomment (post_id, answer_id) VALUES (118, 90);
INSERT INTO activity (post_id, user_id, action) VALUES (118, 14, 'Create');

INSERT INTO post (current_state, up_score, down_score) VALUES ('Published', 0, 0);
INSERT INTO postinstance (post_id, user_id, description) VALUES (119, 48, 'Also, I would like to know how did you manage to write this answer in this particular format? Did you use some software?');
INSERT INTO answercomment (post_id, answer_id) VALUES (119, 92);
INSERT INTO activity (post_id, user_id, action) VALUES (119, 48, 'Create');

INSERT INTO post (current_state, up_score, down_score) VALUES ('Published', 0, 0);
INSERT INTO postinstance (post_id, user_id, description) VALUES (120, 14, 'Can you start from the point where I left at &lt;code&gt;(2)&lt;/code&gt;? Your answer explains Bernoulli Number, but not how the particular writer got the result, as stated in my question.');
INSERT INTO answercomment (post_id, answer_id) VALUES (120, 92);
INSERT INTO activity (post_id, user_id, action) VALUES (120, 14, 'Create');

INSERT INTO post (current_state, up_score, down_score) VALUES ('Published', 0, 0);
INSERT INTO postinstance (post_id, user_id, description) VALUES (121, 21, '@Shauna Goodman Fitzpatrick Just goggle about trigonometric integrals and you will a lot of examples.');
INSERT INTO answercomment (post_id, answer_id) VALUES (121, 99);
INSERT INTO activity (post_id, user_id, action) VALUES (121, 21, 'Create');

INSERT INTO post (current_state, up_score, down_score) VALUES ('Published', 0, 0);
INSERT INTO postinstance (post_id, user_id, description) VALUES (122, 41, 'Do you know of any good sources I could learn this about? I don&amp;#39;t understand where most of these lines are coming from');
INSERT INTO answercomment (post_id, answer_id) VALUES (122, 99);
INSERT INTO activity (post_id, user_id, action) VALUES (122, 41, 'Create');

INSERT INTO post (current_state, up_score, down_score) VALUES ('Published', 0, 0);
INSERT INTO postinstance (post_id, user_id, description) VALUES (123, 45, 'On second thoughts I discarded my answer, as the question explicitly asks for these changes of variable.');
INSERT INTO answercomment (post_id, answer_id) VALUES (123, 99);
INSERT INTO activity (post_id, user_id, action) VALUES (123, 45, 'Create');

INSERT INTO post (current_state, up_score, down_score) VALUES ('Published', 0, 0);
INSERT INTO postinstance (post_id, user_id, description) VALUES (124, 24, '+1: sweet graphic');
INSERT INTO answercomment (post_id, answer_id) VALUES (124, 103);
INSERT INTO activity (post_id, user_id, action) VALUES (124, 24, 'Create');

INSERT INTO post (current_state, up_score, down_score) VALUES ('Published', 0, 0);
INSERT INTO postinstance (post_id, user_id, description) VALUES (125, 6, '&lt;a href=&quot;http://english.stackexchange.com/questions/38260/maximum-vs-maximal&quot;&gt;Mh&lt;/a&gt;, alright I should use &lt;i&gt;maximum&lt;/i&gt; instead of &lt;i&gt;maximal&lt;/i&gt;, thanks!');
INSERT INTO answercomment (post_id, answer_id) VALUES (125, 100);
INSERT INTO activity (post_id, user_id, action) VALUES (125, 6, 'Create');

INSERT INTO post (current_state, up_score, down_score) VALUES ('Published', 0, 0);
INSERT INTO postinstance (post_id, user_id, description) VALUES (126, 10, 'Can you please explain where you got x = 2θ?');
INSERT INTO answercomment (post_id, answer_id) VALUES (126, 99);
INSERT INTO activity (post_id, user_id, action) VALUES (126, 10, 'Create');

INSERT INTO post (current_state, up_score, down_score) VALUES ('Published', 0, 0);
INSERT INTO postinstance (post_id, user_id, description) VALUES (127, 21, 'I need to use the two substitutions given though');
INSERT INTO answercomment (post_id, answer_id) VALUES (127, 99);
INSERT INTO activity (post_id, user_id, action) VALUES (127, 21, 'Create');

INSERT INTO post (current_state, up_score, down_score) VALUES ('Published', 0, 0);
INSERT INTO postinstance (post_id, user_id, description) VALUES (128, 13, 'What&amp;#39;s different between &lt;b&gt;maximal&lt;/b&gt; and &lt;b&gt;maximum&lt;/b&gt; ?');
INSERT INTO answercomment (post_id, answer_id) VALUES (128, 100);
INSERT INTO activity (post_id, user_id, action) VALUES (128, 13, 'Create');

INSERT INTO post (current_state, up_score, down_score) VALUES ('Published', 0, 0);
INSERT INTO postinstance (post_id, user_id, description) VALUES (129, 20, 'You&amp;#39;re right! Sorry, my bad.  I can&amp;#39;t believe that I got roles of t and tau mixed up.');
INSERT INTO answercomment (post_id, answer_id) VALUES (129, 115);
INSERT INTO activity (post_id, user_id, action) VALUES (129, 20, 'Create');

INSERT INTO post (current_state, up_score, down_score) VALUES ('Published', 0, 0);
INSERT INTO postinstance (post_id, user_id, description) VALUES (130, 16, 'Maybe not.  But it&amp;#39;s a very straightforward example if the op wanted one.');
INSERT INTO answercomment (post_id, answer_id) VALUES (130, 112);
INSERT INTO activity (post_id, user_id, action) VALUES (130, 16, 'Create');

INSERT INTO post (current_state, up_score, down_score) VALUES ('Published', 1, 0);
INSERT INTO postinstance (post_id, user_id, description) VALUES (131, 36, 'I don&amp;#39;t feel that this adds anything to the ongoing discussion, nor is it notably different from the other answers posted 10 minutes ago.');
INSERT INTO answercomment (post_id, answer_id) VALUES (131, 112);
INSERT INTO activity (post_id, user_id, action) VALUES (131, 36, 'Create');

INSERT INTO post (current_state, up_score, down_score) VALUES ('Published', 0, 0);
INSERT INTO postinstance (post_id, user_id, description) VALUES (132, 46, 'I&amp;#39;m very curious why someone thought this was worth downvoting.');
INSERT INTO answercomment (post_id, answer_id) VALUES (132, 114);
INSERT INTO activity (post_id, user_id, action) VALUES (132, 46, 'Create');

INSERT INTO post (current_state, up_score, down_score) VALUES ('Published', 2, 0);
INSERT INTO postinstance (post_id, user_id, description) VALUES (133, 36, 'You&amp;#39;re still allowed to have the function go up massively and then decrease, and then go up massively and then decrease, and so on. Concretely, $f(x)$ is a linear interpolation between $\exp(e^n)$ and $\exp\left(\exp\left(n+1\right)\right)$ for $n \leq x \leq n+\frac{1}{2}$, and then is constant on $n+\frac{1}{2} \leq x \leq n+1$.');
INSERT INTO answercomment (post_id, answer_id) VALUES (133, 113);
INSERT INTO activity (post_id, user_id, action) VALUES (133, 36, 'Create');

INSERT INTO post (current_state, up_score, down_score) VALUES ('Published', 0, 0);
INSERT INTO postinstance (post_id, user_id, description) VALUES (134, 49, '@StellaBiderman i edited my question into your answer, sorry.');
INSERT INTO answercomment (post_id, answer_id) VALUES (134, 114);
INSERT INTO activity (post_id, user_id, action) VALUES (134, 49, 'Create');

INSERT INTO post (current_state, up_score, down_score) VALUES ('Published', 0, 0);
INSERT INTO postinstance (post_id, user_id, description) VALUES (135, 9, '@StellaBiderman Oh yes, sorry I confused myself there.');
INSERT INTO answercomment (post_id, answer_id) VALUES (135, 114);
INSERT INTO activity (post_id, user_id, action) VALUES (135, 9, 'Create');

INSERT INTO post (current_state, up_score, down_score) VALUES ('Published', 0, 0);
INSERT INTO postinstance (post_id, user_id, description) VALUES (136, 38, '@mrnovice That&amp;#39;s the question I am responding to. See Patrick&amp;#39;s example. I am inferring a $\forall x$ in both the premise and the conclusion.');
INSERT INTO answercomment (post_id, answer_id) VALUES (136, 114);
INSERT INTO activity (post_id, user_id, action) VALUES (136, 38, 'Create');

INSERT INTO post (current_state, up_score, down_score) VALUES ('Published', 0, 0);
INSERT INTO postinstance (post_id, user_id, description) VALUES (137, 31, 'I think the question is more interesting if $f(x) \geq e^x \forall x$');
INSERT INTO answercomment (post_id, answer_id) VALUES (137, 114);
INSERT INTO activity (post_id, user_id, action) VALUES (137, 31, 'Create');

INSERT INTO post (current_state, up_score, down_score) VALUES ('Published', 2, 1);
INSERT INTO postinstance (post_id, user_id, description) VALUES (138, 19, 'For a concrete example, I was going to suggest the function which is $e$ for $x &amp;lt; 1$, and $e^x$ otherwise.');
INSERT INTO answercomment (post_id, answer_id) VALUES (138, 114);
INSERT INTO activity (post_id, user_id, action) VALUES (138, 19, 'Create');

INSERT INTO post (current_state, up_score, down_score) VALUES ('Published', 1, 0);
INSERT INTO postinstance (post_id, user_id, description) VALUES (139, 19, 'Is it not the case that $\frac{d^2y}{dt^2}=\frac1{\epsilon^2}\frac{d^2y}{d\tau^2}$ and $\frac{dy}{dt}=\frac1{\epsilon}\frac{dy}{d\tau}$, just like in this answer &lt;a href=&quot;http://math.stackexchange.com/a/1238312/285185&quot;&gt;math.stackexchange.com/a/1238312/285185&lt;/a&gt; only using $t=\epsilon\tau$ instead of $x=\kappa t$? Over there it says $\frac{d^2y}{dx^2} = \frac{1}{\kappa^2} \frac{d^2y}{dt^2}$ Is that answer wrong?');
INSERT INTO answercomment (post_id, answer_id) VALUES (139, 115);
INSERT INTO activity (post_id, user_id, action) VALUES (139, 19, 'Create');

INSERT INTO post (current_state, up_score, down_score) VALUES ('Published', 0, 0);
INSERT INTO postinstance (post_id, user_id, description) VALUES (140, 33, 'Additional epsilon(s) should be found upstairs not downstairs as you divide by epsilon, you should multiply by an epsilon for each derivative wrt new variable tau! :)');
INSERT INTO answercomment (post_id, answer_id) VALUES (140, 115);
INSERT INTO activity (post_id, user_id, action) VALUES (140, 33, 'Create');

INSERT INTO post (current_state, up_score, down_score) VALUES ('Published', 1, 0);
INSERT INTO postinstance (post_id, user_id, description) VALUES (141, 36, 'I thought the y terms would get an extra $\frac1\epsilon$ per derivative. So it&amp;#39;d be $\epsilon \frac{y&amp;#39;&amp;#39;}{\epsilon^2} + (1 + \epsilon \tau)\frac{y&amp;#39;}{\epsilon} = 0$ and then just multiply through by $\epsilon$ to clear the denominators. Why do you think there is an extra epsilon in the first term but not the second? Can you &lt;a href=&quot;http://math.stackexchange.com/posts/2207595/edit&quot;&gt;edit&lt;/a&gt; to show how you know this is the correct new equation?');
INSERT INTO answercomment (post_id, answer_id) VALUES (141, 115);
INSERT INTO activity (post_id, user_id, action) VALUES (141, 36, 'Create');

INSERT INTO post (current_state, up_score, down_score) VALUES ('Published', 0, 0);
INSERT INTO postinstance (post_id, user_id, description) VALUES (142, 4, 'edited and thanks!');
INSERT INTO answercomment (post_id, answer_id) VALUES (142, 88);
INSERT INTO activity (post_id, user_id, action) VALUES (142, 4, 'Create');

INSERT INTO post (current_state, up_score, down_score) VALUES ('Published', 1, 0);
INSERT INTO postinstance (post_id, user_id, description) VALUES (143, 3, '@Gibberish I am busy right now. Will do that in a few hours. In the meantime, please update your question');
INSERT INTO answercomment (post_id, answer_id) VALUES (143, 88);
INSERT INTO activity (post_id, user_id, action) VALUES (143, 3, 'Create');

INSERT INTO post (current_state, up_score, down_score) VALUES ('Published', 0, 0);
INSERT INTO postinstance (post_id, user_id, description) VALUES (144, 49, 'for the lineariesed equations of motion i calculated $$2\theta_1 \dot \dot+\theta_2 \dot \dot=\frac{-2g}{l}\theta_1$$ and $$\theta_1 \dot \dot +\frac{2}{3}\theta_2\dot\dot=\frac{-2g}{l}\theta_2$$ These seem to give numerically unpleasant normal mode frequencies though, so I&amp;#39;m not entirely sure that they&amp;#39;re right. can you confirm or update your solution to this part?');
INSERT INTO answercomment (post_id, answer_id) VALUES (144, 88);
INSERT INTO activity (post_id, user_id, action) VALUES (144, 49, 'Create');

INSERT INTO post (current_state, up_score, down_score) VALUES ('Published', 0, 0);
INSERT INTO postinstance (post_id, user_id, description) VALUES (145, 22, '@HennoBrandsma I&amp;#39;ve said that $C_b(2^{\mathbb R})$ is not separable (since $2^{\mathbb R})$ is not compact), I was not talking about $2^{\mathbb R}$.');
INSERT INTO answercomment (post_id, answer_id) VALUES (145, 116);
INSERT INTO activity (post_id, user_id, action) VALUES (145, 22, 'Create');

INSERT INTO post (current_state, up_score, down_score) VALUES ('Published', 0, 0);
INSERT INTO postinstance (post_id, user_id, description) VALUES (146, 18, '@DelioMugnolo $2^\mathbb{R}$ &lt;i&gt;is&lt;/i&gt; separable, just not metrisable.');
INSERT INTO answercomment (post_id, answer_id) VALUES (146, 116);
INSERT INTO activity (post_id, user_id, action) VALUES (146, 18, 'Create');

INSERT INTO post (current_state, up_score, down_score) VALUES ('Published', 1, 0);
INSERT INTO postinstance (post_id, user_id, description) VALUES (147, 46, '@Delio: You’re asking for objects that don’t exist.');
INSERT INTO answercomment (post_id, answer_id) VALUES (147, 116);
INSERT INTO activity (post_id, user_id, action) VALUES (147, 46, 'Create');

INSERT INTO post (current_state, up_score, down_score) VALUES ('Published', 0, 0);
INSERT INTO postinstance (post_id, user_id, description) VALUES (148, 50, '&lt;p&gt;ADS-B have two position squitters, airborne and surface. As far as i know, airborne position is broadcasted on air and surface position broadcasted on ground.&lt;/p&gt;

&lt;p&gt;There is a &quot;Squitter Capability Subfield&quot; in BDS Register 10, which needs to be set if both airborne and surface position registers are updated within last 10 seconds. This kinda implies both registers shall be updated all the times.&lt;/p&gt;

&lt;p&gt;Is providing data for both squitters necessary regardless of aircraft&#x27;s vertical status? Can we select one of these squitters and provide data only for it?&lt;/p&gt;
');
INSERT INTO question (post_id, topic_id, title) VALUES (148, 3, 'Providing data for Airborne Squitter on the ground(and vice versa)?');
INSERT INTO activity (post_id, user_id, action) VALUES (148, 50, 'Create');
INSERT INTO tag (text) VALUES ('ads-b');
INSERT INTO questiontag (question_id, tag_id) VALUES (148, 113);

INSERT INTO post (current_state, up_score, down_score) VALUES ('Published', 0, 0);
INSERT INTO postinstance (post_id, user_id, description) VALUES (149, 15, '&lt;p&gt;What are the aerodynamic advantages of an m shaped wing? Why aren&#x27;t they used in aircrafts?&lt;/p&gt;
');
INSERT INTO question (post_id, topic_id, title) VALUES (149, 3, 'What are the aerodynamic advantages of an m-shaped wing?');
INSERT INTO activity (post_id, user_id, action) VALUES (149, 15, 'Create');
INSERT INTO tag (text) VALUES ('aircraft-design');
INSERT INTO questiontag (question_id, tag_id) VALUES (149, 114);
INSERT INTO tag (text) VALUES ('aerodynamics');
INSERT INTO questiontag (question_id, tag_id) VALUES (149, 115);

INSERT INTO post (current_state, up_score, down_score) VALUES ('Published', 1, 0);
INSERT INTO postinstance (post_id, user_id, description) VALUES (150, 45, '&lt;p&gt;Transponders have registers for Mode S data and configuration. These registers are updated periodically to provide Mode S services such as ADS-B Airborne Position squitter.&lt;/p&gt;

&lt;p&gt;DO-260B and similar documents have Register Allocation Tables that states maximum update intervals for each register(if applicable).&lt;/p&gt;

&lt;p&gt;But there is also a register timeout mechanism that states &quot;if a register can not be updated within &lt;strong&gt;twice&lt;/strong&gt; the maximum update interval, it shall be zeroized&quot;. &lt;/p&gt;

&lt;p&gt;So, what happens if certain register is updated at every (1.5 * maxUpdateInterval) ? Are these maximum update times mere suggestions or is there another rule that forces us to update registers at most maximum update interval?&lt;/p&gt;
');
INSERT INTO question (post_id, topic_id, title) VALUES (150, 3, 'What does &quot;maximum update interval&quot; mean for Mode S GICB registers?');
INSERT INTO activity (post_id, user_id, action) VALUES (150, 45, 'Create');
INSERT INTO questiontag (question_id, tag_id) VALUES (150, 113);

INSERT INTO post (current_state, up_score, down_score) VALUES ('Published', 2, 1);
INSERT INTO postinstance (post_id, user_id, description) VALUES (151, 29, '&lt;p&gt;How exactly do you explain dynamic pressure? If someone asked me what the ASI reads, I would say it reads the dynamic pressure, which is the&lt;/p&gt;

&lt;p&gt;&lt;strong&gt;ram air pressure&lt;/strong&gt; (total pressure) - &lt;strong&gt;static pressure&lt;/strong&gt; = &lt;strong&gt;dynamic pressure&lt;/strong&gt;&lt;/p&gt;

&lt;p&gt;But would explaining dynamic pressure as &lt;strong&gt;&quot;the pressure the pitot tube experiences through the air&lt;/strong&gt;?&lt;/p&gt;

&lt;p&gt;As for static pressure, how would you explain that? Would you say static pressure is the pressure the aircraft feels whether it is in motion or not?&lt;/p&gt;
');
INSERT INTO question (post_id, topic_id, title) VALUES (151, 3, 'How can dynamic and static pressure be explained?');
INSERT INTO activity (post_id, user_id, action) VALUES (151, 29, 'Create');
INSERT INTO questiontag (question_id, tag_id) VALUES (151, 115);

INSERT INTO post (current_state, up_score, down_score) VALUES ('Published', 2, 0);
INSERT INTO postinstance (post_id, user_id, description) VALUES (152, 11, '&lt;p&gt;When I was a kid, I used to read this comics about aircraft pilots in the 50&#x27;s, and in the operations center of their aircraft carrier, they had operators using markers on a glass wall to keep track of operations. Any idea how that was called and where I can find pictures of it? Is it still in use today, or is it now all computerized?&lt;/p&gt;
');
INSERT INTO question (post_id, topic_id, title) VALUES (152, 3, 'Where can I find more information about that glass board in old aircraft carrier operations centers?');
INSERT INTO activity (post_id, user_id, action) VALUES (152, 11, 'Create');
INSERT INTO tag (text) VALUES ('aircraft-carrier');
INSERT INTO questiontag (question_id, tag_id) VALUES (152, 116);

INSERT INTO post (current_state, up_score, down_score) VALUES ('Published', 1, 0);
INSERT INTO postinstance (post_id, user_id, description) VALUES (153, 50, '&lt;p&gt;I watched an episode of Air Crash Investigation, which depicts a plane catching fire due to it shipping many expired oxygen generators for planes. The narrator says that a fire in the cargo hold is very unlikely, as the cargo hold is vacuumed, to prevent fire; but however in this situation, the oxygen generators were actually generating oxygen so the vacuum was futile. I also know they carry pets in the cargo hold. So are the cargo holds pressurized, non-pressurized, or vacuumed? Or does it depend on the carrier, or aircraft?&lt;/p&gt;
');
INSERT INTO question (post_id, topic_id, title) VALUES (153, 3, 'Are Cargo Holds Pressurized, Non-pressurized, or vacuumed?');
INSERT INTO activity (post_id, user_id, action) VALUES (153, 50, 'Create');
INSERT INTO tag (text) VALUES ('cargo');
INSERT INTO questiontag (question_id, tag_id) VALUES (153, 117);
INSERT INTO tag (text) VALUES ('fire');
INSERT INTO questiontag (question_id, tag_id) VALUES (153, 118);
INSERT INTO tag (text) VALUES ('oxygen');
INSERT INTO questiontag (question_id, tag_id) VALUES (153, 119);

INSERT INTO post (current_state, up_score, down_score) VALUES ('Published', 1, 0);
INSERT INTO postinstance (post_id, user_id, description) VALUES (154, 8, '&lt;p&gt;I&#x27;m filling out &lt;a href=&quot;https://foreflight.com/campaigns/9/&quot; rel=&quot;nofollow noreferrer&quot;&gt;ForeFlight&#x27;s new glide slope feature&lt;/a&gt;, and I&#x27;m trying to find the glide ratio for a Piper Archer II (PA-28-181). I know the best glide speed is 76, but can&#x27;t find the glide ratio. Any help on where to find this? &lt;/p&gt;

&lt;p&gt;Edit: &lt;/p&gt;

&lt;p&gt;Below is the glide range graph from my PoH, and below that is the information ForeFlight is asking for. I&#x27;m not really sure how to read that graph to get a glide slope number. &lt;/p&gt;

&lt;p&gt;&lt;a href=&quot;https://i.stack.imgur.com/P5cfu.png&quot; rel=&quot;nofollow noreferrer&quot;&gt;&lt;img src=&quot;https://i.stack.imgur.com/P5cfu.png&quot; alt=&quot;enter image description here&quot;&gt;&lt;/a&gt;&lt;/p&gt;

&lt;p&gt;&lt;a href=&quot;https://i.stack.imgur.com/s2498.png&quot; rel=&quot;nofollow noreferrer&quot;&gt;&lt;img src=&quot;https://i.stack.imgur.com/s2498.png&quot; alt=&quot;enter image description here&quot;&gt;&lt;/a&gt;&lt;/p&gt;
');
INSERT INTO question (post_id, topic_id, title) VALUES (154, 3, 'Where can I find (or how can I calculate) the glide ratio for a PA-28-181?');
INSERT INTO activity (post_id, user_id, action) VALUES (154, 8, 'Create');
INSERT INTO tag (text) VALUES ('glide-ratio');
INSERT INTO questiontag (question_id, tag_id) VALUES (154, 120);
INSERT INTO tag (text) VALUES ('piper-pa-28');
INSERT INTO questiontag (question_id, tag_id) VALUES (154, 121);
INSERT INTO tag (text) VALUES ('foreflight');
INSERT INTO questiontag (question_id, tag_id) VALUES (154, 122);

INSERT INTO post (current_state, up_score, down_score) VALUES ('Published', 0, 0);
INSERT INTO postinstance (post_id, user_id, description) VALUES (155, 35, '&lt;p&gt;I would like to know if VTOL UAVs necessarily need $n$ identical propellers and motors. Have any design solutions considered the possibility of using non identical props? For instance 2 motors of type A, 2 motors of type B, and 2 motors of type C. If so, where can I find some studies or some designs that have attempted this kind of solution?&lt;/p&gt;
');
INSERT INTO question (post_id, topic_id, title) VALUES (155, 3, 'Do all the engines/propellers of a VTOL UAV need to be identical?');
INSERT INTO activity (post_id, user_id, action) VALUES (155, 35, 'Create');
INSERT INTO questiontag (question_id, tag_id) VALUES (155, 114);
INSERT INTO tag (text) VALUES ('propeller');
INSERT INTO questiontag (question_id, tag_id) VALUES (155, 123);
INSERT INTO tag (text) VALUES ('unmanned-aerial-vehicle');
INSERT INTO questiontag (question_id, tag_id) VALUES (155, 124);
INSERT INTO tag (text) VALUES ('vtol');
INSERT INTO questiontag (question_id, tag_id) VALUES (155, 125);

INSERT INTO post (current_state, up_score, down_score) VALUES ('Published', 0, 0);
INSERT INTO postinstance (post_id, user_id, description) VALUES (156, 44, '&lt;p&gt;I would like a clarification on bank angle and how its different from roll angle with respect to to fixed wing aircraft. It is my understanding that the bank angle is a result of rotating the aircraft body to the stability frame, implying that if the angle of attack $\alpha$ and the side slip angle $\beta$ are zero then, and only then the bank and angle and roll angle are the same. Based on Stevens and Lewis Aircraft Control and Simulation (which doesn&#x27;t define bank angle) the rotation from body to stability(wind) frame is given by
$$
C_{w-b} = \begin{bmatrix} &amp;amp;\cos\alpha \cos\beta &amp;amp; \sin\beta &amp;amp; \sin\alpha cos\beta \\ &amp;amp;-\cos\alpha\sin\beta &amp;amp; \cos\beta &amp;amp; -\sin\alpha\sin\beta\\ &amp;amp;-\sin\alpha &amp;amp; 0 &amp;amp; \cos\alpha  \end{bmatrix}
$$&lt;/p&gt;

&lt;p&gt;Therefore, the bank angle $\mu$ &lt;strong&gt;I think&lt;/strong&gt; is given by:
$$\mu \triangleq \begin{bmatrix} &amp;amp;\cos\alpha \cos\beta &amp;amp; \sin\beta &amp;amp; \sin\alpha \cos\beta \end{bmatrix} \begin{bmatrix} \phi \\ \theta \\ \psi\end{bmatrix} $$ &lt;/p&gt;

&lt;p&gt;where $\phi,\, \theta,\, \psi$ are standard aerospace Euler angles defined based on a 3-2-1 rotation.
My specific questions are:&lt;/p&gt;

&lt;p&gt;1) is my understanding and calculation of bank angle correct? If not can someone point me to a good resource for this. I was surprised to be able to find a clear definition and formula quickly.&lt;/p&gt;

&lt;p&gt;2) by multiplying the second and third row of $C_{w-b}$ with Euler angles we obtain a set of other two angles relative to stability frame. Do these angles have any names or specific role in aerospace dynamics/control?&lt;/p&gt;
');
INSERT INTO question (post_id, topic_id, title) VALUES (156, 3, 'How does bank angle differ from roll angle with respect to stability in fixed-wing aircraft?');
INSERT INTO activity (post_id, user_id, action) VALUES (156, 44, 'Create');
INSERT INTO questiontag (question_id, tag_id) VALUES (156, 115);
INSERT INTO tag (text) VALUES ('terminology');
INSERT INTO questiontag (question_id, tag_id) VALUES (156, 126);

INSERT INTO post (current_state, up_score, down_score) VALUES ('Published', 1, 0);
INSERT INTO postinstance (post_id, user_id, description) VALUES (157, 40, '&lt;p&gt;What is the production status of the Pipistrel Panthera? They had plans to start production in 2016/2017 but nothing new has been published in the last two years.&lt;/p&gt;
');
INSERT INTO question (post_id, topic_id, title) VALUES (157, 3, 'What is the production status of the Pipistrel Panthera as of March 2017?');
INSERT INTO activity (post_id, user_id, action) VALUES (157, 40, 'Create');
INSERT INTO tag (text) VALUES ('new-airplane');
INSERT INTO questiontag (question_id, tag_id) VALUES (157, 127);

INSERT INTO post (current_state, up_score, down_score) VALUES ('Published', 0, 0);
INSERT INTO postinstance (post_id, user_id, description) VALUES (158, 38, '&lt;p&gt;Bird strikes are pretty well tested for planes, but what about helicopters?
Do they happen as frequent as planes and if so, what would be the possible outcomes?&lt;/p&gt;

&lt;p&gt;Do helicopter emergency procedures include a &quot;bird strike&quot; event?&lt;/p&gt;
');
INSERT INTO question (post_id, topic_id, title) VALUES (158, 3, 'How are bird stikes tested in helicopters?');
INSERT INTO activity (post_id, user_id, action) VALUES (158, 38, 'Create');
INSERT INTO tag (text) VALUES ('helicopter');
INSERT INTO questiontag (question_id, tag_id) VALUES (158, 128);
INSERT INTO tag (text) VALUES ('birds');
INSERT INTO questiontag (question_id, tag_id) VALUES (158, 129);

INSERT INTO post (current_state, up_score, down_score) VALUES ('Published', 2, 1);
INSERT INTO postinstance (post_id, user_id, description) VALUES (159, 16, '&lt;p&gt;I am working on a small personal project that uses fuel burn data about specific aircraft to calculate the total fuel required for a trip. The data looks like this:&lt;/p&gt;

&lt;pre&gt;&lt;code&gt;          | 120000 kg  | 150000 kg | 180000kg
----------+------------+-----------+-----------
21,000 ft | 6250 kg/hr | 6350 kg/hr| 6450 kg/hr
22,000 ft | 6225 kg/hr | 6325 kg/hr| 6425 kg/hr
23,000 ft | 6200 kg/hr | 6300 kg/hr| 6400 kg/hr
&lt;/code&gt;&lt;/pre&gt;

&lt;p&gt;Based on the table above, you can see that to cruise at 21,000 ft and a weight of 120,000 kg, you would burn 6250kg/hr. &lt;/p&gt;

&lt;p&gt;The problem I am having is that in order to calculate total weight, you first need to know total fuel, which you don&#x27;t have until you know the proper burn rate. What would be the proper way to calculate fuel based on this information?&lt;/p&gt;
');
INSERT INTO question (post_id, topic_id, title) VALUES (159, 3, 'How do you calculate trip fuel based on hourly fuel burn rates?');
INSERT INTO activity (post_id, user_id, action) VALUES (159, 16, 'Create');
INSERT INTO tag (text) VALUES ('flight-planning');
INSERT INTO questiontag (question_id, tag_id) VALUES (159, 130);
INSERT INTO tag (text) VALUES ('fuel');
INSERT INTO questiontag (question_id, tag_id) VALUES (159, 131);
INSERT INTO tag (text) VALUES ('performance-calculation');
INSERT INTO questiontag (question_id, tag_id) VALUES (159, 132);

INSERT INTO post (current_state, up_score, down_score) VALUES ('Published', 1, 0);
INSERT INTO postinstance (post_id, user_id, description) VALUES (160, 19, '&lt;p&gt;I would like to learn about the flight distance calculation and positional accuracy requirement in aviation.&lt;/p&gt;

&lt;p&gt;In practice, great circle distance is calculated between two airports but earth is more accurately represented with an ellipsoid and in this context, global positioning is based on WGS84 ellipsoid.&lt;/p&gt;

&lt;p&gt;Is it useful to calculate &lt;a href=&quot;https://en.wikipedia.org/wiki/Geodesics_on_an_ellipsoid&quot; rel=&quot;nofollow noreferrer&quot;&gt;geodesic&lt;/a&gt; (shortest path on the ellipsoid) rather than great circle on the sphere for more accurate estimation of the distance?&lt;/p&gt;

&lt;p&gt;When thinking that flight routes are 3D, are 3D distances calculated in flight planning? In addition, are these 3D distances calculated with elliposidal cartesian (ECEF) coordinates (X,Y,Z) regarding ellipsoid height (height(MSL)+geoid height (undulation))?.&lt;/p&gt;

&lt;p&gt;Does it make sense to calculate the flight distance in &quot;meter&quot; against &quot;km&quot; precision? If it is in nautical mile, what is the precision? e.g. 2394 nm or 2394.xx nm?&lt;/p&gt;

&lt;p&gt;My another question is how accurate the 3D position of an aircraft is determined? What is the future perspective in this context together with satellite-based navigation and augmentation systems? &lt;/p&gt;
');
INSERT INTO question (post_id, topic_id, title) VALUES (160, 3, 'What is the accuracy of distance and position calculation?');
INSERT INTO activity (post_id, user_id, action) VALUES (160, 19, 'Create');
INSERT INTO tag (text) VALUES ('navigation');
INSERT INTO questiontag (question_id, tag_id) VALUES (160, 133);
INSERT INTO questiontag (question_id, tag_id) VALUES (160, 130);

INSERT INTO post (current_state, up_score, down_score) VALUES ('Published', 24, 9);
INSERT INTO postinstance (post_id, user_id, description) VALUES (161, 46, '&lt;p&gt;70% of birds fly below 1,500ft, 25% of birds fly between 1,500ft and 15,000ft, and only 5% above 15,000ft. What is the greatest height at which a bird has hit an aircraft? What species was the bird?&lt;/p&gt;
');
INSERT INTO question (post_id, topic_id, title) VALUES (161, 3, 'What&#39;s the greatest height at which a bird has collided with an aircraft?');
INSERT INTO activity (post_id, user_id, action) VALUES (161, 46, 'Create');
INSERT INTO questiontag (question_id, tag_id) VALUES (161, 129);

INSERT INTO post (current_state, up_score, down_score) VALUES ('Published', 4, 3);
INSERT INTO postinstance (post_id, user_id, description) VALUES (162, 19, '&lt;p&gt;What are the aerodynamic advantages and disadvantages of the Weltensegler Wing?&lt;/p&gt;

&lt;p&gt;Would this kind of wing configuration come to help for a glider? 
Is there any difference between them and gull wings? 
What are the aerodynamic advantages of gull wings?&lt;/p&gt;

&lt;p&gt;&lt;a href=&quot;https://i.stack.imgur.com/zM2nE.jpg&quot; rel=&quot;nofollow noreferrer&quot;&gt;&lt;img src=&quot;https://i.stack.imgur.com/zM2nE.jpg&quot; alt=&quot;Weltensegler Aircraft&quot;&gt;&lt;/a&gt; &lt;/p&gt;
');
INSERT INTO question (post_id, topic_id, title) VALUES (162, 3, 'What are the aerodynamic advantages and disadvantages of the Weltensegler wing?');
INSERT INTO activity (post_id, user_id, action) VALUES (162, 19, 'Create');
INSERT INTO questiontag (question_id, tag_id) VALUES (162, 114);
INSERT INTO questiontag (question_id, tag_id) VALUES (162, 115);
INSERT INTO tag (text) VALUES ('fixed-wing');
INSERT INTO questiontag (question_id, tag_id) VALUES (162, 134);

INSERT INTO post (current_state, up_score, down_score) VALUES ('Published', 4, 0);
INSERT INTO postinstance (post_id, user_id, description) VALUES (163, 44, '&lt;p&gt;In 2009 Airbus went public with a new feature in the Airbus A350, an &lt;a href=&quot;https://www.flightglobal.com/news/articles/airbus-a350-could-be-equipped-with-automatic-emergency-descent-system-330988/&quot; rel=&quot;nofollow noreferrer&quot;&gt;Automatic Emergency Descent (AED) System&lt;/a&gt;.&lt;/p&gt;

&lt;p&gt;The system would detect a rapid depressurization and, after a defined waiting time, would initiate an automated descent if the pilots failed to respond to the respective alert (i.e. in case of pilot incapacitation).&lt;/p&gt;

&lt;p&gt;I found &lt;a href=&quot;http://www.ae-expo.eu/wp-content/uploads/2015/04/Florent-Lanterna-AEE-Aviation-Electronics-Europe-2015-AED.pdf&quot; rel=&quot;nofollow noreferrer&quot;&gt;some presentation slides from 2015&lt;/a&gt; on the topic but haven&#x27;t heard anything on that system since. Does anyone have additional information: is it a standard feature now on the A350, is it optional, or was it not pursued any further? If not, for what reasons?&lt;/p&gt;
');
INSERT INTO question (post_id, topic_id, title) VALUES (163, 3, 'Does the Airbus A350 have an Automatic Emergency Descent System?');
INSERT INTO activity (post_id, user_id, action) VALUES (163, 44, 'Create');
INSERT INTO tag (text) VALUES ('safety');
INSERT INTO questiontag (question_id, tag_id) VALUES (163, 135);
INSERT INTO tag (text) VALUES ('aircraft-systems');
INSERT INTO questiontag (question_id, tag_id) VALUES (163, 136);
INSERT INTO tag (text) VALUES ('cabin-pressure');
INSERT INTO questiontag (question_id, tag_id) VALUES (163, 137);
INSERT INTO tag (text) VALUES ('emergency-procedures');
INSERT INTO questiontag (question_id, tag_id) VALUES (163, 138);
INSERT INTO tag (text) VALUES ('airbus-a350');
INSERT INTO questiontag (question_id, tag_id) VALUES (163, 139);

INSERT INTO post (current_state, up_score, down_score) VALUES ('Published', 5, 2);
INSERT INTO postinstance (post_id, user_id, description) VALUES (164, 43, '&lt;p&gt;Are there different ETOPS requirements for aircraft depending on usage?  For example, does a FedEx cargo flight need the same ETOPS ratings for over ocean flights as a passenger flight?  Also, how about ferry or repositioning flights which are not revenue flights?&lt;/p&gt;
');
INSERT INTO question (post_id, topic_id, title) VALUES (164, 3, 'Does ETOPS requirement vary on passenger, cargo and non-revenue flights?');
INSERT INTO activity (post_id, user_id, action) VALUES (164, 43, 'Create');
INSERT INTO questiontag (question_id, tag_id) VALUES (164, 117);
INSERT INTO tag (text) VALUES ('etops');
INSERT INTO questiontag (question_id, tag_id) VALUES (164, 140);

INSERT INTO post (current_state, up_score, down_score) VALUES ('Published', 17, 6);
INSERT INTO postinstance (post_id, user_id, description) VALUES (165, 42, '&lt;p&gt;&lt;a href=&quot;https://en.wikipedia.org/wiki/Helios_Airways_Flight_522&quot; rel=&quot;noreferrer&quot;&gt;Helios Flight 522&lt;/a&gt; crashed when the crew unknowingly suffered hypoxia. Although the masks in the passenger cabin deployed, the crew were unaware of this and didn&#x27;t realise the extent of the problem.   &lt;/p&gt;

&lt;p&gt;If I was a passenger on a plane at cruise altitude and the oxygen masks deployed, I know that there is only about 10 minutes oxygen available. I would expect the plane to immediately descend to a lower altitude.&lt;/p&gt;

&lt;p&gt;If I don&#x27;t notice any change in attitude and there is no passenger announcement after a few minutes, would it help to alert a flight attendant to check that the pilots are aware of the issue? Or would it be best to assume that &#x27;they know what they are doing&#x27; and just keep quiet?&lt;/p&gt;
');
INSERT INTO question (post_id, topic_id, title) VALUES (165, 3, 'Could a knowledgeable passenger have saved Helios Flight 522?');
INSERT INTO activity (post_id, user_id, action) VALUES (165, 42, 'Create');
INSERT INTO tag (text) VALUES ('emergency');
INSERT INTO questiontag (question_id, tag_id) VALUES (165, 141);
INSERT INTO tag (text) VALUES ('passenger');
INSERT INTO questiontag (question_id, tag_id) VALUES (165, 142);

INSERT INTO post (current_state, up_score, down_score) VALUES ('Published', 0, 0);
INSERT INTO postinstance (post_id, user_id, description) VALUES (166, 38, '&lt;p&gt;I would like to know which hub has more seats capacity to Africa as a whole, whichever destination.&lt;/p&gt;

&lt;p&gt;Thank you,
Avi&lt;/p&gt;
');
INSERT INTO question (post_id, topic_id, title) VALUES (166, 3, 'Which European (incl. Turkey) hub has the biggest seats capacity to destinations in Africa?');
INSERT INTO activity (post_id, user_id, action) VALUES (166, 38, 'Create');
INSERT INTO tag (text) VALUES ('capacity');
INSERT INTO questiontag (question_id, tag_id) VALUES (166, 143);

INSERT INTO post (current_state, up_score, down_score) VALUES ('Published', 7, 3);
INSERT INTO postinstance (post_id, user_id, description) VALUES (167, 9, '&lt;p&gt;Per &lt;a href=&quot;http://www.ecfr.gov/cgi-bin/retrieveECFR?gp&amp;amp;r=PART&amp;amp;n=14y2.0.1.1.2#se14.2.61_1129&quot;&gt;14 CFR 61.129&lt;/a&gt;, a person who applies for a commercial pilot certificate for airplanes (both single and multiengine) must log at least ten hours of instrument training.&lt;/p&gt;

&lt;p&gt;Assuming a pilot obtains their instrument rating prior to training for their commercial pilot certificate, can the instrument time logged during training for an instrument rating be used to satisfy this requirement (assuming class of aircraft requirements are met)?&lt;/p&gt;
');
INSERT INTO question (post_id, topic_id, title) VALUES (167, 3, 'Can training for an Instrument Rating be applied towards a commercial pilot certificate?');
INSERT INTO activity (post_id, user_id, action) VALUES (167, 9, 'Create');
INSERT INTO tag (text) VALUES ('faa-regulations');
INSERT INTO questiontag (question_id, tag_id) VALUES (167, 144);
INSERT INTO tag (text) VALUES ('far-61');
INSERT INTO questiontag (question_id, tag_id) VALUES (167, 145);

INSERT INTO post (current_state, up_score, down_score) VALUES ('Published', 4, 0);
INSERT INTO postinstance (post_id, user_id, description) VALUES (168, 5, '&lt;p&gt;For a typical turbofan jet engine (two examples given in the title), what is the exhaust velocity and mass flow rate of air at sea level and cruising altitude (~ FL350)? &lt;/p&gt;

&lt;p&gt;Also, does the specific impulse vary at different altitudes, since the density of air decreases with increases in altitude?&lt;/p&gt;
');
INSERT INTO question (post_id, topic_id, title) VALUES (168, 3, 'What is the mass flow rate and exhaust velocity of air from a GE CF6 or GE90 turbofan?');
INSERT INTO activity (post_id, user_id, action) VALUES (168, 5, 'Create');
INSERT INTO tag (text) VALUES ('jet-engine');
INSERT INTO questiontag (question_id, tag_id) VALUES (168, 146);
INSERT INTO tag (text) VALUES ('propulsion');
INSERT INTO questiontag (question_id, tag_id) VALUES (168, 147);
INSERT INTO tag (text) VALUES ('fluid-mechanics');
INSERT INTO questiontag (question_id, tag_id) VALUES (168, 148);

INSERT INTO post (current_state, up_score, down_score) VALUES ('Published', 1, 0);
INSERT INTO postinstance (post_id, user_id, description) VALUES (169, 2, '&lt;p&gt;How can pilots balance a commercial airplane during flight without using elevators?&lt;/p&gt;
');
INSERT INTO question (post_id, topic_id, title) VALUES (169, 3, 'How can a commercial aircraft be balanced in flight without the elevators?');
INSERT INTO activity (post_id, user_id, action) VALUES (169, 2, 'Create');
INSERT INTO tag (text) VALUES ('aircraft-performance');
INSERT INTO questiontag (question_id, tag_id) VALUES (169, 149);
INSERT INTO tag (text) VALUES ('flight-controls');
INSERT INTO questiontag (question_id, tag_id) VALUES (169, 150);

INSERT INTO post (current_state, up_score, down_score) VALUES ('Published', 8, 7);
INSERT INTO postinstance (post_id, user_id, description) VALUES (170, 39, '&lt;p&gt;I was listening to Norcal yesterday and heard a controller request an airplane increase speed to 210 knots &quot;if able&quot;. The plane was previously at ~180 knots. The pilot responded he had flaps 2 and politely declined.&lt;/p&gt;

&lt;p&gt;Can TRACON demand a plane increase speed if the controller already assigned a slower speed?
And if yes, what would be the phraseology? &quot;Maintain 210 knots or greater until DUMBA&quot;? (I don&#x27;t think I&#x27;ve ever heard that when a plane was &lt;em&gt;slower&lt;/em&gt;.)&lt;/p&gt;
');
INSERT INTO question (post_id, topic_id, title) VALUES (170, 3, 'Can TRACON increase plane speed on approach?');
INSERT INTO activity (post_id, user_id, action) VALUES (170, 39, 'Create');
INSERT INTO tag (text) VALUES ('air-traffic-control');
INSERT INTO questiontag (question_id, tag_id) VALUES (170, 151);

INSERT INTO post (current_state, up_score, down_score) VALUES ('Published', 2, 0);
INSERT INTO postinstance (post_id, user_id, description) VALUES (171, 7, '&lt;p&gt;I have a list of airports in Europe and I need to find up-to-date information about ILS categories (I, II, IIIa, IIIb or IIIc) at these airports. Does anyone know where I could find such data efficiently?&lt;/p&gt;

&lt;p&gt;Thanks!&lt;/p&gt;
');
INSERT INTO question (post_id, topic_id, title) VALUES (171, 3, 'Where to find information on ILS categories at European airports?');
INSERT INTO activity (post_id, user_id, action) VALUES (171, 7, 'Create');
INSERT INTO tag (text) VALUES ('ils');
INSERT INTO questiontag (question_id, tag_id) VALUES (171, 152);

INSERT INTO post (current_state, up_score, down_score) VALUES ('Published', 16, 11);
INSERT INTO postinstance (post_id, user_id, description) VALUES (172, 6, '&lt;p&gt;I just read &lt;a href=&quot;http://www.dailymail.co.uk/travel/travel_news/article-4342230/A-day-life-long-haul-airline-pilot-revealed.html&quot; rel=&quot;noreferrer&quot;&gt;an article about a day in the life of a pilot&lt;/a&gt; and it states &quot;The Captain always controls the thrust in the unlikely event that the take-off needs to be aborted for safety reasons.&quot; Is this correct?  &lt;/p&gt;

&lt;p&gt;It was always my understanding that the roles of PF and PNF can be alternated between the captain and first officer, and controlling the thrust would fall into one role or the other. I also recall seeing videos of the flight engineer pushing the throttles. &lt;/p&gt;

&lt;p&gt;If the take-off needs to be aborted, can&#x27;t the captain just command the FO to &quot;abort&quot; or take control by saying &quot;I have control&quot; or similar?  &lt;/p&gt;

&lt;p&gt;Finally, will pulling back the throttles be enough to abort takeoff safely without braking? Surely it would just cause more problems?&lt;/p&gt;
');
INSERT INTO question (post_id, topic_id, title) VALUES (172, 3, 'Does the captain always control thrust on takeoff?');
INSERT INTO activity (post_id, user_id, action) VALUES (172, 6, 'Create');
INSERT INTO tag (text) VALUES ('pilots');
INSERT INTO questiontag (question_id, tag_id) VALUES (172, 153);
INSERT INTO tag (text) VALUES ('cockpit');
INSERT INTO questiontag (question_id, tag_id) VALUES (172, 154);

INSERT INTO post (current_state, up_score, down_score) VALUES ('Published', 1, 0);
INSERT INTO postinstance (post_id, user_id, description) VALUES (173, 4, '&lt;p&gt;PPL student, wondering on how this practice is viewed. The aircraft I&#x27;m learning to fly in has a small Dynon EFIS which displays horizon, airspeed, heading &amp;amp; altitude. It also has a regular altimeter.&lt;/p&gt;

&lt;p&gt;Assuming I&#x27;m going for a local flight, returning to land where I departed, is it OK practice to leave the Dynon on QFE and the Altimeter on QNH? This way I don&#x27;t have to change any settings. &lt;/p&gt;
');
INSERT INTO question (post_id, topic_id, title) VALUES (173, 3, 'Is it OK practice to use one altimeter on QFE and one on QNH (local flight, dual altimeters)');
INSERT INTO activity (post_id, user_id, action) VALUES (173, 4, 'Create');
INSERT INTO tag (text) VALUES ('general-aviation');
INSERT INTO questiontag (question_id, tag_id) VALUES (173, 155);
INSERT INTO tag (text) VALUES ('altimeter');
INSERT INTO questiontag (question_id, tag_id) VALUES (173, 156);

INSERT INTO post (current_state, up_score, down_score) VALUES ('Published', 5, 1);
INSERT INTO postinstance (post_id, user_id, description) VALUES (174, 6, '&lt;p&gt;I am intensively researching on &lt;a href=&quot;https://en.wikipedia.org/wiki/XL_Airways_Germany_Flight_888T&quot; rel=&quot;nofollow noreferrer&quot;&gt;XL Airways Germany Flight 888T&lt;/a&gt; at the moment. &lt;/p&gt;

&lt;p&gt;I wrote and researched hours and hours. Now I would like to know something about the ECAM and the Airbus Stall warning:&lt;/p&gt;

&lt;p&gt;The crew of 888T started a stall test with faulty AoA-Sensors. They wanted to test the stall protection system. At a point, the Airbus stall warning was played. A few seconds later, the control laws degraded to &lt;em&gt;Direct Law&lt;/em&gt;. The crew missed this degradation and I just want to find out why.&lt;/p&gt;

&lt;p&gt;&lt;a href=&quot;https://aviation.stackexchange.com/questions/36268&quot;&gt;I found out&lt;/a&gt;, a control law degradation is a level 2 ECAM warning. That means a single chime will be played. Can someone confirm this?&lt;/p&gt;

&lt;p&gt;I also heard, the stall warning suppresses all other sounds, because a stall has priority over all other things. But I don&#x27;t know if this also applies for the ECAM Sounds. Does anybody know if a stall warning really suppresses every sound?&lt;/p&gt;
');
INSERT INTO question (post_id, topic_id, title) VALUES (174, 3, 'Could the crew of XL Airways Germany Flight 888T not hear important chimes, due to the stall warning?');
INSERT INTO activity (post_id, user_id, action) VALUES (174, 6, 'Create');
INSERT INTO tag (text) VALUES ('airbus-a320');
INSERT INTO questiontag (question_id, tag_id) VALUES (174, 157);
INSERT INTO tag (text) VALUES ('airbus');
INSERT INTO questiontag (question_id, tag_id) VALUES (174, 158);
INSERT INTO tag (text) VALUES ('ecam');
INSERT INTO questiontag (question_id, tag_id) VALUES (174, 159);

INSERT INTO post (current_state, up_score, down_score) VALUES ('Published', 6, 3);
INSERT INTO postinstance (post_id, user_id, description) VALUES (175, 47, '&lt;p&gt;I am particularly interested in the Boeing 787 Fuselage because it is one of the first aircraft to carry such a high percentage of Carbon Fibre Reinforced Polymer (CFRP). &lt;/p&gt;

&lt;p&gt;Can someone explain how the fuselage is made? I know the basics of making 
CFRP which include fibre being wrapped onto in mandrel in different orientations then heating in an autoclave to cure.&lt;/p&gt;

&lt;p&gt;However, I also know that the whole fuselage is not produced in one piece. Pieces of the fuselage are produced then joined together. &lt;/p&gt;

&lt;ul&gt;
&lt;li&gt;I would like to know the joining process works. &lt;/li&gt;
&lt;li&gt;Since it is not fabricated as a single piece there are bound to be stresses on the joints. Will it effect/endanger the passengers? &lt;/li&gt;
&lt;li&gt;What loads can it take since the joints will cause a drop in overall pressure (what is the maximum pressure if possible). I don&#x27;t think its being welded together but not sure the reason. &lt;/li&gt;
&lt;li&gt;Are the same methods used to join the wings? &lt;/li&gt;
&lt;li&gt;Last but not least, are there problems due to the joints before and if so, what has been done to rectify these problems?&lt;/li&gt;
&lt;/ul&gt;
');
INSERT INTO question (post_id, topic_id, title) VALUES (175, 3, 'How is the fuselage of the Boeing 787 produced?');
INSERT INTO activity (post_id, user_id, action) VALUES (175, 47, 'Create');
INSERT INTO questiontag (question_id, tag_id) VALUES (175, 114);
INSERT INTO questiontag (question_id, tag_id) VALUES (175, 115);

INSERT INTO post (current_state, up_score, down_score) VALUES ('Published', 0, 0);
INSERT INTO postinstance (post_id, user_id, description) VALUES (176, 11, '&lt;p&gt;Recently, I saw that video:&lt;/p&gt;

&lt;p&gt;&lt;strong&gt;EDIT:&lt;/strong&gt; I removed the Facebook video link which would require sign up for anyone without an account. I&#x27;ve re-uploaded the video here:
&lt;a href=&quot;https://vid.me/8WYI&quot; rel=&quot;nofollow noreferrer&quot;&gt;https://vid.me/8WYI&lt;/a&gt;&lt;/p&gt;

&lt;p&gt;In general, this guy&#x27;s videos seem to me more like a &quot;conspiracy theories&quot; thing, but I hadn&#x27;t the time to study them and find the underlying faulty logic. So, in that particular video, he claims that the cargo door of an aircraft wasn&#x27;t working properly and the ground staff simply decided to use a heavy load on the lever in order to open it (or something like that).&lt;/p&gt;

&lt;p&gt;Because of that incident the plane shouldn&#x27;t be allowed to fly (that&#x27;s what he claims) and also there is immediate safety concern for the people on the ground because of the weight they used.&lt;/p&gt;

&lt;p&gt;My questions are:&lt;/p&gt;

&lt;ul&gt;
&lt;li&gt;&lt;p&gt;Is the cargo door in that airplane really malfunctioning?&lt;/p&gt;&lt;/li&gt;
&lt;li&gt;&lt;p&gt;Do the ground staff follow a standard procedure for the &quot;workaround&quot;?&lt;/p&gt;&lt;/li&gt;
&lt;li&gt;&lt;p&gt;Although I understand that the way the weight is &quot;hanged&quot; on the that
lever is not a safe solution, my logic says that it could never fall 
from that position. Am I right?&lt;/p&gt;&lt;/li&gt;
&lt;/ul&gt;
');
INSERT INTO question (post_id, topic_id, title) VALUES (176, 3, 'Is the cargo door on this airplane really malfunctioning?');
INSERT INTO activity (post_id, user_id, action) VALUES (176, 11, 'Create');
INSERT INTO questiontag (question_id, tag_id) VALUES (176, 135);
INSERT INTO tag (text) VALUES ('ground-operations');
INSERT INTO questiontag (question_id, tag_id) VALUES (176, 160);

INSERT INTO post (current_state, up_score, down_score) VALUES ('Published', 7, 6);
INSERT INTO postinstance (post_id, user_id, description) VALUES (177, 33, '&lt;p&gt;Or a new aircraft would have to be designed for such a thing? I have little knowledge of aviation, so please feel free to fill me in the required bits.&lt;/p&gt;
');
INSERT INTO question (post_id, topic_id, title) VALUES (177, 3, 'Is it possible to integrate an AI CoPilot on existing planes?');
INSERT INTO activity (post_id, user_id, action) VALUES (177, 33, 'Create');
INSERT INTO questiontag (question_id, tag_id) VALUES (177, 114);
INSERT INTO tag (text) VALUES ('artificial-intelligence');
INSERT INTO questiontag (question_id, tag_id) VALUES (177, 161);

INSERT INTO post (current_state, up_score, down_score) VALUES ('Published', 0, 0);
INSERT INTO postinstance (post_id, user_id, description) VALUES (178, 35, '&lt;p&gt;If you update the register, the values will be set to the values provided.
From that moment, a timer starts running. When the timer reaches maxUpdateInterval, the register will be set to all zero. &lt;/p&gt;

&lt;p&gt;If a radar extracts the register before the maxUpdateInterval is reached, it will get the values provided at the update. If it will extract the register after maxUpdateInterval is reached, it will get all zeros in the reply. &lt;/p&gt;

&lt;p&gt;For ADS-B, transmission of the register is inhibited (IIRC) when the register is set to all zeros. &lt;/p&gt;
');
INSERT INTO answer (post_id, question_id, accepted) VALUES (178, 150, 'False');
INSERT INTO activity (post_id, user_id, action) VALUES (178, 35, 'Create');

INSERT INTO post (current_state, up_score, down_score) VALUES ('Published', 0, 0);
INSERT INTO postinstance (post_id, user_id, description) VALUES (179, 36, '&lt;p&gt;You are very close. Your explanation of static pressure is correct, but not your dynamic pressure. Ram air pressure is what the pitot tube measures, in other words the total pressure experienced. It is your airspeed gauge which measures dynamic pressure by mechanically (in the case of a traditional pitot-static system) subtracting ram air pressure from static pressure. &lt;/p&gt;

&lt;p&gt;If I was explaining this to a layman I would say that ram air pressure is equivalent to sticking your hand out the window of a moving car, while static pressure is the pressure inside the car. That&#x27;s a bit of an over-simplification as the pressure inside the car will be lower than outside due to the movement through the air, but it gets the point across. &lt;/p&gt;
');
INSERT INTO answer (post_id, question_id, accepted) VALUES (179, 151, 'False');
INSERT INTO activity (post_id, user_id, action) VALUES (179, 36, 'Create');

INSERT INTO post (current_state, up_score, down_score) VALUES ('Published', 0, 0);
INSERT INTO postinstance (post_id, user_id, description) VALUES (180, 28, '&lt;p&gt;Use an energy analogy:&lt;/p&gt;

&lt;ul&gt;
&lt;li&gt;Dynamic pressure equals kinetic energy,&lt;/li&gt;
&lt;li&gt;Static pressure equals potential energy.&lt;/li&gt;
&lt;/ul&gt;

&lt;p&gt;Total energy = total pressure.&lt;/p&gt;

&lt;p&gt;For the more math inclined: In the gravity field of earth, potential energy is mass times gravity acceleration times height: $E_{pot} = m\cdot g\cdot h$. Kinetic energy is mass times speed squared, divided by 2: $E_{kin} = m\cdot\frac{v^2}{2}$. Dynamic pressure $q$ is similarly density times speed squared, divided by 2: $q = \rho\cdot\frac{v^2}{2}$, which makes it a volume-specific kinetic energy.&lt;/p&gt;
');
INSERT INTO answer (post_id, question_id, accepted) VALUES (180, 151, 'False');
INSERT INTO activity (post_id, user_id, action) VALUES (180, 28, 'Create');

INSERT INTO post (current_state, up_score, down_score) VALUES ('Published', 2, 1);
INSERT INTO postinstance (post_id, user_id, description) VALUES (181, 47, '&lt;p&gt;The cargo hold is indeed vacuumed, using a vacuum cleaner, regularly.
It is however NOT drawn vacuum (so having all air removed).
Some cargo holds may be pressurised, some are not. Depends on the aircraft and the requirements of the cargo (life animals want a pressurised cabin of course, just to give one example).&lt;/p&gt;
');
INSERT INTO answer (post_id, question_id, accepted) VALUES (181, 153, 'False');
INSERT INTO activity (post_id, user_id, action) VALUES (181, 47, 'Create');

INSERT INTO post (current_state, up_score, down_score) VALUES ('Published', 3, 0);
INSERT INTO postinstance (post_id, user_id, description) VALUES (182, 32, '&lt;p&gt;If you were to take off from an airport at 2,000&#x27; ASL on a standard day, and climb to 7,280&#x27; ASL you would be exactly 5,280&#x27; above the ground which means exactly 1 statute mile above the ground. &lt;/p&gt;

&lt;p&gt;If you were to cut the engine, and then use the information available in the chart, you should be able to glide about 10 statute miles which yields about a 10 to 1 glide ratio.&lt;/p&gt;

&lt;p&gt;&lt;a href=&quot;https://i.stack.imgur.com/p3jt5.jpg&quot; rel=&quot;nofollow noreferrer&quot;&gt;&lt;img src=&quot;https://i.stack.imgur.com/p3jt5.jpg&quot; alt=&quot;enter image description here&quot;&gt;&lt;/a&gt;&lt;/p&gt;
');
INSERT INTO answer (post_id, question_id, accepted) VALUES (182, 154, 'True');
INSERT INTO activity (post_id, user_id, action) VALUES (182, 32, 'Create');

INSERT INTO post (current_state, up_score, down_score) VALUES ('Published', 4, 2);
INSERT INTO postinstance (post_id, user_id, description) VALUES (183, 2, '&lt;blockquote&gt;
  &lt;p&gt;Do they happen as frequent as planes?&lt;/p&gt;
&lt;/blockquote&gt;

&lt;p&gt;Here is a link to the &lt;a href=&quot;http://wildlife.faa.gov/database.aspx&quot; rel=&quot;nofollow noreferrer&quot; title=&quot;Federal Aviation Administration&amp;#39;s wildlife strike database&quot;&gt;Federal Aviation Administration&#x27;s Wildlife Strike database&lt;/a&gt;. Here you can search all the recorded wildlife strikes in the USA, and filter them by various things, including Engine Type.&lt;/p&gt;

&lt;p&gt;To get a good idea of how many helicopter bird strikes occur in comparison to other aircraft, we can compare how many bird strikes occurred in turboshaft (&lt;strong&gt;Engine Type F&lt;/strong&gt;) engine aircraft to the total number of bird strikes. &lt;/p&gt;

&lt;p&gt;From January 1, 1990 to January 1, 2017...&lt;/p&gt;

&lt;blockquote&gt;
  &lt;p&gt;&lt;em&gt;California&lt;/em&gt;
   - There have been 31 turboshaft engine wildlife strikes, accounting for &lt;em&gt;0.22%&lt;/em&gt; out of the total &lt;em&gt;13,698&lt;/em&gt;.&lt;/p&gt;
  
  &lt;p&gt;&lt;em&gt;Texas&lt;/em&gt;
   - There have been 46 turboshaft engine wildlife strikes, accounting for &lt;em&gt;0.30%&lt;/em&gt; out of the total &lt;em&gt;15,520&lt;/em&gt;.&lt;/p&gt;
  
  &lt;p&gt;&lt;em&gt;Florida&lt;/em&gt;
   - There have been 22 turboshaft engine wildlife strikes, accounting for &lt;em&gt;0.20%&lt;/em&gt; out of the total &lt;em&gt;11,119&lt;/em&gt;.&lt;/p&gt;
&lt;/blockquote&gt;

&lt;p&gt;This data would suggest that roughly 0.25% of all wildlife strikes are on helicopters.&lt;/p&gt;

&lt;p&gt;Taking another piece of data from the &lt;a href=&quot;https://www.faa.gov/air_traffic/by_the_numbers/&quot; rel=&quot;nofollow noreferrer&quot; title=&quot;FAA&quot;&gt;FAA&lt;/a&gt;, we find that the ratio of rotocraft to general aviation aircraft in 2015 is 9,766 to 199,927, meaning that helicopters account for roughly 4.66% of total aircraft. &lt;/p&gt;

&lt;hr&gt;

&lt;p&gt;Combining these two pieces of data, we can see that since 0.25% of all wildlife strikes are on helicopters, but helicopters account for 4.66% of aircraft,  &lt;strong&gt;helicopters encounter wildlife strikes at a rate of ~18.64 times less&lt;/strong&gt; than general aviation aircraft. &lt;/p&gt;

&lt;p&gt;(Disclaimer: Data used above is rounded and averaged. This is a ROUGH estimate!)&lt;/p&gt;
');
INSERT INTO answer (post_id, question_id, accepted) VALUES (183, 158, 'False');
INSERT INTO activity (post_id, user_id, action) VALUES (183, 2, 'Create');

INSERT INTO post (current_state, up_score, down_score) VALUES ('Published', 0, 0);
INSERT INTO postinstance (post_id, user_id, description) VALUES (184, 47, '&lt;p&gt;The requirement on Performance Based Navigation (PBN) equipment is that: 
(1) The Total System Error (TSE) must be equal to or less than the
   Required Navigation Performance (RNP) value for the procedure for 95%
   of the flight time; and
(2) The probability that the TSE of the aircraft exceeds the specified
   TSE limit (equal to two times the RNP value) without annunciation
   (notification of the pilot) is less than 10^(−5).&lt;/p&gt;

&lt;p&gt;My experience (doing planning work and analysis) is that the distance between two airports is calculated &#x27;along the ground&#x27; and does not account for altitude.&lt;/p&gt;

&lt;p&gt;The distance between two points (e.g., airports) computed using a great circle approximation is less that 0.5% of the distance for ellipsoidal earth (and usually less that 0.3%). Vincenty&#x27;s algorithm is one good method for calculating distance along the ellipsoid surface. Matlab implementations are available on the web. &lt;/p&gt;

&lt;p&gt;The problem with using Cartesian (ECEF) coordinates is you almost have to then calculate a straight-line distance for a path that pierces the earth, rather that a distance along the earth&#x27;s surface (which is what you want).&lt;/p&gt;
');
INSERT INTO answer (post_id, question_id, accepted) VALUES (184, 160, 'False');
INSERT INTO activity (post_id, user_id, action) VALUES (184, 47, 'Create');

INSERT INTO post (current_state, up_score, down_score) VALUES ('Published', 14, 4);
INSERT INTO postinstance (post_id, user_id, description) VALUES (185, 23, '&lt;p&gt;Highest I&#x27;ve ever heard of is 40,000 ft. &lt;/p&gt;

&lt;p&gt;On May 19, 2014 Atlas Air flight GTI8665, a 767-300 freighter, reported a bird strike at FL400 over Indiana. They were unable to tell what type of bird it was but the pilots reported that there were guts on the windshield. The windshield was broken and the aircraft was diverted.&lt;/p&gt;

&lt;p&gt;&lt;a href=&quot;https://i.stack.imgur.com/x7rVg.jpg&quot; rel=&quot;nofollow noreferrer&quot;&gt;&lt;img src=&quot;https://i.stack.imgur.com/x7rVg.jpg&quot; alt=&quot;Broken windshield of &quot;&gt;&lt;/a&gt;
~&lt;sup&gt;Screen grab from video below&lt;/sup&gt;&lt;/p&gt;

&lt;p&gt;&lt;a href=&quot;https://youtu.be/O0foHizWAmQ&quot; rel=&quot;nofollow noreferrer&quot;&gt;ATC Recording&lt;/a&gt;&lt;/p&gt;

&lt;p&gt;&lt;a href=&quot;https://i.stack.imgur.com/mcNde.jpg&quot; rel=&quot;nofollow noreferrer&quot;&gt;&lt;img src=&quot;https://i.stack.imgur.com/mcNde.jpg&quot; alt=&quot;enter image description here&quot;&gt;&lt;/a&gt;&lt;/p&gt;
');
INSERT INTO answer (post_id, question_id, accepted) VALUES (185, 161, 'False');
INSERT INTO activity (post_id, user_id, action) VALUES (185, 23, 'Create');

INSERT INTO post (current_state, up_score, down_score) VALUES ('Published', 1, 0);
INSERT INTO postinstance (post_id, user_id, description) VALUES (186, 22, '&lt;p&gt;I may have more news on that next week from Sun &#x27;n Fun 2017.  Pipistrel will be an exhibitor at the show and may have a Panthera prototype on display.&lt;/p&gt;

&lt;p&gt;Currently the Panthera is planned to be released as an experimental kit and may be type certified at some point in the future.&lt;/p&gt;

&lt;p&gt;I know the program has suffered some setbacks, including an increase of empty weight by some 200 lbs.  New aircraft development is never fast nor without complications.&lt;/p&gt;

&lt;p&gt;The Panthera does look intriguing - 200 KIAS on 10 GPH with good, stable flight characteristics and modern avionics, BRS parachute, etc.  I want to take it for a demo flight when production examples become available.&lt;/p&gt;
');
INSERT INTO answer (post_id, question_id, accepted) VALUES (186, 157, 'False');
INSERT INTO activity (post_id, user_id, action) VALUES (186, 22, 'Create');

INSERT INTO post (current_state, up_score, down_score) VALUES ('Published', 6, 4);
INSERT INTO postinstance (post_id, user_id, description) VALUES (187, 29, '&lt;p&gt;The inspiration for the Weltensegler wing were birds. The reason for their wing shape is structural, however, not aerodynamic. Your photo shows the 1922 version, called &quot;Baden-Baden Stolz&quot;, which was a follow-on to the original and more ambitious version of 1921. The 3-side-view below shows the planform (picture &lt;a href=&quot;http://www.histaviation.com/images/wwb_img2620.jpg&quot; rel=&quot;nofollow noreferrer&quot;&gt;source&lt;/a&gt;). However, this airplane never flew, which probably saved the life of its pilot. While pitch and limited roll control was possible with the elevons on the outer wings, no consideration was given to directional control.&lt;/p&gt;

&lt;p&gt;&lt;a href=&quot;https://i.stack.imgur.com/fy317.jpg&quot; rel=&quot;nofollow noreferrer&quot;&gt;&lt;img src=&quot;https://i.stack.imgur.com/fy317.jpg&quot; alt=&quot;Weltensegler 3-side view&quot;&gt;&lt;/a&gt;&lt;/p&gt;

&lt;p&gt;The 1921 version was controlled by warping of the outer wings, the washout of which was controlled with pulleys and springs. The idea was that this would help to adjust the wing shape to flight speed. The picture below shows the first and last flight, which is historically significant as the first glider flight in which a considerable gain in height was achieved. However, it ended in a spiral dive which killed its pilot (picture &lt;a href=&quot;http://histaviation.com/images/img2523.jpg&quot; rel=&quot;nofollow noreferrer&quot;&gt;source&lt;/a&gt;).&lt;/p&gt;

&lt;p&gt;&lt;a href=&quot;https://i.stack.imgur.com/WZ8J2.jpg&quot; rel=&quot;nofollow noreferrer&quot;&gt;&lt;img src=&quot;https://i.stack.imgur.com/WZ8J2.jpg&quot; alt=&quot;Weltensegler 1921 in flight&quot;&gt;&lt;/a&gt;&lt;/p&gt;

&lt;p&gt;&lt;a href=&quot;https://en.wikipedia.org/wiki/Weltensegler&quot; rel=&quot;nofollow noreferrer&quot;&gt;Weltensegler&lt;/a&gt; is actually the name of the company which was founded by Friedrich Wenk. &lt;a href=&quot;https://en.wikipedia.org/wiki/Alexander_Lippisch&quot; rel=&quot;nofollow noreferrer&quot;&gt;Alexander Lippisch&lt;/a&gt; was one of his employees.&lt;/p&gt;

&lt;p&gt;The configuration cannot be recommended for a glider. It is much better to have a straight inner wing and dihedraled outer wings, as explained in &lt;a href=&quot;http://aviation.stackexchange.com/questions/32801/what-kind-of-dihedral-would-be-most-stable/32815#32815&quot;&gt;this answer&lt;/a&gt;. The anhedral of the outer wings of the Weltensegler wings will produce a downforce on the windward wing, rolling it into the wind which is the opposite of what is needed for coordinated flight. &lt;a href=&quot;http://aviation.stackexchange.com/questions/21063/what-advantages-come-with-the-wing-on-the-boeing-bird-of-prey/21068#21068&quot;&gt;Other configurations&lt;/a&gt; using an &quot;M&quot;-shaped wing did so for different reasons and use rudders and much more anhedral on the outer wing panels.&lt;/p&gt;
');
INSERT INTO answer (post_id, question_id, accepted) VALUES (187, 162, 'False');
INSERT INTO activity (post_id, user_id, action) VALUES (187, 29, 'Create');

INSERT INTO post (current_state, up_score, down_score) VALUES ('Published', 2, 1);
INSERT INTO postinstance (post_id, user_id, description) VALUES (188, 39, '&lt;p&gt;You will have to obtain this from the Pilot&#x27;s Operating Handbook for the particular aircraft you are flying.  Piper usually has a glide performance figure in the Perfeomance section of the POH.  Trying to calculate your glide distance or glide ration by other means and you are probably entering dangerous waters.&lt;/p&gt;
');
INSERT INTO answer (post_id, question_id, accepted) VALUES (188, 154, 'False');
INSERT INTO activity (post_id, user_id, action) VALUES (188, 39, 'Create');

INSERT INTO post (current_state, up_score, down_score) VALUES ('Published', 0, 0);
INSERT INTO postinstance (post_id, user_id, description) VALUES (189, 28, '&lt;p&gt;On a crew bus the other day at American. Mgmt type said it like this. If the Cabin Alt goes above 14000, the aircraft starts a 15 sec timer. If no intervention from the crew, it initiates an Emergency descent. Power back and spoilers. Vmo/Mmo-10kts. It even changes the squawk to 7700. The aircraft will level off at 10,000 or Grid MORA whichever is higher. &lt;/p&gt;

&lt;p&gt;Was also told that it will auto respond to a TCAS RA if the autopilot is on.&lt;/p&gt;
');
INSERT INTO answer (post_id, question_id, accepted) VALUES (189, 163, 'False');
INSERT INTO activity (post_id, user_id, action) VALUES (189, 28, 'Create');

INSERT INTO post (current_state, up_score, down_score) VALUES ('Published', 1, 0);
INSERT INTO postinstance (post_id, user_id, description) VALUES (190, 29, '&lt;p&gt;The ETOPS requirement is pretty much the same for all aircraft irrespective of usage as long as its under parts 121 or 135, as noted in the FAA InFO 07004, &lt;a href=&quot;https://www.faa.gov/other_visit/aviation_industry/airline_operators/airline_safety/info/all_infos/media/2007/info07004.pdf&quot; rel=&quot;nofollow noreferrer&quot;&gt;New ETOPS Regulations&lt;/a&gt;:&lt;/p&gt;

&lt;blockquote&gt;
  &lt;p&gt;The new ETOPS rules are now applicable to: &lt;/p&gt;
  
  &lt;p&gt;Part 121 &lt;/p&gt;
  
  &lt;p&gt;• All two-engine airplanes more than 60 minutes flying time from an adequate airport (at a one-engine-inoperative cruise speed under standard conditions in still air). &lt;/p&gt;
  
  &lt;p&gt;• All passenger-carrying airplanes with more than two engines and more than 
  180 minutes flying time from an adequate airport (at a one-engine-inoperative 
  cruise speed under standard conditions in still air). &lt;/p&gt;
  
  &lt;p&gt;Part 135 &lt;/p&gt;
  
  &lt;p&gt;• All multi-engine turbine-engine powered airplanes (other than all-cargo 
  operations with airplanes having more than two engines) more than 180 
  minutes flying time (limited to 240 minutes flying time) from an airport 
  meeting the requirements of part 135, §§ 135.385 or 135.393 and 135.219 at 
  an approved one-engine-inoperative cruise speed under standard conditions in 
  still air. &lt;/p&gt;
&lt;/blockquote&gt;

&lt;p&gt;As far as differences are concerned, &lt;a href=&quot;https://www.federalregister.gov/documents/2007/01/16/07-39/extended-operations-etops-of-multi-engine-airplanes&quot; rel=&quot;nofollow noreferrer&quot;&gt;ETOPS is waived only in one case&lt;/a&gt;:&lt;/p&gt;

&lt;blockquote&gt;
  &lt;p&gt;The FAA ... however agree that for airplanes with more than two engines, passenger carrying operations may be excluded from the ETOPS maintenance program requirements and that all-cargo operations may be excluded from all ETOPS requirements. &lt;/p&gt;
&lt;/blockquote&gt;

&lt;p&gt;The definition of ETOPS in the same document covers all aircraft except four engined all-cargo aircraft:&lt;/p&gt;

&lt;blockquote&gt;
  &lt;p&gt;Extended Operations (ETOPS) means an airplane flight operation other than an all-cargo operation in an airplane with more than two engines during which a portion of the flight is conducted beyond a time threshold identified in part 121 or part 135 of this chapter that is determined using an approved one-engine-inoperative cruise speed under standard atmospheric conditions in still air.&lt;/p&gt;
&lt;/blockquote&gt;

&lt;p&gt;As far as non-revenue flights are considered, they are usually operated under Part 91, so the ETOPS rules don&#x27;t apply. However, it is better to plan an ETOPS route for safety considerations (and to keep insurers happy).&lt;/p&gt;
');
INSERT INTO answer (post_id, question_id, accepted) VALUES (190, 164, 'False');
INSERT INTO activity (post_id, user_id, action) VALUES (190, 29, 'Create');

INSERT INTO post (current_state, up_score, down_score) VALUES ('Published', 6, 2);
INSERT INTO postinstance (post_id, user_id, description) VALUES (191, 11, '&lt;p&gt;First and foremost you should read the accident report which you &lt;a href=&quot;http://www.aaiu.ie/sites/default/files/Hellenic%20Republic%20Accident%20Helios%20Airways%20B737-31S%20HCY522%20Grammatiko%20Hellas%202005-085-14.pdf&quot; rel=&quot;nofollow noreferrer&quot;&gt;can find in full here&lt;/a&gt;. I will pull some excerpts from that below. &lt;/p&gt;

&lt;blockquote&gt;
  &lt;p&gt;&lt;em&gt;Helios Flight 522 crashed when the crew unknowingly suffered hypoxia.
  Although the masks in the passenger cabin deployed, the crew were
  unaware of this and didn&#x27;t realize the extent of the problem.&lt;/em&gt;&lt;/p&gt;
&lt;/blockquote&gt;

&lt;p&gt;This is the one of the debated/interesting aspects of the accident. The crew would have been alerted by &lt;a href=&quot;http://www.b737.org.uk/pressurisation.htm#Cabin_Altitude_Warning_Horn&quot; rel=&quot;nofollow noreferrer&quot;&gt;alarms to the depressurization event&lt;/a&gt;&lt;/p&gt;

&lt;blockquote&gt;
  &lt;p&gt;...Non-identification of the warnings and the reasons for the activation
  of the warnings (&lt;strong&gt;Cabin Altitude Warning Horn&lt;/strong&gt;, Passenger Oxygen Masks
  Deployment indication, &lt;strong&gt;Master Caution&lt;/strong&gt;).&lt;/p&gt;
&lt;/blockquote&gt;

&lt;p&gt;Many might say they did in fact know there was a problem but for some unknown reason they did nothing about it. Generally speaking &quot;Don Oxygen Masks&quot; is the first item on the emergency checklist following &lt;a href=&quot;https://en.wikipedia.org/wiki/1999_South_Dakota_Learjet_crash&quot; rel=&quot;nofollow noreferrer&quot;&gt;the mishap of the South Dakota LearJet crash in 1999&lt;/a&gt;. One can conclude from the report that its possible the pilots assumed the cabin pressure system was in the proper place (auto) when in fact it was set to manual (MAN) and subsequently were confused by the alarm or thought it was faulty. &lt;/p&gt;

&lt;blockquote&gt;
  &lt;p&gt;...that the following factors could have contributed to the accident:
  omission of returning the &lt;strong&gt;cabin pressurization mode selector to the
  AUTO position after non-scheduled maintenance&lt;/strong&gt; on the aircraft;&lt;/p&gt;
&lt;/blockquote&gt;

&lt;p&gt;This is a procedural failure on the implementation end. The report would cite bad procedures for this &lt;/p&gt;

&lt;blockquote&gt;
  &lt;p&gt;...the report also identifies a number of additional safety deficiencies
  pertaining to: maintenance procedures; pilot training, normal and
  emergency procedures; organizational issues of the Operator;
  organizational issues related to safety oversight of maintenance and
  flight operations by Cyprus DCA, EASA/JAA and ICAO; issues related to
  the aircraft manufacturer’s documentation for maintenance and flight
  operations;&lt;/p&gt;
&lt;/blockquote&gt;

&lt;hr&gt;

&lt;blockquote&gt;
  &lt;p&gt;&lt;em&gt;If I was a passenger on a plane at cruise altitude and the oxygen
  masks deployed, I know that there is only about 10 minutes oxygen
  available. I would expect the plane to immediately descend to a lower
  altitude.&lt;/em&gt;&lt;/p&gt;
&lt;/blockquote&gt;

&lt;p&gt;There are some assumptions here of course first and foremost that the plane is still maneuverable. There are any number of things that could cause a depressurization and some may also cause flight control issues as we saw &lt;a href=&quot;https://en.wikipedia.org/wiki/Aloha_Airlines_Flight_243&quot; rel=&quot;nofollow noreferrer&quot;&gt;Aloha Airlines Flight 243&lt;/a&gt; a situation where the crew did not immediately know what was going on. However generally speaking, once the issue has been identified the plane &lt;em&gt;should&lt;/em&gt; start a decent if possible. &lt;/p&gt;

&lt;hr&gt;

&lt;blockquote&gt;
  &lt;p&gt;&lt;em&gt;If I don&#x27;t notice any change in attitude and there is no passenger
  announcement after a few minutes, would it help to alert a flight
  attendant to check that the pilots are aware of the issue? Or would it
  be best to assume that &#x27;they know what they are doing&#x27; and just keep
  quiet?&lt;/em&gt;&lt;/p&gt;
&lt;/blockquote&gt;

&lt;p&gt;This of course brings up another debate. In almost all cases you should alert the crew to anything you feel is strange our out of place. Of course in this instance it may be hard to move about the cabin, and potentially hard to shout or get your message to the crew. In some cases the crew may be working the issue and getting in the way of that can be problematic. Again generally alerting them is a good thing but its a situation by situation basis for sure. &lt;/p&gt;

&lt;hr&gt;

&lt;p&gt;In regards to the comments on other answers you will not die, at least one flight attendant (who was also a pilot) survived the ordeal and made his way into the cockpit as was heard on the CVR &lt;/p&gt;

&lt;blockquote&gt;
  &lt;p&gt;At 08:54:18 h, the following distress was recorded by the CVR “MAYDAY,
  MAYDAY, MAYDAY, Helios Airways Flight 522 Athens … (unintelligible
  word)”. A few seconds later, another “MAYDAY, MAYDAY” with a very weak
  voice was recorded.When the Boeing 737 was at about 7 000 ft, the
  person in the Captain’s seat for the first time appeared to
  acknowledge the presence of the F-16s and he made a hand motion.&lt;/p&gt;
&lt;/blockquote&gt;

&lt;hr&gt;

&lt;blockquote&gt;
  &lt;p&gt;Could a knowledgeable passenger have saved Helios Flight 522?&lt;/p&gt;
&lt;/blockquote&gt;

&lt;p&gt;Unlikely as these days its hard to get in the cockpit, or even get a message to the pilots. But you should, in any event at least try. This saved some lives on &lt;a href=&quot;https://en.wikipedia.org/wiki/Air_Florida_Flight_90&quot; rel=&quot;nofollow noreferrer&quot;&gt;Air Florida 90 when a passenger realized icing on the wings and assumed the crash position and informed the other around him&lt;/a&gt;.  &lt;/p&gt;
');
INSERT INTO answer (post_id, question_id, accepted) VALUES (191, 165, 'False');
INSERT INTO activity (post_id, user_id, action) VALUES (191, 11, 'Create');

INSERT INTO post (current_state, up_score, down_score) VALUES ('Published', 3, 2);
INSERT INTO postinstance (post_id, user_id, description) VALUES (192, 22, '&lt;p&gt;It seems from the Wikipedia page that there was indeed an knowledgeable passenger. Not fully qualified, but ...&lt;/p&gt;

&lt;blockquote&gt;
  &lt;p&gt;At 11:49, flight attendant Andreas Prodromou entered the cockpit and sat down in the captain&#x27;s seat, having remained conscious by using a portable oxygen supply. Prodromou held a UK Commercial Pilot License, but was not qualified to fly the Boeing 737. Crash investigators concluded that Prodromou&#x27;s experience was insufficient for him to gain control of the aircraft under the circumstances. Prodromou waved at the F16s very briefly, but almost as soon as he entered the cockpit, the left engine flamed out due to fuel exhaustion and the plane left the holding pattern and started to descend. Ten minutes after the loss of power from the left engine, the right engine also flamed out, and just before 12:04 the aircraft crashed into hills near Grammatiko.&lt;/p&gt;
&lt;/blockquote&gt;

&lt;p&gt;So depending on how knowledgeable you&#x27;re looking for, this seems pretty clear-cut.&lt;/p&gt;

&lt;p&gt;&lt;a href=&quot;https://en.wikipedia.org/wiki/Helios_Airways_Flight_522&quot; rel=&quot;nofollow noreferrer&quot;&gt;https://en.wikipedia.org/wiki/Helios_Airways_Flight_522&lt;/a&gt;&lt;/p&gt;
');
INSERT INTO answer (post_id, question_id, accepted) VALUES (192, 165, 'False');
INSERT INTO activity (post_id, user_id, action) VALUES (192, 22, 'Create');

INSERT INTO post (current_state, up_score, down_score) VALUES ('Published', 3, 2);
INSERT INTO postinstance (post_id, user_id, description) VALUES (193, 30, '&lt;p&gt;The aviation industry is in the process of moving to Performance Based Navigation (PBN) within Required Navigation Performance (RNP) airspace.  Using this structure the primary performance is measured by the Total System Error (TSE) which must be less than 2 times the RNP value 95% of the time. Example: In RNP 1 airspace the aircraft must maintain positional accuracy within 2.0 NM of its desired path 95% of the time. The standard for navigational equipment (FMS) is defined in RTCA document &lt;a href=&quot;http://www.rtca.org/store_product.asp?prodid=1229&quot; rel=&quot;nofollow noreferrer&quot;&gt;DO-283B&lt;/a&gt;, Minimum Operational Performance Standards for Required Navigation Performance for Area Navigation.  &lt;/p&gt;

&lt;p&gt;The TSE for an aircraft is broken down into three components; path definition error (PDE), position estimation error (PEE), and path steering error (PSE).  Your question directly relates to PDE.  The accuracy of PDE depends on several components, the primary one being the accuracy of the positional (fix) information published by the regulatory agency (FAA in the US) contained within the navigational database. For enroute and terminal airspace, the accuracy of fix information is less than 0.01 minutes of latitude and longitude or about 17 meters.  &lt;/p&gt;

&lt;p&gt;Using the data from the database and the WGS84 earth model, the FMS will compute lateral path data.  Lateral paths are computed as a geodesic on the surface of the WGS84 ellipsoid.&lt;/p&gt;

&lt;p&gt;DO-283 specifies the following data (among other) resolutions for display and entry: &lt;/p&gt;

&lt;p&gt;Distance:  0.1 NM for values &amp;lt;10 NM, 1 NM for values &gt;=10 NM&lt;br&gt;
Fix latitude/longitude: 0.01 min&lt;br&gt;
RNP:  0.01 NM for values &amp;lt;1.0 NM, 0.1 NM for values &gt;=1.0, and &amp;lt;10 NM, 1 NM  for values &gt;=10 NM&lt;br&gt;
EPU: 0.01 NM for values &amp;lt;1.0 NM, 0.1 NM for values &gt;=1.0, and &amp;lt;10 NM, 1 NM for values &gt;=10 NM&lt;br&gt;
Present Position latitude/longitude: 0.1 min&lt;/p&gt;

&lt;p&gt;DO-283 also states rounding of displayed data is desired.  For that reason internal FMS computations normally are performed to 1 decimal place more than the displayed resolution and then rounded.  &lt;/p&gt;

&lt;p&gt;From the above you can see that the displayed distance of a leg should be within 0.1 NM for distances less than 10 NM and 1 NM for longer distances.  &lt;/p&gt;

&lt;p&gt;As for your 3-D question, lateral (LNAV) and vertical (VNAV) navigation are computed separately.  VNAV is still predominately barometric based except for precision (GBAS) and near precision (SBAS) approaches which use WGS84 geometric height.  &lt;/p&gt;

&lt;p&gt;For positional data, along with the present position, the system must calculate an estimated positional uncertainty (EPU) as shown in the table.  The EPU calculation is quite complex and varies based on the source of the positional data (GPS, IRS, etc.)  This value when added to the PSE (cross-track deviation + errors) should be held within the RNP value.  As you can see form the structure of the EPU requirement, it is the most significant component of the system error.&lt;/p&gt;

&lt;p&gt;Summary:  &lt;/p&gt;

&lt;p&gt;Calculating a geodesic path is required by the MOPS. Great circle is not acceptable.  &lt;/p&gt;

&lt;p&gt;Paths are calculated using lat/lon and baro altitude coordinates.  Distances are output in nautical miles; not feet, meters, or km.  Internally, the systems can use what ever they want.  Altitude is in feet or meters, depending on airspace rules.  The 3-D path is used to predict time of arrival at each fix along the route.&lt;/p&gt;

&lt;p&gt;Positional accuracy (EPU) is calculated based on the selected nav sensor(s) using a number of statistical methods including Kalmann filters.&lt;/p&gt;
');
INSERT INTO answer (post_id, question_id, accepted) VALUES (193, 160, 'False');
INSERT INTO activity (post_id, user_id, action) VALUES (193, 30, 'Create');

INSERT INTO post (current_state, up_score, down_score) VALUES ('Published', 2, 0);
INSERT INTO postinstance (post_id, user_id, description) VALUES (194, 14, '&lt;p&gt;SOCAL will do this pretty routinely sequencing arrivals into LAX.  The most common practice is to assign 250 knots at some point, then slow you to 210, then assign 170 or 180 &quot;to the marker&quot; (about 5-6 mile final), at which point you&#x27;ll be slowing to your target approach speed.  So mostly commonly, they are only assigning speed reductions.  However, there are times when they want you to close up space on the aircraft ahead, so they might speed you back up again until the extra distance is closed up -- at which point they slow you back again.&lt;/p&gt;

&lt;p&gt;These instructions are &lt;em&gt;always&lt;/em&gt; given with the implicit understanding that, if you can&#x27;t do it, you&#x27;ll say so... &quot;XYZ123 is unable 250, I can give you 225&quot; or something similar.  If you&#x27;ve already extended flaps so that the higher speed would be near or over an aircraft limitation, that could be a reasonable reply.  (Of course, if you extended flaps 20 miles out from the runway, maybe retracting them again &amp;amp; not annoying SOCAL might be a wiser course of action.)&lt;/p&gt;

&lt;p&gt;Depending on the aircraft type (how fast you can fly clean, and how quickly you can slow to your approach speed so that you are stable for the approach at 1000&#x27; - or whatever your OpSpecs/SOP&#x27;s require), you might be given something else.  Light aircraft are often told to keep a fairly high speed (for them) to the marker, since otherwise they&#x27;re like bicycles on the freeway &amp;amp; slowing down everybody behind them.  On the other hand, they can often decelerate more rapidly than some jets, so staying fast until close in may work out just fine.  Again, if the controller is assigning a speed that&#x27;s too fast until too close, it&#x27;s the pilot&#x27;s job to say, &quot;unable.&quot;&lt;/p&gt;

&lt;p&gt;The controllers at SOCAL are excellent at knowing what the aircraft they&#x27;re working with are capable of, and they are very good at timing the speed reductions so that you end up with about 3 miles separation on short final, so that the runway usage is kept high... as one aircraft is turning off the runway, the next jet is a mile or so out.  Much closer than that &amp;amp; you risk go-arounds if somebody gets nervous or the turning-off aircraft isn&#x27;t expeditious; much farther than that &amp;amp; you aren&#x27;t landing planes as quickly as what you could be.&lt;/p&gt;

&lt;p&gt;Some controllers match the proficiency of the ones at SOCAL; others don&#x27;t compare.  Of course, you don&#x27;t really expect the controller at Podunk to have the same practice in setting up a string of aircraft coming in one after another as those in SOCAL, NORCAL, ATL, ORD, and so forth.  The good ones will use all the tools at their disposal, and sometimes this will include having one aircraft increase their speed for a while.&lt;/p&gt;
');
INSERT INTO answer (post_id, question_id, accepted) VALUES (194, 170, 'False');
INSERT INTO activity (post_id, user_id, action) VALUES (194, 14, 'Create');

INSERT INTO post (current_state, up_score, down_score) VALUES ('Published', 0, 0);
INSERT INTO postinstance (post_id, user_id, description) VALUES (195, 31, '&lt;p&gt;You did say you need up to date data so wikipedia may don&#x27;t be the best idea but I think it&#x27;s at least worth a try. Much wikipedia articles of airports contain information about runways and approaches.&lt;/p&gt;
');
INSERT INTO answer (post_id, question_id, accepted) VALUES (195, 171, 'False');
INSERT INTO activity (post_id, user_id, action) VALUES (195, 31, 'Create');

INSERT INTO post (current_state, up_score, down_score) VALUES ('Published', 19, 11);
INSERT INTO postinstance (post_id, user_id, description) VALUES (196, 23, '&lt;p&gt;It&#x27;s never bad to inform a crew member about anything you think may be abnormal.&lt;/p&gt;

&lt;p&gt;In this special situation, as you know that the oxygen masks deploy automatically if the cabin altitude raises to high, you expect the aircraft to descend in order to allow the pax to breathe normally again. If this doesn&#x27;t happen it would be possible that the crew deployed the masks manually for no reason or the automatism faulty detected a low cabin pressure. In both cases I would expect an announcement that the oxygen masks are not needed and can be put down safely.&lt;/p&gt;

&lt;p&gt;If neither of those options happens something is definitely wrong. Either the pilots already suffered hypoxia or they didn&#x27;t notice the passenger masks drop at all.
In my opinion the cabin crew should be trained to know what&#x27;s normal procedure if masks drop, but I would definitely tell a flight attendant about my concerns if nothing happens after two minutes or so.&lt;/p&gt;

&lt;p&gt;You always have to remember: In high altitudes you become unconscious after less than 30 secs without the mask, and as the masks can only produce a limited amount of oxygen it&#x27;s a &lt;strong&gt;really&lt;/strong&gt; time critical issue to reach the flight-deck and initiate a descend if the pilots are already out of service!&lt;/p&gt;
');
INSERT INTO answer (post_id, question_id, accepted) VALUES (196, 165, 'False');
INSERT INTO activity (post_id, user_id, action) VALUES (196, 23, 'Create');

INSERT INTO post (current_state, up_score, down_score) VALUES ('Published', 2, 0);
INSERT INTO postinstance (post_id, user_id, description) VALUES (197, 43, '&lt;p&gt;The information you are after is, unfortunately, rather distributed.&lt;/p&gt;

&lt;p&gt;Eurocontrol maintains a useful list of websites ordered by state, found here:&lt;/p&gt;

&lt;p&gt;&lt;a href=&quot;http://www.eurocontrol.int/articles/ais-online&quot; rel=&quot;nofollow noreferrer&quot;&gt;European AIS&lt;/a&gt;&lt;/p&gt;

&lt;p&gt;Or by registering for an &lt;strong&gt;EAD Basic&lt;/strong&gt; account you can access the European AIS Database in a more centralised and user friendly way, found here:&lt;/p&gt;

&lt;p&gt;&lt;a href=&quot;https://www.ead.eurocontrol.int/eadcms/eadsite/index.php.html&quot; rel=&quot;nofollow noreferrer&quot;&gt;European AIS Database&lt;/a&gt;&lt;/p&gt;
');
INSERT INTO answer (post_id, question_id, accepted) VALUES (197, 171, 'False');
INSERT INTO activity (post_id, user_id, action) VALUES (197, 43, 'Create');

INSERT INTO post (current_state, up_score, down_score) VALUES ('Published', 1, 0);
INSERT INTO postinstance (post_id, user_id, description) VALUES (198, 16, '&lt;p&gt;Regardless of who is Pilot Flying, the commander will take control of the thrust levers once the thrust is set. A First Officer acting as Pilot Flying will resume control of the thrust once the commander has removed their hand from the thrust levers at V1 AND the aircraft is airborne.&lt;/p&gt;

&lt;p&gt;The decision to reject lies solely with the commander. As such, once the thrust is set, the First Officer as PF will have no further need to touch the thrust levers until the thrust reduction altitude. Hence the commander will cover the thrust levers in anticipation of rejecting the takeoff.&lt;/p&gt;
');
INSERT INTO answer (post_id, question_id, accepted) VALUES (198, 172, 'False');
INSERT INTO activity (post_id, user_id, action) VALUES (198, 16, 'Create');

INSERT INTO post (current_state, up_score, down_score) VALUES ('Published', 2, 1);
INSERT INTO postinstance (post_id, user_id, description) VALUES (199, 21, '&lt;p&gt;I would turn it the other way around. Assuming the Dynon EFIS is your main flight instrument I would dial in QNH or QNE (depending on your altitude). Common practise is to always have the second altimeter set to QNE (1013.25hPa; 29.92inHg) but if you do not need an altitude reading in Flight Levels it&#x27;s fine if you set up one altimeter to QFE.&lt;/p&gt;

&lt;p&gt;But remember: Even using this practise you HAVE to change the settings. QFE and QNH are both depending on the local pressure and therefore change pretty often. If you are on a cross country flight you then have to change both altimeters to different settings in order to have a correct altitude and a correct height readout.&lt;/p&gt;

&lt;p&gt;Also make sure that you always use the same altimeter for altitude and the other one for height so you won&#x27;t use faulty values from the wrong altimeter!&lt;/p&gt;
');
INSERT INTO answer (post_id, question_id, accepted) VALUES (199, 173, 'False');
INSERT INTO activity (post_id, user_id, action) VALUES (199, 21, 'Create');

INSERT INTO post (current_state, up_score, down_score) VALUES ('Published', 0, 0);
INSERT INTO postinstance (post_id, user_id, description) VALUES (200, 13, '&lt;p&gt;The WGS84 standard defines the Earth as an ellipsoid with a semi-axis a = 6378137 m at the equator and a semi-axis b =  6356752.3 m at the pole.&lt;/p&gt;

&lt;p&gt;The circumference of that ellipse can be approximated by:&lt;/p&gt;

&lt;p&gt;C(app)= π (3(a + b) – ((3a+b)(a+3b))^0,5)&lt;/p&gt;

&lt;p&gt;C(app) = 40007862.2 m&lt;/p&gt;

&lt;p&gt;Now, if we take an sphere with r = (a+b)/2 = 6367444.65&lt;/p&gt;

&lt;p&gt;C = 2πr = 40007834 m&lt;/p&gt;

&lt;p&gt;The difference is 28.21 meters for the full circumference. Hence, for the usual distances in aviation, the difference will be of the order of a few meters, and that in the worst case…&lt;/p&gt;
');
INSERT INTO answer (post_id, question_id, accepted) VALUES (200, 160, 'False');
INSERT INTO activity (post_id, user_id, action) VALUES (200, 13, 'Create');

INSERT INTO post (current_state, up_score, down_score) VALUES ('Published', 13, 0);
INSERT INTO postinstance (post_id, user_id, description) VALUES (201, 23, '&lt;p&gt;Yes, we can ask pilots to speed up on approach, but it is discouraged and not commonly done. This is because, as an aircraft approaches an airport, the crew will configure it for landing. This includes lowering the flaps, which lowers a number of reference speeds - essentially, making them unable to fly very fast. In order to speed up, they would have to raise the flaps again, which would result in extra workload and bad fuel economy.&lt;/p&gt;

&lt;p&gt;The controller you heard knows this. They used the phrase &quot;if able&quot; to emphasize to the pilots, that they only had to comply if it was convenient for them.&lt;/p&gt;

&lt;p&gt;ICAO provides the following guidance (form Doc 4444):&lt;/p&gt;

&lt;blockquote&gt;
  &lt;p&gt;4.6.1.3    Speed adjustments should be limited to those necessary to establish and/or maintain a desired separation minimum or spacing. Instructions involving frequent changes of speed, including alternate speed increases and decreases, should be avoided.&lt;/p&gt;
  
  &lt;p&gt;...&lt;/p&gt;
  
  &lt;p&gt;4.6.3.5    Arriving aircraft should be permitted to operate in a clean configuration for as long as possible. Below 4 550 m (FL 150), speed reductions for turbojet aircraft to not less than 410 km/h (220 kt) IAS, which will normally be very close to the minimum speed of turbojet aircraft in a clean configuration, may be used. &lt;/p&gt;
  
  &lt;p&gt;4.6.3.6    Only minor speed adjustments not exceeding plus/minus 40 km/h (20 kt) IAS should be used for aircraft on intermediate and final approach. &lt;/p&gt;
  
  &lt;p&gt;4.6.3.7    Speed control should not be applied to aircraft after passing a point 7 km (4 NM) from the threshold on final approach.&lt;/p&gt;
&lt;/blockquote&gt;
');
INSERT INTO answer (post_id, question_id, accepted) VALUES (201, 170, 'True');
INSERT INTO activity (post_id, user_id, action) VALUES (201, 23, 'Create');

INSERT INTO post (current_state, up_score, down_score) VALUES ('Published', 4, 0);
INSERT INTO postinstance (post_id, user_id, description) VALUES (202, 25, '&lt;p&gt;There is a YouTube video showing the method for creating the structure:&lt;/p&gt;

&lt;p&gt;&lt;a href=&quot;https://www.youtube.com/watch?v=_GDqxnahwbk&quot; rel=&quot;nofollow noreferrer&quot;&gt;YouTube: 787 Composite Construction&lt;/a&gt;&lt;/p&gt;

&lt;p&gt;This video from British Airways shows the joining process:&lt;/p&gt;

&lt;p&gt;&lt;a href=&quot;https://youtu.be/SJZk9vNS8NE?t=87&quot; rel=&quot;nofollow noreferrer&quot;&gt;Fuselage Section Joining Process&lt;/a&gt; which you can see is not welded, but riveted together. The sections are lined up and riveted together using joining plates. &lt;/p&gt;

&lt;blockquote&gt;
  &lt;p&gt;Since it is not fabricated as a single piece there are bound to be stresses on the joints. Will it effect/endanger the passengers?&lt;/p&gt;
&lt;/blockquote&gt;

&lt;p&gt;No, not more than any other conventionally constructed fuselage. The joining plates are metal and the structure around them is a metal bulkhead. The 787 fuselage is not a 100% composite construction. &lt;/p&gt;

&lt;blockquote&gt;
  &lt;p&gt;Are the same methods used to join the wings?&lt;/p&gt;
&lt;/blockquote&gt;

&lt;p&gt;Yes, if you watch the second linked video in full, you can see the composite wings being bolted to the fuselage structure. The entire wing support structure looks to be a conventional metal structure.&lt;/p&gt;

&lt;blockquote&gt;
  &lt;p&gt;Last but not least, are there problems due to the joints before and if so, what has been done to rectify these problems?&lt;/p&gt;
&lt;/blockquote&gt;

&lt;p&gt;There are new challenges with any type of new construction technique, here are a few articles that outline the challenges:&lt;/p&gt;

&lt;p&gt;&lt;a href=&quot;http://www.nytimes.com/2013/07/30/business/boeings-787-poses-new-challenges-for-repair-teams.html&quot; rel=&quot;nofollow noreferrer&quot;&gt;NY Times: New Challenges for the Fixers of Boeing’s 787&lt;/a&gt;&lt;br/&gt;
&lt;a href=&quot;https://www.technologyreview.com/s/409929/boeings-composite-problem/&quot; rel=&quot;nofollow noreferrer&quot;&gt;MIT Technology Review: Boeing&#x27;s Composite Problem&lt;/a&gt;&lt;/p&gt;

&lt;p&gt;Boeing has said that the 787 is as easy to repair as traditional aluminum skin aircraft. One case in point is the &lt;a href=&quot;http://www.compositesworld.com/blog/post/following-latest-787-fire-time-to-repair-carbon-fiber-fuselage&quot; rel=&quot;nofollow noreferrer&quot;&gt;Ethiopian Airlines aircraft ET-AOP damaged by fire&lt;/a&gt;. The procedure to fix it is to cut out the carbon fiber material and put a &quot;cure in place&quot; patch over the hole. In this case other structure had to be replaced or repaired like stringers and bulkheads. This was the first major airframe repair that Boeing had to undertake. &lt;a href=&quot;http://old.seattletimes.com/html/businesstechnology/2022097759_787repairxml.html&quot; rel=&quot;nofollow noreferrer&quot;&gt;ET-AOP took 18 months to repair&lt;/a&gt; before being returned to service.&lt;/p&gt;
');
INSERT INTO answer (post_id, question_id, accepted) VALUES (202, 175, 'False');
INSERT INTO activity (post_id, user_id, action) VALUES (202, 25, 'Create');

INSERT INTO post (current_state, up_score, down_score) VALUES ('Published', 7, 5);
INSERT INTO postinstance (post_id, user_id, description) VALUES (203, 18, '&lt;p&gt;It appears as though the locking handle for the door has some sort of switch in it to allow for full extension of the door only if the locking handle is pulled full forward and, for whatever reason, the door handle won&#x27;t move into this fully extended detent on its own.  While the workaround is jury rigged at best, it doesn&#x27;t seem to pose a flight safety issue unless the door can&#x27;t be locked when fully closed.  It&#x27;s just another video from an ignoramus in the terminal with a cellphone camera.&lt;/p&gt;
');
INSERT INTO answer (post_id, question_id, accepted) VALUES (203, 176, 'True');
INSERT INTO activity (post_id, user_id, action) VALUES (203, 18, 'Create');

INSERT INTO post (current_state, up_score, down_score) VALUES ('Published', 11, 9);
INSERT INTO postinstance (post_id, user_id, description) VALUES (204, 22, '&lt;p&gt;&lt;em&gt;If&lt;/em&gt; an &quot;AI Co-pilot&quot; existed, it could likely be integrated on existing airplanes with an auto-pilot system.&lt;/p&gt;

&lt;p&gt;Since your question is a little vague, I&#x27;m going to take a stab at some your hidden assumptions and go from there. I&#x27;m also making the assumption that you&#x27;re talking about the &lt;em&gt;enroute&lt;/em&gt; phase of flight, and leaving the taxiing, take-off and landing in the hands of the human pilot.&lt;/p&gt;

&lt;p&gt;At the risk of (extreme) oversimplifying, an AI system is essentially something that takes in a lot of data, analyzes it (through different algorithms) and outputs data that can then be used to do &lt;em&gt;something.&lt;/em&gt; &lt;/p&gt;

&lt;p&gt;I&#x27;m going to assume that the AI algorithm is supervised and has been trained on a bunch of existing data, and it has been figured out what data is important to make high-probability inferences.&lt;/p&gt;

&lt;p&gt;In-flight, there are multiple sources of data that could be fed to the AI algorithm for it to make probabilistic inferences on what it should do.  These data sources are things like:&lt;/p&gt;

&lt;ul&gt;
&lt;li&gt;Engine monitors (my EDM 700 I think logs 60 data points/second on things such as cylinder head temperature, exhaust gas temperature, RPM, location, power setting, etc.)&lt;/li&gt;
&lt;li&gt;GPS Receivers (3D position)&lt;/li&gt;
&lt;li&gt;AHRS (attitude information)&lt;/li&gt;
&lt;li&gt;ADS-B (Traffic and Weather)&lt;/li&gt;
&lt;li&gt;On-board Weather Radar&lt;/li&gt;
&lt;li&gt;XM Satellite Weather&lt;/li&gt;
&lt;/ul&gt;

&lt;p&gt;(As an aside, &lt;a href=&quot;https://www.savvyanalysis.com/home&quot; rel=&quot;nofollow noreferrer&quot;&gt;SavvyAnalysis&lt;/a&gt; already does a bit of this type of analysis using the data from your engine monitor).&lt;/p&gt;

&lt;p&gt;So, provided that your &quot;AI Co-pilot&quot; has been properly trained in advance on the same type of data that you are able get from your airplane while in-flight, your AI Co-pilot could ingest the data, and output signals to the auto-pilot which would then fly the airplane. The autopilot controller is simply sending information to a particular servo for a particular control surface (aileron, elevator, etc.) and if your AI Co-pilot can output the same signal, then it could control the servos the same as the autopilot.&lt;/p&gt;

&lt;p&gt;One of the (many) difficulties lies in designing the system to safely handle things that it hasn&#x27;t seen in the training data.&lt;/p&gt;

&lt;p&gt;But to answer your question, it wouldn&#x27;t require the design of a new &lt;em&gt;aircraft&lt;/em&gt;, but rather a new &lt;em&gt;autopilot control system.&lt;/em&gt;&lt;/p&gt;

&lt;p&gt;&lt;strong&gt;EDIT: Extra thoughts&lt;/strong&gt;&lt;/p&gt;

&lt;p&gt;After thinking about your question some more, I was thinking why you might want an AI Co-pilot? I&#x27;m thinking the answer to that might would be for it to either make decisions for you that you are unaware you should be making or to help you make better decisions.  There is existing software that does something like this, called &lt;a href=&quot;http://xavion.com/app/full-description/&quot; rel=&quot;nofollow noreferrer&quot;&gt;Xavion&lt;/a&gt;, which continually figures out where you should land if your engine quits based on the current location and performance of your airplane. It&#x27;s not hooked up to an autopilot, but it wouldn&#x27;t be too far of a stretch to think that sometime in the future, something like this could be a part of the autopilot controller.&lt;/p&gt;

&lt;blockquote&gt;
  &lt;p&gt;Furthermore, Xavion is constantly running engine-out flight
  simulations behind-the-scenes as you fly. The app imagines an engine
  failure every single second, and it checks how your plane would do in
  a power-off glides to every runway at every airport in gliding range.&lt;/p&gt;
  
  &lt;p&gt;For each of these simulated engine failures, Xavion estimates the
  likelihood of a successful landing based on the runway’s length,
  width, proximity to the aircraft, and glide path from your current
  location down to the threshold of that runway. When Xavion has found
  the runway that it believes is most likely to result in a safe
  engine-out landing, it builds a series of hoops from your current
  location to that runway—spiraling, circling, or extending as needed in
  order for the hoops to follow a constant descent angle that your
  airplane should be able to sustain without power.&lt;/p&gt;
&lt;/blockquote&gt;

&lt;p&gt;When you start to think of something like this, you can start to imagine analyzing real-time weather data and having the system make (or help make) a decision to divert or land based on your performance and experience. However, this is all something that would happen in the auto-pilot controller, so retrofitting it to an airplane with an existing autopilot would be more of a software upgrade than a hardware redesign.&lt;/p&gt;
');
INSERT INTO answer (post_id, question_id, accepted) VALUES (204, 177, 'False');
INSERT INTO activity (post_id, user_id, action) VALUES (204, 22, 'Create');

INSERT INTO post (current_state, up_score, down_score) VALUES ('Published', 0, 0);
INSERT INTO postinstance (post_id, user_id, description) VALUES (205, 2, '&lt;p&gt;While it is unusual to fly the big passenger jet as a drone, this has been done few times in the past. Hence should not be a problem to pass the controls to &lt;a href=&quot;https://en.wikipedia.org/wiki/Titan_(supercomputer)&quot; rel=&quot;nofollow noreferrer&quot;&gt;Titan&lt;/a&gt; if this is the idea. Seems that there was no problem to raise and lower gear remotely.&lt;/p&gt;
');
INSERT INTO answer (post_id, question_id, accepted) VALUES (205, 177, 'False');
INSERT INTO activity (post_id, user_id, action) VALUES (205, 2, 'Create');

INSERT INTO post (current_state, up_score, down_score) VALUES ('Published', 11, 4);
INSERT INTO postinstance (post_id, user_id, description) VALUES (206, 14, '&lt;p&gt;As an addition to Ron&#x27;s otherwise good answer, since I feel one aspect was left out.  &lt;/p&gt;

&lt;p&gt;Some airlines (ie. the one I work for) require the commander be in control of the thrust levers until V1 (take-off decision speed). That is because the decision to stop the take-off roll is not a light one, and the captain is the one to make the decision. And as Ron pointed out, there is no time to move hands when needed.  &lt;/p&gt;

&lt;p&gt;The control flow goes as follows (consider F/O as PF)&lt;/p&gt;

&lt;ul&gt;
&lt;li&gt;&lt;p&gt;F/O has control of aircraft, announces &quot;take-off&quot;&lt;/p&gt;&lt;/li&gt;
&lt;li&gt;&lt;p&gt;F/O advances the levers to T/O thrust, then lets go of the thrust levers&lt;/p&gt;&lt;/li&gt;
&lt;li&gt;&lt;p&gt;CDR places his hand on the thrust levers&lt;/p&gt;&lt;/li&gt;
&lt;li&gt;&lt;p&gt;Airplane accelerates and passes V1, the CDR lets go of the thrust levers&lt;/p&gt;&lt;/li&gt;
&lt;li&gt;&lt;p&gt;Once airborne, the F/O takes control of the thrust levers again&lt;/p&gt;&lt;/li&gt;
&lt;li&gt;&lt;p&gt;If the take-off needs to be rejected, the CDR takes control of the aircraft and brings it to a stop using (auto)brakes and reverse thrust while maintaining the aircraft on runway centerline. F/O monitors and informs ATC&lt;/p&gt;&lt;/li&gt;
&lt;/ul&gt;
');
INSERT INTO answer (post_id, question_id, accepted) VALUES (206, 172, 'False');
INSERT INTO activity (post_id, user_id, action) VALUES (206, 14, 'Create');

INSERT INTO post (current_state, up_score, down_score) VALUES ('Published', 19, 6);
INSERT INTO postinstance (post_id, user_id, description) VALUES (207, 46, '&lt;p&gt;I believe your referenced material is mixing up &quot;Captain&quot; with &quot;Pilot Flying&quot;. The person in control of the aircraft should have their hands on the throttle, Captain or not.&lt;/p&gt;

&lt;blockquote&gt;
  &lt;p&gt;If the take-off needs to be aborted, can&#x27;t the captain just command the FO to &quot;abort&quot; or take control by saying &quot;I have control&quot; or similar?&lt;/p&gt;
&lt;/blockquote&gt;

&lt;p&gt;Having your hands on the throttles has a number of advantages:&lt;/p&gt;

&lt;ul&gt;
&lt;li&gt;You don&#x27;t have to waste seconds (which at 200mph means about 300 feet per second)&lt;/li&gt;
&lt;li&gt;You don&#x27;t have any confusion (i.e. &quot;What did you say?&quot;)&lt;/li&gt;
&lt;li&gt;You don&#x27;t need to discuss it with the other person (you say abort, FO says OK)&lt;/li&gt;
&lt;/ul&gt;

&lt;p&gt;A lot of companies require &lt;strong&gt;both&lt;/strong&gt; the PF and PNF&#x27;s hands to be on the throttle at the same time, which has the advantages of 1) assuring that the throttle is set to its maximum power, and 2) either one can abort without having to command the other to do it. Either pilot (or the FE if they exist) have the ability to call an abort before V&lt;sub&gt;1&lt;/sub&gt;, and the entire cockpit crew should follow that course without discussion until clear.&lt;/p&gt;

&lt;blockquote&gt;
  &lt;p&gt;I also recall seeing videos of the flight engineer pushing the throttles.&lt;/p&gt;
&lt;/blockquote&gt;

&lt;p&gt;There are also cases where if a FE is required (which usually is not the case anymore), that the FE also has their hands on the throttles along with the pilot/copilot. &lt;/p&gt;

&lt;blockquote&gt;
  &lt;p&gt;Finally, will pulling back the throttles be enough to abort takeoff safely without braking? Surely it would just cause more problems?&lt;/p&gt;
&lt;/blockquote&gt;

&lt;p&gt;Depending on how fast you are going, it is almost always the case that you will have to brake as well. Airplanes are pretty slick at rolling down the runway and relying on drag alone to stop you will probably result in an overrun. Usually the PF will be the one on the brakes, but the PNF may also be applying pressure just in case.&lt;/p&gt;
');
INSERT INTO answer (post_id, question_id, accepted) VALUES (207, 172, 'False');
INSERT INTO activity (post_id, user_id, action) VALUES (207, 46, 'Create');

INSERT INTO post (current_state, up_score, down_score) VALUES ('Published', 0, 0);
INSERT INTO postinstance (post_id, user_id, description) VALUES (208, 14, 'Would you know where to look to find out if any of these strikes ended in a catastrophic failure of the aircraft?');
INSERT INTO answercomment (post_id, answer_id) VALUES (208, 183);
INSERT INTO activity (post_id, user_id, action) VALUES (208, 14, 'Create');

INSERT INTO post (current_state, up_score, down_score) VALUES ('Published', 0, 0);
INSERT INTO postinstance (post_id, user_id, description) VALUES (209, 47, '&amp;quot;&lt;i&gt;The cargo hold is indeed vacuumed, using a vacuum cleaner&lt;/i&gt;&amp;quot;. That&amp;#39;s right, when this is done in flight, the technicians and the vacuum cleaner enter the hold in a &lt;a href=&quot;https://i.stack.imgur.com/QNFnH.jpg&quot; rel=&quot;nofollow noreferrer&quot;&gt;special pressurized container which opens only in cruise phase&lt;/a&gt;.');
INSERT INTO answercomment (post_id, answer_id) VALUES (209, 181);
INSERT INTO activity (post_id, user_id, action) VALUES (209, 47, 'Create');

INSERT INTO post (current_state, up_score, down_score) VALUES ('Published', 0, 0);
INSERT INTO postinstance (post_id, user_id, description) VALUES (210, 15, '@Chris Stratton The CO2 would not increase. That&amp;#39;s what makes hypoxia so insidious. Your brain does not register a lack of oxygen in the blood, rather it registers an excess of CO2. That&amp;#39;s what gives you the uncomfortable suffocating/drowning feeling when you can&amp;#39;t breathe. But if you can still eliminate CO2 you won&amp;#39;t know anything is wrong until you start getting confused, etc. I&amp;#39;ve read that sometimes people find it pleasurable, like being drunk or high.');
INSERT INTO answercomment (post_id, answer_id) VALUES (210, 196);
INSERT INTO activity (post_id, user_id, action) VALUES (210, 15, 'Create');

INSERT INTO post (current_state, up_score, down_score) VALUES ('Published', 1, 0);
INSERT INTO postinstance (post_id, user_id, description) VALUES (211, 8, '@David Glickman The CVR only recorded the last 30 min of the flight and the F16 intercept did not arrive until 2 hours after the last contact with the pilots. So we don&amp;#39;t know what the cabin crew may have done during that period of time. The FDR does not register the operation of the intercom or the cockpit door. It&amp;#39;s quite possible the FA&amp;#39;s may have tried to call the pilots or entered the cockpit earlier. They may have tried calling ATC for help. The report says that when the FA tried to call mayday it did not go out over VHF, so he was probably not familiar with how to operate the radio.');
INSERT INTO answercomment (post_id, answer_id) VALUES (211, 192);
INSERT INTO activity (post_id, user_id, action) VALUES (211, 8, 'Create');

INSERT INTO post (current_state, up_score, down_score) VALUES ('Published', 0, 0);
INSERT INTO postinstance (post_id, user_id, description) VALUES (212, 44, 'Totally agree. I just put in a 7:1 glide ratio, and will use the feature as one more tool in the event of an emergency.');
INSERT INTO answercomment (post_id, answer_id) VALUES (212, 188);
INSERT INTO activity (post_id, user_id, action) VALUES (212, 44, 'Create');

INSERT INTO post (current_state, up_score, down_score) VALUES ('Published', 0, 0);
INSERT INTO postinstance (post_id, user_id, description) VALUES (213, 21, 'If I&amp;#39;m reading the chart correctly, the glide ratio varies with the ambient air temperature.  Therefore a standard glide ratio is not going to apply here.  I would be hesitant to trust your life to this ForeFlight feature and instead rely on a thorough examination and learn the the numbers from this chart instead of trying to create a uniform glide ratio for the airplane.');
INSERT INTO answercomment (post_id, answer_id) VALUES (213, 188);
INSERT INTO activity (post_id, user_id, action) VALUES (213, 21, 'Create');

INSERT INTO post (current_state, up_score, down_score) VALUES ('Published', 0, 0);
INSERT INTO postinstance (post_id, user_id, description) VALUES (214, 46, 'Really thank you for the detailed information. Could you please explain the distance precision for whole path? e.g. aaaa nm or aaaa.aa nm?');
INSERT INTO answercomment (post_id, answer_id) VALUES (214, 193);
INSERT INTO activity (post_id, user_id, action) VALUES (214, 46, 'Create');

INSERT INTO post (current_state, up_score, down_score) VALUES ('Published', 0, 0);
INSERT INTO postinstance (post_id, user_id, description) VALUES (215, 23, 'Fantastic answer. Thanks.');
INSERT INTO answercomment (post_id, answer_id) VALUES (215, 182);
INSERT INTO activity (post_id, user_id, action) VALUES (215, 23, 'Create');

INSERT INTO post (current_state, up_score, down_score) VALUES ('Published', 0, 0);
INSERT INTO postinstance (post_id, user_id, description) VALUES (216, 25, 'Thanks all, especially for the ICAO reference!');
INSERT INTO answercomment (post_id, answer_id) VALUES (216, 201);
INSERT INTO activity (post_id, user_id, action) VALUES (216, 25, 'Create');

INSERT INTO post (current_state, up_score, down_score) VALUES ('Published', 0, 0);
INSERT INTO postinstance (post_id, user_id, description) VALUES (217, 26, 'I couldn&amp;#39;t understand the problem with using ECEF. You have to use ellipsoidal height (Hmsl+Hgeoid) along with other parameters to calculate the 3D position of an aircraft. You&amp;#39;re right that straight-line distances will be calculated but in the air not on ground or on a reference surface (sphere or ellipsoid). The distances are calculated on a reference surface not on the ground in fact. Let&amp;#39;s assume the difference between ellipsoidal and spherical calculation method is about several nautical miles. Will you ignore this difference?');
INSERT INTO answercomment (post_id, answer_id) VALUES (217, 184);
INSERT INTO activity (post_id, user_id, action) VALUES (217, 26, 'Create');

INSERT INTO post (current_state, up_score, down_score) VALUES ('Published', 0, 0);
INSERT INTO postinstance (post_id, user_id, description) VALUES (218, 44, 'The mask trigger pressure is a pressure I can breathe at for hours; however 40000 feet not so much. It really does depend on how high the plane is.');
INSERT INTO answercomment (post_id, answer_id) VALUES (218, 196);
INSERT INTO activity (post_id, user_id, action) VALUES (218, 44, 'Create');

INSERT INTO post (current_state, up_score, down_score) VALUES ('Published', 0, 0);
INSERT INTO postinstance (post_id, user_id, description) VALUES (219, 28, '@DRF Cockpit doors have codes to request entry from outside, and the flight attendants know the code. The flight crew can deny entry (which is why the captain couldn&amp;#39;t reenter the cockpit on that Germanwings flight), but if they don&amp;#39;t respond to the request, the door unlocks.');
INSERT INTO answercomment (post_id, answer_id) VALUES (219, 196);
INSERT INTO activity (post_id, user_id, action) VALUES (219, 28, 'Create');

INSERT INTO post (current_state, up_score, down_score) VALUES ('Published', 0, 0);
INSERT INTO postinstance (post_id, user_id, description) VALUES (220, 11, 'If you are breathing off of a cabin mask, you are breathing at altitude, and you can hold your breath at that pressure absent climbs or descents, but the amount of available oxygen would be reduced and the partial pressure of CO2 would presumably build abnormally quickly, so you could only do so for a reduced amount of time compared to at sea level.');
INSERT INTO answercomment (post_id, answer_id) VALUES (220, 196);
INSERT INTO activity (post_id, user_id, action) VALUES (220, 11, 'Create');

INSERT INTO post (current_state, up_score, down_score) VALUES ('Published', 0, 0);
INSERT INTO postinstance (post_id, user_id, description) VALUES (221, 27, 'welcome to aviation.SE. if possible, we prefer autoritative sources, not &amp;quot;a guy told me&amp;quot;. If you could find some sources to back up your answer it would improve substantially.');
INSERT INTO answercomment (post_id, answer_id) VALUES (221, 189);
INSERT INTO activity (post_id, user_id, action) VALUES (221, 27, 'Create');

INSERT INTO post (current_state, up_score, down_score) VALUES ('Published', 0, 0);
INSERT INTO postinstance (post_id, user_id, description) VALUES (222, 42, 'Thanks, I updated my question with the graph I think you&amp;#39;re mentioning, and the ForeFlight box to give some context of why I&amp;#39;m trying to find the glide slope.');
INSERT INTO answercomment (post_id, answer_id) VALUES (222, 188);
INSERT INTO activity (post_id, user_id, action) VALUES (222, 42, 'Create');

INSERT INTO post (current_state, up_score, down_score) VALUES ('Published', 0, 0);
INSERT INTO postinstance (post_id, user_id, description) VALUES (223, 17, 'I&amp;#39;d emphasise that last point. No quicker way to fail your test than using the wrong one.');
INSERT INTO answercomment (post_id, answer_id) VALUES (223, 199);
INSERT INTO activity (post_id, user_id, action) VALUES (223, 17, 'Create');

INSERT INTO post (current_state, up_score, down_score) VALUES ('Published', 0, 0);
INSERT INTO postinstance (post_id, user_id, description) VALUES (224, 39, 'interesting, ill remove that section.');
INSERT INTO answercomment (post_id, answer_id) VALUES (224, 191);
INSERT INTO activity (post_id, user_id, action) VALUES (224, 39, 'Create');

INSERT INTO post (current_state, up_score, down_score) VALUES ('Published', 0, 0);
INSERT INTO postinstance (post_id, user_id, description) VALUES (225, 31, 'The pilot did not regain conciousness, it was a flight attendant named Andreas Prodromou with a commercial pilots license (not rated for that aircraft) that was sitting in the pilots seat.');
INSERT INTO answercomment (post_id, answer_id) VALUES (225, 191);
INSERT INTO activity (post_id, user_id, action) VALUES (225, 31, 'Create');

INSERT INTO post (current_state, up_score, down_score) VALUES ('Published', 0, 0);
INSERT INTO postinstance (post_id, user_id, description) VALUES (226, 43, '@FreeMan: Sure, but of course if it&amp;#39;s not a large/busy airport (by my standards, anyway), it&amp;#39;s not going to have a control tower.  Maybe not even Unicom :-)  But I got pretty good at keeping to cruise speed (which in a Cherokee isn&amp;#39;t all that fast :-)) until on short final, then doing a slip and touching down at the right distance to hit the first taxiway.');
INSERT INTO answercomment (post_id, answer_id) VALUES (226, 201);
INSERT INTO activity (post_id, user_id, action) VALUES (226, 43, 'Create');

INSERT INTO post (current_state, up_score, down_score) VALUES ('Published', 0, 0);
INSERT INTO postinstance (post_id, user_id, description) VALUES (227, 37, 'I agree that he was a pilot, but why did he wait until the fuel was exhausted before entering the cockpit? Maybe he didn&amp;#39;t know that he should act quickly?');
INSERT INTO answercomment (post_id, answer_id) VALUES (227, 192);
INSERT INTO activity (post_id, user_id, action) VALUES (227, 37, 'Create');

INSERT INTO post (current_state, up_score, down_score) VALUES ('Published', 0, 0);
INSERT INTO postinstance (post_id, user_id, description) VALUES (228, 26, '@njzk2 You need to, otherwise there will be a reverse process in the lungs and the blood will loose oxygen very quickly. But you will not die that fast at 40000ft. You will die if the pilot is incapacitated and you crash, but not from the lack of oxygen in 30 seconds. Not at that height.');
INSERT INTO answercomment (post_id, answer_id) VALUES (228, 196);
INSERT INTO activity (post_id, user_id, action) VALUES (228, 26, 'Create');

INSERT INTO post (current_state, up_score, down_score) VALUES ('Published', 0, 0);
INSERT INTO postinstance (post_id, user_id, description) VALUES (229, 5, '@PeterMasiar you don&amp;#39;t really need to have air in your lungs to hold your breath.');
INSERT INTO answercomment (post_id, answer_id) VALUES (229, 196);
INSERT INTO activity (post_id, user_id, action) VALUES (229, 5, 'Create');

INSERT INTO post (current_state, up_score, down_score) VALUES ('Published', 1, 0);
INSERT INTO postinstance (post_id, user_id, description) VALUES (230, 49, '@njzk2 - you cannot hold your breath. You need to exhale. Pressure outside of your body is so low that your lungs might be damaged [citation needed].');
INSERT INTO answercomment (post_id, answer_id) VALUES (230, 196);
INSERT INTO activity (post_id, user_id, action) VALUES (230, 49, 'Create');

INSERT INTO post (current_state, up_score, down_score) VALUES ('Published', 0, 0);
INSERT INTO postinstance (post_id, user_id, description) VALUES (231, 6, 'Lol. I didn&amp;#39;t watch past the first minute or so. Wanted to see if they really used bolts on the fuselage. That&amp;#39;s a helluva riveting machine!  +1 btw');
INSERT INTO answercomment (post_id, answer_id) VALUES (231, 202);
INSERT INTO activity (post_id, user_id, action) VALUES (231, 6, 'Create');

INSERT INTO post (current_state, up_score, down_score) VALUES ('Published', 0, 0);
INSERT INTO postinstance (post_id, user_id, description) VALUES (232, 40, '@njzk2 because in this case people aren&amp;#39;t holding their breath. It&amp;#39;s like asking why do people drown if they breathe in water even though they can hold their breath for a minute or two.');
INSERT INTO answercomment (post_id, answer_id) VALUES (232, 196);
INSERT INTO activity (post_id, user_id, action) VALUES (232, 40, 'Create');

INSERT INTO post (current_state, up_score, down_score) VALUES ('Published', 0, 0);
INSERT INTO postinstance (post_id, user_id, description) VALUES (233, 38, 'but most people can hold their breathe for more than 30 seconds. how come you loose consciousness so fast?');
INSERT INTO answercomment (post_id, answer_id) VALUES (233, 196);
INSERT INTO activity (post_id, user_id, action) VALUES (233, 38, 'Create');

INSERT INTO post (current_state, up_score, down_score) VALUES ('Published', 0, 0);
INSERT INTO postinstance (post_id, user_id, description) VALUES (234, 10, '@VladimirF If cabin altitude reaches about 38000 feet you are incapacitated after ~15 secs, and you will die 100% without help of somebody else. But I see your point and edited the sentence');
INSERT INTO answercomment (post_id, answer_id) VALUES (234, 196);
INSERT INTO activity (post_id, user_id, action) VALUES (234, 10, 'Create');

INSERT INTO post (current_state, up_score, down_score) VALUES ('Published', 0, 0);
INSERT INTO postinstance (post_id, user_id, description) VALUES (235, 39, '@DRF I&amp;#39;m really unsure at all, but I think the purser has the code to open the door.');
INSERT INTO answercomment (post_id, answer_id) VALUES (235, 196);
INSERT INTO activity (post_id, user_id, action) VALUES (235, 39, 'Create');

INSERT INTO post (current_state, up_score, down_score) VALUES ('Published', 0, 0);
INSERT INTO postinstance (post_id, user_id, description) VALUES (236, 21, 'Thanks a lot for the tip! Didn&amp;#39;t notice it wasn&amp;#39;t clear enough.');
INSERT INTO answercomment (post_id, answer_id) VALUES (236, 196);
INSERT INTO activity (post_id, user_id, action) VALUES (236, 21, 'Create');

INSERT INTO post (current_state, up_score, down_score) VALUES ('Published', 0, 0);
INSERT INTO postinstance (post_id, user_id, description) VALUES (237, 6, 'Edits look good, i have removed my down vote and comments.');
INSERT INTO answercomment (post_id, answer_id) VALUES (237, 196);
INSERT INTO activity (post_id, user_id, action) VALUES (237, 6, 'Create');

INSERT INTO report (post_id, user_id, title, content, reason) VALUES (169, 34, 'i do not like this post one bit', 'not the first time this user has done it', 'offensive');
INSERT INTO report (post_id, user_id, title, content, reason) VALUES (4, 40, 'this post is off-topic', 'this is really poor taste', 'other');
INSERT INTO report (post_id, user_id, title, content, reason) VALUES (191, 2, 'this post is offensive', 'this is really poor taste', 'offensive');
INSERT INTO report (post_id, user_id, title, content, reason) VALUES (74, 4, 'test report', 'this is really poor taste', 'other');
INSERT INTO report (post_id, user_id, title, content, reason) VALUES (119, 43, 'i do not like this post one bit', 'this is really poor taste', 'off-topic');
INSERT INTO report (post_id, user_id, title, content, reason) VALUES (66, 2, 'i do not like this post one bit', 'i do not think this kind of post belongs here', 'offensive');
INSERT INTO report (post_id, user_id, title, content, reason) VALUES (33, 24, 'i do not like this post one bit', 'not the first time this user has done it', 'offensive');
INSERT INTO report (post_id, user_id, title, content, reason) VALUES (162, 4, 'this post is offensive', 'this is really poor taste', 'other');
INSERT INTO report (post_id, user_id, title, content, reason) VALUES (0, 14, 'test report', 'this is really poor taste', 'off-topic');
INSERT INTO report (post_id, user_id, title, content, reason) VALUES (67, 47, 'this post is offensive', 'not the first time this user has done it', 'other');

INSERT INTO useraccbadge (user_id, badge_id) VALUES (1, 2);
INSERT INTO useraccbadge (user_id, badge_id) VALUES (2, 1);
INSERT INTO useraccbadge (user_id, badge_id) VALUES (3, 1);
INSERT INTO useraccbadge (user_id, badge_id) VALUES (4, 3);
INSERT INTO useraccbadge (user_id, badge_id) VALUES (5, 3);
INSERT INTO useraccbadge (user_id, badge_id) VALUES (6, 1);
INSERT INTO useraccbadge (user_id, badge_id) VALUES (7, 1);
INSERT INTO useraccbadge (user_id, badge_id) VALUES (8, 2);
INSERT INTO useraccbadge (user_id, badge_id) VALUES (9, 3);
INSERT INTO useraccbadge (user_id, badge_id) VALUES (10, 2);
INSERT INTO useraccbadge (user_id, badge_id) VALUES (11, 3);
INSERT INTO useraccbadge (user_id, badge_id) VALUES (12, 2);
INSERT INTO useraccbadge (user_id, badge_id) VALUES (13, 2);
INSERT INTO useraccbadge (user_id, badge_id) VALUES (14, 1);
INSERT INTO useraccbadge (user_id, badge_id) VALUES (15, 3);
INSERT INTO useraccbadge (user_id, badge_id) VALUES (16, 1);
INSERT INTO useraccbadge (user_id, badge_id) VALUES (17, 2);
INSERT INTO useraccbadge (user_id, badge_id) VALUES (18, 3);
INSERT INTO useraccbadge (user_id, badge_id) VALUES (19, 2);
INSERT INTO useraccbadge (user_id, badge_id) VALUES (20, 3);
INSERT INTO useraccbadge (user_id, badge_id) VALUES (21, 2);
INSERT INTO useraccbadge (user_id, badge_id) VALUES (22, 3);
INSERT INTO useraccbadge (user_id, badge_id) VALUES (23, 1);
INSERT INTO useraccbadge (user_id, badge_id) VALUES (24, 1);
INSERT INTO useraccbadge (user_id, badge_id) VALUES (25, 1);
INSERT INTO useraccbadge (user_id, badge_id) VALUES (26, 2);
INSERT INTO useraccbadge (user_id, badge_id) VALUES (27, 2);
INSERT INTO useraccbadge (user_id, badge_id) VALUES (28, 3);
INSERT INTO useraccbadge (user_id, badge_id) VALUES (29, 2);
INSERT INTO useraccbadge (user_id, badge_id) VALUES (30, 2);
INSERT INTO useraccbadge (user_id, badge_id) VALUES (31, 3);
INSERT INTO useraccbadge (user_id, badge_id) VALUES (32, 2);
INSERT INTO useraccbadge (user_id, badge_id) VALUES (33, 2);
INSERT INTO useraccbadge (user_id, badge_id) VALUES (34, 1);
INSERT INTO useraccbadge (user_id, badge_id) VALUES (35, 3);
INSERT INTO useraccbadge (user_id, badge_id) VALUES (36, 1);
INSERT INTO useraccbadge (user_id, badge_id) VALUES (37, 3);
INSERT INTO useraccbadge (user_id, badge_id) VALUES (38, 2);
INSERT INTO useraccbadge (user_id, badge_id) VALUES (39, 1);
INSERT INTO useraccbadge (user_id, badge_id) VALUES (40, 1);
INSERT INTO useraccbadge (user_id, badge_id) VALUES (41, 1);
INSERT INTO useraccbadge (user_id, badge_id) VALUES (42, 2);
INSERT INTO useraccbadge (user_id, badge_id) VALUES (43, 1);
INSERT INTO useraccbadge (user_id, badge_id) VALUES (44, 1);
INSERT INTO useraccbadge (user_id, badge_id) VALUES (45, 1);
INSERT INTO useraccbadge (user_id, badge_id) VALUES (46, 1);
INSERT INTO useraccbadge (user_id, badge_id) VALUES (47, 3);
INSERT INTO useraccbadge (user_id, badge_id) VALUES (48, 2);
INSERT INTO useraccbadge (user_id, badge_id) VALUES (49, 3);
INSERT INTO useraccbadge (user_id, badge_id) VALUES (50, 3);

INSERT INTO topicuseracc (mod_id, topic_id) VALUES (3, 1);
INSERT INTO topicuseracc (mod_id, topic_id) VALUES (3, 2);
INSERT INTO topicuseracc (mod_id, topic_id) VALUES (1, 3);
