INSERT INTO country (name) VALUES ('portugal');
INSERT INTO country (name) VALUES ('france');
INSERT INTO country (name) VALUES ('spain');
INSERT INTO country (name) VALUES ('england');
INSERT INTO country (name) VALUES ('italy');
INSERT INTO country (name) VALUES ('united states of america');

INSERT INTO badge (color, text) VALUES ('#a137b4', 'novice');
INSERT INTO badge (color, text) VALUES ('#f49ab0', 'enthusiast');
INSERT INTO badge (color, text) VALUES ('#3db764', 'expert');

INSERT INTO useracc (username, email, password, salt, first_name, last_name, birth, country, user_type) VALUES ('bluetiger404', 'sophie.hughes@example.com', 'a7f931c1dc8736e2e2e6a835ee9da5f97999813ab1d2d3dcb16a41d1589b93e9', '7SJU7M7x', 'sophie', 'hughes', '1961-11-10 11:27:25', 5, 'Administrator');
INSERT INTO useracc (username, email, password, salt, first_name, last_name, birth, country, user_type) VALUES ('orangetiger744', 'sélène.dasilva@example.com', '8c5c469a24ca309b46750448d1265da12ebb45dec85cc3b246b4e79e33c23b6d', 'zIftCD61', 'sélène', 'da silva', '1946-08-03 12:39:59', 5, 'Moderator');
INSERT INTO useracc (username, email, password, salt, first_name, last_name, birth, country, user_type) VALUES ('whitewolf740', 'cléo.deschamps@example.com', '5f83f8fb50212c40436e337a97d8c563e152361cfe1ec775726d892718f2c02e', 'kxgSgCOK', 'cléo', 'deschamps', '1991-10-20 20:23:44', 6, 'Moderator');
INSERT INTO useracc (username, email, password, salt, first_name, last_name, birth, country, user_type) VALUES ('biglion380', 'aurora.rodriguez@example.com', '7f5d26407cce0576a88f9e597571cd76e546898df17e6a12884c34809e9f3d06', 'ukCJD6AJ', 'aurora', 'rodriguez', '1967-05-14 08:39:18', 6, 'Registered');
INSERT INTO useracc (username, email, password, salt, first_name, last_name, birth, country, user_type) VALUES ('orangecat470', 'ian.west@example.com', '070f07b0fee7698c7e281cdc9e169fc9226b484d0107ad8dd8f53250df4acd96', 'Nf7WSAkh', 'ian', 'west', '1994-02-18 19:45:58', 3, 'Registered');
INSERT INTO useracc (username, email, password, salt, first_name, last_name, birth, country, user_type) VALUES ('crazybear925', 'letitia.sims@example.com', 'e6af075d7ca337c4a36e5db0ff9e3b5906b0dbfe96d86542b8c457375c885958', '9PEY87WA', 'letitia', 'sims', '1967-04-14 15:51:43', 2, 'Registered');
INSERT INTO useracc (username, email, password, salt, first_name, last_name, birth, country, user_type) VALUES ('goldengoose470', 'julia.rivera@example.com', '85d1537f34de1e389dcf791f9d8afeb77185a9f34dc02f328ae0681c98ccc893', 'ALT2ZsAY', 'julia', 'rivera', '1970-01-28 02:08:17', 2, 'Registered');
INSERT INTO useracc (username, email, password, salt, first_name, last_name, birth, country, user_type) VALUES ('blackrabbit751', 'ernestine.hazenberg@example.com', 'af9993faa615003af9e3b79d0878931f1ee6852f1e67e79216d2fb30eb0b46f4', 'IHdKtf2z', 'ernestine', 'hazenberg', '1983-08-08 03:38:11', 1, 'Registered');
INSERT INTO useracc (username, email, password, salt, first_name, last_name, birth, country, user_type) VALUES ('bluerabbit734', 'erhan.kitzen@example.com', '396df8e967c0f7aa813ebe5c326bcbc1fa5e4b5de0aa908112bf43f34b9d7147', 'nPc7wEWg', 'erhan', 'kitzen', '1946-12-23 08:08:44', 1, 'Registered');
INSERT INTO useracc (username, email, password, salt, first_name, last_name, birth, country, user_type) VALUES ('whitekoala798', 'maya.andersen@example.com', 'aad35c82a5869787583bf4308ae9d9f48b2cdf77eca26588953f6b90bb368646', 'cxJ2JqYI', 'maya', 'andersen', '1976-04-02 05:37:48', 6, 'Registered');
INSERT INTO useracc (username, email, password, salt, first_name, last_name, birth, country, user_type) VALUES ('redlion329', 'agathe.perez@example.com', '76a76d69a7f9db99834721951e99065d712eacfd7430b12c4d566def1d23a1ef', 'G6tzUU3P', 'agathe', 'perez', '1948-12-27 07:51:19', 2, 'Registered');
INSERT INTO useracc (username, email, password, salt, first_name, last_name, birth, country, user_type) VALUES ('goldenkoala748', 'madieke.derksen@example.com', '96658425d0b1f8b0be21ae29867b6c740d22773b5633127c18aaedb6c0e2270b', 'STwaGZ78', 'madieke', 'derksen', '1980-09-02 09:46:44', 5, 'Registered');
INSERT INTO useracc (username, email, password, salt, first_name, last_name, birth, country, user_type) VALUES ('orangebear992', 'isabella.wong@example.com', '7f0f717f72b793a4138aed7708dde59fbf791ffac55f5df5a12c5c94de0aea7e', '1tb0g5TW', 'isabella', 'wong', '1984-02-28 07:24:09', 5, 'Registered');
INSERT INTO useracc (username, email, password, salt, first_name, last_name, birth, country, user_type) VALUES ('blueelephant325', 'enora.thomas@example.com', '707ae167ec9fb4c76f58eb26953fa77ade7adc6364b70d55749983f28789dccb', 'mrq8qcyl', 'enora', 'thomas', '1954-08-16 15:25:06', 3, 'Registered');
INSERT INTO useracc (username, email, password, salt, first_name, last_name, birth, country, user_type) VALUES ('ticklishlion390', 'ismael.leon@example.com', '7846664d859c8826b7485bdd33ba5c99f64f967eaa3948433b392c7a6e2c8eef', 'zEj4JiJG', 'ismael', 'leon', '1963-10-08 12:35:08', 6, 'Registered');
INSERT INTO useracc (username, email, password, salt, first_name, last_name, birth, country, user_type) VALUES ('biggorilla604', 'priscila.desouza@example.com', '0c612358c14960597fe5201fa1e7f34245f1bb9b7f36b94699850ff0b9daff2d', 'ftHI0OPk', 'priscila', 'de souza', '1991-12-16 08:44:27', 2, 'Registered');
INSERT INTO useracc (username, email, password, salt, first_name, last_name, birth, country, user_type) VALUES ('heavybird564', 'walter.lane@example.com', 'd4505a3a2063b668d142283f6e4cbb659e6453e0799dc86a447fb4051375f973', 'sEYKGAhC', 'walter', 'lane', '1971-09-18 09:18:13', 1, 'Registered');
INSERT INTO useracc (username, email, password, salt, first_name, last_name, birth, country, user_type) VALUES ('orangekoala613', 'ernesto.perez@example.com', 'ebb38898e4448ea8dc5644bf16c8f487204509c99a06a2d494e8f91e7eda34be', 'Lo5DMAPI', 'ernesto', 'perez', '1994-08-01 08:32:09', 2, 'Registered');
INSERT INTO useracc (username, email, password, salt, first_name, last_name, birth, country, user_type) VALUES ('blackwolf707', 'megan.roy@example.com', '87e74bc10b74ff6d905d295b869a66802f8a6a2785ab078827005a41f349dd76', 'HI6eiBkh', 'megan', 'roy', '1994-03-11 21:38:50', 2, 'Registered');
INSERT INTO useracc (username, email, password, salt, first_name, last_name, birth, country, user_type) VALUES ('whitebear645', 'vivian.nowak@example.com', 'cb9133a6ea7c96a87edf366846e5692fb3b9263fae7248651b77a9d6a97c1dbf', 'VabBMWfh', 'vivian', 'nowak', '1992-02-22 12:50:33', 5, 'Registered');
INSERT INTO useracc (username, email, password, salt, first_name, last_name, birth, country, user_type) VALUES ('orangetiger373', 'سارا.سلطانینژاد@example.com', '5532a8204d673905c2c45e0d5584084435bc6d21f53b2933ff04bed807d0b1d6', 'XhWQSWZI', 'سارا', 'سلطانی نژاد', '1947-04-05 18:52:56', 2, 'Registered');
INSERT INTO useracc (username, email, password, salt, first_name, last_name, birth, country, user_type) VALUES ('goldenbird678', 'vicki.chapman@example.com', 'b82140e330042c130fdbeead6091815b966f30b377f6cd959ebaf202f02f05aa', '5RWGJa9p', 'vicki', 'chapman', '1962-07-16 15:46:28', 1, 'Registered');
INSERT INTO useracc (username, email, password, salt, first_name, last_name, birth, country, user_type) VALUES ('bigtiger408', 'malou.rasmussen@example.com', '1a4c3493cbd31acae0f8649309b9399877e9fc071effb6c732f0ed6ca4c80838', 'k4vrWsth', 'malou', 'rasmussen', '1947-11-02 13:38:46', 1, 'Registered');
INSERT INTO useracc (username, email, password, salt, first_name, last_name, birth, country, user_type) VALUES ('yellowdog134', 'anna.hughes@example.com', 'e78617d69c187b479bf28e332dbc2333018aac2a89f30eb9fa960b96ee16d980', 'EEsfSyjs', 'anna', 'hughes', '1951-03-03 13:19:25', 1, 'Registered');
INSERT INTO useracc (username, email, password, salt, first_name, last_name, birth, country, user_type) VALUES ('lazyrabbit898', 'philippe.ouellet@example.com', '83d1f6517df2626354a916cc960a223969b34b7e2bb92a5425e341b1b6bc13c5', 'R0GDLrGj', 'philippe', 'ouellet', '1970-12-29 09:20:29', 3, 'Registered');
INSERT INTO useracc (username, email, password, salt, first_name, last_name, birth, country, user_type) VALUES ('tinygoose273', 'melike.akman@example.com', '7e040616751bd608cae17751db122fc51993a179a6dd6efedfbecfcbbb942bbd', 'raFnPqLb', 'melike', 'akman', '1995-02-02 18:05:02', 6, 'Registered');
INSERT INTO useracc (username, email, password, salt, first_name, last_name, birth, country, user_type) VALUES ('orangebutterfly908', 'caren.varkevisser@example.com', '9d48f127e711c418e895ab8e0164bd53f79151b3f7c65be41bb0078b6e376eb4', '7QnygogW', 'caren', 'varkevisser', '1973-08-01 05:46:24', 2, 'Registered');
INSERT INTO useracc (username, email, password, salt, first_name, last_name, birth, country, user_type) VALUES ('bigpanda203', 'juliette.lefebvre@example.com', 'ed12eac20176d5aba6c08c83403926819e439ddd6521e89d2c77dae20b7b4b40', 'VFjChCGu', 'juliette', 'lefebvre', '1975-12-27 11:29:05', 6, 'Registered');
INSERT INTO useracc (username, email, password, salt, first_name, last_name, birth, country, user_type) VALUES ('greenpeacock503', 'veronika.dietrich@example.com', '2c8bfb5c09c0c56e5b83e02e73b67bdf2037b0e8deb3720f5c9000e27086ab1c', 'PSWw80Fp', 'veronika', 'dietrich', '1980-09-30 11:39:37', 2, 'Registered');
INSERT INTO useracc (username, email, password, salt, first_name, last_name, birth, country, user_type) VALUES ('silverbird747', 'roxane.guillaume@example.com', '42b819ef90eb79ee36efc3ed1e9ae251d243b7f95a4174ab86c6c1c6fb0740c0', 'H7NMuoXD', 'roxane', 'guillaume', '1983-06-24 15:56:58', 2, 'Registered');
INSERT INTO useracc (username, email, password, salt, first_name, last_name, birth, country, user_type) VALUES ('yellowkoala512', 'friederike.heller@example.com', '70a9600e85fae8bfebde0a351215b73ebbb78ad728c3a4ac83c299b05cc9f113', 'W9jcCsP1', 'friederike', 'heller', '1947-08-04 12:54:25', 5, 'Registered');
INSERT INTO useracc (username, email, password, salt, first_name, last_name, birth, country, user_type) VALUES ('greenleopard553', 'nathan.bouchard@example.com', '459d27848602cdb654c7e1111ecfa5e7ed3f106fd609da05518d4d72167b213a', 'uajsUKPX', 'nathan', 'bouchard', '1979-07-06 16:37:01', 3, 'Registered');
INSERT INTO useracc (username, email, password, salt, first_name, last_name, birth, country, user_type) VALUES ('beautifulbear844', 'douglas.andrews@example.com', '266e5ecdd7307c259064dccced2fa7c99ab6451f37e3ae66079bed06ca7f952d', 'KE144F74', 'douglas', 'andrews', '1949-05-20 14:20:38', 6, 'Registered');
INSERT INTO useracc (username, email, password, salt, first_name, last_name, birth, country, user_type) VALUES ('silverlion713', 'نيما.حیدری@example.com', '459e588e41fc8d981dfd16188ad343a6c6f03e396d284bfe95eadd9a3e0f681f', 'J0auIydU', 'نيما', 'حیدری', '1979-04-17 23:00:07', 1, 'Registered');
INSERT INTO useracc (username, email, password, salt, first_name, last_name, birth, country, user_type) VALUES ('goldentiger374', 'marius.thomsen@example.com', 'b41dbb9fcd75c4b3b4cf3e08d0cd49c50da6d5878173d86f9b97e62d518c9c31', 'Vhfa2MSX', 'marius', 'thomsen', '1947-01-28 12:06:21', 1, 'Registered');
INSERT INTO useracc (username, email, password, salt, first_name, last_name, birth, country, user_type) VALUES ('purpleostrich414', 'pepijn.oudenijhuis@example.com', '9675bf3a277f7a8d7f161cd2d7c24d32878cd3ee95e0e7f1c42f77893213646f', 't7bN5r2T', 'pepijn', 'oude nijhuis', '1962-07-12 20:14:32', 5, 'Registered');
INSERT INTO useracc (username, email, password, salt, first_name, last_name, birth, country, user_type) VALUES ('tinyostrich203', 'maurice.meyer@example.com', '9aeb7126373dd9ce4def14643030889895eeb574554e2b7bcb14390486e5b021', 'Wd6XXh5t', 'maurice', 'meyer', '1983-12-21 05:22:58', 4, 'Registered');
INSERT INTO useracc (username, email, password, salt, first_name, last_name, birth, country, user_type) VALUES ('lazybutterfly585', 'باران.علیزاده@example.com', '41d89356108ecd541b648f6dce995503e038f526ace6bb804cdf54f4213a4e15', '2Tau7bxD', 'باران', 'علیزاده', '1976-08-24 02:02:33', 1, 'Registered');
INSERT INTO useracc (username, email, password, salt, first_name, last_name, birth, country, user_type) VALUES ('silvertiger610', 'zoe.kowalski@example.com', 'c68ad88f767a1473131473a336d2ba58db741ab838c272c2794d6c5ba6143a5f', '8Lxhk5Z1', 'zoe', 'kowalski', '1960-09-13 01:47:13', 3, 'Registered');
INSERT INTO useracc (username, email, password, salt, first_name, last_name, birth, country, user_type) VALUES ('silvermouse631', 'helene.baumann@example.com', 'de97e990b5cdefc5813736de10b45e39537c082849db594428a1ade563fc56ab', 'L150CVkk', 'helene', 'baumann', '1964-12-30 13:51:00', 5, 'Registered');
INSERT INTO useracc (username, email, password, salt, first_name, last_name, birth, country, user_type) VALUES ('redbird192', 'millie.anderson@example.com', '2ac4e9cfbd64cf0505555d19229e9dfdb27fc755ba2333d81e55c698bfdb3c19', 'aWF5nGao', 'millie', 'anderson', '1956-06-20 14:29:57', 2, 'Registered');
INSERT INTO useracc (username, email, password, salt, first_name, last_name, birth, country, user_type) VALUES ('whitemeercat348', 'devon.simpson@example.com', 'dfcc70d392bac59be8e8f82e830ab3a1f582adb3b9619f6d287b96939bd64496', 'gqdIOmZT', 'devon', 'simpson', '1994-03-26 12:51:35', 6, 'Registered');
INSERT INTO useracc (username, email, password, salt, first_name, last_name, birth, country, user_type) VALUES ('bluewolf966', 'lucas.lévesque@example.com', 'd9d2c4e6ba411fae27ae9a4f74b83ba25d78a1bc978b73dff8b912ff1c3d3b9e', 'p2KQx7WT', 'lucas', 'lévesque', '1969-07-26 16:30:12', 2, 'Registered');
INSERT INTO useracc (username, email, password, salt, first_name, last_name, birth, country, user_type) VALUES ('tinybutterfly843', 'oliver.saarinen@example.com', '5f0a67f554579602220be1c6aaf5f717d4772025ff16b41b1e1cea50c0216be8', '51i1zeVs', 'oliver', 'saarinen', '1973-09-15 15:49:15', 6, 'Registered');
INSERT INTO useracc (username, email, password, salt, first_name, last_name, birth, country, user_type) VALUES ('crazytiger874', 'orlando.sales@example.com', '7f6f497f70cab03eaccd9c1f1a01927be7b3a3945c812f28932ead7635909f0e', 'mjG16tpC', 'orlando', 'sales', '1976-12-05 20:35:01', 3, 'Registered');
INSERT INTO useracc (username, email, password, salt, first_name, last_name, birth, country, user_type) VALUES ('orangekoala184', 'abigail.margaret@example.com', 'a5467a480f6469ec0b6a1deeb37c8e1587f527d842e2eb5f8fa43745969772e9', '2bA3CnUe', 'abigail', 'margaret', '1957-08-12 08:14:09', 4, 'Registered');
INSERT INTO useracc (username, email, password, salt, first_name, last_name, birth, country, user_type) VALUES ('whitebear226', 'ron.gonzalez@example.com', '105db5fa8254ae407e6de42bce660df94a3a4286d9c22fbd83ef60377cb8ef6c', 'eKGre1dN', 'ron', 'gonzalez', '1952-03-12 17:35:23', 5, 'Registered');
INSERT INTO useracc (username, email, password, salt, first_name, last_name, birth, country, user_type) VALUES ('purplecat369', 'نيما.یاسمی@example.com', '530a45c2163b80305d0b5c4bb8d3700924319305f508f52221c80ea121506589', 'gdXoaCaN', 'نيما', 'یاسمی', '1988-11-12 20:05:47', 4, 'Registered');
INSERT INTO useracc (username, email, password, salt, first_name, last_name, birth, country, user_type) VALUES ('crazykoala169', 'ellie.stanley@example.com', '95573d9879a52a1f78790dab506ca8d7ee960a1c0d246adb51fdc5468f760992', 'ORt5jGt6', 'ellie', 'stanley', '1954-09-13 04:40:24', 5, 'Registered');
INSERT INTO useracc (username, email, password, salt, first_name, last_name, birth, country, user_type) VALUES ('yellowostrich540', 'patricia.lambert@example.com', '61390d1d40fbcb6ade0ac1c8c745a7c87e7bba82fedc5d8684d9fd68f6418759', 'SyBkbraT', 'patricia', 'lambert', '1962-04-03 19:59:44', 3, 'Registered');

INSERT INTO topic (admin_id, topicname, description) VALUES (1, 'programming', 'for programmers, just like you.');
INSERT INTO topic (admin_id, topicname, description) VALUES (1, 'mathematics', 'for people studying math at any level.');
INSERT INTO topic (admin_id, topicname, description) VALUES (1, 'aviation', 'for aircraft pilots, mechanics and enthusiasts.');

INSERT INTO post (current_state, up_score, down_score) VALUES ('Published', 2, 1);
INSERT INTO postinstance (post_id, user_id, description) VALUES (1, 29, '&lt;p&gt;I am struggling with Elm&#x27;s lack of monads. A library implementing the state monad for Elm (&lt;a href=&quot;http://package.elm-lang.org/packages/folkertdev/elm-state/latest/State&quot; rel=&quot;nofollow noreferrer&quot;&gt;http://package.elm-lang.org/packages/folkertdev/elm-state/latest/State&lt;/a&gt;) has helped me quite a bit.&lt;/p&gt;

&lt;p&gt;The problem is that I have now run into a situation where I have alternately nested Result and State types, when I only want to have one of each.&lt;/p&gt;

&lt;p&gt;I tried to write a function with the following signature, but it seems impossible, because the inner Result is only known once the outer State is evaluated.&lt;/p&gt;

&lt;pre&gt;&lt;code&gt;join : Result a (State s (Result a (State s x))) -&amp;gt; Result a (State s x)
&lt;/code&gt;&lt;/pre&gt;

&lt;p&gt;Maybe it would work if I put the Result inside the State in the return value, but that would generate a dummy State in case the outer Result is &lt;code&gt;Err&lt;/code&gt;.&lt;/p&gt;

&lt;p&gt;I think the right idea would be to make something that is both Result and State. Can someone who is familiar with Haskell monad transformers explain how they solve this kind of problem or suggest an alternative solution?&lt;/p&gt;

&lt;p&gt;Here is a rough version of one place where the problem arises:&lt;/p&gt;

&lt;pre&gt;&lt;code&gt;  generateConstraints environment value
  |&amp;gt; Result.map (State.map (\(value, valueC) -&amp;gt;
    Result.map
      (State.map2 (\this (body, bodyC) -&amp;gt;
        ( this
        , valueC ++ bodyC ++ [(this, body)]
        ))
      freshTypevar)
      (generateConstraints (extend environment name value) body))
  )
&lt;/code&gt;&lt;/pre&gt;
');
INSERT INTO question (post_id, topic_id, title) VALUES (1, 1, 'How do I combine Result and State in Elm?');
INSERT INTO activity (post_content_id, post_id, user_id, action) VALUES (1, 1, 29, 'Create');
INSERT INTO tag (text) VALUES ('haskell');
INSERT INTO questiontag (question_id, tag_id) VALUES (1, 1);
INSERT INTO tag (text) VALUES ('monads');
INSERT INTO questiontag (question_id, tag_id) VALUES (1, 2);
INSERT INTO tag (text) VALUES ('elm');
INSERT INTO questiontag (question_id, tag_id) VALUES (1, 3);
INSERT INTO tag (text) VALUES ('monad-transformers');
INSERT INTO questiontag (question_id, tag_id) VALUES (1, 4);
INSERT INTO activity (post_id, user_id, activity) VALUES (1, 29, 'Upvote');
INSERT INTO activity (post_id, user_id, activity) VALUES (1, 29, 'Upvote');
INSERT INTO activity (post_id, user_id, activity) VALUES (1, 29, 'Downvote');

INSERT INTO post (current_state, up_score, down_score) VALUES ('Published', 0, 0);
INSERT INTO postinstance (post_id, user_id, description) VALUES (2, 41, '&lt;p&gt;I&#x27;m implement Firebase SDK in Unity. Sending a notification to device is working fine. But can I control which view application will open after the user clicked the notification?&lt;/p&gt;

&lt;blockquote&gt;
  &lt;p&gt;for example:&lt;/p&gt;
  
  &lt;p&gt;1) Send notification message through Firebase console or user HTTP API
  (&lt;a href=&quot;https://fcm.googleapis.com/fcm/send&quot; rel=&quot;nofollow noreferrer&quot;&gt;https://fcm.googleapis.com/fcm/send&lt;/a&gt;)&lt;/p&gt;
  
  &lt;p&gt;2) Register device will received notification.&lt;/p&gt;
  
  &lt;p&gt;3) By default, application will launch after user click the
  notification. But now what I needed is application launch and bring
  the user to setting or other view after user click the notification.&lt;/p&gt;
&lt;/blockquote&gt;

&lt;p&gt;How can I make this app flow behavior?&lt;/p&gt;

&lt;p&gt;Sorry for my english. hope your all understand what I&#x27;m means.&lt;/p&gt;

&lt;p&gt;Thanks in advance.&lt;/p&gt;
');
INSERT INTO question (post_id, topic_id, title) VALUES (2, 1, 'Firebase Cloud Message Action after clicked the notification in Unity');
INSERT INTO activity (post_content_id, post_id, user_id, action) VALUES (2, 2, 41, 'Create');
INSERT INTO tag (text) VALUES ('unity3d');
INSERT INTO questiontag (question_id, tag_id) VALUES (2, 5);
INSERT INTO tag (text) VALUES ('firebase');
INSERT INTO questiontag (question_id, tag_id) VALUES (2, 6);
INSERT INTO tag (text) VALUES ('firebase-cloud-messaging');
INSERT INTO questiontag (question_id, tag_id) VALUES (2, 7);

INSERT INTO post (current_state, up_score, down_score) VALUES ('Published', 0, 0);
INSERT INTO postinstance (post_id, user_id, description) VALUES (3, 46, '&lt;p&gt;The Service Fabric Team announced in their &lt;a href=&quot;https://azure.microsoft.com/en-us/blog/announcing-azure-service-fabric-5-5-and-sdk-2-5/&quot; rel=&quot;nofollow noreferrer&quot;&gt;blog post&lt;/a&gt; that Service Fabric now supports &lt;em&gt;Refresh Mode&lt;/em&gt; in Preview when debugging on a 1 Node cluster in Visual Studio 2015.&lt;/p&gt;

&lt;p&gt;I&#x27;ve just installed the new Service Fabric SDK from the Web Platform Installer and have a .Net Core Web Application Service I&#x27;d like to try this out with. &lt;/p&gt;

&lt;p&gt;Is there anything else I need to do to configure the Service/Application for Refresh Mode? I haven&#x27;t noticed any new controls as such in Visual Studio. I can only hit &lt;em&gt;Debug&lt;/em&gt; as normal.&lt;/p&gt;
');
INSERT INTO question (post_id, topic_id, title) VALUES (3, 1, 'Service Fabric: Use Refresh Mode for Faster Debugging');
INSERT INTO activity (post_content_id, post_id, user_id, action) VALUES (3, 3, 46, 'Create');
INSERT INTO tag (text) VALUES ('.net');
INSERT INTO questiontag (question_id, tag_id) VALUES (3, 8);
INSERT INTO tag (text) VALUES ('azure');
INSERT INTO questiontag (question_id, tag_id) VALUES (3, 9);
INSERT INTO tag (text) VALUES ('visual-studio-2015');
INSERT INTO questiontag (question_id, tag_id) VALUES (3, 10);
INSERT INTO tag (text) VALUES ('.net-core');
INSERT INTO questiontag (question_id, tag_id) VALUES (3, 11);
INSERT INTO tag (text) VALUES ('azure-service-fabric');
INSERT INTO questiontag (question_id, tag_id) VALUES (3, 12);

INSERT INTO post (current_state, up_score, down_score) VALUES ('Published', 0, 0);
INSERT INTO postinstance (post_id, user_id, description) VALUES (4, 19, '&lt;p&gt;I know that this question have been asked previously. Some are:&lt;/p&gt;

&lt;p&gt;&lt;a href=&quot;http://stackoverflow.com/questions/1292575/android-textview-justify-text&quot;&gt;Android TextView Justify Text&lt;/a&gt;&lt;/p&gt;

&lt;p&gt;&lt;a href=&quot;http://stackoverflow.com/questions/5976627/can-i-set-property-of-textview-like-justify&quot;&gt;Can I set property of Textview like justify?&lt;/a&gt; &lt;/p&gt;

&lt;p&gt;But after passing some years(!) there is no good solution for this. Using third-party libraries is not a good solution hence they are not working accurate and even worse, using them makes your app works slow. &lt;/p&gt;

&lt;p&gt;Even with a two up votes, this question have never got an answer:&lt;/p&gt;

&lt;p&gt;&lt;a href=&quot;http://stackoverflow.com/questions/35737713/android-text-justification-in-textview-not-webview-without-third-party-library&quot;&gt;Android Text Justification in TextView (NOT WebView) Without Third Party Library&lt;/a&gt;&lt;/p&gt;

&lt;p&gt;So, my question is, how come something this much common, useful, necessary and simple thing is not solved by google??? Isn&#x27;t there a good solution after passing this much time? Thank you all.&lt;/p&gt;
');
INSERT INTO question (post_id, topic_id, title) VALUES (4, 1, 'Text justification in android');
INSERT INTO activity (post_content_id, post_id, user_id, action) VALUES (4, 4, 19, 'Create');
INSERT INTO tag (text) VALUES ('android');
INSERT INTO questiontag (question_id, tag_id) VALUES (4, 13);
INSERT INTO tag (text) VALUES ('textview');
INSERT INTO questiontag (question_id, tag_id) VALUES (4, 14);
INSERT INTO tag (text) VALUES ('justify');
INSERT INTO questiontag (question_id, tag_id) VALUES (4, 15);

INSERT INTO post (current_state, up_score, down_score) VALUES ('Published', 0, 0);
INSERT INTO postinstance (post_id, user_id, description) VALUES (5, 30, '&lt;p&gt;Let&#x27;s say we have a function 1 :&lt;/p&gt;

&lt;pre&gt;&lt;code&gt;vector&amp;lt;T&amp;gt;::iterator GetSomething()
{
 vector&amp;lt;T&amp;gt; vec;

 // Update vec with something...

 return vec.begin();
}
&lt;/code&gt;&lt;/pre&gt;

&lt;p&gt;And another function 2:&lt;/p&gt;

&lt;pre&gt;&lt;code&gt;vector&amp;lt;T&amp;gt; GetSomething()
{
 vector&amp;lt;T&amp;gt; vec;

 // Update vec with something...

 return vec;
}
&lt;/code&gt;&lt;/pre&gt;

&lt;p&gt;In what situations would we prefer function 1 ? 
Also, what would be the lifetime of that vector object ? 
How would we know if the iterator is pointing to empty vector ? Probably need to pass pair of iterators to determine begin / end.&lt;/p&gt;
');
INSERT INTO question (post_id, topic_id, title) VALUES (5, 1, 'When to return vector iterator instead of vector?');
INSERT INTO activity (post_content_id, post_id, user_id, action) VALUES (5, 5, 30, 'Create');
INSERT INTO tag (text) VALUES ('c++');
INSERT INTO questiontag (question_id, tag_id) VALUES (5, 16);
INSERT INTO tag (text) VALUES ('vector');
INSERT INTO questiontag (question_id, tag_id) VALUES (5, 17);
INSERT INTO tag (text) VALUES ('iterator');
INSERT INTO questiontag (question_id, tag_id) VALUES (5, 18);

INSERT INTO post (current_state, up_score, down_score) VALUES ('Deleted', 0, 0);
INSERT INTO postinstance (post_id, user_id, description) VALUES (6, 1, '&lt;p&gt;When the selectbox, with countries are changed, I want to put the name of the capital of the country in the Where field. How can I setup this to get a call back to the controller when the country is changed?&lt;/p&gt;

&lt;pre&gt;&lt;code&gt;&amp;lt;div class=&quot;well&quot;&amp;gt;
    &amp;lt;form method=&quot;post&quot; asp-action=&quot;Jobs&quot; asp-antiforgery=&quot;true&quot;&amp;gt;
        &amp;lt;div class=&quot;form-inline&quot;&amp;gt;
            &amp;lt;div class=&quot;input-group&quot;&amp;gt;
                &amp;lt;span class=&quot;input-group-addon&quot;&amp;gt;@Localizer[&quot;Country&quot;]&amp;lt;/span&amp;gt;
                &amp;lt;select class=&quot;form-control&quot; asp-for=&quot;CountryCode&quot; asp-items=&quot;ViewBag.Countries&quot; value=&quot;@Model.CountryCode&quot;&amp;gt;
                    &amp;lt;option disabled selected value=&quot;&quot;&amp;gt;@Localizer[&quot;ChooseCountry&quot;]&amp;lt;/option&amp;gt;
                &amp;lt;/select&amp;gt;
           &amp;lt;/div&amp;gt;
            &amp;lt;div class=&quot;input-group&quot;&amp;gt;
                &amp;lt;span class=&quot;input-group-addon&quot;&amp;gt;@Localizer[&quot;Where&quot;]&amp;lt;/span&amp;gt;
                &amp;lt;input asp-for=&quot;Where&quot; class=&quot;form-control&quot; placeholder=@Localizer[&quot;EnterCityToSearch&quot;] value=&quot;@Model.Where&quot;/&amp;gt;
            &amp;lt;/div&amp;gt;
            &amp;lt;div class=&quot;input-group&quot;&amp;gt;
                &amp;lt;span class=&quot;input-group-addon&quot;&amp;gt;@Localizer[&quot;What&quot;]&amp;lt;/span&amp;gt;
                &amp;lt;input asp-for=&quot;What&quot; class=&quot;form-control&quot; placeholder=&quot;@Localizer[&quot;EnterTypeOfJob&quot;]&quot; value=@Model.What&amp;gt;
            &amp;lt;/div&amp;gt;
            &amp;lt;button type=&quot;submit&quot; class=&quot;btn btn-primary&quot;&amp;gt;
                @Localizer[&quot;Search&quot;]
                &amp;lt;span class=&quot;glyphicon glyphicon-search&quot;&amp;gt;&amp;lt;/span&amp;gt;
            &amp;lt;/button&amp;gt;
        &amp;lt;/div&amp;gt;
    &amp;lt;/form&amp;gt;
    @*&amp;lt;a  class=&quot;text&quot; role=&quot;button&quot; asp-action=&quot;ChangeSearchMetode&quot; asp-antiforgery=&quot;true&quot;&amp;gt;Link Button&amp;lt;/a&amp;gt;*@
 &amp;lt;/div&amp;gt;
&lt;/code&gt;&lt;/pre&gt;

&lt;p&gt;Thanks for helping!&lt;/p&gt;
');
INSERT INTO question (post_id, topic_id, title) VALUES (6, 1, 'How to get a call to the controller when the selectbox is changed?');
INSERT INTO activity (post_content_id, post_id, user_id, action) VALUES (6, 6, 1, 'Create');
INSERT INTO tag (text) VALUES ('asp.net-mvc');
INSERT INTO questiontag (question_id, tag_id) VALUES (6, 19);
INSERT INTO tag (text) VALUES ('model-view-controller');
INSERT INTO questiontag (question_id, tag_id) VALUES (6, 20);

INSERT INTO post (current_state, up_score, down_score) VALUES ('Published', 0, 0);
INSERT INTO postinstance (post_id, user_id, description) VALUES (7, 36, '&lt;p&gt;I have simple question, where can i learn 64bit assembly language (windows) for person who didnt touched it before? I know c++ c# and some web technology but i wanted to start low-level programming. I&#x27;m not interested about microcontrollers etc.&lt;/p&gt;
');
INSERT INTO question (post_id, topic_id, title) VALUES (7, 1, '[Q]Where can i learn 64bit assembly');
INSERT INTO activity (post_content_id, post_id, user_id, action) VALUES (7, 7, 36, 'Create');
INSERT INTO tag (text) VALUES ('assembly');
INSERT INTO questiontag (question_id, tag_id) VALUES (7, 21);
INSERT INTO tag (text) VALUES ('64bit');
INSERT INTO questiontag (question_id, tag_id) VALUES (7, 22);
INSERT INTO tag (text) VALUES ('intel');
INSERT INTO questiontag (question_id, tag_id) VALUES (7, 23);

INSERT INTO post (current_state, up_score, down_score) VALUES ('Published', 0, 0);
INSERT INTO postinstance (post_id, user_id, description) VALUES (8, 21, '&lt;p&gt;I have a div that will have a background image of the size 1170px x 929px. As I resize the width i.e. shrink it, I would like the height to also shrink so that the aspect ratio is kept. Can someone explain how this can be done using CSS? All I have so far is the following&lt;/p&gt;

&lt;pre&gt;&lt;code&gt;&amp;lt;section class=&quot;box&quot;&amp;gt;
            &amp;lt;article class=&quot;container &quot;&amp;gt;
                &amp;lt;div class=&quot;content margin_tp_80 margin_bm_40 map_london&quot;&amp;gt;
                &amp;lt;/div&amp;gt;
            &amp;lt;/article&amp;gt;
        &amp;lt;/section&amp;gt;
&lt;/code&gt;&lt;/pre&gt;

&lt;p&gt;Any help would be great thanks.&lt;/p&gt;
');
INSERT INTO question (post_id, topic_id, title) VALUES (8, 1, 'How To Resize A Div &amp; Keep The Aspect Ratio');
INSERT INTO activity (post_content_id, post_id, user_id, action) VALUES (8, 8, 21, 'Create');
INSERT INTO tag (text) VALUES ('html');
INSERT INTO questiontag (question_id, tag_id) VALUES (8, 24);
INSERT INTO tag (text) VALUES ('css');
INSERT INTO questiontag (question_id, tag_id) VALUES (8, 25);

INSERT INTO post (current_state, up_score, down_score) VALUES ('Published', 0, 0);
INSERT INTO postinstance (post_id, user_id, description) VALUES (9, 50, '&lt;p&gt;I&#x27;m developing a Text editor and I need to check whether if I have saved any typed document (even a space) in my Text Area. If I have typed even a space, the dialog should pop and ask me to save the text before closing the application. I need to define all the keys in a single way without checking all the keyboards keys are pressed or not... This is my code so far :) &lt;/p&gt;

&lt;pre&gt;&lt;code&gt; private void isAnyKeyWasPressed() {
    jTextPane1.addKeyListener(new KeyListener() {

        @Override
        public void keyTyped(KeyEvent e) {
            if (e.getKeyChar()==e.VK_0 || e.getKeyChar()==e.VK_1) {//need to define all the keyboard keys without defining one by one like this
                //my dialog box goes here
            }
        }

        @Override
        public void keyPressed(KeyEvent e) {
            throw new UnsupportedOperationException(&quot;Not supported yet.&quot;); //To change body of generated methods, choose Tools | Templates.
        }

        @Override
        public void keyReleased(KeyEvent e) {
            throw new UnsupportedOperationException(&quot;Not supported yet.&quot;); //To change body of generated methods, choose Tools | Templates.
        }
    });
}
&lt;/code&gt;&lt;/pre&gt;
');
INSERT INTO question (post_id, topic_id, title) VALUES (9, 1, 'How to ask if I have saved my text document before closing the jframe');
INSERT INTO activity (post_content_id, post_id, user_id, action) VALUES (9, 9, 50, 'Create');
INSERT INTO tag (text) VALUES ('java');
INSERT INTO questiontag (question_id, tag_id) VALUES (9, 26);
INSERT INTO tag (text) VALUES ('swing');
INSERT INTO questiontag (question_id, tag_id) VALUES (9, 27);
INSERT INTO tag (text) VALUES ('jtextarea');
INSERT INTO questiontag (question_id, tag_id) VALUES (9, 28);
INSERT INTO tag (text) VALUES ('key-events');
INSERT INTO questiontag (question_id, tag_id) VALUES (9, 29);

INSERT INTO post (current_state, up_score, down_score) VALUES ('Published', -1, 0);
INSERT INTO postinstance (post_id, user_id, description) VALUES (10, 19, '&lt;p&gt;The following code(subset) cause this error(&#x27;cannot index a multi-index axis with these keys&#x27;), hope anyone can give some comment&lt;/p&gt;

&lt;pre&gt;&lt;code&gt;import pandas as pd
import numpy as np
def draw_table(request):
dt = pd.read_excel(excel path)
    def color_green (color):
    A1= df.iloc[4,0]
    A2= df.iloc[4,1]
    if A1&amp;lt;A2:
       return (&#x27;color: red&#x27;)
    else:
       return (&#x27;color: green&#x27;)
table2=table1.style.applymap(color_green, subset=[df.iloc[4,1]]).set_table_attributes(&#x27;border=&quot;&quot; class = &quot;dataframe table table-hover table-bordered&quot;&#x27;).set_precision(10).render()
&lt;/code&gt;&lt;/pre&gt;

&lt;p&gt;I want return ony A2 have color in html pages. Any one have any idea
below picture is what I wish to have, but now I get the error,
&lt;a href=&quot;https://i.stack.imgur.com/g2aox.png&quot; rel=&quot;nofollow noreferrer&quot;&gt;click here&lt;/a&gt;&lt;/p&gt;
');
INSERT INTO question (post_id, topic_id, title) VALUES (10, 1, 'set style(color) for selected cell by didnt compare the overall dataframe python pandas');
INSERT INTO activity (post_content_id, post_id, user_id, action) VALUES (10, 10, 19, 'Create');
INSERT INTO tag (text) VALUES ('python');
INSERT INTO questiontag (question_id, tag_id) VALUES (10, 30);
INSERT INTO tag (text) VALUES ('pandas');
INSERT INTO questiontag (question_id, tag_id) VALUES (10, 31);
INSERT INTO tag (text) VALUES ('numpy');
INSERT INTO questiontag (question_id, tag_id) VALUES (10, 32);
INSERT INTO tag (text) VALUES ('dataframe');
INSERT INTO questiontag (question_id, tag_id) VALUES (10, 33);
INSERT INTO tag (text) VALUES ('styles');
INSERT INTO questiontag (question_id, tag_id) VALUES (10, 34);

INSERT INTO post (current_state, up_score, down_score) VALUES ('Published', 0, 0);
INSERT INTO postinstance (post_id, user_id, description) VALUES (11, 38, '&lt;p&gt;I have created file uploading function using ajax and codeigniter the problem is that when I am trying to upload an image it is working fine but when I try to upload document or excel file it is giving me null can anybody help me out to fix this issue &lt;/p&gt;

&lt;p&gt;here is what error I am getting Array ( [error] =&gt; The filetype you are attempting to upload is not allowed.)&lt;/p&gt;

&lt;p&gt;Here is my controller&lt;/p&gt;

&lt;pre&gt;&lt;code&gt;public function post_forum() {
    $config[&#x27;upload_path&#x27;] = &#x27;./assets/uploads/&#x27;;
    $config[&#x27;allowed_types&#x27;] = &#x27;gif|jpg|png|doc|docx|xls|xlsx|pdf&#x27;;
    $this-&amp;gt;load-&amp;gt;library(&#x27;upload&#x27;, $config);

    if(!empty($_FILES[&#x27;post_image&#x27;][&#x27;name&#x27;])) {
         if (!$this-&amp;gt;upload-&amp;gt;do_upload(&#x27;post_image&#x27;)) {
             $error = array(&#x27;error&#x27; =&amp;gt; $this-&amp;gt;upload-&amp;gt;display_errors());
         } else {
             $dt = $this-&amp;gt;upload-&amp;gt;data();
             $file = $dt[&#x27;file_name&#x27;];
         }
    } else {
        $file = &#x27;&#x27;;
    }

    $word_dta    = $this-&amp;gt;input-&amp;gt;post(&#x27;post_dt&#x27;);
    $time_posted = time();
    $user_id     = $this-&amp;gt;basic_model-&amp;gt;is_login($this);
    empty($this-&amp;gt;input-&amp;gt;post(&#x27;group_id&#x27;)) ? $group_id   = &#x27;&#x27; : $group_id   = $this-&amp;gt;input-&amp;gt;post(&#x27;group_id&#x27;);
    empty($this-&amp;gt;input-&amp;gt;post(&#x27;c_id&#x27;))     ? $company_id = &#x27;&#x27; : $company_id = $this-&amp;gt;input-&amp;gt;post(&#x27;c_id&#x27;);

    $data_upload = array(
        &#x27;upload_document&#x27; =&amp;gt; $file,
        &#x27;discussion&#x27;      =&amp;gt; $word_dta,
        &#x27;user_id&#x27;         =&amp;gt; $user_id,
        &#x27;group_id&#x27;        =&amp;gt; $group_id,
        &#x27;company_id&#x27;      =&amp;gt; $company_id,
        &#x27;time_posted&#x27;     =&amp;gt; $time_posted,
        &#x27;status&#x27;          =&amp;gt; &#x27;Posted&#x27;
    );

     $post_id = $this-&amp;gt;basic_model-&amp;gt;insertRecord($data_upload, &#x27;forums&#x27;);

$data = array(
         &#x27;file_name&#x27;   =&amp;gt; $file,
         &#x27;data&#x27;        =&amp;gt; $word_dta,
         &#x27;time_posted&#x27; =&amp;gt; $time_posted,
         &#x27;post_id&#x27;     =&amp;gt; $post_id,
         &#x27;name&#x27;        =&amp;gt; $this-&amp;gt;basic_model-&amp;gt;getUserData(),
         &#x27;command&#x27;     =&amp;gt; &#x27;Submit Post&#x27;
     );

     $this-&amp;gt;load-&amp;gt;view(&#x27;forum/includes/get_data&#x27;, $data);
  }
&lt;/code&gt;&lt;/pre&gt;

&lt;p&gt;This is my html form which I have created in views folder&lt;/p&gt;

&lt;pre&gt;&lt;code&gt;&amp;lt;form method=&quot;POST&quot; action=&quot;&quot; id=&quot;postform&quot; enctype=&quot;multipart/form-data&quot; onsubmit=&quot;return false;&quot;&amp;gt;
                &amp;lt;input type=&quot;file&quot; id=&quot;imageFieldId&quot; name=&quot;post_image&quot; /&amp;gt;
                &amp;lt;div id=&quot;contentbox&quot; contenteditable=&quot;true&quot; name=&quot;post_dt&quot;&amp;gt;
                &amp;lt;/div&amp;gt;
                &amp;lt;input type=&quot;submit&quot; id=&quot;sb_art&quot; class=&quot;btn_v2&quot; value=&quot;Start Discussion&quot; /&amp;gt;
            &amp;lt;/form&amp;gt;
&lt;/code&gt;&lt;/pre&gt;

&lt;p&gt;This is my ajax call &lt;/p&gt;

&lt;pre&gt;&lt;code&gt;$(document).ready(function(e) {
$(&quot;#postform&quot;).on(&#x27;submit&#x27;, (function(e) {
    $(&quot;#load&quot;).show();
    var form = this;
    var formData = new FormData(this);
    formData.append(&#x27;post_dt&#x27;, $(&quot;#contentbox&quot;).html());
    $.ajax({
        url         : &quot;http://tfsquare.com/demo/forums/post_forum&quot;,
        type        : &quot;POST&quot;,
        data        : formData,
        contentType : false,
        cache       : false,
        processData : false,
        success     : function(data) {
            $(&quot;#data_update&quot;).prepend($(data).fadeIn(&#x27;slow&#x27;));
            $(&quot;#contentbox&quot;).empty();
            $(&#x27;.no_st&#x27;).css(&#x27;display&#x27;, &#x27;none&#x27;);
            form.reset();
        },
        complete: function() {
            $(&quot;#load&quot;).hide();
        }
    });
}));
});
&lt;/code&gt;&lt;/pre&gt;
');
INSERT INTO question (post_id, topic_id, title) VALUES (11, 1, 'getting file name as null by using var_dump');
INSERT INTO activity (post_content_id, post_id, user_id, action) VALUES (11, 11, 38, 'Create');
INSERT INTO tag (text) VALUES ('php');
INSERT INTO questiontag (question_id, tag_id) VALUES (11, 35);
INSERT INTO tag (text) VALUES ('ajax');
INSERT INTO questiontag (question_id, tag_id) VALUES (11, 36);
INSERT INTO tag (text) VALUES ('codeigniter');
INSERT INTO questiontag (question_id, tag_id) VALUES (11, 37);

INSERT INTO post (current_state, up_score, down_score) VALUES ('Deleted', 0, 0);
INSERT INTO postinstance (post_id, user_id, description) VALUES (12, 24, '&lt;p&gt;I look around for some help for single link list around the web but couldn&#x27;t find the information I needed. What im trying to do is Design and Implement a single linked list with the following operations&lt;/p&gt;

&lt;p&gt;a- Create &quot;n&quot; nodes&lt;/p&gt;

&lt;p&gt;b- Delete from the middle (where im not deleting the middle, but anything else but the start and end node)&lt;/p&gt;

&lt;p&gt;c- Insert in the middle&lt;/p&gt;

&lt;p&gt;I did my &quot;insert&quot; part with a ADD function
but when I get to the delete function, im stuck in how to use a single link list &amp;amp; not a double, because Im trying to break that habit. Anyway here my code, it my delete function that im trying to fix. thanks &lt;/p&gt;

&lt;p&gt;PS: tell me if my add function is also correct, :)&lt;/p&gt;

&lt;pre&gt;&lt;code&gt;#include &amp;lt;iostream&amp;gt;
#include &amp;lt;vector&amp;gt;
using namespace std;

class node
{
public:
    node(int user_input);
    int info;
    node * next_node;

};


node::node(int user_input)
{
    info = user_input;
    next_node = NULL;

}


class link_list
{
public:
    node * start;
    node * end;
    int size;//seperated the attritibute from the method

    link_list(); //default constuctor
    link_list(int value); //value constuctor
    link_list(int value, int num_of_Nodes); //n-ary

    void Add(int store_node);
    void Print(); //non midify
    void insert_at_begining(int value); //while these guys are modify
    void insert_at_end(int value); //
    void insert_at_middle(int delete_node);

    void delete_at_begining();
    void delete_at_end(); //
    void delete_at_middle(int Nodes_store);

private:
    int Number_of_nodeV2;

};

link_list::link_list(int value, int num_of_Nodes) //this 
{
    //if val = 0 &amp;amp; num = 5 we get 5 new nodes

    Number_of_nodeV2 = 0;

    if (num_of_Nodes &amp;lt; 1)
    {
        cout &amp;lt;&amp;lt; &quot;error, please enter correct numbers&quot; &amp;lt;&amp;lt; endl;
    }
    else
    {
        start = new node(value); //this is pointing to node that has value in it.
        //start == NULL;

        node* tracker = start;

        for (int i = 0; i &amp;lt; num_of_Nodes - 1; i++)
        {
            tracker-&amp;gt;next_node = new node(value); //this track each node //-&amp;gt; de-renecen 
            tracker = tracker-&amp;gt;next_node;
        }
    }


}

void link_list::Add(int store_node)
{

    node* tracker = start;
    node* newVal = new node(store_node);



    while (tracker-&amp;gt;next_node != NULL)
    {
        tracker = tracker-&amp;gt;next_node;
    }
    tracker-&amp;gt;next_node = newVal;
}

void link_list::Print()
{
    node* tracker = start;

    while (tracker != NULL)
    {
        cout &amp;lt;&amp;lt; tracker-&amp;gt;info &amp;lt;&amp;lt; endl;
        tracker = tracker-&amp;gt;next_node;
        cout &amp;lt;&amp;lt; size;
    }      
}

void link_list::delete_at_middle(int delete_node)
{
        //int center = 0;
        node* tracker = start;
        node* tracker2 = end;
        node* temp;
        node* temp1;

        temp1 = temp = start;

        if (start == NULL)
        {
            cout &amp;lt;&amp;lt; &quot;the list is empy&quot; &amp;lt;&amp;lt; endl;
        }
        else //this is where I cant seem to answer, thanks
        {
            while (temp != end)
            {
                temp = temp1-&amp;gt;next_node;
                if (temp-&amp;gt;info = delete_node)
                {
                    delete temp;
                    temp1-&amp;gt;next_node = NULL; //ffffffffffff
                }

            }
                tracker = tracker-&amp;gt;next_node;

            for (size_t i = 0; i &amp;lt; length; i++)
            {
                pre = start;
                pre

            }
        //iltertae with tracker until the tracker has hit the center


        }



}


int main() {
    int Nodes_store = 0;
    int delete_node = 0;

    cout &amp;lt;&amp;lt; &quot;please enter the number of nodes&quot; &amp;lt;&amp;lt; endl;
    cin &amp;gt;&amp;gt; Nodes_store;

    cout &amp;lt;&amp;lt; &quot;please enter the number of to delete nodes&quot; &amp;lt;&amp;lt; endl;
    cin &amp;gt;&amp;gt; delete_node;


    link_list list = link_list(0, Nodes_store);
    list.Print();

    //list.delete_at_middle();
    //list.Print();
    //
    //list.insert_at_middle(7);
    //list.Print();
}AS&#x27;
;&#x27;
&lt;/code&gt;&lt;/pre&gt;
');
INSERT INTO question (post_id, topic_id, title) VALUES (12, 1, 'Single Link List delete function in the middle issue');
INSERT INTO activity (post_content_id, post_id, user_id, action) VALUES (12, 12, 24, 'Create');
INSERT INTO questiontag (question_id, tag_id) VALUES (12, 16);
INSERT INTO tag (text) VALUES ('linked-list');
INSERT INTO questiontag (question_id, tag_id) VALUES (12, 38);

INSERT INTO post (current_state, up_score, down_score) VALUES ('Published', 0, 0);
INSERT INTO postinstance (post_id, user_id, description) VALUES (13, 20, '&lt;p&gt;I haven&#x27;t asked many questions on here so sorry if I have laid this question out wrongly.&lt;/p&gt;

&lt;p&gt;I am trying to call the variable AmountOfTickets in the main class. So I can update it with each loop of the while loop. I don&#x27;t know how to properly call the variable without eclipse showing an error.&lt;/p&gt;

&lt;p&gt;This is the class where I have created the variable AmountOfTickets which 
I am trying to update&lt;/p&gt;

&lt;pre&gt;&lt;code&gt;public class TicketHandler {
    public int TicketCost;
    public static int AmountOfTickets;

    public TicketHandler(int TicketCost, int AmountOfTickets){
        this.TicketCost = TicketCost;
        this.AmountOfTickets = AmountOfTickets;
    }

    public TicketHandler() {
        TicketCost = 200;
        AmountOfTickets = 50;
    }

    public int getTicketCost() {
        return TicketCost;
    }

    public void setTicketCost(int ticketCost) {
        TicketCost = ticketCost;
    }

    public static int getAmountOfTickets() {
        return AmountOfTickets;
    }

    public void setAmountOfTickets(int amountOfTickets) {
        AmountOfTickets = amountOfTickets;
    }

    public void ReduceNoOfTickets(int TicketsSold) {
        this.AmountOfTickets = this.AmountOfTickets - TicketsSold;
    }
}
&lt;/code&gt;&lt;/pre&gt;

&lt;p&gt;This is the main program code where I am trying to call the variable and used it&lt;/p&gt;

&lt;pre&gt;&lt;code&gt;import java.util.Scanner;
public class ApplicationProgram {

    static Scanner inKey = new Scanner(System.in);

    public static void main(String[] args) {
        TicketHandler Red = new TicketHandler (200,50);
        TicketHandler Green = new TicketHandler (200,50);
        TicketHandler Blue = new TicketHandler (200,50);
        TicketHandler Yellow = new TicketHandler (200,50);

        boolean running = true;

        //Main menu
        while (running) {
            printMenu();
            int KeyIn = inKey.nextInt();

            //menu
            switch (KeyIn) {
                case 1:{
                    RedRoute();
                    break;
                }
                case 2:{
                    GreenRoute();
                    break;
                }

                case 3:{
                    BlueRoute();
                    break;
                } 
                case 4:{
                    YellowRoute();
                    break;
                }

                case 5:{
                    ShowAvailableTicketsAndPrice();
                    break;
                }

                case 6:{
                    System.out.println(&quot;Do you wish to quit: type Y to confirm&quot;);
                    String quitYN = inKey.next ();
                    //System.out.println(quitYN);
                    if ((quitYN.matches(&quot;Y&quot;)) || (quitYN.matches(&quot;y&quot;))) {
                        System.out.println(&quot;Goodbye\n\n&quot;);
                        running = false;
                        System.exit(0);

                    }
                    break;
                }
                default:{
                    System.out.println(&quot;Not a valid option, try again.&quot;);
                    break;
                }
            }
        }
    }

    public static void printMenu(){
        System.out.println(&quot;Bus Tickets&quot;);
        System.out.println(&quot;---- ----&quot;);
        System.out.println(&quot;1. \tRedRoute&quot;);
        System.out.println(&quot;2. \tGreenRoute&quot;);
        System.out.println(&quot;3. \tBlueRoute&quot;);
        System.out.println(&quot;4. \tYellowRoute&quot;);
        System.out.println(&quot;5. \tShowAvailableTicketsAndPrice&quot;);
        System.out.println(&quot;6. \tQuit&quot;);
    }

    public static void RedRoute(){
        Scanner Red = new Scanner(System.in);
        System.out.println();
        int count = 200;
        while (count &amp;lt;= 200) {
            System.out.println(&quot;Insert £&quot; + count);
            int KeyIn = Red.nextInt();
            count = count - KeyIn;

            if (count == 0){
                System.out.println(&quot;Enjoy&quot;);
                break;
            }
        }
    }

    public static void GreenRoute(){

        Scanner Red = new Scanner(System.in);
        System.out.println();
        int count = 200;
        while (count &amp;lt;= 200){
            System.out.println(&quot;Insert £&quot; + count);
            int KeyIn = Red.nextInt();
            count = count - KeyIn;

            if (count == 0){
                System.out.println(&quot;Enjoy&quot;);
                break;
            }
        }
    }   

    public static void BlueRoute(){

        Scanner Red = new Scanner(System.in);
        System.out.println();
        int moneyin = 200;
        while (moneyin &amp;lt;= 200){
            System.out.println(&quot;Insert £&quot; + moneyin);
            int KeyIn = Red.nextInt();
            moneyin = moneyin - KeyIn;

            if (moneyin == 0){
                System.out.println(&quot;Enjoy&quot;);
                AmountOfTickets = get.AmountOfTickets - 1
                break;
            }
        }
    }

    public static void YellowRoute(){

        Scanner Red = new Scanner(System.in);
        System.out.println();
        int count = 200;
        while (count &amp;lt;= 200) {
            System.out.println(&quot;Insert £&quot; + count);
            int KeyIn = Red.nextInt();
            count = count - KeyIn;

            if (count == 0){
                System.out.println(&quot;Enjoy&quot;);
                break;
            }
        }
    }

    public static void ShowAvailableTicketsAndPrice(){
        System.out.println(&quot;Routes available:&quot;);
        System.out.println(&quot;\tRed route, Tickets left: &quot;+  &quot;Price: &quot;);
        System.out.println(&quot;\tBlue route, Tickets left: &quot; + &quot;Price: &quot;);
        System.out.println(&quot;\tGreen route, Tickets left: &quot; + &quot;Price: &quot;);
        System.out.println(&quot;\tYellow route, Tickets left: &quot; + &quot;Price: &quot;);
    }
}
&lt;/code&gt;&lt;/pre&gt;

&lt;p&gt;Thank you.&lt;/p&gt;
');
INSERT INTO question (post_id, topic_id, title) VALUES (13, 1, 'I am trying to call a variable from a different class so I can update the variable');
INSERT INTO activity (post_content_id, post_id, user_id, action) VALUES (13, 13, 20, 'Create');
INSERT INTO questiontag (question_id, tag_id) VALUES (13, 26);
INSERT INTO tag (text) VALUES ('oop');
INSERT INTO questiontag (question_id, tag_id) VALUES (13, 39);

INSERT INTO post (current_state, up_score, down_score) VALUES ('Published', 0, 0);
INSERT INTO postinstance (post_id, user_id, description) VALUES (14, 29, '&lt;p&gt;I am relatively new to android programming, I want to create a pdf reader that calls the inbuilt file manager to select pdf file and then display the pdf file in a second class. Here is my code so far still having issues, i think second activity is unable to get the selected pdf file and I am unable to fix this error&lt;/p&gt;

&lt;pre&gt;&lt;code&gt;     MainActivity

     package com.example.user.projectapp;

     import android.app.Activity;
     import android.app.ListActivity;
     import android.content.Context;
     import android.content.Intent;
     import android.database.Cursor;
     import android.net.Uri;
     import android.provider.OpenableColumns;
     import android.support.v7.app.AppCompatActivity;
     import android.os.Bundle;
     import android.util.Log;
     import android.view.View;
     import android.widget.ArrayAdapter;
     import android.widget.ListView;

     import java.io.File;
     import java.io.IOException;
     import java.io.InputStream;
     import java.net.URI;
     import java.net.URISyntaxException;
     import java.util.ArrayList;
     import java.util.Collections;
     import java.util.List;

     public class MainActivity extends AppCompatActivity {

     public static String path;
     private static final int PICKFILE_REQUEST_CODE = 0;
     File tempFile;

     @Override
     protected void onCreate(Bundle savedInstanceState) {
     super.onCreate(savedInstanceState);
     setContentView(R.layout.activity_main);
     getFile();
     }

      public void getFile() {

      Intent intent = new Intent(Intent.ACTION_GET_CONTENT);
      intent.setType(&quot;application/pdf&quot;);
      path = intent.getStringExtra(&quot;path&quot;);
      intent.putExtra(&quot;path&quot;,path);
      startActivityForResult(intent, PICKFILE_REQUEST_CODE);
      }

      Second Activity


      package com.example.user.projectapp;

      import android.annotation.TargetApi; 
      import android.content.Intent;
      import android.graphics.Bitmap;
      import android.graphics.pdf.PdfRenderer;
      import android.os.Build;
      import android.os.Environment;
      import android.os.ParcelFileDescriptor;
      import android.support.v7.app.AppCompatActivity;
      import android.os.Bundle;
      import android.view.View;
      import android.widget.Button;
      import android.widget.ImageView;

      import java.io.File;


      public class Main2Activity extends AppCompatActivity {

      int pagecount = -1;
      Button buttonnext, buttonprevious;
      ImageView imageView;

      @Override
      protected void onCreate(Bundle savedInstanceState) {
      super.onCreate(savedInstanceState);
      setContentView(R.layout.activity_main2);

      buttonnext = (Button) findViewById(R.id.button1);
      buttonprevious = (Button) findViewById(R.id.button2);
      imageView = (ImageView) findViewById(R.id.imageview);


      buttonnext.setOnClickListener(new View.OnClickListener() {
        @Override
        public void onClick(View view) {
            pagecount++;

            render();

        }
       });
     buttonprevious.setOnClickListener(new View.OnClickListener() {
        @Override
        public void onClick(View view) {
            pagecount--;

            render();
        }
       });

       }

       @TargetApi(Build.VERSION_CODES.LOLLIPOP)
       public void render() {

       try {
        int width = imageView.getWidth();
        int height = imageView.getHeight();
        Bitmap bitmap = Bitmap.createBitmap(width, height,                Bitmap.Config.ARGB_4444);

        Intent intent = getIntent();
        String data = intent.getStringExtra(&quot;path&quot;);
        File file = new File(data);

        PdfRenderer renderer = new              PdfRenderer(ParcelFileDescriptor.open(file, ParcelFileDescriptor.MODE_READ_ONLY));

        if (pagecount &amp;lt; 0) {
            pagecount = 0;
        } else if (pagecount &amp;gt; renderer.getPageCount()) {
            pagecount = renderer.getPageCount() - 1;
        }
        renderer.openPage(pagecount).render(bitmap, null, null, PdfRenderer.Page.RENDER_MODE_FOR_DISPLAY);
        imageView.setImageBitmap(bitmap);
        imageView.invalidate();

    } catch (Exception e) {
        e.printStackTrace();
    }
    }

    @Override
    public void onBackPressed() {
    super.onBackPressed();
    Intent intent = new Intent(this, MainActivity.class);
    startActivity(intent);

    }
    }
&lt;/code&gt;&lt;/pre&gt;

&lt;p&gt;And the Logcat gives&lt;/p&gt;

&lt;pre&gt;&lt;code&gt;    03-28 17:19:33.387 2492-2492/com.example.user.projectapp W/System.err: java.lang.NullPointerException: Attempt to invoke virtual method &#x27;char[] java.lang.String.toCharArray()&#x27; on a null object reference
    03-28 17:19:33.400 2492-2492/com.example.user.projectapp W/System.err:     at java.io.File.fixSlashes(File.java:185)
    03-28 17:19:33.400 2492-2492/com.example.user.projectapp W/System.err:     at java.io.File.&amp;lt;init&amp;gt;(File.java:134)
    03-28 17:19:33.401 2492-2492/com.example.user.projectapp W/System.err:     at com.example.user.projectapp.Main2Activity.render(Main2Activity.java:69)
    03-28 17:19:33.401 2492-2492/com.example.user.projectapp W/System.err:     at com.example.user.projectapp.Main2Activity$1.onClick(Main2Activity.java:42)
    03-28 17:19:33.401 2492-2492/com.example.user.projectapp W/System.err:     at android.view.View.performClick(View.java:4764)
    03-28 17:19:33.401 2492-2492/com.example.user.projectapp W/System.err:     at android.view.View$PerformClick.run(View.java:19844)
    03-28 17:19:33.401 2492-2492/com.example.user.projectapp W/System.err:     at android.os.Handler.handleCallback(Handler.java:739)
    03-28 17:19:33.401 2492-2492/com.example.user.projectapp W/System.err:     at android.os.Handler.dispatchMessage(Handler.java:95)
    03-28 17:19:33.401 2492-2492/com.example.user.projectapp W/System.err:     at android.os.Looper.loop(Looper.java:135)
    03-28 17:19:33.401 2492-2492/com.example.user.projectapp W/System.err:     at android.app.ActivityThread.main(ActivityThread.java:5351)
    03-28 17:19:33.401 2492-2492/com.example.user.projectapp W/System.err:     at java.lang.reflect.Method.invoke(Native Method)
    03-28 17:19:33.401 2492-2492/com.example.user.projectapp W/System.err:     at java.lang.reflect.Method.invoke(Method.java:372)
    03-28 17:19:33.401 2492-2492/com.example.user.projectapp W/System.err:     at com.android.internal.os.ZygoteInit$MethodAndArgsCaller.run(ZygoteInit.java:908)
    03-28 17:19:33.401 2492-2492/com.example.user.projectapp W/System.err:     at com.android.internal.os.ZygoteInit.main(ZygoteInit.java:703)
&lt;/code&gt;&lt;/pre&gt;

&lt;p&gt;Code Modified to be based on one activity only......
yet onActivityResult does not return a result, I &lt;/p&gt;

&lt;pre&gt;&lt;code&gt;File myFile;
public static String result;
public String path;
private static final int PICKFILE_REQUEST_CODE = 12;
int pagecount = -1;
Button buttonnext, buttonprevious;
ImageView imageView;
@Override
protected void onCreate(Bundle savedInstanceState) {
    super.onCreate(savedInstanceState);
    setContentView(R.layout.activity_main);
    getFile();

    buttonnext = (Button) findViewById(R.id.button1);
    buttonprevious = (Button) findViewById(R.id.button2);
    imageView = (ImageView) findViewById(R.id.imageview);


    buttonnext.setOnClickListener(new View.OnClickListener() {
        @Override
        public void onClick(View view) {
            pagecount++;

            render();

        }
    });
    buttonprevious.setOnClickListener(new View.OnClickListener() {
        @Override
        public void onClick(View view) {
            pagecount--;

            render();
        }
    });

}
public void getFile() {

    Intent intent = new Intent(Intent.ACTION_GET_CONTENT);
    intent.setType(&quot;application/pdf&quot;);
    //intent.setType(&quot;image/&quot;);
    // path = intent.getStringExtra(&quot;path&quot;);
     //intent.putExtra(&quot;path&quot;,path);
    //intent.addCategory(Intent.CATEGORY_OPENABLE);
    startActivityForResult(intent, 12);
}
@Override
protected void onActivityResult(int requestCode, int resultCode, Intent data) {
    super.onActivityResult(requestCode, resultCode, data);
    if (requestCode==12){
        if (data != null){
            Toast.makeText(this,&quot;file selected&quot;,Toast.LENGTH_LONG).show();
          // result=data.getStringExtra(&quot;data&quot;);
            Uri uri=data.getData();
          //  String uriString = uri.toString();
             myFile = new File(uri.toString());
            path = myFile.getAbsolutePath();
           // result=data.toString();
           // URI uri=data.getParcelableExtra(path);
           // path=fileUri.toString();
            this.render();
        }

    }

}
@TargetApi(Build.VERSION_CODES.LOLLIPOP)
public void render() {

    try {
        int width = imageView.getWidth();
        int height = imageView.getHeight();
        Bitmap bitmap = Bitmap.createBitmap(width, height, Bitmap.Config.ARGB_4444);

        //Intent intent = getIntent();
        //String path = intent.getStringExtra(&quot;path&quot;);

        // Uri uri = Uri.parse(uri_Str);
         File file = new File(path);
        //File storage = Environment.getExternalStorageDirectory();
        // intent.setFlags(Intent.FLAG_ACTIVITY_REORDER_TO_FRONT);


        PdfRenderer renderer = new PdfRenderer(ParcelFileDescriptor.open(file, ParcelFileDescriptor.MODE_READ_ONLY));

        if (pagecount &amp;lt; 0) {
            pagecount = 0;
        } else if (pagecount &amp;gt; renderer.getPageCount()) {
            pagecount = renderer.getPageCount() - 1;
        }

        // Matrix m = imageView.getImageMatrix();
        // Rect rect=new Rect(0,0,width,height);
        renderer.openPage(pagecount).render(bitmap, null, null, PdfRenderer.Page.RENDER_MODE_FOR_DISPLAY);
        //imageView.setImageMatrix(m);
        imageView.setImageBitmap(bitmap);
        imageView.invalidate();

    } catch (Exception e) {
        e.printStackTrace();
    }
}
}
&lt;/code&gt;&lt;/pre&gt;

&lt;p&gt;And the logcat error...&lt;/p&gt;

&lt;pre&gt;&lt;code&gt;    03-29 11:32:47.276 21674-21674/com.example.user.newtry W/System.err: java.io.FileNotFoundException: No such file or directory
    03-29 11:32:47.283 21674-21674/com.example.user.newtry W/System.err:     at android.os.Parcel.openFileDescriptor(Native Method)
    03-29 11:32:47.283 21674-21674/com.example.user.newtry W/System.err:     at android.os.ParcelFileDescriptor.openInternal(ParcelFileDescriptor.java:253)
    03-29 11:32:47.283 21674-21674/com.example.user.newtry W/System.err:     at      android.os.ParcelFileDescriptor.open(ParcelFileDescriptor.java:199)
&lt;/code&gt;&lt;/pre&gt;
');
INSERT INTO question (post_id, topic_id, title) VALUES (14, 1, 'How to select a PDF file using startActivityForResult intent and return result in a second class');
INSERT INTO activity (post_content_id, post_id, user_id, action) VALUES (14, 14, 29, 'Create');
INSERT INTO questiontag (question_id, tag_id) VALUES (14, 26);
INSERT INTO questiontag (question_id, tag_id) VALUES (14, 13);

INSERT INTO post (current_state, up_score, down_score) VALUES ('Published', 0, 0);
INSERT INTO postinstance (post_id, user_id, description) VALUES (15, 27, '&lt;p&gt;Here is my code:&lt;/p&gt;

&lt;pre&gt;&lt;code&gt;Dim strContents, objRegx, mkey, objShell, objUser, objFile
Set objShell = CreateObject(&quot;WScript.Shell&quot;)
Set objRegx = New RegExp
Set objFSO = CreateObject(&quot;Scripting.FileSystemObject&quot;)
Set objString = CreateObject(&quot;Scripting.Dictionary&quot;)
Set objUser = CreateObject(&quot;Wscript.Network&quot;)
Set objPath = objFSO.BuildPath(CurrentDirectory, &quot;&quot;&quot;new 1.cmd&quot;&quot;&quot;)

objRegx.Pattern = &quot;\[(.*?)\]&quot;
objRegx.IgnoreCase = True
objRegx.Global = True

WScript.Echo &quot;Acquiring data ...&quot;
objShell.Run objPath, 1, True

Set objFile = objFSO.OpenTextFile(&quot;c:\windows\temp\plik1.txt&quot;)

strContents = objFile.ReadAll

mkey = objRegx.Replace(strContents, &quot;&quot;)

WScript.Echo mkey

objFile.Close
&lt;/code&gt;&lt;/pre&gt;

&lt;p&gt;I am not sure why I am getting this error when running the script.&lt;/p&gt;
');
INSERT INTO question (post_id, topic_id, title) VALUES (15, 1, 'Microsoft VBscript runtime error: Object required: &#39;[string: &quot;&quot;&quot;new 1.cmd&quot;&quot;&quot;]&#39; . Not sure that exactly is causing this to happen');
INSERT INTO activity (post_content_id, post_id, user_id, action) VALUES (15, 15, 27, 'Create');
INSERT INTO tag (text) VALUES ('vbscript');
INSERT INTO questiontag (question_id, tag_id) VALUES (15, 40);

INSERT INTO post (current_state, up_score, down_score) VALUES ('Published', 0, 0);
INSERT INTO postinstance (post_id, user_id, description) VALUES (16, 48, '&lt;p&gt;This is my &lt;a href=&quot;https://www.towncitycards.com/webservice_action.php?action=all_products&quot; rel=&quot;nofollow noreferrer&quot;&gt;web service&lt;/a&gt;&lt;/p&gt;

&lt;p&gt;where I want to get map_icon, longitude, latitude dynamically from given web service. I am stuck at this point. How can I do this please help me out. 
&lt;strong&gt;In old code what is done is get longitude, latitude, post_title from web service on the basis of id and then assign image statically.&lt;/strong&gt;&lt;/p&gt;

&lt;hr&gt;

&lt;p&gt;&lt;strong&gt;Frnt_mapActivity.java&lt;/strong&gt;&lt;/p&gt;

&lt;pre&gt;&lt;code&gt;public class Frnt_mapActivity extends Activity {

public String Shop_title;
public String Shop_address;
public String Shop_icons;
ProgressDialog mDialog;
JSONObject jsonobject3;
JSONArray jsonarray3;
// Google Map
private static GoogleMap googlemap;
public static ArrayList&amp;lt;SearchBeams&amp;gt; searchdata_list;
public static ArrayList&amp;lt;NormalSearchBeams&amp;gt; normlSearchList;
ArrayList&amp;lt;All_products_lat_long&amp;gt; venueList;

private int i;
private Intent intent;
HashMap&amp;lt;Marker, Integer&amp;gt; hashMap=new HashMap&amp;lt;Marker, Integer&amp;gt;();
@Override
protected void onCreate(Bundle savedInstanceState) {
    super.onCreate(savedInstanceState);
    setContentView(R.layout.frnt_map_activity);

    googlemap=((MapFragment)getFragmentManager().findFragmentById(R.id.places_map)).getMap();
    googlemap.setMapType(GoogleMap.MAP_TYPE_NORMAL);
    googlemap.setMyLocationEnabled(true);
    googlemap.getUiSettings().setZoomControlsEnabled(true);
    googlemap.getUiSettings().setMyLocationButtonEnabled(true);
    googlemap.getUiSettings().setCompassEnabled(true);
    googlemap.getUiSettings().setRotateGesturesEnabled(true);
    googlemap.getUiSettings().setZoomGesturesEnabled(true);
    googlemap.setMyLocationEnabled(true);
    intent=new Intent(Frnt_mapActivity.this,MainActivity.class);
    googlemap.setOnInfoWindowClickListener(new OnInfoWindowClickListener() {

        @Override
        public void onInfoWindowClick(Marker arg0) {
            i=hashMap.get(arg0);
            intent.putExtra(&quot;PRODUCT_ID&quot;, venueList.get(i).getId());
            startActivity(intent);
            //overridePendingTransition( R.anim.slide_right, R.anim.slide_left );
        }
    });


    new Frnt_mIcons_Activity().execute();


}

class AddMarkerAsyncTask extends AsyncTask&amp;lt;String,String,String&amp;gt;{

    private All_products_lat_long venue;
    private int k;
    BitmapDescriptor bd=null;

    AddMarkerAsyncTask(All_products_lat_long venue,int k){
        this.venue=venue;
        this.k=k;
    }




    @Override
    protected String doInBackground(String... strings) {
        try{
            bd=BitmapDescriptorFactory.fromBitmap(Glide.
                    with(Frnt_mapActivity.this).
                    load(venue.getMap_icon()).
                    asBitmap().
                    into(100, 100). // Width and height
                    get());
        }catch (Exception e){
            bd=null;
            e.printStackTrace();

        }

        return null;
    }

    @Override
    protected void onPostExecute(String s) {
        super.onPostExecute(s);

        try{
            if(bd!=null){
                Marker marker=googlemap.addMarker(new MarkerOptions()
                        .position(new LatLng(Double.parseDouble(venue.getLatitude()), Double.parseDouble(venue.getLongitude())))
                        .title(venue.getPost_title())
                        .icon(bd));
                hashMap.put(marker, k);
            }

        }catch (Exception e){
            e.printStackTrace();
        }


    }
}


private void addMarkers() {




    for(int k=0; k&amp;lt;venueList.size(); k += 1){

        //nirmal
        try{
            Log.e(&quot;nirmal&quot;,venueList.get(k).getMap_icon());

            //new AddMarkerAsyncTask(venueList.get(k),k).execute();

            double ln = Double.parseDouble(venueList.get(k).getLongitude());
            double la = Double.parseDouble(venueList.get(k).getLatitude());
                /*String title=venueList.get(k).getPost_title()==null?&quot;&quot;:venueList.get(k).getPost_title();
                URL url = new URL(venueList.get(k).getMap_icon());
                Bitmap image = BitmapFactory.decodeStream(url.openConnection().getInputStream());
                BitmapDescriptor bd=BitmapDescriptorFactory.fromBitmap(image);*/


                /*Marker marker=googlemap.addMarker(new MarkerOptions()
                        .position(new LatLng(la, ln))
                        .title(title)
                        .icon(bd));
                hashMap.put(marker, k);*/

            switch (Integer.parseInt(venueList.get(k).getId()))
            {
                case 5689 :
                    Marker marker=googlemap.addMarker(new MarkerOptions()
                            .position(new LatLng(la, ln))
                            .title(venueList.get(k).getPost_title())
                            .icon(BitmapDescriptorFactory.fromResource(R.drawable.fruitandveg)));
                    hashMap.put(marker, k);
                    break;
                case 5779 :
                    Marker marker1=googlemap.addMarker(new MarkerOptions()
                            .position(new LatLng(la, ln))
                            .title(venueList.get(k).getPost_title())
                            .icon(BitmapDescriptorFactory.fromResource(R.drawable.coffee)));
                    hashMap.put(marker1, k);
                    break;
                case 5798 :
                    Marker marker3 = googlemap.addMarker(new MarkerOptions()
                            .position(new LatLng(la, ln))
                            .title(venueList.get(k).getPost_title())
                            .icon(BitmapDescriptorFactory.fromResource(R.drawable.takeaway)));
                    hashMap.put(marker3, k);
                    break;
                case 5810 :
                    Marker marker4 = googlemap.addMarker(new MarkerOptions()
                            .position(new LatLng(la, ln))
                            .title(venueList.get(k).getPost_title())
                            .icon(BitmapDescriptorFactory.fromResource(R.drawable.restaurant_steakhouse)));
                    hashMap.put(marker4, k);
                    break;
                case 6005 :
                    Marker marker5 = googlemap.addMarker(new MarkerOptions()
                            .position(new LatLng(la, ln))
                            .title(venueList.get(k).getPost_title())
                            .icon(BitmapDescriptorFactory.fromResource(R.drawable.clambers_playcentre)));
                    hashMap.put(marker5, k);
                    break;
                case 6011 :
                    Marker marker6 = googlemap.addMarker(new MarkerOptions()
                            .position(new LatLng(la, ln))
                            .title(venueList.get(k).getPost_title())
                            .icon(BitmapDescriptorFactory.fromResource(R.drawable.thetruecrimemuseum)));
                    hashMap.put(marker6, k);

                    break;
                .........
                ...........
                ............
                default :
                    break;
            }

        }catch (Exception e){
            Log.e(&quot;addMarkers&quot;,k+&quot;&quot;);
            e.printStackTrace();
        }


    }
}

/******************FOR MAP******************/
class Frnt_mIcons_Activity extends AsyncTask&amp;lt;String, String, String&amp;gt; {

    public ArrayList&amp;lt;All_products_lat_long&amp;gt; maplist;


    @Override
    protected void onPreExecute() {
        mDialog = new ProgressDialog(Frnt_mapActivity.this);
        mDialog.setMessage(&quot;Loading...&quot;);
        mDialog.setCancelable(false);
        mDialog.show();
        super.onPreExecute();
    }




    // Slow Implementation
    private String inputStreamToString(InputStream is) {
        String s = &quot;&quot;;
        String line = &quot;&quot;;
        // Wrap a BufferedReader around the InputStream
        BufferedReader rd = new BufferedReader(new InputStreamReader(is));
        // Read response until the end
        try {
            while ((line = rd.readLine()) != null) {
                s += line;
            }
        } catch (IOException e) {
            // TODO Auto-generated catch block
            e.printStackTrace();
        }
        // Return full string
        return s;
    }


    @Override
    protected String doInBackground(String... params) {
        // TODO Auto-generated method stub  
        maplist = new ArrayList&amp;lt;All_products_lat_long&amp;gt;();

        HostnameVerifier hostnameVerifier = org.apache.http.conn.ssl.SSLSocketFactory.ALLOW_ALL_HOSTNAME_VERIFIER;

        DefaultHttpClient client = new DefaultHttpClient();

        SchemeRegistry registry = new SchemeRegistry();
        SSLSocketFactory socketFactory = SSLSocketFactory.getSocketFactory();
        socketFactory.setHostnameVerifier((X509HostnameVerifier) hostnameVerifier);
        registry.register(new Scheme(&quot;http&quot;, socketFactory, 443));
        SingleClientConnManager mgr = new SingleClientConnManager(client.getParams(), registry);
        DefaultHttpClient httpClient = new DefaultHttpClient(mgr, client.getParams());



  // Set verifier
                HttpsURLConnection.setDefaultHostnameVerifier(hostnameVerifier);
        HttpPost httpPost = new HttpPost(&quot;http://towncitycards.com/webservice_action.php?action=all_products&quot;);

        try{

            HttpResponse response = httpClient.execute(httpPost);
            String data = inputStreamToString(response.getEntity().getContent());
            jsonobject3 = new JSONObject(data);
            jsonarray3 = new JSONArray(jsonobject3.getString(&quot;all_products&quot;));
            venueList =new ArrayList&amp;lt;All_products_lat_long&amp;gt;();
            for(int j=0; j&amp;lt;jsonarray3.length();j++){
                JSONObject itemobj = jsonarray3.getJSONObject(j);
                //SHOW SEARCH RESULT
                All_products_lat_long searchItems = new All_products_lat_long();

                searchItems.setId(itemobj.getString(&quot;ID&quot;));
                searchItems.setPost_title(itemobj.getString(&quot;post_title&quot;));
                searchItems.setMap_icon(itemobj.getString(&quot;map_icon&quot;));
                searchItems.setLongitude(itemobj.getString(&quot;longitude&quot;));
                searchItems.setLatitude(itemobj.getString(&quot;latitude&quot;));
                //          System.out.println(&quot;######Ashish is object &amp;gt;&amp;gt;&quot;+itemobj);
                venueList.add(searchItems);
                //      System.out.println(&quot;SEARCHLISTSS@@@@@@@&quot;+venueList.get(j).getLongitude());
            }
        }catch(Exception e){
            e.printStackTrace();
        }
        return null;
    }


    @Override
    public void onPostExecute(String result) {
        super.onPostExecute(result);

        //System.out.println(&quot;SEARCHLISTSS@@@@@@@&quot;+venueList);
        //System.out.println(&quot;AAAAAAAAAAAAAAAAAAAAAAAAAAA&quot;+venueList);
        try{
            if(venueList.size()&amp;gt;0)
            {
                addMarkers();
//              Toast.makeText(Frnt_mapActivity.this,&quot;Search for the venue11.&quot;,Toast.LENGTH_SHORT).show();

            }
            else
                Toast.makeText(Frnt_mapActivity.this,&quot;Search for the venue.&quot;,Toast.LENGTH_SHORT).show();
            //LatLng coordinate = new LatLng(22.75852160, 75.8911550);
            LatLng coordinate = new LatLng(50.85514, 0.58382);
            CameraUpdate yourLocation = CameraUpdateFactory.newLatLngZoom(coordinate, 18);
            googlemap.animateCamera(yourLocation);
            for (int i = 0; i &amp;lt; jsonarray3.length(); i++) {

                jsonobject3 = jsonarray3.getJSONObject(i);

                Shop_title = jsonobject3.optString(&quot;post_title&quot;);
                Shop_address = jsonobject3.optString(&quot;map_icon&quot;);
                Shop_icons = jsonobject3.optString(&quot;map_icon&quot;);
                //}
            }


        }catch(Exception e){
            e.printStackTrace();
        }

        if(mDialog!=null &amp;amp;&amp;amp; mDialog.isShowing()){
            mDialog.dismiss();
        }
    }
}
&lt;/code&gt;&lt;/pre&gt;

&lt;p&gt;}&lt;/p&gt;
');
INSERT INTO question (post_id, topic_id, title) VALUES (16, 1, 'How to get Google map (map_icon, title, latitude, longitude) dynamically from webservice');
INSERT INTO activity (post_content_id, post_id, user_id, action) VALUES (16, 16, 48, 'Create');
INSERT INTO questiontag (question_id, tag_id) VALUES (16, 13);
INSERT INTO tag (text) VALUES ('web-services');
INSERT INTO questiontag (question_id, tag_id) VALUES (16, 41);
INSERT INTO tag (text) VALUES ('google-maps');
INSERT INTO questiontag (question_id, tag_id) VALUES (16, 42);

INSERT INTO post (current_state, up_score, down_score) VALUES ('Published', 2, 0);
INSERT INTO postinstance (post_id, user_id, description) VALUES (17, 41, '&lt;p&gt;I would like to avoid to use .subscribe() in this component.
I tried &lt;code&gt;*ngIf=&quot;user$ | async as user&quot;&lt;/code&gt; but it did not work.&lt;/p&gt;

&lt;p&gt;&lt;strong&gt;How can I make a local variable with &lt;code&gt;user$ | async&lt;/code&gt; un order to use it at different places in this view?&lt;/strong&gt;&lt;/p&gt;

&lt;pre class=&quot;lang-html prettyprint-override&quot;&gt;&lt;code&gt;&amp;lt;app-xpbar *ngIf=&quot;user$ | async&quot;&amp;gt;&amp;lt;/app-xpbar&amp;gt;

&amp;lt;header class=&quot;header&quot;&amp;gt;

  &amp;lt;app-header-common
    (onSearch)=&quot;searching($event)&quot;&amp;gt;
  &amp;lt;/app-header-common&amp;gt;

  &amp;lt;app-header-user
    [user]=&quot;user$ | async&quot;
    (onLogin)=&quot;login($event)&quot;
    (onTrial)=&quot;trial($event)&quot;&amp;gt;
  &amp;lt;/app-header-user&amp;gt;

&amp;lt;/header&amp;gt;
&lt;/code&gt;&lt;/pre&gt;


');
INSERT INTO question (post_id, topic_id, title) VALUES (17, 1, 'How to avoid having 2 times | async in this situation (4.0.0)?');
INSERT INTO activity (post_content_id, post_id, user_id, action) VALUES (17, 17, 41, 'Create');
INSERT INTO tag (text) VALUES ('angular2');
INSERT INTO questiontag (question_id, tag_id) VALUES (17, 43);
INSERT INTO tag (text) VALUES ('subscription');
INSERT INTO questiontag (question_id, tag_id) VALUES (17, 44);
INSERT INTO activity (post_id, user_id, activity) VALUES (17, 41, 'Upvote');
INSERT INTO activity (post_id, user_id, activity) VALUES (17, 41, 'Upvote');

INSERT INTO post (current_state, up_score, down_score) VALUES ('Published', 0, 0);
INSERT INTO postinstance (post_id, user_id, description) VALUES (18, 19, '&lt;p&gt;i&#x27;m trying to insert data from a form into two tables in db. &lt;/p&gt;

&lt;pre&gt;&lt;code&gt;public ActionResult Cr([Bind(Include = &quot;id,name,time&quot;)] appointment appointment, [Bind(Include = &quot;pid,phone&quot;)] customer customer , string submit)
        {
        string str1 = &quot;Insert Into appointment.id, appointment.name, appointment.time Values id,name,time&quot;
        string str2= &quot;Insert Into customer.pid, customer.phone Values pid,phone&quot;
        var Query = dbb.Database.SqlQuery&amp;lt;ViewModel.custapp&amp;gt;(str1).ToList();
        var Query = dbb.Database.SqlQuery&amp;lt;ViewModel.custapp&amp;gt;(str2).ToList();
        return View(&quot;Index&quot;);
        }
&lt;/code&gt;&lt;/pre&gt;

&lt;p&gt;I am not sure if my code is wrong but the data are not inserted in the tables.&lt;/p&gt;
');
INSERT INTO question (post_id, topic_id, title) VALUES (18, 1, 'Raw SQL &#39;Insert Into&#39; in ASP MVC');
INSERT INTO activity (post_content_id, post_id, user_id, action) VALUES (18, 18, 19, 'Create');
INSERT INTO tag (text) VALUES ('c#');
INSERT INTO questiontag (question_id, tag_id) VALUES (18, 45);
INSERT INTO tag (text) VALUES ('mysql');
INSERT INTO questiontag (question_id, tag_id) VALUES (18, 46);
INSERT INTO tag (text) VALUES ('sql');
INSERT INTO questiontag (question_id, tag_id) VALUES (18, 47);
INSERT INTO questiontag (question_id, tag_id) VALUES (18, 19);

INSERT INTO post (current_state, up_score, down_score) VALUES ('Published', 0, 0);
INSERT INTO postinstance (post_id, user_id, description) VALUES (19, 6, '&lt;p&gt;Please, explain the difference between card network like Visa, MasterCard, AmericanExpress, Discovery and interbank networks like Pulse, Star, Nyce, Accel, how they are connected with each other and can the same card card be both e.g. MasterCard and Nyce simultaneously?&lt;/p&gt;
');
INSERT INTO question (post_id, topic_id, title) VALUES (19, 1, 'What is the difference between (VIsa, MasterCard, Discovery, AmericanExpress) and (PULSE, STAR, NYCE)');
INSERT INTO activity (post_content_id, post_id, user_id, action) VALUES (19, 19, 6, 'Create');
INSERT INTO tag (text) VALUES ('credit-card');
INSERT INTO questiontag (question_id, tag_id) VALUES (19, 48);
INSERT INTO tag (text) VALUES ('visa');
INSERT INTO questiontag (question_id, tag_id) VALUES (19, 49);
INSERT INTO tag (text) VALUES ('mastercard');
INSERT INTO questiontag (question_id, tag_id) VALUES (19, 50);

INSERT INTO post (current_state, up_score, down_score) VALUES ('Published', 0, 0);
INSERT INTO postinstance (post_id, user_id, description) VALUES (20, 21, '&lt;p&gt;using CoordinatorLayout and appbarlayout,there are four views in appbarlayout,A、B 、C and D. and then a scrollview . when scrolling, i want A out of screen (easy),B stay on the top（easy）, C out the screen ,D stay below B .&lt;/p&gt;

&lt;p&gt;before scroll &lt;a href=&quot;https://i.stack.imgur.com/O388G.png&quot; rel=&quot;nofollow noreferrer&quot;&gt;enter image description here&lt;/a&gt;&lt;/p&gt;

&lt;p&gt;after scroll  &lt;/p&gt;

&lt;p&gt;&lt;a href=&quot;https://i.stack.imgur.com/OAG7W.png&quot; rel=&quot;nofollow noreferrer&quot;&gt;enter image description here&lt;/a&gt;&lt;/p&gt;
');
INSERT INTO question (post_id, topic_id, title) VALUES (20, 1, 'AppbarLayout part scroll');
INSERT INTO activity (post_content_id, post_id, user_id, action) VALUES (20, 20, 21, 'Create');
INSERT INTO questiontag (question_id, tag_id) VALUES (20, 13);
INSERT INTO tag (text) VALUES ('android-appbarlayout');
INSERT INTO questiontag (question_id, tag_id) VALUES (20, 51);

INSERT INTO post (current_state, up_score, down_score) VALUES ('Published', -1, 0);
INSERT INTO postinstance (post_id, user_id, description) VALUES (21, 17, '&lt;p&gt;being new to VBA I have made a (probably long winded) piece of code.&lt;/p&gt;

&lt;p&gt;I tried to change it so that on the output file it is only 1 page wide, but have somehow mucked it all up.&lt;/p&gt;

&lt;p&gt;Can someone help please.&lt;/p&gt;

&lt;p&gt;In a nutshell, it filters the data for each store code, creates a pdf attachment and emails the store with the data&lt;/p&gt;

&lt;p&gt;also posted in mrexcel&lt;/p&gt;

&lt;pre&gt;&lt;code&gt;Sub StoreAttendanceSplit()
    Dim OutApp As Outlook.Application
    Dim OutMail As Outlook.MailItem
    Dim rng As Range
    Dim Ash As Worksheet
    Dim Cws As Worksheet
    Dim Rcount As Long
    Dim Rnum As Long
    Dim FilterRange As Range
    Dim FieldNum As Integer
    Dim mailAddress As String
    Dim NewWB As Workbook
    Dim TempFilePath As String
    Dim TempFileName As String
    Dim FileExtStr As String
    Dim FileFormatNum As Long

    On Error GoTo cleanup

    Set OutApp = CreateObject(&quot;Outlook.Application&quot;)

    With Application
        .EnableEvents = False
        .ScreenUpdating = False
    End With

    &#x27;Set filter sheet, you can also use Sheets(&quot;MySheet&quot;)
    Set Ash = ActiveSheet

    &#x27;Set filter range and filter column (column with names)
    Set FilterRange = Ash.Range(&quot;A1:M&quot; &amp;amp; Ash.Rows.Count)
    FieldNum = 1 &#x27;Filter column = A because the filter range start in column A

    &#x27;Add a worksheet for the unique list and copy the unique list in A1
    Set Cws = Worksheets.Add
    FilterRange.Columns(FieldNum).AdvancedFilter _
        Action:=xlFilterCopy, _
        CopyToRange:=Cws.Range(&quot;A1&quot;), _
        CriteriaRange:=&quot;&quot;, Unique:=True

    &#x27;Count of the unique values + the header cell
    Rcount = Application.WorksheetFunction.CountA(Cws.Columns(1))

    &#x27;If there are unique values start the loop
    If Rcount &amp;gt;= 2 Then

        For Rnum = 2 To Rcount

            &#x27;Look for the mail address in the MailInfo worksheet
            mailAddress = &quot;&quot;
            On Error Resume Next
            mailAddress = Application.WorksheetFunction. _
                VLookup(Cws.Cells(Rnum, 1).Value, _
                Worksheets(&quot;Mailinfo&quot;).Range(&quot;A1:B&quot; &amp;amp; _
                Worksheets(&quot;Mailinfo&quot;).Rows.Count), 2, False)
            On Error GoTo 0

           If mailAddress &amp;lt;&amp;gt; &quot;&quot; Then
               &#x27;Filter the FilterRange on the FieldNum column
               FilterRange.AutoFilter Field:=FieldNum, _
                   Criteria1:=Cws.Cells(Rnum, 1).Value

               &#x27;Copy the visible data in a new workbook
               With Ash.AutoFilter.Range
                   On Error Resume Next
                   Set rng = .SpecialCells(xlCellTypeVisible)
                   On Error GoTo 0
               End With
               Set NewWB = Workbooks.Add(xlWBATWorksheet)

               rng.Copy

               With NewWB.Sheets(1)
                   .Cells(1).PasteSpecial Paste:=8
                   .Cells(1).PasteSpecial Paste:=xlPasteValues
                   .Cells(1).PasteSpecial Paste:=xlPasteFormats
                   .Cells(1).Select

                   Application.CutCopyMode = False
                   ActiveSheet.PageSetup.Orientation = xlLandscape
                   .LeftMargin = Application.InchesToPoints(0)
                   .RightMargin = Application.InchesToPoints(0)
                   .TopMargin = Application.InchesToPoints(0)
                   .BottomMargin = Application.InchesToPoints(0)


               &#x27;Create a file name
               TempFilePath = &quot;J:\Human Resources\Systems &amp;amp; Planning\Reporting\Rick&quot;
               TempFileName = &quot;Employee Attendance Report Year To Date&quot; &amp;amp; Range(&quot;a2&quot;) &amp;amp; &quot;.pdf&quot;
               FileFullPath = TempFilePath &amp;amp; TempFileName

               With NewWB
                   .ExportAsFixedFormat Type:=xlTypePDF, Filename:=FileFullPath, Quality:=xlQualityStandard

                   &#x27;Save, Mail, Close and Delete the file
                   Set OutMail = OutApp.CreateItem(0)
                   With OutMail
                       .To = mailAddress
                       .Subject = &quot;Store Employee Attendance Record Year To Date&quot;
                       .Attachments.Add (FileFullPath)
                       .Body = &quot;Please find attached the year to date employee attendance record for your store&quot;
                       .Display &#x27;Or use Send
                   End With

                On Error GoTo 0
                .Close savechanges:=False
            End With

            Set OutMail = Nothing

            &#x27;Close AutoFilter
            Ash.AutoFilterMode = False

        Next Rnum
    End If

cleanup:
    Set OutApp = Nothing
    Application.DisplayAlerts = False
    Cws.Delete
    Application.DisplayAlerts = True
    With Application
        .EnableEvents = True
        .ScreenUpdating = True
    End With

End Sub 
&lt;/code&gt;&lt;/pre&gt;
');
INSERT INTO question (post_id, topic_id, title) VALUES (21, 1, 'I have changed some code and now it does not work properly');
INSERT INTO activity (post_content_id, post_id, user_id, action) VALUES (21, 21, 17, 'Create');
INSERT INTO tag (text) VALUES ('vba');
INSERT INTO questiontag (question_id, tag_id) VALUES (21, 52);

INSERT INTO post (current_state, up_score, down_score) VALUES ('Published', 0, 0);
INSERT INTO postinstance (post_id, user_id, description) VALUES (22, 5, '&lt;p&gt;I have a simple panda dataframe like this one:&lt;/p&gt;

&lt;pre&gt;&lt;code&gt;d = {&#x27;col1&#x27;: [&#x27;a&#x27;,&#x27;b&#x27;,&#x27;c&#x27;,&#x27;d&#x27;,&#x27;e&#x27;], &#x27;col2&#x27;: [1,2,3,4,5]}
df = pd.DataFrame(d)
df
  col1  col2
0    a     1
1    b     2
2    c     3
3    d     4
4    e     5
&lt;/code&gt;&lt;/pre&gt;

&lt;p&gt;And I would need to iterate over it and to get a simple arithmetic results (like a product or so) for all combination of row values. I was thinking to make a matrix and put the values in, like this:&lt;/p&gt;

&lt;pre&gt;&lt;code&gt;size = df.shape[0]
mtx = np.zeros(shape=(size, size))
mtx
array([[ 0.,  0.,  0.,  0.,  0.],
       [ 0.,  0.,  0.,  0.,  0.],
       [ 0.,  0.,  0.,  0.,  0.],
       [ 0.,  0.,  0.,  0.,  0.],
       [ 0.,  0.,  0.,  0.,  0.]])
&lt;/code&gt;&lt;/pre&gt;

&lt;p&gt;But I somehow &#x27;sense&#x27; there is more efficient way to do this than nested looping, like this:&lt;/p&gt;

&lt;pre&gt;&lt;code&gt;for index1, c11, c12, in df.itertuples():
    for index2, c21, c22 in df.itertuples():
        mtx[index1][index2] = float(c12) * float(c22)

mtx
array([[  1.,   2.,   3.,   4.,   5.],
       [  2.,   4.,   6.,   8.,  10.],
       [  3.,   6.,   9.,  12.,  15.],
       [  4.,   8.,  12.,  16.,  20.],
       [  5.,  10.,  15.,  20.,  25.]])
&lt;/code&gt;&lt;/pre&gt;

&lt;p&gt;Any idea will be much appreciated! Thanks!&lt;/p&gt;
');
INSERT INTO question (post_id, topic_id, title) VALUES (22, 1, 'Efficient nested looping with pandas dataframe');
INSERT INTO activity (post_content_id, post_id, user_id, action) VALUES (22, 22, 5, 'Create');
INSERT INTO questiontag (question_id, tag_id) VALUES (22, 30);
INSERT INTO questiontag (question_id, tag_id) VALUES (22, 31);
INSERT INTO tag (text) VALUES ('iteration');
INSERT INTO questiontag (question_id, tag_id) VALUES (22, 53);

INSERT INTO post (current_state, up_score, down_score) VALUES ('Published', 0, 0);
INSERT INTO postinstance (post_id, user_id, description) VALUES (23, 44, '&lt;p&gt;How can i get data inside parenthesis using recursive function.
without using regex and without other build-in functions.&lt;/p&gt;
');
INSERT INTO question (post_id, topic_id, title) VALUES (23, 1, 'How can i get data inside parenthesis using recursive function');
INSERT INTO activity (post_content_id, post_id, user_id, action) VALUES (23, 23, 44, 'Create');
INSERT INTO questiontag (question_id, tag_id) VALUES (23, 30);
INSERT INTO tag (text) VALUES ('recursion');
INSERT INTO questiontag (question_id, tag_id) VALUES (23, 54);

INSERT INTO post (current_state, up_score, down_score) VALUES ('Published', -1, 0);
INSERT INTO postinstance (post_id, user_id, description) VALUES (24, 49, '&lt;p&gt;To fork off X processes and have the parent wait for all, I have the following code:&lt;/p&gt;

&lt;pre&gt;&lt;code&gt;int maxProcesses = 10;

for (int currentChild = 0; currentChild &amp;lt; maxProcesses; currentChild++) {
    pid_t pid = fork();

    if (pid &amp;lt; 0) {
        // Error
    } else if (pid == 0) {
        // Child
    } else {
        // Parent
        // Should I call waitpid on pid and wait here instead?
    }
}

// Wait for all children
for (int currentChild = 0; currentChild &amp;lt; maxProcesses; currentChild++) {
    wait(NULL);
}
&lt;/code&gt;&lt;/pre&gt;

&lt;p&gt;Now I would like to modify the code so that of X total processes, Y are forked off first, and then as they finish, more forks are made till desired total number is reached. I have made some changes to the above code, with some questions.&lt;/p&gt;

&lt;pre&gt;&lt;code&gt;int totalProcessesToBeForked = 10;
int maxAllowedAtOnce = 5;

for (int currentChild = 0; currentChild &amp;lt; maxAllowedAtOnce; currentChild++) {
    forkChild(currentChild);
}

// Wait for all children
// # How do I modify this to wait for new children forked as well
// # if I move it inside parent, it will make things easier, right?
for (int currentChild = 0; currentChild &amp;lt; maxAllowedAtOnce; currentChild++) {
    wait(NULL);
}

void forkChild(currentChild) {
    pid_t pid = fork();

    if (pid &amp;lt; 0) {
        // Error
    } else if (pid == 0) {
        // Child
    } else {
        // Parent
        // # I think waiting here using waitpid will be better b/c
        // # as new forks are made, parent begins to wait for them
    }
}
&lt;/code&gt;&lt;/pre&gt;

&lt;p&gt;I will probably need to keep a count of how many children have been forked and compare it to totalProcessesToBeForked, and fork new ones accordingly.&lt;/p&gt;
');
INSERT INTO question (post_id, topic_id, title) VALUES (24, 1, 'Fork off more processes as previous finish, until max is reached');
INSERT INTO activity (post_content_id, post_id, user_id, action) VALUES (24, 24, 49, 'Create');
INSERT INTO questiontag (question_id, tag_id) VALUES (24, 16);
INSERT INTO tag (text) VALUES ('c');
INSERT INTO questiontag (question_id, tag_id) VALUES (24, 55);
INSERT INTO tag (text) VALUES ('process');
INSERT INTO questiontag (question_id, tag_id) VALUES (24, 56);
INSERT INTO tag (text) VALUES ('fork');
INSERT INTO questiontag (question_id, tag_id) VALUES (24, 57);
INSERT INTO tag (text) VALUES ('waitpid');
INSERT INTO questiontag (question_id, tag_id) VALUES (24, 58);

INSERT INTO post (current_state, up_score, down_score) VALUES ('Published', 0, 0);
INSERT INTO postinstance (post_id, user_id, description) VALUES (25, 30, '&lt;p&gt;We work with DB2 effective version 8 (more or less, so no CUR_COMMIT) on z/OS.&lt;/p&gt;

&lt;p&gt;In our (Java based, though this should not be relevant) application a method exists which runs in a transaction and deletes multiple records from a table called, say, MY_TABLE, based on the value of a certain column which we will call SPECIAL_COLUMN, executing the statement &lt;/p&gt;

&lt;pre&gt;&lt;code&gt;DELETE FROM MY_TABLE WHERE SPECIAL_COLUMN=?
&lt;/code&gt;&lt;/pre&gt;

&lt;p&gt;Apart from executing this statement, some other SQL statements get executed which I omit because for the moment I think they are perhaps not relevant for the problem I describe.&lt;/p&gt;

&lt;p&gt;Running the method concurrently we sometimes see the exception &lt;/p&gt;

&lt;pre&gt;&lt;code&gt;nested exception is com.ibm.db2.jcc.am.SqlException: 
UNSUCCESSFUL EXECUTION CAUSED BY DEADLOCK OR TIMEOUT. REASON CODE 00C90088, TYPE OF RESOURCE 00000302, AND RESOURCE NAME ... SQLCODE=-913, SQLSTATE=57033, DRIVER=3.63.131 
&lt;/code&gt;&lt;/pre&gt;

&lt;p&gt;thrown during the execution of the DELETE FROM MY_TABLE WHERE SPECIAL_COLUMN=? statement. According to &lt;a href=&quot;http://www.idug.org/p/fo/et/thread=20542&quot; rel=&quot;nofollow noreferrer&quot;&gt;http://www.idug.org/p/fo/et/thread=20542&lt;/a&gt; this seems to be related to locks placed on &quot;pages&quot;.&lt;/p&gt;

&lt;p&gt;My questions are the following:&lt;/p&gt;

&lt;ol&gt;
&lt;li&gt;&lt;p&gt;Can in fact two DELETE statements executed concurrently for the &lt;strong&gt;same value&lt;/strong&gt; of SPECIAL_COLUMN, to which multiple rows correspond, cause such deadlock (a scenario which I have in mind is something like the following: the first statement &quot;puts a lock&quot; on &quot;1st page&quot;, second statement &quot;puts a lock&quot; on &quot;2nd page&quot;, and then first statement waits for the lock on &quot;2nd page&quot;, while the second statement waits for the lock on &quot;1st page&quot;. 
Or is the placing of such locks is &quot;atomic&quot;, meaning that if first statement has started to put locks, the 2nd will wait?&lt;/p&gt;&lt;/li&gt;
&lt;li&gt;&lt;p&gt;Same question for &lt;strong&gt;different values&lt;/strong&gt; of SPECIAL_COLUMN (seems more likely)&lt;/p&gt;&lt;/li&gt;
&lt;/ol&gt;

&lt;p&gt;In the case such scenarios are possible and might be the reason for the deadlock observed (otherwise we&#x27;ll have to examine the &quot;unsuspicios&quot; so far SQL), which might be a reasonable solution? (I have thought on synchronizing the Java code, but I think it is not such a good idea; I have thought also on issuing SELECT FOR UPDATE on the rows to be deleted before doing delete, but since additional locks will be involved, I am quite in doubt also about that).&lt;/p&gt;

&lt;p&gt;&lt;strong&gt;EDIT:&lt;/strong&gt; &lt;/p&gt;

&lt;p&gt;link to a report on a similar problem &lt;a href=&quot;http://www.dbforums.com/showthread.php?575408-db2-OS390-TABLE-LOCK-DURING-DELETE&quot; rel=&quot;nofollow noreferrer&quot;&gt;http://www.dbforums.com/showthread.php?575408-db2-OS390-TABLE-LOCK-DURING-DELETE&lt;/a&gt;&lt;/p&gt;
');
INSERT INTO question (post_id, topic_id, title) VALUES (25, 1, 'Can one delete statement which deletes multiple rows cause deadlock?');
INSERT INTO activity (post_content_id, post_id, user_id, action) VALUES (25, 25, 30, 'Create');
INSERT INTO tag (text) VALUES ('concurrency');
INSERT INTO questiontag (question_id, tag_id) VALUES (25, 59);
INSERT INTO tag (text) VALUES ('db2');
INSERT INTO questiontag (question_id, tag_id) VALUES (25, 60);
INSERT INTO tag (text) VALUES ('database-deadlocks');
INSERT INTO questiontag (question_id, tag_id) VALUES (25, 61);

INSERT INTO post (current_state, up_score, down_score) VALUES ('Published', 0, 0);
INSERT INTO postinstance (post_id, user_id, description) VALUES (26, 4, '&lt;p&gt;independent_bits_engine is the template class&lt;/p&gt;

&lt;pre&gt;&lt;code&gt;template&amp;lt;
    class Engine, 
    std::size_t W, 
    class UIntType
&amp;gt; class independent_bits_engine;
&lt;/code&gt;&lt;/pre&gt;

&lt;p&gt;The second parametr define, how much bits need to be generated. I don&#x27;t know its. I would to ask this question to user in runtime. How do it?&lt;/p&gt;
');
INSERT INTO question (post_id, topic_id, title) VALUES (26, 1, 'How to define number of bits to generate using independent_bits_engine?');
INSERT INTO activity (post_content_id, post_id, user_id, action) VALUES (26, 26, 4, 'Create');
INSERT INTO questiontag (question_id, tag_id) VALUES (26, 16);
INSERT INTO tag (text) VALUES ('boost');
INSERT INTO questiontag (question_id, tag_id) VALUES (26, 62);

INSERT INTO post (current_state, up_score, down_score) VALUES ('Published', 0, 0);
INSERT INTO postinstance (post_id, user_id, description) VALUES (27, 19, '&lt;p&gt;I have a simple Person entity in Core Data, I noticed that when adding data, each row is auto generated a unique &lt;strong&gt;PK&lt;/strong&gt; called &lt;strong&gt;objectID&lt;/strong&gt;&lt;/p&gt;

&lt;p&gt;I wish to retrieve the records using the objectID but I am getting the following error:&lt;/p&gt;

&lt;blockquote&gt;
  &lt;p&gt;Terminating app due to uncaught exception
  &#x27;NSInvalidArgumentException&#x27;, reason: &#x27;keypath objectID not found in
  entity &amp;lt; NSSQLEntity Person id=2 &gt;&#x27;&lt;/p&gt;
&lt;/blockquote&gt;

&lt;pre&gt;&lt;code&gt;func fetchPerson(withID personID: Int,
                 context: NSManagedObjectContext,
                 completion: @escaping ([Person]?) -&amp;gt; Void) {

    let fetchRequest: NSFetchRequest&amp;lt;Person&amp;gt; = Person.fetchRequest()

    let predicate = NSPredicate(format: &quot;\(#keyPath(Person.objectID)) == \(personID)&quot;)
    fetchRequest.predicate = predicate

    //perform aynchronous operation:
    context.perform {
        do {
            let persons = try fetchRequest.execute()
            //success - return array of persons
            completion(persons)
        } catch {
            //error - return nil
            completion(nil)
        }

    }

}
&lt;/code&gt;&lt;/pre&gt;

&lt;p&gt;Calling the above :&lt;/p&gt;

&lt;pre&gt;&lt;code&gt;//fetch person with specific id:
let personID: Int = 2
fetchPerson(withID: personID, context: persistentContainer.viewContext) { (persons: [Person]?) in
    if persons != nil {

        print(&quot;Fetching person with personID: \(personID)&quot;)
        for person in persons! {
            print(&quot;Person: \(person.objectID) - \(person.firstName!) \(person.lastName!)&quot;)
        }

    }
}
&lt;/code&gt;&lt;/pre&gt;
');
INSERT INTO question (post_id, topic_id, title) VALUES (27, 1, 'Core Data using auto generated Primary Key PK');
INSERT INTO activity (post_content_id, post_id, user_id, action) VALUES (27, 27, 19, 'Create');
INSERT INTO tag (text) VALUES ('swift');
INSERT INTO questiontag (question_id, tag_id) VALUES (27, 63);
INSERT INTO tag (text) VALUES ('core-data');
INSERT INTO questiontag (question_id, tag_id) VALUES (27, 64);

INSERT INTO post (current_state, up_score, down_score) VALUES ('Published', 0, 0);
INSERT INTO postinstance (post_id, user_id, description) VALUES (28, 3, '&lt;p&gt;I currently have a method which finds all cards using a SQL statement to find all results. It looks as follows:&lt;/p&gt;

&lt;pre&gt;&lt;code&gt;&amp;lt;?php $cards = find_all_cards();
foreach {$cards as $card} echo &quot;card-&amp;gt;username&quot;;
?&amp;gt;
&lt;/code&gt;&lt;/pre&gt;

&lt;p&gt;I can use it to list all cards one after another, but I can&#x27;t do that if I have 2 columns, because I need to create a new row. Ideally, I&#x27;d populate 1st column with half of results, and 2nd with other half.&lt;/p&gt;

&lt;p&gt;Also I&#x27;d like to be able to sort my results using a filter, is it done via php? So for example sort by ascending username (I have many more fields that I could sort by)&lt;/p&gt;
');
INSERT INTO question (post_id, topic_id, title) VALUES (28, 1, 'PHP how can I display cards in 2 columns?');
INSERT INTO activity (post_content_id, post_id, user_id, action) VALUES (28, 28, 3, 'Create');
INSERT INTO questiontag (question_id, tag_id) VALUES (28, 35);
INSERT INTO questiontag (question_id, tag_id) VALUES (28, 46);

INSERT INTO post (current_state, up_score, down_score) VALUES ('Published', 0, 0);
INSERT INTO postinstance (post_id, user_id, description) VALUES (29, 24, '&lt;p&gt;In order to compute the FFT with Accelerate framework, I see a lot of people using (the old way I guess) &lt;code&gt;fft_zrip&lt;/code&gt; instead of the recommended one by Apple in the vDSP documentation &lt;code&gt;​DSP_DFT_Execute&lt;/code&gt;. &lt;/p&gt;

&lt;p&gt;Is there any reason why &lt;code&gt;​DSP_DFT_Execute&lt;/code&gt; is so under used?&lt;/p&gt;

&lt;p&gt;One of the main thing that I guess is that for the real-complex fft the real data have to be formatted in a split format with the help of &lt;code&gt;vDSP_ctoz&lt;/code&gt;, i.e the real array has to be split into 2 arrays of length N/2 ( even-indexed elements are in the real array input, odd-indexed are in the imaginary array input).&lt;/p&gt;
');
INSERT INTO question (post_id, topic_id, title) VALUES (29, 1, 'vDSP fft computation good practice');
INSERT INTO activity (post_content_id, post_id, user_id, action) VALUES (29, 29, 24, 'Create');
INSERT INTO tag (text) VALUES ('osx');
INSERT INTO questiontag (question_id, tag_id) VALUES (29, 65);
INSERT INTO tag (text) VALUES ('fft');
INSERT INTO questiontag (question_id, tag_id) VALUES (29, 66);
INSERT INTO tag (text) VALUES ('accelerate-framework');
INSERT INTO questiontag (question_id, tag_id) VALUES (29, 67);
INSERT INTO tag (text) VALUES ('vdsp');
INSERT INTO questiontag (question_id, tag_id) VALUES (29, 68);

INSERT INTO post (current_state, up_score, down_score) VALUES ('Published', 0, 0);
INSERT INTO postinstance (post_id, user_id, description) VALUES (30, 7, '&lt;p&gt;Following article explains how to use inbuilt VS animated icon in the status bar. &lt;/p&gt;

&lt;p&gt;&lt;a href=&quot;https://msdn.microsoft.com/en-us/library/bb166795.aspx&quot; rel=&quot;nofollow noreferrer&quot;&gt;https://msdn.microsoft.com/en-us/library/bb166795.aspx&lt;/a&gt;&lt;/p&gt;

&lt;p&gt;I would like to know, is there a way to include custom gif animation inside the status bar.&lt;/p&gt;

&lt;p&gt;Bitmap image can be included like following. &lt;/p&gt;

&lt;p&gt;&lt;a href=&quot;https://social.msdn.microsoft.com/Forums/vstudio/en-US/fef208e7-b79d-4a0c-94fe-e6861196e1f5/how-to-show-my-icon-in-exp-visutal-stufo-statusbarsvsstatusbar?forum=vsx#ba47b61c-77a8-46c8-aa10-a04211312e6c&quot; rel=&quot;nofollow noreferrer&quot;&gt;https://social.msdn.microsoft.com/Forums/vstudio/en-US/fef208e7-b79d-4a0c-94fe-e6861196e1f5/how-to-show-my-icon-in-exp-visutal-stufo-statusbarsvsstatusbar?forum=vsx#ba47b61c-77a8-46c8-aa10-a04211312e6c&lt;/a&gt;&lt;/p&gt;

&lt;p&gt;When I point a gif image according to above example, animation is not happening. Please help.&lt;/p&gt;
');
INSERT INTO question (post_id, topic_id, title) VALUES (30, 1, 'Animated image in Visual Studio Status bar');
INSERT INTO activity (post_content_id, post_id, user_id, action) VALUES (30, 30, 7, 'Create');
INSERT INTO tag (text) VALUES ('visual-studio');
INSERT INTO questiontag (question_id, tag_id) VALUES (30, 69);
INSERT INTO tag (text) VALUES ('visual-studio-extensions');
INSERT INTO questiontag (question_id, tag_id) VALUES (30, 70);
INSERT INTO tag (text) VALUES ('vsix');
INSERT INTO questiontag (question_id, tag_id) VALUES (30, 71);

INSERT INTO post (current_state, up_score, down_score) VALUES ('Published', 0, 0);
INSERT INTO postinstance (post_id, user_id, description) VALUES (31, 42, '&lt;blockquote&gt;
  &lt;p&gt;Can someone who is familiar with Haskell monad transformers explain how they solve this kind of problem or suggest an alternative solution?&lt;/p&gt;
&lt;/blockquote&gt;

&lt;p&gt;Well, I can at least try. This is how your type looks directly translated to Haskell:&lt;/p&gt;

&lt;pre&gt;&lt;code&gt;type EffM a s x = Either a (State s x)
&lt;/code&gt;&lt;/pre&gt;

&lt;p&gt;A rather obvious observation is that it&#x27;s not a monad transformer.&lt;sup&gt;2&lt;/sup&gt; That&#x27;s how a transformer would look like:&lt;/p&gt;

&lt;pre&gt;&lt;code&gt;type TransM a s x = EitherT a (State s) x
&lt;/code&gt;&lt;/pre&gt;

&lt;p&gt;As you can see, the only change is the &lt;code&gt;T&lt;/code&gt; and the fact that &lt;code&gt;x&lt;/code&gt; is outside the parens. The latter part is essential in understanding the transformer approach. &lt;/p&gt;

&lt;p&gt;The core idea is that the &lt;code&gt;State&lt;/code&gt; is a part of the result production regardless of whether the &lt;code&gt;Either&lt;/code&gt; results in &quot;success&quot; or &quot;fail&quot;, whereas in your case producing &quot;fail&quot; means the state operation is never touched. I&#x27;d need to think harder what that means in practice, but intuitively the transformer approach is what you&#x27;re gonna have in mind when working with typical, imperative code.&lt;/p&gt;

&lt;p&gt;Now, when you use such a transformer, &lt;code&gt;join&lt;/code&gt; is actually provided for free, as a consequence of fitting into the Monad interface.&lt;/p&gt;

&lt;pre&gt;&lt;code&gt;import Control.Monad.State
import Control.Monad.Trans.Either
import Control.Monad

type Eff e s a = EitherT e (State s) a

-- type the following in REPL

λ :t join
join :: Monad m =&amp;gt; m (m a) -&amp;gt; m a

λ :t join :: Eff e s (Eff e s a) -&amp;gt; Eff e s a
join :: Eff e s (Eff e s a) -&amp;gt; Eff e s a
     :: Eff e s (Eff e s a) -&amp;gt; Eff e s a
&lt;/code&gt;&lt;/pre&gt;

&lt;p&gt;So this is how Haskell&lt;sup&gt;1&lt;/sup&gt; solves it. Now, it&#x27;s obviously possible to write a specialized &lt;code&gt;EitherState&lt;/code&gt; type this way (altough I&#x27;d personally flip those two in all of the examples to &lt;code&gt;StateEither&lt;/code&gt; - feels more natural), mirroring what the implementation of &lt;code&gt;join&lt;/code&gt; for respective transformers would do. I don&#x27;t know if writing &lt;code&gt;EitherT&lt;/code&gt; specifically is possible in Elm.&lt;/p&gt;

&lt;hr&gt;

&lt;p&gt;&lt;sup&gt;1&lt;/sup&gt; One possible approach. There are other, recursion schemes/Free probably being the one to watch in the upcoming years. The inherent ordering of effects stacking turns out to be more problematic than it initially seems.&lt;/p&gt;

&lt;p&gt;&lt;sup&gt;2&lt;/sup&gt; It&#x27;s also not a &lt;code&gt;Monad&lt;/code&gt;, at least in the sense that the &lt;code&gt;x&lt;/code&gt; can&#x27;t be the direct type in the Monad instance (because &lt;code&gt;Either&lt;/code&gt; can obviously act as one in the specialized case).&lt;/p&gt;
');
INSERT INTO answer (post_id, question_id, accepted) VALUES (31, 1, 'False');
INSERT INTO activity ( post_id, user_id, action) VALUES (31, 42, 'Create');

INSERT INTO post (current_state, up_score, down_score) VALUES ('Published', 0, 0);
INSERT INTO postinstance (post_id, user_id, description) VALUES (32, 33, '&lt;p&gt;It&#x27;s a new option in the Application Debug Mode values, in the properties of your SF Application project. &lt;/p&gt;

&lt;p&gt;(from the detailed release notes document)&lt;/p&gt;
');
INSERT INTO answer (post_id, question_id, accepted) VALUES (32, 3, 'False');
INSERT INTO activity ( post_id, user_id, action) VALUES (32, 33, 'Create');

INSERT INTO post (current_state, up_score, down_score) VALUES ('Published', 0, 0);
INSERT INTO postinstance (post_id, user_id, description) VALUES (33, 34, '&lt;p&gt;You can extend standart TextView and overwrite onTextChanged method.
Than you need implement justify. What i&#x27;m currently do.&lt;/p&gt;

&lt;p&gt;If you are lucky, you will able to implement your own component :)&lt;/p&gt;

&lt;p&gt;For use it you can just specify full package name of your class in your xml layout.&lt;/p&gt;

&lt;p&gt;Please keep this thread updateable.&lt;/p&gt;
');
INSERT INTO answer (post_id, question_id, accepted) VALUES (33, 4, 'False');
INSERT INTO activity ( post_id, user_id, action) VALUES (33, 34, 'Create');

INSERT INTO post (current_state, up_score, down_score) VALUES ('Published', 0, 0);
INSERT INTO postinstance (post_id, user_id, description) VALUES (34, 38, '&lt;p&gt;I assume that you are using Jquery as well. You can achieve this as:&lt;/p&gt;

&lt;pre&gt;&lt;code&gt;$(&#x27;select[asp-for=&quot;CountryCode&quot;]&#x27;).on(&#x27;change&#x27;, function(){

      $.ajax({
            url: &#x27;controller action url here&#x27;
            type: &quot;POST&quot;,
            contentType: &quot;application/json; charset=utf-8&quot;,
            data: JSON.stringify({ Id: $(&#x27;select[asp-for=&quot;CountryCode&quot;]&#x27;).val()}),
            cache: false,
            async: true,
            success: function(data) {
                //here you can process
            },
            error: function() {
            }
       });
});
&lt;/code&gt;&lt;/pre&gt;
');
INSERT INTO answer (post_id, question_id, accepted) VALUES (34, 6, 'False');
INSERT INTO activity ( post_id, user_id, action) VALUES (34, 38, 'Create');

INSERT INTO post (current_state, up_score, down_score) VALUES ('Published', 0, 0);
INSERT INTO postinstance (post_id, user_id, description) VALUES (35, 33, '&lt;p&gt;Bootstrap has class which will do it for you.&lt;/p&gt;

&lt;pre&gt;&lt;code&gt;&amp;lt;img class=&quot;d-block img-fluid&quot; src=&quot;https://healthintelasia.com/wp-content/uploads/2013/09/asia-1500-X-600-banner.jpg&quot; alt=&quot;First slide&quot;&amp;gt; 
&lt;/code&gt;&lt;/pre&gt;
');
INSERT INTO answer (post_id, question_id, accepted) VALUES (35, 8, 'False');
INSERT INTO activity ( post_id, user_id, action) VALUES (35, 33, 'Create');

INSERT INTO post (current_state, up_score, down_score) VALUES ('Published', -1, 0);
INSERT INTO postinstance (post_id, user_id, description) VALUES (36, 9, '&lt;p&gt;If you want to delete a node at the middle of a linked list the best approach would be to maintain 2 pointers always making sure they point to consecutive nodes, now start iterating through the linked list as soon as your 2nd pointer points to a node which you want to delete do the following:
I&#x27;ll be calling the 2 pointers p1, p2 for the sake of understanding&lt;/p&gt;

&lt;ol&gt;
&lt;li&gt;&lt;code&gt;p1-&amp;gt;next_node = p2 -&amp;gt; next_node&lt;/code&gt;&lt;/li&gt;
&lt;li&gt;&lt;code&gt;p2-&amp;gt;next_node = null&lt;/code&gt;&lt;/li&gt;
&lt;/ol&gt;

&lt;p&gt;So your &lt;code&gt;delete_at_middle&lt;/code&gt; function would be something like:&lt;/p&gt;

&lt;pre&gt;&lt;code&gt;    void link_list::delete_at_middle(int delete_node)
    {

    node* p1 = start;
    node* p2 = p1-&amp;gt;next_node;


    if (start == null)
    {
        cout &amp;lt;&amp;lt; &quot;the list is empty&quot; &amp;lt;&amp;lt; endl;
    }
    elseif (start-&amp;gt;info == delete_node){
        node *tmp = start;
        start = tmp-&amp;gt;next_node;
        tmp-&amp;gt;next_node = null;
   }
    else
    {
        while (p2 != null)
        {

            if (p2-&amp;gt;info == delete_node)
            {
                p1-&amp;gt;next_node = p2-&amp;gt;next_node;
                p2-&amp;gt;next_node = null; 
            }
            p1 = p1-&amp;gt;next_node;
            p2 = p2-&amp;gt;next_node;
       }

    }

    }
&lt;/code&gt;&lt;/pre&gt;

&lt;p&gt;P.S. - Your add function is correct. :)&lt;/p&gt;
');
INSERT INTO answer (post_id, question_id, accepted) VALUES (36, 12, 'False');
INSERT INTO activity ( post_id, user_id, action) VALUES (36, 9, 'Create');

INSERT INTO post (current_state, up_score, down_score) VALUES ('Published', 3, 1);
INSERT INTO postinstance (post_id, user_id, description) VALUES (37, 4, '

&lt;p&gt;&lt;strong&gt;Update&lt;/strong&gt;&lt;/p&gt;

&lt;p&gt;As @yurzui pointed out, this only works if the references to the introduced variable &lt;code&gt;user&lt;/code&gt; are within the &lt;code&gt;&amp;lt;pp-xpbar&amp;gt;&lt;/code&gt; element where it&#x27;s introduced.
Otherwise the variable won&#x27;t be in scope (like in the code example below)&lt;/p&gt;

&lt;p&gt;&lt;strong&gt;Original&lt;/strong&gt;&lt;/p&gt;

&lt;p&gt;In Angular4 you can use&lt;/p&gt;

&lt;pre class=&quot;lang-ts prettyprint-override&quot;&gt;&lt;code&gt;&amp;lt;app-xpbar *ngIf=&quot;user$ | async; let user&quot;&amp;gt;&amp;lt;/app-xpbar&amp;gt;

&amp;lt;header class=&quot;header&quot;&amp;gt;

  &amp;lt;app-header-common
    (onSearch)=&quot;searching($event)&quot;&amp;gt;
  &amp;lt;/app-header-common&amp;gt;

  &amp;lt;app-header-user
    [user]=&quot;user&quot;
    (onLogin)=&quot;login($event)&quot;
    (onTrial)=&quot;trial($event)&quot;&amp;gt;
  &amp;lt;/app-header-user&amp;gt;

&amp;lt;/header&amp;gt;
&lt;/code&gt;&lt;/pre&gt;

&lt;p&gt;See also &lt;/p&gt;

&lt;ul&gt;
&lt;li&gt;&lt;a href=&quot;https://github.com/angular/angular/blob/master/CHANGELOG.md#400-beta0-2016-12-15&quot; rel=&quot;nofollow noreferrer&quot;&gt;https://github.com/angular/angular/blob/master/CHANGELOG.md#400-beta0-2016-12-15&lt;/a&gt;&lt;/li&gt;
&lt;li&gt;&lt;a href=&quot;https://github.com/angular/angular/commit/b4db73d&quot; rel=&quot;nofollow noreferrer&quot;&gt;https://github.com/angular/angular/commit/b4db73d&lt;/a&gt;&lt;/li&gt;
&lt;li&gt;&lt;a href=&quot;https://github.com/angular/angular/issues/13061&quot; rel=&quot;nofollow noreferrer&quot;&gt;https://github.com/angular/angular/issues/13061&lt;/a&gt;&lt;/li&gt;
&lt;li&gt;&lt;a href=&quot;https://github.com/angular/angular/pull/13297&quot; rel=&quot;nofollow noreferrer&quot;&gt;https://github.com/angular/angular/pull/13297&lt;/a&gt;&lt;/li&gt;
&lt;/ul&gt;

&lt;p&gt;For the &lt;code&gt;as&lt;/code&gt; syntax mentioned in the comments see&lt;/p&gt;

&lt;ul&gt;
&lt;li&gt;&lt;a href=&quot;https://github.com/angular/angular/blob/master/CHANGELOG.md#400-rc4-2017-03-17&quot; rel=&quot;nofollow noreferrer&quot;&gt;https://github.com/angular/angular/blob/master/CHANGELOG.md#400-rc4-2017-03-17&lt;/a&gt;&lt;/li&gt;
&lt;/ul&gt;
');
INSERT INTO answer (post_id, question_id, accepted) VALUES (37, 17, 'False');
INSERT INTO activity ( post_id, user_id, action) VALUES (37, 4, 'Create');
INSERT INTO activity (post_id, user_id, activity) VALUES (37, 4, 'Upvote');
INSERT INTO activity (post_id, user_id, activity) VALUES (37, 4, 'Upvote');
INSERT INTO activity (post_id, user_id, activity) VALUES (37, 4, 'Upvote');
INSERT INTO activity (post_id, user_id, activity) VALUES (37, 4, 'Downvote');

INSERT INTO post (current_state, up_score, down_score) VALUES ('Published', 0, 0);
INSERT INTO postinstance (post_id, user_id, description) VALUES (38, 47, '&lt;p&gt;since you are inserting the data your code should be like this&lt;/p&gt;

&lt;pre&gt;&lt;code&gt;var sql = @&quot;Insert Into appointment (name, time) Values (@name, @time)&quot;;
dbb.Database.ExecuteSqlCommand(sql,
    new SqlParameter(&quot;@name&quot;, appointment.name),
    new SqlParameter(&quot;@time&quot;, appointment.time));
&lt;/code&gt;&lt;/pre&gt;

&lt;p&gt;and &lt;code&gt;SqlQuery&amp;lt;entity&amp;gt;&lt;/code&gt; this command is used when you are returning some data which will be of type entity but in your case you are inserting data. for further information check this 
&lt;a href=&quot;http://www.entityframeworktutorial.net/EntityFramework4.3/raw-sql-query-in-entity-framework.aspx&quot; rel=&quot;nofollow noreferrer&quot;&gt;RAW SQL QUERY&lt;/a&gt;&lt;/p&gt;
');
INSERT INTO answer (post_id, question_id, accepted) VALUES (38, 18, 'False');
INSERT INTO activity ( post_id, user_id, action) VALUES (38, 47, 'Create');

INSERT INTO post (current_state, up_score, down_score) VALUES ('Published', 0, 0);
INSERT INTO postinstance (post_id, user_id, description) VALUES (39, 5, '&lt;p&gt;You can do it using &lt;code&gt;numpy.dot&lt;/code&gt; in the following way:&lt;/p&gt;

&lt;pre&gt;&lt;code&gt;import numpy as np
a=np.array([[1,2,3,4,5]])
np.dot(a.T,a)
&lt;/code&gt;&lt;/pre&gt;
');
INSERT INTO answer (post_id, question_id, accepted) VALUES (39, 22, 'False');
INSERT INTO activity ( post_id, user_id, action) VALUES (39, 5, 'Create');

INSERT INTO post (current_state, up_score, down_score) VALUES ('Published', 0, 0);
INSERT INTO postinstance (post_id, user_id, description) VALUES (40, 38, '&lt;p&gt;Instead of using &lt;code&gt;wait&lt;/code&gt; as you have done, you want to look into signal handling to handle the child processes dying.&lt;/p&gt;

&lt;p&gt;You add before you start &lt;code&gt;fork&lt;/code&gt;ing, this line&lt;/p&gt;

&lt;pre&gt;&lt;code&gt;signal(SIGCHLD,catchchild);
&lt;/code&gt;&lt;/pre&gt;

&lt;p&gt;and this function to your code&lt;/p&gt;

&lt;pre&gt;&lt;code&gt;void catchchild(int sig)
  {
  pid_t p;
  int state;
  p=wait(&amp;amp;state);
  printf(&quot;Got child %d\n&quot;,p);
  }
&lt;/code&gt;&lt;/pre&gt;

&lt;p&gt;and then whenever a child process dies, your main process will call &lt;code&gt;catchchild&lt;/code&gt;.&lt;/p&gt;

&lt;p&gt;As you&#x27;ve already worked out, if you have a count of how many children that have been forked, you could have &lt;code&gt;catchchild&lt;/code&gt; update that so that your main code will know to &lt;code&gt;fork&lt;/code&gt; a new child.&lt;/p&gt;
');
INSERT INTO answer (post_id, question_id, accepted) VALUES (40, 24, 'False');
INSERT INTO activity ( post_id, user_id, action) VALUES (40, 38, 'Create');

INSERT INTO post (current_state, up_score, down_score) VALUES ('Published', 0, 0);
INSERT INTO postinstance (post_id, user_id, description) VALUES (41, 3, '&lt;p&gt;You cannot. Template arguments have to be defined at compile-time.&lt;/p&gt;

&lt;p&gt;To work around this, you can look at this post and answer: &lt;a href=&quot;http://stackoverflow.com/questions/2873802/specify-template-parameters-at-runtime&quot;&gt;Specify template parameters at runtime&lt;/a&gt;&lt;/p&gt;

&lt;p&gt;The idea is to use &lt;code&gt;if&lt;/code&gt; statements to check the runtime value:&lt;/p&gt;

&lt;pre&gt;&lt;code&gt;template&amp;lt;class Engine, class UIntType&amp;gt;
independent_bits_engine CreateEngine(std::size_t w) {
    if (w == 0) {
        return independent_bits_engine&amp;lt;Engine, 0, UIntType&amp;gt;();
    } else if (w == 1) {
        return independent_bits_engine&amp;lt;Engine, 1, UIntType&amp;gt;();
    }
    Etc;
}
&lt;/code&gt;&lt;/pre&gt;

&lt;p&gt;If &lt;code&gt;W&lt;/code&gt; can be a big value, you may want to use &lt;code&gt;boost::preprocessor&lt;/code&gt; to generate the ifs (example given in the link).&lt;/p&gt;

&lt;p&gt;Note that, the more the maximum value of &lt;code&gt;W&lt;/code&gt; is big, the more &lt;code&gt;independent_bits_engine&lt;/code&gt; classes will be instantiated, and the more the compilation will be slow, so you may want to switch to a full runtime solution instead.&lt;/p&gt;
');
INSERT INTO answer (post_id, question_id, accepted) VALUES (41, 26, 'False');
INSERT INTO activity ( post_id, user_id, action) VALUES (41, 3, 'Create');

INSERT INTO post (current_state, up_score, down_score) VALUES ('Published', 1, 0);
INSERT INTO postinstance (post_id, user_id, description) VALUES (42, 42, '&lt;p&gt;You can fetch with objectID by using the predicate &lt;code&gt;&quot;self == %@&quot;, objectID&lt;/code&gt;. An objectID is property of a managedObject and its type is &lt;code&gt;NSManaged​Object​ID&lt;/code&gt; not an &lt;code&gt;Int&lt;/code&gt;.  In general it is better to create and manage your own objectId. I generally use UUID strings. &lt;/p&gt;
');
INSERT INTO answer (post_id, question_id, accepted) VALUES (42, 27, 'False');
INSERT INTO activity ( post_id, user_id, action) VALUES (42, 42, 'Create');
INSERT INTO activity (post_id, user_id, activity) VALUES (42, 42, 'Upvote');

INSERT INTO post (current_state, up_score, down_score) VALUES ('Published', 0, 0);
INSERT INTO postinstance (post_id, user_id, description) VALUES (43, 8, '&lt;p&gt;Try using DataTables&lt;br&gt;
You can easily filter and sort your data.&lt;/p&gt;

&lt;p&gt;&lt;a href=&quot;https://datatables.net/&quot; rel=&quot;nofollow noreferrer&quot;&gt;https://datatables.net/&lt;/a&gt;&lt;/p&gt;
');
INSERT INTO answer (post_id, question_id, accepted) VALUES (43, 28, 'False');
INSERT INTO activity ( post_id, user_id, action) VALUES (43, 8, 'Create');

INSERT INTO post (current_state, up_score, down_score) VALUES ('Published', 0, 0);
INSERT INTO postinstance (post_id, user_id, description) VALUES (44, 28, '&lt;p&gt;Can this be of any help ? [PHP doc modulo]: &lt;a href=&quot;http://php.net/manual/fr/language.operators.arithmetic.php&quot; rel=&quot;nofollow noreferrer&quot;&gt;http://php.net/manual/fr/language.operators.arithmetic.php&lt;/a&gt;&lt;/p&gt;
');
INSERT INTO answer (post_id, question_id, accepted) VALUES (44, 28, 'False');
INSERT INTO activity ( post_id, user_id, action) VALUES (44, 28, 'Create');

INSERT INTO post (current_state, up_score, down_score) VALUES ('Published', 1, 0);
INSERT INTO postinstance (post_id, user_id, description) VALUES (45, 23, '&lt;blockquote&gt;
&lt;pre&gt;&lt;code&gt;Set objPath = objFSO.BuildPath(CurrentDirectory, &quot;&quot;&quot;new 1.cmd&quot;&quot;&quot;)
&lt;/code&gt;&lt;/pre&gt;
&lt;/blockquote&gt;

&lt;p&gt;You have 3 mistakes in that statement:&lt;/p&gt;

&lt;ul&gt;
&lt;li&gt;The nested double quotes in &lt;code&gt;&quot;&quot;&quot;new 1.cmd&quot;&quot;&quot;&lt;/code&gt; make them part of the actual filename, which is &lt;a href=&quot;https://msdn.microsoft.com/en-us/library/windows/desktop/aa365247.aspx#naming_conventions&quot; rel=&quot;nofollow noreferrer&quot;&gt;not allowed&lt;/a&gt;. &lt;code&gt;FileSystemObject&lt;/code&gt; methods can handle paths with spaces by themselves, without additional double quotes. You do need to add double quotes when passing the path to the &lt;a href=&quot;https://msdn.microsoft.com/en-us/library/d5fk67ky.aspx&quot; rel=&quot;nofollow noreferrer&quot;&gt;&lt;code&gt;Run&lt;/code&gt;&lt;/a&gt; method, though.&lt;/li&gt;
&lt;li&gt;&lt;a href=&quot;https://msdn.microsoft.com/en-us/library/3cc5edzd.aspx&quot; rel=&quot;nofollow noreferrer&quot;&gt;&lt;code&gt;CurrentDirectory&lt;/code&gt;&lt;/a&gt; is a property of &lt;code&gt;WshShell&lt;/code&gt; objects, not a builtin variable.&lt;/li&gt;
&lt;li&gt;The &lt;a href=&quot;https://msdn.microsoft.com/en-us/library/z0z2z1zt.aspx&quot; rel=&quot;nofollow noreferrer&quot;&gt;&lt;code&gt;BuildPath&lt;/code&gt;&lt;/a&gt; method returns a string, not an object, so you need to remove the &lt;a href=&quot;https://msdn.microsoft.com/en-us/library/4afksd44.aspx&quot; rel=&quot;nofollow noreferrer&quot;&gt;&lt;code&gt;Set&lt;/code&gt;&lt;/a&gt; keyword.&lt;/li&gt;
&lt;/ul&gt;

&lt;p&gt;This will do what you want:&lt;/p&gt;

&lt;pre&gt;&lt;code&gt;objPath = objFSO.BuildPath(objShell.CurrentDirectory, &quot;new 1.cmd&quot;)
...
objShell.Run &quot;&quot;&quot;&quot; &amp;amp; objPath &amp;amp; &quot;&quot;&quot;&quot;, 1, True
&lt;/code&gt;&lt;/pre&gt;
');
INSERT INTO answer (post_id, question_id, accepted) VALUES (45, 15, 'False');
INSERT INTO activity ( post_id, user_id, action) VALUES (45, 23, 'Create');
INSERT INTO activity (post_id, user_id, activity) VALUES (45, 23, 'Upvote');

INSERT INTO post (current_state, up_score, down_score) VALUES ('Published', 2, 0);
INSERT INTO postinstance (post_id, user_id, description) VALUES (46, 35, '&lt;p&gt;You shouldn&#x27;t return iterator to locally allocated vector. It is an undefined behavior.&lt;/p&gt;

&lt;p&gt;The explanation is pretty simple: &lt;code&gt;vector&amp;lt;T&amp;gt; vec;&lt;/code&gt; is destroyed once you leave the function.&lt;/p&gt;

&lt;p&gt;The second option is better and most probably will have &lt;em&gt;Return Value Optimization&lt;/em&gt; that will construct vector exactly where it should be returned.&lt;/p&gt;
');
INSERT INTO answer (post_id, question_id, accepted) VALUES (46, 5, 'False');
INSERT INTO activity ( post_id, user_id, action) VALUES (46, 35, 'Create');
INSERT INTO activity (post_id, user_id, activity) VALUES (46, 35, 'Upvote');
INSERT INTO activity (post_id, user_id, activity) VALUES (46, 35, 'Upvote');

INSERT INTO post (current_state, up_score, down_score) VALUES ('Published', 0, 0);
INSERT INTO postinstance (post_id, user_id, description) VALUES (47, 50, '&lt;p&gt;There is no circumstance in which your first function would be preferred.  The vector &lt;code&gt;vec&lt;/code&gt; ceases to exist when the function returns.  Any iterators supplied by that vector will be invalid for the caller.   And most usages of those iterators (particularly dereferencing) will cause the caller to exhibit undefined behaviour.&lt;/p&gt;

&lt;p&gt;The only time an iterator should be returned by a function will be if the vector which provides those iterators is guaranteed to exist after the function returns.   Practically, there are only three circumstances in which one MIGHT do that.  The first is if the vector is passed as an argument to the function, such as&lt;/p&gt;

&lt;pre&gt;&lt;code&gt; std::vector&amp;lt;int&amp;gt;::iterator func(std::vector&amp;lt;int&amp;gt; &amp;amp;vec)
 {
     return vec.begin();
 }
&lt;/code&gt;&lt;/pre&gt;

&lt;p&gt;Since the caller passes the vector, the vector will exist when the function returns.&lt;/p&gt;

&lt;p&gt;The second case is if the vector is a static, or otherwise continues to exist when the function returns.&lt;/p&gt;

&lt;pre&gt;&lt;code&gt; std::vector&amp;lt;int&amp;gt;::iterator func(std::vector&amp;lt;int&amp;gt; &amp;amp;vec)
 {
     static std::vector&amp;lt;int&amp;gt; vec;
     return vec.begin();
 }
&lt;/code&gt;&lt;/pre&gt;

&lt;p&gt;Of course, using a function like this has all the complications associated with statics (e.g. problems with reentrancy, need to synchronise usage across threads, etc etc).&lt;/p&gt;

&lt;p&gt;The third case in which an iterator may be returned is if an iterator is passed to the function.  Such as&lt;/p&gt;

&lt;pre&gt;&lt;code&gt; std::vector&amp;lt;int&amp;gt;::iterator func(std::vector&amp;lt;int&amp;gt;::iterator it)
 {
     return it + 1;
 }
&lt;/code&gt;&lt;/pre&gt;

&lt;p&gt;In this case, it is up to the caller to pass a valid iterator (e.g. obtained from a container it controls) that can be incremented (or advanced by 1).&lt;/p&gt;

&lt;p&gt;Also, if a function returns an iterator, the caller might need to check if the iterator is valid before using it.   If so, that should be docuumented.  For example, if the function might return an end iterator, the caller should check BEFORE trying to dereference it, not after.&lt;/p&gt;
');
INSERT INTO answer (post_id, question_id, accepted) VALUES (47, 5, 'False');
INSERT INTO activity ( post_id, user_id, action) VALUES (47, 50, 'Create');

INSERT INTO post (current_state, up_score, down_score) VALUES ('Published', 0, 0);
INSERT INTO postinstance (post_id, user_id, description) VALUES (48, 2, '&lt;p&gt;The c++ templates are expanded at compile time, just like MICRO:
&lt;a href=&quot;https://en.wikipedia.org/wiki/Template_(C%2B%2B)#Advantages_and_disadvantages_of_templates_over_macros&quot; rel=&quot;nofollow noreferrer&quot;&gt;c++ template explanation wikipedia&lt;/a&gt;&lt;/p&gt;

&lt;p&gt;When you run the c++ program the templates params are already determined.&lt;/p&gt;

&lt;p&gt;So if you insist on the using the template to implement the independent_bits_engine, you have to remove the template param std::size_t W.
And instand you can pass the size param to the independent_bits_engine object at runtime.&lt;/p&gt;
');
INSERT INTO answer (post_id, question_id, accepted) VALUES (48, 26, 'False');
INSERT INTO activity ( post_id, user_id, action) VALUES (48, 2, 'Create');

INSERT INTO post (current_state, up_score, down_score) VALUES ('Published', 0, 0);
INSERT INTO postinstance (post_id, user_id, description) VALUES (49, 14, '&lt;p&gt;Apart from the general remark about returning a pointer-like to something disapparead on the stack, option 1 asks for a pair of &lt;em&gt;methods&lt;/em&gt; (functions disqualify option 1) : begin &amp;amp; end. Iterators in C++ do not work as in java, python and many others.&lt;/p&gt;
');
INSERT INTO answer (post_id, question_id, accepted) VALUES (49, 5, 'False');
INSERT INTO activity ( post_id, user_id, action) VALUES (49, 14, 'Create');

INSERT INTO post (current_state, up_score, down_score) VALUES ('Published', 0, 0);
INSERT INTO postinstance (post_id, user_id, description) VALUES (50, 48, '&lt;p&gt;After thinking of pros and cons of differents propositions, I&#x27;ll go with a &lt;code&gt;ParentComponent&lt;/code&gt; event if it&#x27;s here only for getting user stream.
Thanks everyone.&lt;/p&gt;
');
INSERT INTO answer (post_id, question_id, accepted) VALUES (50, 17, 'False');
INSERT INTO activity ( post_id, user_id, action) VALUES (50, 48, 'Create');

INSERT INTO post (current_state, up_score, down_score) VALUES ('Published', 1, 0);
INSERT INTO postinstance (post_id, user_id, description) VALUES (51, 9, '&lt;p&gt;A vector iterator is only valid for the vector it comes from so returning an iterator to a local vector is no use.&lt;/p&gt;

&lt;p&gt;Only return a vector iterator when you passed the vector it belongs to in as a parameter reference:&lt;/p&gt;

&lt;pre&gt;&lt;code&gt;std::vector&amp;lt;int&amp;gt;::iterator find(std::vector&amp;lt;int&amp;gt;&amp;amp; v, int i)
{
    // do findie stuff
    return std::find(std::begin(v), std::end(v), i);
}
&lt;/code&gt;&lt;/pre&gt;

&lt;p&gt;You would &lt;em&gt;never&lt;/em&gt; want to do this:&lt;/p&gt;

&lt;pre&gt;&lt;code&gt;vector&amp;lt;T&amp;gt;::iterator GetSomething()
{
    vector&amp;lt;T&amp;gt; vec;

    // Update vec with something...

    return vec.begin(); // this iterator will be bad when it arrives
}
&lt;/code&gt;&lt;/pre&gt;

&lt;p&gt;Once the vector is destroyed at the end of the function its iterators are invalidated.&lt;/p&gt;
');
INSERT INTO answer (post_id, question_id, accepted) VALUES (51, 5, 'False');
INSERT INTO activity ( post_id, user_id, action) VALUES (51, 9, 'Create');
INSERT INTO activity (post_id, user_id, activity) VALUES (51, 9, 'Upvote');

INSERT INTO post (current_state, up_score, down_score) VALUES ('Published', 0, 0);
INSERT INTO postinstance (post_id, user_id, description) VALUES (52, 25, '&lt;p&gt;The lifetime of vector, just like all other automatic variables ends with the scope of the block it was declared in.&lt;/p&gt;

&lt;p&gt;As such, if you return the iterator, it will point to freed memory and do all kinds of funny things like crash your program.&lt;/p&gt;

&lt;p&gt;If you return the vector itself, it is copied with all of its content, but the original vector still &#x27;dies&#x27; at the end of the block.&lt;/p&gt;
');
INSERT INTO answer (post_id, question_id, accepted) VALUES (52, 5, 'False');
INSERT INTO activity ( post_id, user_id, action) VALUES (52, 25, 'Create');

INSERT INTO post (current_state, up_score, down_score) VALUES ('Published', 2, 0);
INSERT INTO postinstance (post_id, user_id, description) VALUES (53, 26, '&lt;p&gt;You can try to create structural directive like:&lt;/p&gt;

&lt;p&gt;&lt;strong&gt;ng-async.directive.ts&lt;/strong&gt;&lt;/p&gt;

&lt;pre&gt;&lt;code&gt;@Directive({ selector: &#x27;[ngAsync]&#x27; })
export class NgAsync {
   constructor(private vcRef: ViewContainerRef, private templateRef: TemplateRef&amp;lt;any&amp;gt;) {}

   @Input()
   set ngAsync(variable: any) {
      this.vcRef.clear();
      this.vcRef.createEmbeddedView(this.templateRef, { $implicit: variable });
   }
}
&lt;/code&gt;&lt;/pre&gt;

&lt;p&gt;Then you can use it the following way&lt;/p&gt;

&lt;p&gt;&lt;strong&gt;view.html&lt;/strong&gt;&lt;/p&gt;

&lt;pre&gt;&lt;code&gt;&amp;lt;ng-container *ngAsync=&quot;user$ | async; let user&quot;&amp;gt;
  &amp;lt;app-xpbar *ngIf=&quot;user&quot;&amp;gt;&amp;lt;/app-xpbar&amp;gt;

  &amp;lt;header class=&quot;header&quot;&amp;gt;

    &amp;lt;app-header-common
      (onSearch)=&quot;searching($event)&quot;&amp;gt;
    &amp;lt;/app-header-common&amp;gt;

    &amp;lt;app-header-user
      [user]=&quot;user&quot;
      (onLogin)=&quot;login($event)&quot;
      (onTrial)=&quot;trial($event)&quot;&amp;gt;
    &amp;lt;/app-header-user&amp;gt;

  &amp;lt;/header&amp;gt;
&amp;lt;/ng-container&amp;gt;
&lt;/code&gt;&lt;/pre&gt;
');
INSERT INTO answer (post_id, question_id, accepted) VALUES (53, 17, 'False');
INSERT INTO activity ( post_id, user_id, action) VALUES (53, 26, 'Create');
INSERT INTO activity (post_id, user_id, activity) VALUES (53, 26, 'Upvote');
INSERT INTO activity (post_id, user_id, activity) VALUES (53, 26, 'Upvote');

INSERT INTO post (current_state, up_score, down_score) VALUES ('Published', 1, 0);
INSERT INTO postinstance (post_id, user_id, description) VALUES (54, 41, '&lt;p&gt;You do &lt;strong&gt;not&lt;/strong&gt; want to listen for key events.&lt;/p&gt;

&lt;p&gt;Instead, you want to track a &quot;unsaved property&quot; within the class that wraps around your different components. Any time the user makes &lt;strong&gt;any&lt;/strong&gt; change to the editor (more specifically to the underlying &lt;strong&gt;&lt;a href=&quot;https://docs.oracle.com/javase/7/docs/api/javax/swing/text/Document.html&quot; rel=&quot;nofollow noreferrer&quot;&gt;model&lt;/a&gt;&lt;/strong&gt; object); you set that property to &lt;code&gt;true&lt;/code&gt;.&lt;/p&gt;

&lt;p&gt;Every time the user saves, you turn the property to &lt;code&gt;false&lt;/code&gt;.&lt;/p&gt;

&lt;p&gt;And whenever the user tells the application to shutdown, you check that property, and if it is &lt;code&gt;true&lt;/code&gt; - you ask the user if he wants to save.&lt;/p&gt;

&lt;p&gt;Do &lt;strong&gt;not&lt;/strong&gt; get into a mode where &quot;one action&quot; directly triggers another one.&lt;/p&gt;

&lt;p&gt;Edit: just to make that clear - with property I mean that you add a &lt;strong&gt;field&lt;/strong&gt; to your class, very much like the &lt;code&gt;isModified&lt;/code&gt; that the other answer already suggests.&lt;/p&gt;
');
INSERT INTO answer (post_id, question_id, accepted) VALUES (54, 9, 'False');
INSERT INTO activity ( post_id, user_id, action) VALUES (54, 41, 'Create');
INSERT INTO activity (post_id, user_id, activity) VALUES (54, 41, 'Upvote');

INSERT INTO post (current_state, up_score, down_score) VALUES ('Published', -1, 0);
INSERT INTO postinstance (post_id, user_id, description) VALUES (55, 5, '&lt;p&gt;You could use the safe navigation property: &quot;user?&quot;&lt;/p&gt;

&lt;p&gt;&lt;a href=&quot;https://angular.io/docs/ts/latest/guide/cheatsheet.html&quot; rel=&quot;nofollow noreferrer&quot;&gt;https://angular.io/docs/ts/latest/guide/cheatsheet.html&lt;/a&gt;&lt;/p&gt;
');
INSERT INTO answer (post_id, question_id, accepted) VALUES (55, 17, 'False');
INSERT INTO activity ( post_id, user_id, action) VALUES (55, 5, 'Create');

INSERT INTO post (current_state, up_score, down_score) VALUES ('Published', 3, 1);
INSERT INTO postinstance (post_id, user_id, description) VALUES (56, 23, '&lt;p&gt;If I understand you correctly, you are asking how to detect whether a document in a &lt;code&gt;JTextPane&lt;/code&gt; was edited or not. Listening to keys is not optimal. I would rather recommend one of two ways: &lt;/p&gt;

&lt;p&gt;A) Listen to changes to the underlying document:&lt;/p&gt;

&lt;pre&gt;&lt;code&gt;    jTextPanel.getDocument().addDocumentListener(new DocumentListener(){
        @Override
        public void changedUpdate(DocumentEvent e) {
            isModified=true;                
        }

        @Override
        public void insertUpdate(DocumentEvent e) {
            isModified=true;                
        }
        @Override
        public void removeUpdate(DocumentEvent e) {
            isModified=true;                
        }            
    });
&lt;/code&gt;&lt;/pre&gt;

&lt;p&gt;The field &lt;code&gt;isModified&lt;/code&gt; has to be initialized to &lt;code&gt;false&lt;/code&gt;, and will be set to &lt;code&gt;true&lt;/code&gt;whenever the document is changed in any way. You have to reset it to false after saving.&lt;/p&gt;

&lt;p&gt;B) Keep a copy of the original document and compare both when the frame is about to be closed. How you do this depends a bit on the kind of document that you have. If it is an HTMLDocument, then comparing the actual HTML source code is the most accurate method:&lt;/p&gt;

&lt;p&gt;Before editing starts:&lt;/p&gt;

&lt;pre&gt;&lt;code&gt;HTMLDocument doc=(HTMLDocument)jTextPanel.getDocument();
String originalHtml=getHTML(doc);
&lt;/code&gt;&lt;/pre&gt;

&lt;p&gt;After editing / upon closing the frame:&lt;/p&gt;

&lt;pre&gt;&lt;code&gt;HTMLDocument doc=(HTMLDocument)jTextPanel.getDocument();
String editedHtml=getHTML(doc);
if(!editedHtml.equals(originalHtml))
   // ... text has been edited
&lt;/code&gt;&lt;/pre&gt;

&lt;p&gt;The &lt;code&gt;getHTML()&lt;/code&gt; method:&lt;/p&gt;

&lt;pre&gt;&lt;code&gt;public String getHTML(HTMLDocument doc){
    StringWriter writer = new StringWriter();
    kit.write(writer, doc, 0, doc.getLength());
    return writer.toString();
}
&lt;/code&gt;&lt;/pre&gt;

&lt;p&gt;The advantage of approach B) is that you don&#x27;t have to check each edit operation (the overhead of which is negligible in most cases, though) and that you can accurately detect when changes have been reverted (e.g. user added text, then deleted that text, or an undo has been performed).&lt;/p&gt;
');
INSERT INTO answer (post_id, question_id, accepted) VALUES (56, 9, 'True');
INSERT INTO activity ( post_id, user_id, action) VALUES (56, 23, 'Create');
INSERT INTO activity (post_id, user_id, activity) VALUES (56, 23, 'Upvote');
INSERT INTO activity (post_id, user_id, activity) VALUES (56, 23, 'Upvote');
INSERT INTO activity (post_id, user_id, activity) VALUES (56, 23, 'Upvote');
INSERT INTO activity (post_id, user_id, activity) VALUES (56, 23, 'Downvote');

INSERT INTO post (current_state, up_score, down_score) VALUES ('Published', 1, 0);
INSERT INTO postinstance (post_id, user_id, description) VALUES (57, 28, '&lt;p&gt;Actually you wrote the query string wrong, the correct syntax for insertion of data into table is:    &lt;/p&gt;

&lt;pre&gt;&lt;code&gt;INSERT INTO table_name (column 1, column 2, ...) VALUES (values)
&lt;/code&gt;&lt;/pre&gt;

&lt;p&gt;The query string should be:   &lt;/p&gt;

&lt;pre&gt;&lt;code&gt;string str1 = &quot;Insert Into appointment (id, name, time) Values (id, name, time)&quot;;
string str2 = &quot;Insert Into customer (pid, phone) Values (pid, phone)&quot;;
&lt;/code&gt;&lt;/pre&gt;

&lt;p&gt;Hope that helps you.&lt;/p&gt;
');
INSERT INTO answer (post_id, question_id, accepted) VALUES (57, 18, 'False');
INSERT INTO activity ( post_id, user_id, action) VALUES (57, 28, 'Create');
INSERT INTO activity (post_id, user_id, activity) VALUES (57, 28, 'Upvote');

INSERT INTO post (current_state, up_score, down_score) VALUES ('Published', 0, 0);
INSERT INTO postinstance (post_id, user_id, description) VALUES (58, 8, '&lt;p&gt;Use below code, it will not give you error:&lt;/p&gt;

&lt;p&gt;MainActivity&lt;/p&gt;

&lt;pre&gt;&lt;code&gt;        import android.app.Activity;
        import android.app.ListActivity;
        import android.content.Context;
        import android.content.Intent;
        import android.database.Cursor;
        import android.net.Uri;
        import android.provider.OpenableColumns;
        import android.support.v7.app.AppCompatActivity;
        import android.os.Bundle;
        import android.util.Log;
        import android.view.View;
        import android.widget.ArrayAdapter;
        import android.widget.ListView;

        import java.io.File;
        import java.io.IOException;
        import java.io.InputStream;
        import java.net.URI;
        import java.net.URISyntaxException;
        import java.util.ArrayList;
        import java.util.Collections;
        import java.util.List;

public class MainActivity extends AppCompatActivity {

    public static String path;
    private static final int PICKFILE_REQUEST_CODE = 0;
    File tempFile;

    @Override
    protected void onCreate(Bundle savedInstanceState) {
        super.onCreate(savedInstanceState);
        setContentView(R.layout.activity_main);
        getFile();
    }

    public void getFile() {

        Intent intent = new Intent(Intent.ACTION_GET_CONTENT);
        //intent.setType(&quot;application/pdf&quot;);

       // path = intent.getStringExtra(&quot;path&quot;);
      //  intent = new Intent(this, Main2Activity.class);
      //  intent.putExtra(&quot;path&quot;, path);
        startActivityForResult(intent, PICKFILE_REQUEST_CODE);
    }

    @Override
    protected void onActivityResult(int requestCode, int resultCode, Intent data) {
        if(requestCode==PICKFILE_REQUEST_CODE &amp;amp;&amp;amp; resultCode==RESULT_OK) {
            Intent intent = new Intent(this, Main2Activity.class);
            Uri uri = data.getData();
            String uriString = uri.toString();
            File myFile = new File(uriString);
            path = myFile.getAbsolutePath();
            Log.d(&quot;uri&quot;,uriString + &quot; &quot; + path);
            Bundle extras = new Bundle();
            extras.putParcelable(&quot;path&quot;, uri);
           // intent.putExtra();
            startActivityForResult(intent, PICKFILE_REQUEST_CODE);
        }
        super.onActivityResult(requestCode, resultCode, data);
    }
}
&lt;/code&gt;&lt;/pre&gt;

&lt;p&gt;Main2Activity&lt;/p&gt;

&lt;pre&gt;&lt;code&gt;import android.annotation.TargetApi;
import android.content.Intent;
import android.graphics.Bitmap;
import android.graphics.pdf.PdfRenderer;
import android.net.Uri;
import android.os.Build;
import android.os.Environment;
import android.os.ParcelFileDescriptor;
import android.support.v7.app.AppCompatActivity;
import android.os.Bundle;
import android.util.Log;
import android.view.View;
import android.widget.Button;
import android.widget.ImageView;

import java.io.File;


public class Main2Activity extends AppCompatActivity {

    int pagecount = -1;
    Button buttonnext, buttonprevious;
    ImageView imageView;

    @Override
    protected void onCreate(Bundle savedInstanceState) {
        super.onCreate(savedInstanceState);
        setContentView(R.layout.activity_main2);

        buttonnext = (Button) findViewById(R.id.button1);
        buttonprevious = (Button) findViewById(R.id.button2);
        imageView = (ImageView) findViewById(R.id.imageview);


        buttonnext.setOnClickListener(new View.OnClickListener() {
            @Override
            public void onClick(View view) {
                pagecount++;

                render();

            }
        });
        buttonprevious.setOnClickListener(new View.OnClickListener() {
            @Override
            public void onClick(View view) {
                pagecount--;

                render();
            }
        });

    }

    @TargetApi(Build.VERSION_CODES.LOLLIPOP)
    public void render() {

        try {
            int width = imageView.getWidth();
            int height = imageView.getHeight();
            Bitmap bitmap = Bitmap.createBitmap(width, height,                Bitmap.Config.ARGB_4444);

            Intent intent = getIntent();
            Bundle extras = intent.getExtras();
            Uri data = extras.getParcelable(&quot;path&quot;);
            Log.d(&quot;Soanam&quot;,&quot;path&quot; + data);
            File file = new File(data.toString());

            PdfRenderer renderer = new              PdfRenderer(ParcelFileDescriptor.open(file, ParcelFileDescriptor.MODE_READ_ONLY));

            if (pagecount &amp;lt; 0) {
                pagecount = 0;
            } else if (pagecount &amp;gt; renderer.getPageCount()) {
                pagecount = renderer.getPageCount() - 1;
            }
            renderer.openPage(pagecount).render(bitmap, null, null, PdfRenderer.Page.RENDER_MODE_FOR_DISPLAY);
            imageView.setImageBitmap(bitmap);
            imageView.invalidate();

        } catch (Exception e) {
            e.printStackTrace();
        }
    }

    @Override
    public void onBackPressed() {
        super.onBackPressed();
        Intent intent = new Intent(this, MainActivity.class);
        startActivity(intent);

    }
}
&lt;/code&gt;&lt;/pre&gt;
');
INSERT INTO answer (post_id, question_id, accepted) VALUES (58, 14, 'False');
INSERT INTO activity ( post_id, user_id, action) VALUES (58, 8, 'Create');

INSERT INTO post (current_state, up_score, down_score) VALUES ('Published', 1, 0);
INSERT INTO postinstance (post_id, user_id, description) VALUES (59, 32, '&lt;p&gt;You need table name  (column name)  and values  (  )&lt;/p&gt;

&lt;pre&gt;&lt;code&gt;string str1 = &quot;Insert Into  appointment (id, name, time)  Values (id,name,time)&quot;;
string str2= &quot;Insert Into  customer (pid, phone)  Values (pid,phone)&quot;;
&lt;/code&gt;&lt;/pre&gt;
');
INSERT INTO answer (post_id, question_id, accepted) VALUES (59, 18, 'False');
INSERT INTO activity ( post_id, user_id, action) VALUES (59, 32, 'Create');
INSERT INTO activity (post_id, user_id, activity) VALUES (59, 32, 'Upvote');

INSERT INTO post (current_state, up_score, down_score) VALUES ('Published', 0, 0);
INSERT INTO postinstance (post_id, user_id, description) VALUES (60, 33, '&lt;p&gt;Yes.. because your path is null.. this is the reason you are getting null pointer exception&lt;/p&gt;
');
INSERT INTO answer (post_id, question_id, accepted) VALUES (60, 14, 'False');
INSERT INTO activity ( post_id, user_id, action) VALUES (60, 33, 'Create');

INSERT INTO post (current_state, up_score, down_score) VALUES ('Published', 0, 0);
INSERT INTO postinstance (post_id, user_id, description) VALUES (61, 4, 'When you post a link as a solution or as a work-around, you should also explain it in a few words, it will be much more useful.');
INSERT INTO answercomment (post_id, answer_id) VALUES (61, 41);
INSERT INTO activity (post_id, user_id, action) VALUES (61, 4, 'Create');

INSERT INTO post (current_state, up_score, down_score) VALUES ('Published', 0, 0);
INSERT INTO postinstance (post_id, user_id, description) VALUES (62, 19, 'What if the vector is a member variable ?');
INSERT INTO answercomment (post_id, answer_id) VALUES (62, 47);
INSERT INTO activity (post_id, user_id, action) VALUES (62, 19, 'Create');

INSERT INTO post (current_state, up_score, down_score) VALUES ('Published', 1, 0);
INSERT INTO postinstance (post_id, user_id, description) VALUES (63, 50, 'However, that requires a NSManaged​Object​ID, and will not work with &lt;code&gt;let personID: Int = 2&lt;/code&gt; as in the question.');
INSERT INTO answercomment (post_id, answer_id) VALUES (63, 42);
INSERT INTO activity (post_id, user_id, action) VALUES (63, 50, 'Create');
INSERT INTO activity (post_id, user_id, activity) VALUES (63, 50, 'Upvote');

INSERT INTO post (current_state, up_score, down_score) VALUES ('Published', 0, 0);
INSERT INTO postinstance (post_id, user_id, description) VALUES (64, 5, 'name and time also gives an error');
INSERT INTO answercomment (post_id, answer_id) VALUES (64, 59);
INSERT INTO activity (post_id, user_id, action) VALUES (64, 5, 'Create');

INSERT INTO post (current_state, up_score, down_score) VALUES ('Published', 0, 0);
INSERT INTO postinstance (post_id, user_id, description) VALUES (65, 45, '@J.H.Bonarius My preference is to keep the example simple as some readers may not be using templates in their own code. Although the original question uses &lt;code&gt;T&lt;/code&gt; its not actually presented as a template function.');
INSERT INTO answercomment (post_id, answer_id) VALUES (65, 51);
INSERT INTO activity (post_id, user_id, action) VALUES (65, 45, 'Create');

INSERT INTO post (current_state, up_score, down_score) VALUES ('Published', 0, 0);
INSERT INTO postinstance (post_id, user_id, description) VALUES (66, 28, 'Yes you are right. I&amp;#39;ll stick with a parent component then. But I&amp;#39;ll keep this directive. It can be usefull.');
INSERT INTO answercomment (post_id, answer_id) VALUES (66, 53);
INSERT INTO activity (post_id, user_id, action) VALUES (66, 28, 'Create');

INSERT INTO post (current_state, up_score, down_score) VALUES ('Published', 0, 0);
INSERT INTO postinstance (post_id, user_id, description) VALUES (67, 34, 'It seems like the selected file is not received at onActivityResult');
INSERT INTO answercomment (post_id, answer_id) VALUES (67, 58);
INSERT INTO activity (post_id, user_id, action) VALUES (67, 34, 'Create');

INSERT INTO post (current_state, up_score, down_score) VALUES ('Published', 0, 0);
INSERT INTO postinstance (post_id, user_id, description) VALUES (68, 5, 'Running it exactly as pasted above i still got this:   03-29 10:18:22.602 10094-10094/com.example.user.mpdfreader W/System.err: java.lang.NullPointerException: Attempt to invoke virtual method &amp;#39;android.os.Parcelable android.os.Bundle.getParcelable(java.lang.String)&amp;#39; on a null object reference 03-29 10:18:22.603 10094-10094/com.example.user.mpdfreader W/System.err:     at com.example.user.mpdfreader.Main2Activity.render(Main2Activi&amp;zwnj;&amp;#8203;ty.java:65)');
INSERT INTO answercomment (post_id, answer_id) VALUES (68, 58);
INSERT INTO activity (post_id, user_id, action) VALUES (68, 5, 'Create');

INSERT INTO post (current_state, up_score, down_score) VALUES ('Published', 0, 0);
INSERT INTO postinstance (post_id, user_id, description) VALUES (69, 44, 'The main disadvantage is destroying all elements after updating &lt;code&gt;user&lt;/code&gt;');
INSERT INTO answercomment (post_id, answer_id) VALUES (69, 53);
INSERT INTO activity (post_id, user_id, action) VALUES (69, 44, 'Create');

INSERT INTO post (current_state, up_score, down_score) VALUES ('Published', 0, 0);
INSERT INTO postinstance (post_id, user_id, description) VALUES (70, 4, '@hud if you exclude id then does it gives error?');
INSERT INTO answercomment (post_id, answer_id) VALUES (70, 59);
INSERT INTO activity (post_id, user_id, action) VALUES (70, 4, 'Create');

INSERT INTO post (current_state, up_score, down_score) VALUES ('Published', 0, 0);
INSERT INTO postinstance (post_id, user_id, description) VALUES (71, 14, 'Good answer, but maybe template the first/correct example, just so it matched the question.');
INSERT INTO answercomment (post_id, answer_id) VALUES (71, 51);
INSERT INTO activity (post_id, user_id, action) VALUES (71, 14, 'Create');

INSERT INTO post (current_state, up_score, down_score) VALUES ('Published', 0, 0);
INSERT INTO postinstance (post_id, user_id, description) VALUES (72, 18, 'Looks pretty nice. I&amp;#39;m going to try that. Thank you @yurzui.');
INSERT INTO answercomment (post_id, answer_id) VALUES (72, 53);
INSERT INTO activity (post_id, user_id, action) VALUES (72, 18, 'Create');

INSERT INTO post (current_state, up_score, down_score) VALUES ('Published', 0, 0);
INSERT INTO postinstance (post_id, user_id, description) VALUES (73, 42, 'And beyond that: SO is not about asking more questions in comments. If you do that, and hope for the other site to be helpful beyond the original answer ... then well, ask yourself: what might the other site motivate to help me beyond that point? For sure not an explanation why you upvoted elsewhere.');
INSERT INTO answercomment (post_id, answer_id) VALUES (73, 54);
INSERT INTO activity (post_id, user_id, action) VALUES (73, 42, 'Create');

INSERT INTO post (current_state, up_score, down_score) VALUES ('Published', 0, 0);
INSERT INTO postinstance (post_id, user_id, description) VALUES (74, 47, 'Sorry, but it seems that you are absolutely &lt;b&gt;overburdening&lt;/b&gt; yourself. He is using that HTMLModel as &lt;b&gt;example&lt;/b&gt; (the answer reads &amp;quot;if it is an HTMLDocument&amp;quot;!) ... and we are talking really basic stuff here which you don&amp;#39;t get. At the same point you want to create a complex Swing UI. That wont work. You have to &lt;b&gt;understand&lt;/b&gt; the things you are doing.');
INSERT INTO answercomment (post_id, answer_id) VALUES (74, 54);
INSERT INTO activity (post_id, user_id, action) VALUES (74, 47, 'Create');

INSERT INTO post (current_state, up_score, down_score) VALUES ('Published', 0, 0);
INSERT INTO postinstance (post_id, user_id, description) VALUES (75, 25, 'I have upvoted it because the code is working fine, but my ambition is for any kind of files (&lt;i&gt;not only HTML files&lt;/i&gt;)...');
INSERT INTO answercomment (post_id, answer_id) VALUES (75, 54);
INSERT INTO activity (post_id, user_id, action) VALUES (75, 25, 'Create');

INSERT INTO post (current_state, up_score, down_score) VALUES ('Deleted', 1, 0);
INSERT INTO postinstance (post_id, user_id, description) VALUES (76, 37, 'Ok so I guess my only other possibility is to query the user in the &lt;code&gt;ParentComponent&lt;/code&gt; and give it to this one.');
INSERT INTO answercomment (post_id, answer_id) VALUES (76, 37);
INSERT INTO activity (post_id, user_id, action) VALUES (76, 37, 'Create');
INSERT INTO activity (post_id, user_id, activity) VALUES (76, 37, 'Upvote');

INSERT INTO post (current_state, up_score, down_score) VALUES ('Published', 0, 0);
INSERT INTO postinstance (post_id, user_id, description) VALUES (77, 2, 'How can I check for unsaved property?');
INSERT INTO answercomment (post_id, answer_id) VALUES (77, 54);
INSERT INTO activity (post_id, user_id, action) VALUES (77, 2, 'Create');

INSERT INTO post (current_state, up_score, down_score) VALUES ('Published', 0, 0);
INSERT INTO postinstance (post_id, user_id, description) VALUES (78, 24, 'Thank you very much Sir. :)');
INSERT INTO answercomment (post_id, answer_id) VALUES (78, 56);
INSERT INTO activity (post_id, user_id, action) VALUES (78, 24, 'Create');

INSERT INTO post (current_state, up_score, down_score) VALUES ('Published', 0, 0);
INSERT INTO postinstance (post_id, user_id, description) VALUES (79, 1, '@Tom that&amp;#39;s expected. I just missed that &lt;code&gt;&amp;lt;app-xpbar&amp;gt;&lt;/code&gt; closes at the same line. Perhaps you can move &lt;code&gt;*ngIf&lt;/code&gt; to a common parent element?');
INSERT INTO answercomment (post_id, answer_id) VALUES (79, 37);
INSERT INTO activity (post_id, user_id, action) VALUES (79, 1, 'Create');

INSERT INTO post (current_state, up_score, down_score) VALUES ('Published', 0, 0);
INSERT INTO postinstance (post_id, user_id, description) VALUES (80, 9, 'Yes it does not seem to work. Putting &lt;code&gt;{{user | json}}&lt;/code&gt; next to &lt;code&gt;&amp;lt;app-xpbar&amp;gt;&lt;/code&gt; does not show the result.');
INSERT INTO answercomment (post_id, answer_id) VALUES (80, 37);
INSERT INTO activity (post_id, user_id, action) VALUES (80, 9, 'Create');

INSERT INTO post (current_state, up_score, down_score) VALUES ('Published', 0, 0);
INSERT INTO postinstance (post_id, user_id, description) VALUES (81, 15, 'Thanks again for pointing out my mistakes @yurzui I thought I checked that the &lt;code&gt;&amp;lt;pp-xpbar&amp;gt;&lt;/code&gt; closes after the &lt;code&gt;&amp;lt;app-header-user&amp;gt;&lt;/code&gt;. Seems like I need better glasses.');
INSERT INTO answercomment (post_id, answer_id) VALUES (81, 37);
INSERT INTO activity (post_id, user_id, action) VALUES (81, 15, 'Create');

INSERT INTO post (current_state, up_score, down_score) VALUES ('Published', 0, 0);
INSERT INTO postinstance (post_id, user_id, description) VALUES (82, 38, 'I think &lt;code&gt;let user&lt;/code&gt; has scope within &lt;code&gt;*ngIf&lt;/code&gt;');
INSERT INTO answercomment (post_id, answer_id) VALUES (82, 37);
INSERT INTO activity (post_id, user_id, action) VALUES (82, 38, 'Create');

INSERT INTO post (current_state, up_score, down_score) VALUES ('Published', 0, 0);
INSERT INTO postinstance (post_id, user_id, description) VALUES (83, 22, '4.0.0. But I tried &lt;code&gt;user$ | async as user&lt;/code&gt; not &lt;code&gt;user$ | async; let user&lt;/code&gt;.');
INSERT INTO answercomment (post_id, answer_id) VALUES (83, 37);
INSERT INTO activity (post_id, user_id, action) VALUES (83, 22, 'Create');

INSERT INTO post (current_state, up_score, down_score) VALUES ('Published', 0, 0);
INSERT INTO postinstance (post_id, user_id, description) VALUES (84, 49, 'What Angular version?');
INSERT INTO answercomment (post_id, answer_id) VALUES (84, 37);
INSERT INTO activity (post_id, user_id, action) VALUES (84, 49, 'Create');

INSERT INTO post (current_state, up_score, down_score) VALUES ('Published', 0, 0);
INSERT INTO postinstance (post_id, user_id, description) VALUES (85, 27, 'Actually I also tried that but It did not work. I&amp;#39;ll try again then.');
INSERT INTO answercomment (post_id, answer_id) VALUES (85, 37);
INSERT INTO activity (post_id, user_id, action) VALUES (85, 27, 'Create');

INSERT INTO post (current_state, up_score, down_score) VALUES ('Published', 0, 0);
INSERT INTO postinstance (post_id, user_id, description) VALUES (86, 20, 'i changed my code exactly like yours but it seems like the columns cannot be found. The error is Invalid column name &amp;#39;id&amp;#39;');
INSERT INTO answercomment (post_id, answer_id) VALUES (86, 57);
INSERT INTO activity (post_id, user_id, action) VALUES (86, 20, 'Create');

INSERT INTO post (current_state, up_score, down_score) VALUES ('Published', 0, 0);
INSERT INTO postinstance (post_id, user_id, description) VALUES (87, 14, 'yes the column name is &amp;#39;id&amp;#39;. But it still error');
INSERT INTO answercomment (post_id, answer_id) VALUES (87, 59);
INSERT INTO activity (post_id, user_id, action) VALUES (87, 14, 'Create');

INSERT INTO post (current_state, up_score, down_score) VALUES ('Published', 0, 0);
INSERT INTO postinstance (post_id, user_id, description) VALUES (88, 18, '@hud id should be of same name as column name of id in table');
INSERT INTO answercomment (post_id, answer_id) VALUES (88, 59);
INSERT INTO activity (post_id, user_id, action) VALUES (88, 18, 'Create');

INSERT INTO post (current_state, up_score, down_score) VALUES ('Published', 0, 0);
INSERT INTO postinstance (post_id, user_id, description) VALUES (89, 21, 'i changed my code exactly like yours but it seems like the columns cannot be found. The error is &lt;code&gt;Invalid column name &amp;#39;id&amp;#39;&lt;/code&gt;');
INSERT INTO answercomment (post_id, answer_id) VALUES (89, 59);
INSERT INTO activity (post_id, user_id, action) VALUES (89, 21, 'Create');

INSERT INTO post (current_state, up_score, down_score) VALUES ('Published', 0, 0);
INSERT INTO postinstance (post_id, user_id, description) VALUES (90, 12, 'Modify it according to your requirement');
INSERT INTO answercomment (post_id, answer_id) VALUES (90, 58);
INSERT INTO activity (post_id, user_id, action) VALUES (90, 12, 'Create');

INSERT INTO post (current_state, up_score, down_score) VALUES ('Published', 0, 0);
INSERT INTO postinstance (post_id, user_id, description) VALUES (91, 3, '&lt;p&gt;Apologies if my question is primitive. What is the physical interpretation of moment generating function for varying &#x27;t&#x27;? In almost all places I read about it, the $r^{th}$ moment about the origin is defined by taking the derivative and substituting $t=0$. The moment about any other location $m$ is defined as, &lt;/p&gt;

&lt;p&gt;$$E[e^{t(X-m)}]=e^{-tm}E[e^{tX}]$$&lt;/p&gt;

&lt;p&gt;but it is still evaluated at the origin. I can see the physical interpretation at a location $m$ being the mean, variance etc. around $m$, but what does it mean as $t$ varies, in terms of physical/statistical interpretation? Thanks a lot.&lt;/p&gt;
');
INSERT INTO question (post_id, topic_id, title) VALUES (91, 2, 'Interpretation of moment generating function as $t$ varies?');
INSERT INTO activity (post_content_id, post_id, user_id, action) VALUES (91, 91, 3, 'Create');
INSERT INTO tag (text) VALUES ('statistics');
INSERT INTO questiontag (question_id, tag_id) VALUES (91, 72);

INSERT INTO post (current_state, up_score, down_score) VALUES ('Published', 56, 6);
INSERT INTO postinstance (post_id, user_id, description) VALUES (92, 32, '&lt;p&gt;This is more machine learning questions, but perhaps someone will be able to help. I would like to know what is the difference between regression and classification when we try to generate output for a training data set &lt;em&gt;x&lt;/em&gt;?&lt;/p&gt;
');
INSERT INTO question (post_id, topic_id, title) VALUES (92, 2, 'Regression vs Classification');
INSERT INTO activity (post_content_id, post_id, user_id, action) VALUES (92, 92, 32, 'Create');
INSERT INTO tag (text) VALUES ('regression');
INSERT INTO questiontag (question_id, tag_id) VALUES (92, 73);
INSERT INTO tag (text) VALUES ('machine-learning');
INSERT INTO questiontag (question_id, tag_id) VALUES (92, 74);
INSERT INTO activity (post_id, user_id, activity) VALUES (92, 32, 'Upvote');
INSERT INTO activity (post_id, user_id, activity) VALUES (92, 32, 'Upvote');
INSERT INTO activity (post_id, user_id, activity) VALUES (92, 32, 'Upvote');
INSERT INTO activity (post_id, user_id, activity) VALUES (92, 32, 'Upvote');
INSERT INTO activity (post_id, user_id, activity) VALUES (92, 32, 'Upvote');
INSERT INTO activity (post_id, user_id, activity) VALUES (92, 32, 'Upvote');
INSERT INTO activity (post_id, user_id, activity) VALUES (92, 32, 'Upvote');
INSERT INTO activity (post_id, user_id, activity) VALUES (92, 32, 'Upvote');
INSERT INTO activity (post_id, user_id, activity) VALUES (92, 32, 'Upvote');
INSERT INTO activity (post_id, user_id, activity) VALUES (92, 32, 'Upvote');
INSERT INTO activity (post_id, user_id, activity) VALUES (92, 32, 'Upvote');
INSERT INTO activity (post_id, user_id, activity) VALUES (92, 32, 'Upvote');
INSERT INTO activity (post_id, user_id, activity) VALUES (92, 32, 'Upvote');
INSERT INTO activity (post_id, user_id, activity) VALUES (92, 32, 'Upvote');
INSERT INTO activity (post_id, user_id, activity) VALUES (92, 32, 'Upvote');
INSERT INTO activity (post_id, user_id, activity) VALUES (92, 32, 'Upvote');
INSERT INTO activity (post_id, user_id, activity) VALUES (92, 32, 'Upvote');
INSERT INTO activity (post_id, user_id, activity) VALUES (92, 32, 'Upvote');
INSERT INTO activity (post_id, user_id, activity) VALUES (92, 32, 'Upvote');
INSERT INTO activity (post_id, user_id, activity) VALUES (92, 32, 'Upvote');
INSERT INTO activity (post_id, user_id, activity) VALUES (92, 32, 'Upvote');
INSERT INTO activity (post_id, user_id, activity) VALUES (92, 32, 'Upvote');
INSERT INTO activity (post_id, user_id, activity) VALUES (92, 32, 'Upvote');
INSERT INTO activity (post_id, user_id, activity) VALUES (92, 32, 'Upvote');
INSERT INTO activity (post_id, user_id, activity) VALUES (92, 32, 'Upvote');
INSERT INTO activity (post_id, user_id, activity) VALUES (92, 32, 'Upvote');
INSERT INTO activity (post_id, user_id, activity) VALUES (92, 32, 'Upvote');
INSERT INTO activity (post_id, user_id, activity) VALUES (92, 32, 'Upvote');
INSERT INTO activity (post_id, user_id, activity) VALUES (92, 32, 'Upvote');
INSERT INTO activity (post_id, user_id, activity) VALUES (92, 32, 'Upvote');
INSERT INTO activity (post_id, user_id, activity) VALUES (92, 32, 'Upvote');
INSERT INTO activity (post_id, user_id, activity) VALUES (92, 32, 'Upvote');
INSERT INTO activity (post_id, user_id, activity) VALUES (92, 32, 'Upvote');
INSERT INTO activity (post_id, user_id, activity) VALUES (92, 32, 'Upvote');
INSERT INTO activity (post_id, user_id, activity) VALUES (92, 32, 'Upvote');
INSERT INTO activity (post_id, user_id, activity) VALUES (92, 32, 'Upvote');
INSERT INTO activity (post_id, user_id, activity) VALUES (92, 32, 'Upvote');
INSERT INTO activity (post_id, user_id, activity) VALUES (92, 32, 'Upvote');
INSERT INTO activity (post_id, user_id, activity) VALUES (92, 32, 'Upvote');
INSERT INTO activity (post_id, user_id, activity) VALUES (92, 32, 'Upvote');
INSERT INTO activity (post_id, user_id, activity) VALUES (92, 32, 'Upvote');
INSERT INTO activity (post_id, user_id, activity) VALUES (92, 32, 'Upvote');
INSERT INTO activity (post_id, user_id, activity) VALUES (92, 32, 'Upvote');
INSERT INTO activity (post_id, user_id, activity) VALUES (92, 32, 'Upvote');
INSERT INTO activity (post_id, user_id, activity) VALUES (92, 32, 'Upvote');
INSERT INTO activity (post_id, user_id, activity) VALUES (92, 32, 'Upvote');
INSERT INTO activity (post_id, user_id, activity) VALUES (92, 32, 'Upvote');
INSERT INTO activity (post_id, user_id, activity) VALUES (92, 32, 'Upvote');
INSERT INTO activity (post_id, user_id, activity) VALUES (92, 32, 'Upvote');
INSERT INTO activity (post_id, user_id, activity) VALUES (92, 32, 'Upvote');
INSERT INTO activity (post_id, user_id, activity) VALUES (92, 32, 'Upvote');
INSERT INTO activity (post_id, user_id, activity) VALUES (92, 32, 'Upvote');
INSERT INTO activity (post_id, user_id, activity) VALUES (92, 32, 'Upvote');
INSERT INTO activity (post_id, user_id, activity) VALUES (92, 32, 'Upvote');
INSERT INTO activity (post_id, user_id, activity) VALUES (92, 32, 'Upvote');
INSERT INTO activity (post_id, user_id, activity) VALUES (92, 32, 'Upvote');
INSERT INTO activity (post_id, user_id, activity) VALUES (92, 32, 'Downvote');
INSERT INTO activity (post_id, user_id, activity) VALUES (92, 32, 'Downvote');
INSERT INTO activity (post_id, user_id, activity) VALUES (92, 32, 'Downvote');
INSERT INTO activity (post_id, user_id, activity) VALUES (92, 32, 'Downvote');
INSERT INTO activity (post_id, user_id, activity) VALUES (92, 32, 'Downvote');
INSERT INTO activity (post_id, user_id, activity) VALUES (92, 32, 'Downvote');

INSERT INTO post (current_state, up_score, down_score) VALUES ('Published', 1, 0);
INSERT INTO postinstance (post_id, user_id, description) VALUES (93, 36, '&lt;p&gt;How do you find a particular solution for this ODE?&lt;/p&gt;

&lt;p&gt;$\frac{d^2x(t)}{dt^2}= -\omega^2x(t)-\nu \frac{dx(t)}{dt}+f_0cos(\Omega t)$&lt;/p&gt;

&lt;p&gt;I know it&#x27;s of the form $x(t)=Acos(\Omega t)+Bsin(\Omega t)$ but I can&#x27;t find expression for A or B.&lt;/p&gt;
');
INSERT INTO question (post_id, topic_id, title) VALUES (93, 2, 'particular solution for 2nd order ODE');
INSERT INTO activity (post_content_id, post_id, user_id, action) VALUES (93, 93, 36, 'Create');
INSERT INTO tag (text) VALUES ('differential-equations');
INSERT INTO questiontag (question_id, tag_id) VALUES (93, 75);
INSERT INTO activity (post_id, user_id, activity) VALUES (93, 36, 'Upvote');

INSERT INTO post (current_state, up_score, down_score) VALUES ('Published', 0, 0);
INSERT INTO postinstance (post_id, user_id, description) VALUES (94, 11, '&lt;blockquote&gt;
  &lt;p&gt;A vector field $V$ has the divergence $div(V)=4$. &lt;/p&gt;
  
  &lt;p&gt;What is the total flux in through the surface $\partial C$ of a massive rotating cylinder $C$ that has the height $h=2$ and the radius $r=5$?&lt;/p&gt;
&lt;/blockquote&gt;

&lt;hr&gt;

&lt;p&gt;My parameterization is:&lt;/p&gt;

&lt;p&gt;$$r(u,v)=(5\cos v,5\sin v,u)$$&lt;/p&gt;

&lt;p&gt;The normal vector to the cylinder I&#x27;ve calculated is:&lt;/p&gt;

&lt;p&gt;$$\vec{n}=(-5\cos v,-5\sin v,0)$$&lt;/p&gt;

&lt;p&gt;I don&#x27;t know where to go from here. I&#x27;d appreciate your help.&lt;/p&gt;
');
INSERT INTO question (post_id, topic_id, title) VALUES (94, 2, 'Flux through rotating cylinder using divergence theorem');
INSERT INTO activity (post_content_id, post_id, user_id, action) VALUES (94, 94, 11, 'Create');
INSERT INTO tag (text) VALUES ('surface-integrals');
INSERT INTO questiontag (question_id, tag_id) VALUES (94, 76);

INSERT INTO post (current_state, up_score, down_score) VALUES ('Published', 0, 0);
INSERT INTO postinstance (post_id, user_id, description) VALUES (95, 44, '&lt;p&gt;How would one differentiate a function in this form?&lt;/p&gt;

&lt;p&gt;$$f(x) = f(a)+{\frac {f&#x27;(a)}{1!}}(x-a)+{\frac {f&#x27;&#x27;(a)}{2!}}(x-a)^{2}+{\frac {f&#x27;&#x27;&#x27;(a)}{3!}}(x-a)^{3}$$&lt;/p&gt;

&lt;p&gt;I&#x27;m sorry if this is something obvious, I&#x27;m not great with maths. I tried searching for the answer with no luck.&lt;/p&gt;
');
INSERT INTO question (post_id, topic_id, title) VALUES (95, 2, 'Find derivative of Taylor series');
INSERT INTO activity (post_content_id, post_id, user_id, action) VALUES (95, 95, 44, 'Create');
INSERT INTO tag (text) VALUES ('derivatives');
INSERT INTO questiontag (question_id, tag_id) VALUES (95, 77);
INSERT INTO tag (text) VALUES ('taylor-expansion');
INSERT INTO questiontag (question_id, tag_id) VALUES (95, 78);

INSERT INTO post (current_state, up_score, down_score) VALUES ('Published', 0, 0);
INSERT INTO postinstance (post_id, user_id, description) VALUES (96, 47, '&lt;p&gt;let $f(x) =(\sqrt x + \sqrt{x+1})x$&lt;/p&gt;

&lt;p&gt;This function exist at right hand limit at point 0 .&lt;/p&gt;

&lt;p&gt;So can we say it continous or discontinous at point 0.&lt;/p&gt;
');
INSERT INTO question (post_id, topic_id, title) VALUES (96, 2, 'Continous or discontinous function');
INSERT INTO activity (post_content_id, post_id, user_id, action) VALUES (96, 96, 47, 'Create');
INSERT INTO tag (text) VALUES ('functions');
INSERT INTO questiontag (question_id, tag_id) VALUES (96, 79);

INSERT INTO post (current_state, up_score, down_score) VALUES ('Published', -1, 0);
INSERT INTO postinstance (post_id, user_id, description) VALUES (97, 49, '&lt;p&gt;On a 10-key (0 to 9) keyboard, a 4-digit password has 10^4 possibilities or 10,000.  If you have to press four numbers and then enter, you might enter up to 10,000 times.&lt;/p&gt;

&lt;p&gt;However, what if you could enter numbers without pressing enter?  Then the following sequence:&lt;/p&gt;

&lt;pre&gt;&lt;code&gt;111122223333
&lt;/code&gt;&lt;/pre&gt;

&lt;p&gt;Gets 1 repeat 4, 2 repeat 4, etc.  but it also gets 1112, 1122, 1222, etc. etc.&lt;/p&gt;

&lt;p&gt;This is my first post on Math Stack and it may be wrong to say this but I&#x27;m not necessarily looking for the answer :) Moreso I am asking for suggestions on how to approach this and prove it.  Thanks&lt;/p&gt;
');
INSERT INTO question (post_id, topic_id, title) VALUES (97, 2, 'how to calculate the optimal string to match a pass sequence');
INSERT INTO activity (post_content_id, post_id, user_id, action) VALUES (97, 97, 49, 'Create');
INSERT INTO tag (text) VALUES ('probability');
INSERT INTO questiontag (question_id, tag_id) VALUES (97, 80);
INSERT INTO tag (text) VALUES ('sequences-and-series');
INSERT INTO questiontag (question_id, tag_id) VALUES (97, 81);
INSERT INTO tag (text) VALUES ('optimization');
INSERT INTO questiontag (question_id, tag_id) VALUES (97, 82);

INSERT INTO post (current_state, up_score, down_score) VALUES ('Published', 0, 0);
INSERT INTO postinstance (post_id, user_id, description) VALUES (98, 49, '&lt;p&gt;Let $f : X \to Y$ is finite morphism between integral porjective schemes under field $k$ of same dimension, and $\mathcal{F} \in \mathbf{Coh}(X)$. Is it true that $H^n(\mathcal{F})=H^n(f_*\mathcal{F})$.&lt;/p&gt;
');
INSERT INTO question (post_id, topic_id, title) VALUES (98, 2, 'Is it true for finite morphism $f$ between integral projective schemes that $H^n(\mathcal{F})=H^n(f_* \mathcal{F})$?');
INSERT INTO activity (post_content_id, post_id, user_id, action) VALUES (98, 98, 49, 'Create');
INSERT INTO tag (text) VALUES ('algebraic-geometry');
INSERT INTO questiontag (question_id, tag_id) VALUES (98, 83);
INSERT INTO tag (text) VALUES ('sheaf-theory');
INSERT INTO questiontag (question_id, tag_id) VALUES (98, 84);
INSERT INTO tag (text) VALUES ('sheaf-cohomology');
INSERT INTO questiontag (question_id, tag_id) VALUES (98, 85);

INSERT INTO post (current_state, up_score, down_score) VALUES ('Published', 0, 0);
INSERT INTO postinstance (post_id, user_id, description) VALUES (99, 33, '&lt;p&gt;&lt;a href=&quot;https://i.stack.imgur.com/cttO6.png&quot; rel=&quot;nofollow noreferrer&quot;&gt;&lt;img src=&quot;https://i.stack.imgur.com/cttO6.png&quot; alt=&quot;enter image description here&quot;&gt;&lt;/a&gt;&lt;/p&gt;

&lt;p&gt;In the solution given how they got the circled term .&lt;/p&gt;

&lt;p&gt;I could nt understand that .&lt;/p&gt;
');
INSERT INTO question (post_id, topic_id, title) VALUES (99, 2, 'Infiite sum of trignometry series .');
INSERT INTO activity (post_content_id, post_id, user_id, action) VALUES (99, 99, 33, 'Create');
INSERT INTO tag (text) VALUES ('trigonometry');
INSERT INTO questiontag (question_id, tag_id) VALUES (99, 86);

INSERT INTO post (current_state, up_score, down_score) VALUES ('Published', 0, 0);
INSERT INTO postinstance (post_id, user_id, description) VALUES (100, 42, '&lt;p&gt;&lt;a href=&quot;https://i.stack.imgur.com/CvvTr.png&quot; rel=&quot;nofollow noreferrer&quot;&gt;&lt;img src=&quot;https://i.stack.imgur.com/CvvTr.png&quot; alt=&quot;enter image description here&quot;&gt;&lt;/a&gt;&lt;/p&gt;

&lt;p&gt;I could not understand how they got $T_{100}$ as 300 .&lt;/p&gt;

&lt;p&gt;Can anybody please explain me .&lt;/p&gt;
');
INSERT INTO question (post_id, topic_id, title) VALUES (100, 2, 'Characterstic of log');
INSERT INTO activity (post_content_id, post_id, user_id, action) VALUES (100, 100, 42, 'Create');
INSERT INTO tag (text) VALUES ('logarithms');
INSERT INTO questiontag (question_id, tag_id) VALUES (100, 87);

INSERT INTO post (current_state, up_score, down_score) VALUES ('Published', 1, 0);
INSERT INTO postinstance (post_id, user_id, description) VALUES (101, 40, '&lt;p&gt;I got a problem stated as H(z) is the z trasform of h[n], which is a real, stable, even, two sided sequence. H(z)=G(z)*G(z^-1), where g[n] is a causal, minimum phase signal. Shouldn&#x27;t the product of G(z) and its inverse equal to 1, the identity system? Did I miss out something?&lt;/p&gt;
');
INSERT INTO question (post_id, topic_id, title) VALUES (101, 2, 'Product of a minimum phase signal times its inverse');
INSERT INTO activity (post_content_id, post_id, user_id, action) VALUES (101, 101, 40, 'Create');
INSERT INTO tag (text) VALUES ('convolution');
INSERT INTO questiontag (question_id, tag_id) VALUES (101, 88);
INSERT INTO tag (text) VALUES ('signal-processing');
INSERT INTO questiontag (question_id, tag_id) VALUES (101, 89);
INSERT INTO tag (text) VALUES ('z-transform');
INSERT INTO questiontag (question_id, tag_id) VALUES (101, 90);
INSERT INTO activity (post_id, user_id, activity) VALUES (101, 40, 'Upvote');

INSERT INTO post (current_state, up_score, down_score) VALUES ('Published', 0, 0);
INSERT INTO postinstance (post_id, user_id, description) VALUES (102, 39, '&lt;p&gt;I am self studying Abbott&#x27;s understanding analysis I have a question about two exercises&lt;/p&gt;

&lt;p&gt;Exercise: 
Give an example of each of the following, or state that the request is impossible&lt;/p&gt;

&lt;p&gt;1) A set B with inf B ≥ Sup B    (I said that this is impossible)
2) A finite set that contains its infimum but not its supremum
For 2) I understand that I must make an example of a set containing the greatest lower bound, but does not contain a least upper bound, but i don&#x27;t know how to proceed.&lt;/p&gt;

&lt;p&gt;Thanks&lt;/p&gt;
');
INSERT INTO question (post_id, topic_id, title) VALUES (102, 2, 'Analysis / upper lower bound');
INSERT INTO activity (post_content_id, post_id, user_id, action) VALUES (102, 102, 39, 'Create');
INSERT INTO tag (text) VALUES ('analysis');
INSERT INTO questiontag (question_id, tag_id) VALUES (102, 91);
INSERT INTO tag (text) VALUES ('elementary-set-theory');
INSERT INTO questiontag (question_id, tag_id) VALUES (102, 92);

INSERT INTO post (current_state, up_score, down_score) VALUES ('Published', 0, 0);
INSERT INTO postinstance (post_id, user_id, description) VALUES (103, 50, '&lt;blockquote&gt;
  &lt;p&gt;If $A\cup B=A\cup C$ and $A\cap B=A\cap C$, prove that $B=C$.&lt;/p&gt;
&lt;/blockquote&gt;

&lt;p&gt;&lt;strong&gt;My attempt:&lt;/strong&gt;
$$A\cup B= A\cup C$$
$$n(A\cup B)=n(A\cup C)$$
$$n(A)+n(B)-n(A\cap B)=n(A)+n(C)-n(A\cap C)$$
$$n(B)=n(C)$$
$$B=C$$.&lt;/p&gt;

&lt;p&gt;Is this correct?Or, do we have any other alternatives?&lt;/p&gt;
');
INSERT INTO question (post_id, topic_id, title) VALUES (103, 2, 'If $A\cup B=A\cup C$ and $A\cap B= A\cap C$, prove that: $B=C$');
INSERT INTO activity (post_content_id, post_id, user_id, action) VALUES (103, 103, 50, 'Create');
INSERT INTO questiontag (question_id, tag_id) VALUES (103, 92);
INSERT INTO tag (text) VALUES ('proof-verification');
INSERT INTO questiontag (question_id, tag_id) VALUES (103, 93);

INSERT INTO post (current_state, up_score, down_score) VALUES ('Published', 0, 0);
INSERT INTO postinstance (post_id, user_id, description) VALUES (104, 23, '&lt;p&gt;If $\alpha \in (0,1)$ is an irrational number, the question is to show that &lt;/p&gt;

&lt;p&gt;\begin{equation}
\alpha = \sum_{n=0}^{\infty} \frac{(-1)^n}{q_nq_{n-1}}
\end{equation}&lt;/p&gt;

&lt;p&gt;(where $q_n$ denotes the denominator of the n$^{th}$ partial quotient of $\alpha$).&lt;/p&gt;

&lt;p&gt;What I have tried to use is that if:&lt;/p&gt;

&lt;p&gt;\begin{equation}
p_nq_{n-1} - q_np_{n-1} = (-1)^{n+1}\\
\frac{p_nq_{n-1}}{q_n} - p_{n-1} = \frac{(-1)^{n+1}}{q_n}\\
\frac{p_n}{q_n} - \frac{p_{n-1}}{q_{n-1}} = \frac{(-1)^{n+1}}{q_nq_{n-1}}\\
\end{equation}&lt;/p&gt;

&lt;p&gt;Since, by definition, $\alpha = \lim_{n\rightarrow \infty}\frac{p_n}{q_n}$, it looks like it could be a telescopic series using what I have calculated. Does anyone know if I&#x27;m on the right track here?&lt;/p&gt;

&lt;p&gt;Update: For example, if I re-write the equation above;&lt;/p&gt;

&lt;p&gt;\begin{equation}
\frac{p_n}{q_n} = \frac{(-1)^{n+1}}{q_nq_{n-1}} + \frac{p_{n-1}}{p_{n-1}}\\
\frac{p_n}{q_n} = \frac{(-1)^{n+1}}{q_nq_{n-1}} + \frac{(-1)^n}{q_{n-1}q_{n-2}} + \frac{p_{n-2}}{q_{n-3}}\\
\end{equation}&lt;/p&gt;
');
INSERT INTO question (post_id, topic_id, title) VALUES (104, 2, 'If $\alpha \in (0,1)$ is an irrational number, show that $\alpha = \sum_{n=0}^{\infty} \frac{(-1)^n}{q_{n+1}q_{n}}$');
INSERT INTO activity (post_content_id, post_id, user_id, action) VALUES (104, 104, 23, 'Create');
INSERT INTO tag (text) VALUES ('convergence');
INSERT INTO questiontag (question_id, tag_id) VALUES (104, 94);
INSERT INTO tag (text) VALUES ('summation');
INSERT INTO questiontag (question_id, tag_id) VALUES (104, 95);

INSERT INTO post (current_state, up_score, down_score) VALUES ('Published', 0, 0);
INSERT INTO postinstance (post_id, user_id, description) VALUES (105, 13, '&lt;p&gt;It seems that there is no way of computing&lt;/p&gt;

&lt;p&gt;$$ \lVert e^{tA}\lVert $$&lt;/p&gt;

&lt;p&gt;for an arbitrary real square matrix $A$ and any matrix norm $\lVert\cdot\lVert$, in terms of $t \in \mathbb{R}$ and $\lVert A \lVert$, i.e.&lt;/p&gt;

&lt;p&gt;$$f:(t,\lVert A \lVert ) \mapsto \lVert e^{tA}\lVert$$&lt;/p&gt;

&lt;p&gt;without explicitly performing the matrix exponential (exactly or approximately). Is that right?&lt;/p&gt;

&lt;p&gt;Because so far I could only find upper-bound estimates. If this problem in its full generality is not solved, can anyone say something about its solvability?&lt;/p&gt;

&lt;p&gt;For my particular case it would suffice to restrict to the case&lt;/p&gt;

&lt;p&gt;$$A=A^\mathrm{T}, \quad \mathrm{tr}(A) = 0$$
meaning $\left(e^A\right)^\mathrm{T} = e^A$ and $\det(e^A) = 1$.&lt;/p&gt;

&lt;p&gt;Thanks for any suggestions.&lt;/p&gt;
');
INSERT INTO question (post_id, topic_id, title) VALUES (105, 2, 'Exact norm of matrix exponential');
INSERT INTO activity (post_content_id, post_id, user_id, action) VALUES (105, 105, 13, 'Create');
INSERT INTO tag (text) VALUES ('linear-algebra');
INSERT INTO questiontag (question_id, tag_id) VALUES (105, 96);
INSERT INTO tag (text) VALUES ('matrices');
INSERT INTO questiontag (question_id, tag_id) VALUES (105, 97);
INSERT INTO tag (text) VALUES ('norm');
INSERT INTO questiontag (question_id, tag_id) VALUES (105, 98);
INSERT INTO tag (text) VALUES ('matrix-calculus');
INSERT INTO questiontag (question_id, tag_id) VALUES (105, 99);

INSERT INTO post (current_state, up_score, down_score) VALUES ('Published', 4, 1);
INSERT INTO postinstance (post_id, user_id, description) VALUES (106, 33, '&lt;p&gt;I am trying to solve this problem:&lt;/p&gt;

&lt;h2&gt;&lt;a href=&quot;https://i.stack.imgur.com/QlSkj.png&quot; rel=&quot;nofollow noreferrer&quot;&gt;&lt;img src=&quot;https://i.stack.imgur.com/QlSkj.png&quot; alt=&quot;enter image description here&quot;&gt;&lt;/a&gt;&lt;/h2&gt;

&lt;p&gt;There is a hint saying that I can use the fact that for 
$$X=a_i\frac{\partial }{\partial x_i}\text{ with } a_i\in C^\infty(U)$$
and
$$Y=b_i\frac{\partial }{\partial x_i}\text{ with } b_i\in C^\infty(U)$$
we have
$$[X,Y]=\left(a_{i}\frac{\partial b_{j}}{\partial x_{i}}-b_{i}\frac{\partial a_{j}}{\partial x_{i}}\right)\frac{\partial}{\partial x_{j}}
 $$&lt;/p&gt;

&lt;p&gt;But I did not manage to use this hint in any useful way. Also, the obvious procedure seems to be the following:
$$\Psi([X,Y])(P)=P[X,Y]=P(XY-YX)=PXY-PYX$$
and
$$[\Psi(X),\Psi(Y)](P)=\left(\Psi(X)\Psi(Y)-\Psi(Y)\Psi(X)\right)(P)\\=\Psi(X)\left(\Psi(Y)(P)\right)-\Psi(Y)\left(\Psi(X)(P)\right)=\Psi(X)\left(PY\right)-\Psi(Y)\left(PX\right)=PYX-PXY$$&lt;/p&gt;

&lt;p&gt;And this is clearly wrong. So:&lt;/p&gt;

&lt;p&gt;1) What did I miss in my attempt?&lt;br&gt;
2) Any hints on solving this using the given hint?&lt;/p&gt;

&lt;hr&gt;

&lt;p&gt;&lt;strong&gt;EDIT:&lt;/strong&gt; I believe I can solve this using the hint if $[\tilde{X},\tilde{Y}](P)=[\tilde{X}(P),\tilde{Y}(P)]$. However, I do not know why/if this is true, and question 1) still holds.&lt;/p&gt;
');
INSERT INTO question (post_id, topic_id, title) VALUES (106, 2, 'A little problem on Lie Brackets relating it with the commutator of matrices');
INSERT INTO activity (post_content_id, post_id, user_id, action) VALUES (106, 106, 33, 'Create');
INSERT INTO tag (text) VALUES ('differential-geometry');
INSERT INTO questiontag (question_id, tag_id) VALUES (106, 100);
INSERT INTO tag (text) VALUES ('manifolds');
INSERT INTO questiontag (question_id, tag_id) VALUES (106, 101);
INSERT INTO activity (post_id, user_id, activity) VALUES (106, 33, 'Upvote');
INSERT INTO activity (post_id, user_id, activity) VALUES (106, 33, 'Upvote');
INSERT INTO activity (post_id, user_id, activity) VALUES (106, 33, 'Upvote');
INSERT INTO activity (post_id, user_id, activity) VALUES (106, 33, 'Upvote');
INSERT INTO activity (post_id, user_id, activity) VALUES (106, 33, 'Downvote');

INSERT INTO post (current_state, up_score, down_score) VALUES ('Published', 0, 0);
INSERT INTO postinstance (post_id, user_id, description) VALUES (107, 16, '&lt;p&gt;How can i show that &quot;a partial order on a finite set is uniquely determined by its covering relation&quot;?&lt;/p&gt;
');
INSERT INTO question (post_id, topic_id, title) VALUES (107, 2, 'covering relation question.');
INSERT INTO activity (post_content_id, post_id, user_id, action) VALUES (107, 107, 16, 'Create');
INSERT INTO tag (text) VALUES ('combinatorics');
INSERT INTO questiontag (question_id, tag_id) VALUES (107, 102);
INSERT INTO tag (text) VALUES ('relations');
INSERT INTO questiontag (question_id, tag_id) VALUES (107, 103);
INSERT INTO tag (text) VALUES ('relation-algebra');
INSERT INTO questiontag (question_id, tag_id) VALUES (107, 104);

INSERT INTO post (current_state, up_score, down_score) VALUES ('Published', 2, 1);
INSERT INTO postinstance (post_id, user_id, description) VALUES (108, 21, '&lt;p&gt;I have a differential equation here:&lt;/p&gt;

&lt;p&gt;$$\frac{dy}{dx} = \frac{4y-3x}{2x-y}$$&lt;/p&gt;

&lt;p&gt;This equation can be solved relatively easily by dividing through by $x$, and then doing a $y=vx$ substitution (making the equation separable).&lt;/p&gt;

&lt;p&gt;However, my question is: can this be solved by taking a Laplace transform instead?&lt;/p&gt;

&lt;p&gt;When I try to do so, I get this:
$$\mathscr{L}(2ty&#x27;) - \mathscr{L}(yy&#x27;) = \mathscr{L}(4y) - \mathscr{L}(3t)$$&lt;/p&gt;

&lt;p&gt;The RHS is fairly simple when it comes to a laplace transform. On the LHS, I believe that the $2ty&#x27;$ term can be translated to something like $-F&#x27;(s)$. But that second term is causing me a bit of trouble.&lt;/p&gt;

&lt;p&gt;Can a Laplace transform even be taken for such an equation? I feel that it should, I&#x27;m just not quite sure how, the integral ends up being quite messy. If so, could you show me how? (and if not, why not?)&lt;/p&gt;

&lt;p&gt;Additionally, I&#x27;d like to know how to best select a method to solve a differential equation. In the case of this one, clearly, the easiest way would be doing a substitution. But how do I know that would be the most efficient way?&lt;/p&gt;
');
INSERT INTO question (post_id, topic_id, title) VALUES (108, 2, 'Method Selection for Solving Differential Equations');
INSERT INTO activity (post_content_id, post_id, user_id, action) VALUES (108, 108, 21, 'Create');
INSERT INTO questiontag (question_id, tag_id) VALUES (108, 75);
INSERT INTO tag (text) VALUES ('laplace-transform');
INSERT INTO questiontag (question_id, tag_id) VALUES (108, 105);
INSERT INTO activity (post_id, user_id, activity) VALUES (108, 21, 'Upvote');
INSERT INTO activity (post_id, user_id, activity) VALUES (108, 21, 'Upvote');
INSERT INTO activity (post_id, user_id, activity) VALUES (108, 21, 'Downvote');

INSERT INTO post (current_state, up_score, down_score) VALUES ('Published', 0, 0);
INSERT INTO postinstance (post_id, user_id, description) VALUES (109, 16, '&lt;p&gt;How to calculate real fourier transform of real data instead of complex data in mathlab? Is there any software to test real fft?&lt;/p&gt;
');
INSERT INTO question (post_id, topic_id, title) VALUES (109, 2, 'Real Fourier Transform In Matlab');
INSERT INTO activity (post_content_id, post_id, user_id, action) VALUES (109, 109, 16, 'Create');
INSERT INTO tag (text) VALUES ('fourier-analysis');
INSERT INTO questiontag (question_id, tag_id) VALUES (109, 106);
INSERT INTO tag (text) VALUES ('fourier-series');
INSERT INTO questiontag (question_id, tag_id) VALUES (109, 107);
INSERT INTO tag (text) VALUES ('fourier-transform');
INSERT INTO questiontag (question_id, tag_id) VALUES (109, 108);
INSERT INTO tag (text) VALUES ('fast-fourier-transform');
INSERT INTO questiontag (question_id, tag_id) VALUES (109, 109);

INSERT INTO post (current_state, up_score, down_score) VALUES ('Published', 1, 0);
INSERT INTO postinstance (post_id, user_id, description) VALUES (110, 3, '&lt;blockquote&gt;
  &lt;p&gt;&lt;strong&gt;My problem&lt;/strong&gt;: I should calculate this sum: $\sum_{n=0}^{\infty} nx^{2n+1}$.&lt;/p&gt;
&lt;/blockquote&gt;

&lt;p&gt;&lt;strong&gt;My solution&lt;/strong&gt;: $\;$$ x \sum_{n=0}^{\infty} nx^{2n}$,&lt;/p&gt;

&lt;ul&gt;
&lt;li&gt;Substitution: $x^2 = y$&lt;/li&gt;
&lt;/ul&gt;

&lt;p&gt;Then $\;$$ y^{1/2} \sum_{n=0}^{\infty} ny^{n}$, ...&lt;/p&gt;

&lt;p&gt;Now I would focus just on $\;$$ \sum_{n=0}^{\infty} ny^{n} =  y\sum_{n=0}^{\infty} ny^{n-1}$$, $&lt;/p&gt;

&lt;p&gt;Because $\;$$ \sum_{n=0}^{\infty} y^{n} = 1/(1-y)$&lt;/p&gt;

&lt;p&gt;&lt;strong&gt;EDIT&lt;/strong&gt;&lt;/p&gt;

&lt;p&gt;So $   \sum_{n=0}^{\infty} ny^{n-1} = 1/ (1-y)^2$&lt;/p&gt;

&lt;p&gt;Finally $y^{1/2}\sum_{n=0}^{\infty} ny^{n-1} = y^{1/2}/ (1-y)^2 = x/(1-x^2)^2$&lt;/p&gt;
');
INSERT INTO question (post_id, topic_id, title) VALUES (110, 2, 'Evaluating a sum: $\sum_{n=0}^{\infty} nx^{2n+1}$');
INSERT INTO activity (post_content_id, post_id, user_id, action) VALUES (110, 110, 3, 'Create');
INSERT INTO tag (text) VALUES ('calculus');
INSERT INTO questiontag (question_id, tag_id) VALUES (110, 110);
INSERT INTO questiontag (question_id, tag_id) VALUES (110, 81);
INSERT INTO tag (text) VALUES ('power-series');
INSERT INTO questiontag (question_id, tag_id) VALUES (110, 111);
INSERT INTO activity (post_id, user_id, activity) VALUES (110, 3, 'Upvote');

INSERT INTO post (current_state, up_score, down_score) VALUES ('Published', 1, 0);
INSERT INTO postinstance (post_id, user_id, description) VALUES (111, 30, '&lt;p&gt;&lt;a href=&quot;https://i.stack.imgur.com/rtGuh.png&quot; rel=&quot;nofollow noreferrer&quot;&gt;&lt;img src=&quot;https://i.stack.imgur.com/rtGuh.png&quot; alt=&quot;The problem&quot;&gt;&lt;/a&gt;&lt;/p&gt;

&lt;p&gt;Update my lagrangian is &lt;/p&gt;

&lt;p&gt;$$L=\frac{ml^2}2\left(\dot \theta_1^2+\frac 13\dot \theta_2^2+\dot \theta_1\dot \theta_2\cos\delta\right)+mgl(cos\theta_1+\frac 12\cos\theta_2)$$&lt;/p&gt;

&lt;p&gt;and for my linearised equations of motion question (5) i got the following &lt;/p&gt;

&lt;p&gt;$$(\ddot \theta_1) +\frac{2}{3}\ddot\theta_2=\frac{-2g}{l}\theta_2$$&lt;/p&gt;

&lt;p&gt;and $$2\ddot \theta_1 +\ddot \theta_2=\frac{-2g}{l}\theta_1$$&lt;/p&gt;

&lt;p&gt;These seem to give numerically unpleasant normal mode frequencies though, so I&#x27;m not entirely sure that they&#x27;re right, maybe i went wrong on calculating the equations of motion. a futher solution would be ideal. Thanks &lt;/p&gt;

&lt;p&gt;my differentials were &lt;/p&gt;

&lt;p&gt;$$\frac{dL}{d\theta_1}=-\frac{ml^2}{2}\dot\theta_1\dot\theta_2\cos(\theta_1)sin(\theta_2)-\frac{ml^2}{2}\dot\theta_1\dot\theta_2\sin(\theta_1)\cos(\theta_2)-mgl\sin(\theta_1)$$&lt;/p&gt;

&lt;p&gt;$$\frac{dL}{d\theta_2}=-\frac{ml^2}{2}\dot\theta_1\dot\theta_2\cos(\theta_1)\sin(\theta_2)+\frac{ml^2}{2}\dot\theta_1\dot\theta_2\sin(\theta_1)\cos(\theta_2)-\frac{mgl}{2}\sin(\theta_2)$$&lt;/p&gt;

&lt;p&gt;$$\frac{dL}{d\dot\theta_1}=ml^2\dot\theta_1+\frac{ml^2}{2}\dot\theta_2\cos(\theta_2-\theta_1)$$&lt;/p&gt;

&lt;p&gt;and finally $$\frac{dL}{d\dot\theta_2}=\frac{ml^2}{3}\dot\theta_2+\frac{ml^2}{2}\dot\theta_1\cos(\theta_2-\theta_1)$$&lt;/p&gt;

&lt;p&gt;so the two equations of motion are &lt;/p&gt;

&lt;p&gt;$$ml^2\ddot\theta_1+\frac{ml^2}{2}\dot\theta_1\dot\theta_2\cos(\theta_1)sin(\theta_2)+\frac{ml^2}{2}\dot\theta_1\dot\theta_2\sin(\theta_1)\cos(\theta_2)+mgl\sin(\theta_1)=0$$&lt;/p&gt;

&lt;p&gt;and $$\frac{ml^2}{3}\ddot\theta_2+\frac{ml^2}{2}\dot\theta_1\dot\theta_2\cos(\theta_1)\sin(\theta_2)-\frac{ml^2}{2}\dot\theta_1\dot\theta_2\sin(\theta_1)\cos(\theta_2)+\frac{mgl}{2}\sin(\theta_2)=0$$&lt;/p&gt;
');
INSERT INTO question (post_id, topic_id, title) VALUES (111, 2, 'Pendulum problem inertia');
INSERT INTO activity (post_content_id, post_id, user_id, action) VALUES (111, 111, 30, 'Create');
INSERT INTO tag (text) VALUES ('dynamical-systems');
INSERT INTO questiontag (question_id, tag_id) VALUES (111, 112);
INSERT INTO tag (text) VALUES ('classical-mechanics');
INSERT INTO questiontag (question_id, tag_id) VALUES (111, 113);
INSERT INTO tag (text) VALUES ('euler-lagrange-equation');
INSERT INTO questiontag (question_id, tag_id) VALUES (111, 114);
INSERT INTO activity (post_id, user_id, activity) VALUES (111, 30, 'Upvote');

INSERT INTO post (current_state, up_score, down_score) VALUES ('Published', 1, 0);
INSERT INTO postinstance (post_id, user_id, description) VALUES (112, 50, '&lt;p&gt;I&#x27;m looking to find inner and outer solutions to this ODE and to do some matching $$\epsilon \ddot y + (1+t) \dot y = 0 \;\;\;\;\; y(0) = 0 \;\; \dot y (0) = \frac1\epsilon$$&lt;/p&gt;

&lt;p&gt;So I understand I need to convert to a new time variable $\tau = \frac t\epsilon$ ($\dot y$ and $y&#x27;$ are $\frac{dy}{dt}$ and $\frac{dy}{d\tau}$ respectively), which I plug in to get&lt;/p&gt;

&lt;p&gt;$$y&#x27;&#x27;+(1+\epsilon \tau)y&#x27; =0 \;\;\;\;\; y(0) = 0 \;\; y&#x27; (0) = 1$$&lt;/p&gt;

&lt;p&gt;So if I plug in $y^i=y_0^i + \epsilon y_1^i$ to the $\tau$ equation and solve I get $y^i = 1-e^{-t}+\epsilon(1-e^{-t}(1-t-\frac{t^2}2))$.&lt;/p&gt;

&lt;p&gt;When I plug in $y^o=y_0^o + \epsilon y_1^o$ to the $t$ equation and solve ignoring the boundary conditions I just get a constant. So $y^o = c+\epsilon d$. &lt;/p&gt;

&lt;p&gt;Now to apply Van Dyke matching rules. Express $y^i$ in terms of $\tau$ to get $y^{io}=1-e^{-\epsilon\tau}+\epsilon(1-e^{-\epsilon\tau})$ plus higher order terms. $1-e^{-\epsilon\tau}$ goes to zero, so the whole thing is zero. $y^{oi}=y^{o}$ since it&#x27;s constant, so equating them I just get zero.&lt;/p&gt;

&lt;p&gt;Something seems wrong. Is zero really the best approximation available here? Where did I go wrong?&lt;/p&gt;
');
INSERT INTO question (post_id, topic_id, title) VALUES (112, 2, 'Matching inner and outer solutions gives me zero');
INSERT INTO activity (post_content_id, post_id, user_id, action) VALUES (112, 112, 50, 'Create');
INSERT INTO questiontag (question_id, tag_id) VALUES (112, 75);
INSERT INTO questiontag (question_id, tag_id) VALUES (112, 93);
INSERT INTO tag (text) VALUES ('perturbation-theory');
INSERT INTO questiontag (question_id, tag_id) VALUES (112, 115);
INSERT INTO activity (post_id, user_id, activity) VALUES (112, 50, 'Upvote');

INSERT INTO post (current_state, up_score, down_score) VALUES ('Published', 1, 0);
INSERT INTO postinstance (post_id, user_id, description) VALUES (113, 25, '&lt;p&gt;Consider the system
$$
x&#x27;=x², y&#x27;=y
$$
and find the local unstable manifold of the equilibrium $(0,0)$.&lt;/p&gt;

&lt;p&gt;The linearization matrix is
$$
A=\begin{pmatrix}0 &amp;amp; 0\\0 &amp;amp; 1\end{pmatrix},
$$
hence the eigenvalues are $\lambda_1=0$ and $\lambda_2=1$.&lt;/p&gt;

&lt;p&gt;The unstable space is spanned by the eigenvector belonging to $\lambda_2$, say $v=(0,1)$. Hence the $y$-axis should be the unstable space.&lt;/p&gt;

&lt;p&gt;But what is the unstable manifold? Its tangent to the y-axis in $(0,0)$?&lt;/p&gt;
');
INSERT INTO question (post_id, topic_id, title) VALUES (113, 2, 'Local unstable manifold');
INSERT INTO activity (post_content_id, post_id, user_id, action) VALUES (113, 113, 25, 'Create');
INSERT INTO questiontag (question_id, tag_id) VALUES (113, 75);
INSERT INTO questiontag (question_id, tag_id) VALUES (113, 101);
INSERT INTO questiontag (question_id, tag_id) VALUES (113, 112);
INSERT INTO activity (post_id, user_id, activity) VALUES (113, 25, 'Upvote');

INSERT INTO post (current_state, up_score, down_score) VALUES ('Published', -1, 0);
INSERT INTO postinstance (post_id, user_id, description) VALUES (114, 46, '&lt;p&gt;I have come across a question when researching integral substitution and I have no idea how to do it. Any help would be greatly appreciated as I don&#x27;t understand what to do. &lt;/p&gt;

&lt;p&gt;$$\int \text{csc}^2 2\theta \cot2\theta \,d\theta $$&lt;/p&gt;

&lt;p&gt;I need to do the integral in two ways by using two different substitutions: $u = \cot 2\theta$ and $u = \text{csc } 2\theta$&lt;/p&gt;
');
INSERT INTO question (post_id, topic_id, title) VALUES (114, 2, 'Integral Substitution $\text{csc }\theta \cot\theta$');
INSERT INTO activity (post_content_id, post_id, user_id, action) VALUES (114, 114, 46, 'Create');
INSERT INTO tag (text) VALUES ('integration');
INSERT INTO questiontag (question_id, tag_id) VALUES (114, 116);
INSERT INTO tag (text) VALUES ('substitution');
INSERT INTO questiontag (question_id, tag_id) VALUES (114, 117);

INSERT INTO post (current_state, up_score, down_score) VALUES ('Published', 1, 0);
INSERT INTO postinstance (post_id, user_id, description) VALUES (115, 8, '&lt;p&gt;In type theory and constructive mathematics, Hedberg&#x27;s theorem says:&lt;/p&gt;

&lt;blockquote&gt;
  &lt;p&gt;A type with decideable equality is automatically a set.&lt;/p&gt;
&lt;/blockquote&gt;

&lt;p&gt;But coming at it from a classical viewpoint, I don&#x27;t understand how this could be true. If I understand correctly, the word &quot;type&quot; in this context basically means &quot;$\infty$-groupoid.&quot; Okay, so consider the delooping $G$ of the group $\mathbb{Z}/2\mathbb{Z}.$ It follows that $G$ is the groupoid with one object and two automorphisms. Since there&#x27;s only one object, equality of objects is decidable. And since there exist parallel morphisms that aren&#x27;t equal, $G$ is not a set.&lt;/p&gt;

&lt;p&gt;What am I not understanding here?&lt;/p&gt;
');
INSERT INTO question (post_id, topic_id, title) VALUES (115, 2, 'What am I not understanding about Hedberg&#39;s theorem?');
INSERT INTO activity (post_content_id, post_id, user_id, action) VALUES (115, 115, 8, 'Create');
INSERT INTO tag (text) VALUES ('soft-question');
INSERT INTO questiontag (question_id, tag_id) VALUES (115, 118);
INSERT INTO tag (text) VALUES ('homotopy-theory');
INSERT INTO questiontag (question_id, tag_id) VALUES (115, 119);
INSERT INTO tag (text) VALUES ('foundations');
INSERT INTO questiontag (question_id, tag_id) VALUES (115, 120);
INSERT INTO tag (text) VALUES ('constructive-mathematics');
INSERT INTO questiontag (question_id, tag_id) VALUES (115, 121);
INSERT INTO tag (text) VALUES ('type-theory');
INSERT INTO questiontag (question_id, tag_id) VALUES (115, 122);
INSERT INTO activity (post_id, user_id, activity) VALUES (115, 8, 'Upvote');

INSERT INTO post (current_state, up_score, down_score) VALUES ('Published', 2, 0);
INSERT INTO postinstance (post_id, user_id, description) VALUES (116, 17, '&lt;p&gt;I was trying to understand Bernoulli numbers. When I googled, I found &lt;a href=&quot;http://wstein.org/edu/fall05/168/projects/kevin_mcgown/bernproj.pdf&quot; rel=&quot;nofollow noreferrer&quot;&gt;this link&lt;/a&gt;. &lt;/p&gt;

&lt;p&gt;It starts by saying that, The Bernoulli numbers are defined via the coefficients of the power series expansion of 
$\frac{t}{e^{t}-1}$,&lt;/p&gt;

&lt;p&gt;then they write the expansion,for $m \geq 0$.&lt;/p&gt;

&lt;p&gt;$\frac{t}{e^{t}-1} = \sum_{m=0}^{\infty} \frac{B_m}{m!}t^{m}$ (1)&lt;/p&gt;

&lt;p&gt;Then, the tutorial says that we multiply both sides by $(e^{t} -1)$ and get &lt;/p&gt;

&lt;p&gt;$B_0=1$, &lt;/p&gt;

&lt;p&gt;$B_m= -\frac{1}{m+1}\sum_{k=0}^{m-1}\binom{m+1}{k}B_k$. (2)&lt;/p&gt;

&lt;p&gt;&lt;strong&gt;How is this happening?&lt;/strong&gt; &lt;/p&gt;

&lt;p&gt;I tried doing this with hand and I get a recursive relation, that looks like, &lt;/p&gt;

&lt;p&gt;$\frac{t}{e^{t}-1} = \sum_{m=0}^{\infty} \frac{B_m}{m!}t^{m}$&lt;/p&gt;

&lt;p&gt;$\implies t = e^{t}\sum_{m=0}^{\infty} \frac{B_m}{m!}t^{m} - \sum_{m=0}^{\infty} \frac{B_m}{m!}t^{m}$&lt;/p&gt;

&lt;p&gt;$\implies t = e^{t}\sum_{m=0}^{\infty} \frac{B_m}{m!}t^{m} - \frac{t}{e^{t}-1}$&lt;/p&gt;

&lt;p&gt;What next?&lt;/p&gt;

&lt;p&gt;How do I get to (2)? &lt;/p&gt;

&lt;p&gt;I am new to number theory, please excuse me if the doubt is very basic. Any kind of help will be appreciated. :)&lt;/p&gt;
');
INSERT INTO question (post_id, topic_id, title) VALUES (116, 2, 'How do we get the final formula of the Bernoulli number?');
INSERT INTO activity (post_content_id, post_id, user_id, action) VALUES (116, 116, 17, 'Create');
INSERT INTO tag (text) VALUES ('number-theory');
INSERT INTO questiontag (question_id, tag_id) VALUES (116, 123);
INSERT INTO tag (text) VALUES ('intuition');
INSERT INTO questiontag (question_id, tag_id) VALUES (116, 124);
INSERT INTO tag (text) VALUES ('proof-explanation');
INSERT INTO questiontag (question_id, tag_id) VALUES (116, 125);
INSERT INTO tag (text) VALUES ('bernoulli-numbers');
INSERT INTO questiontag (question_id, tag_id) VALUES (116, 126);
INSERT INTO activity (post_id, user_id, activity) VALUES (116, 17, 'Upvote');
INSERT INTO activity (post_id, user_id, activity) VALUES (116, 17, 'Upvote');

INSERT INTO post (current_state, up_score, down_score) VALUES ('Published', -2, 0);
INSERT INTO postinstance (post_id, user_id, description) VALUES (117, 46, '&lt;p&gt;If there are two set $A$ and $B$ such that $A \rightarrowtail B$ (bijection), does $|A| = |B|$?&lt;/p&gt;

&lt;p&gt;And if  $A \sim B$ (equinumerous), does $|A| = |B|$?&lt;/p&gt;
');
INSERT INTO question (post_id, topic_id, title) VALUES (117, 2, 'Do two bijective sets have the same cardinality?');
INSERT INTO activity (post_content_id, post_id, user_id, action) VALUES (117, 117, 46, 'Create');
INSERT INTO tag (text) VALUES ('discrete-mathematics');
INSERT INTO questiontag (question_id, tag_id) VALUES (117, 127);
INSERT INTO tag (text) VALUES ('set-theory');
INSERT INTO questiontag (question_id, tag_id) VALUES (117, 128);

INSERT INTO post (current_state, up_score, down_score) VALUES ('Published', 0, 0);
INSERT INTO postinstance (post_id, user_id, description) VALUES (118, 14, '&lt;p&gt;I am trying to show the following:&lt;/p&gt;

&lt;p&gt;Let $\xi, \eta$ by random variables with finite expectation such that $E(\xi \mid \eta) \ge \eta$ and $E(\eta \mid \xi) \ge \xi$.  Prove that $\eta = \xi$ almost surely.  &lt;/p&gt;

&lt;p&gt;From definition I know that $E(\xi \mid \eta) = \int \xi \frac{f(\xi,\eta)}{g(\xi)}\,d\xi$, where $g$ is marginal distribution for $\xi$ and $E(\xi \mid \eta) = \int \eta \frac{f(\xi,\eta)}{g(\eta)} \, d\eta$, where $g$ is marginal distribution for $\eta.$  I am just not sure how to combine these expressions with the inequalities to show almost sure equality between the random variables.&lt;/p&gt;
');
INSERT INTO question (post_id, topic_id, title) VALUES (118, 2, 'Conditional Expectation to show two random variables are equal almost surely');
INSERT INTO activity (post_content_id, post_id, user_id, action) VALUES (118, 118, 14, 'Create');
INSERT INTO tag (text) VALUES ('probability-theory');
INSERT INTO questiontag (question_id, tag_id) VALUES (118, 129);
INSERT INTO tag (text) VALUES ('conditional-expectation');
INSERT INTO questiontag (question_id, tag_id) VALUES (118, 130);

INSERT INTO post (current_state, up_score, down_score) VALUES ('Published', 3, 1);
INSERT INTO postinstance (post_id, user_id, description) VALUES (119, 1, '&lt;p&gt;A morphism $f: X\to Y$ in mod A is called irreducible if &lt;/p&gt;

&lt;ol&gt;
&lt;li&gt;&lt;p&gt;f is not a section,&lt;/p&gt;&lt;/li&gt;
&lt;li&gt;&lt;p&gt;f is not a retraction,&lt;/p&gt;&lt;/li&gt;
&lt;li&gt;&lt;p&gt;and whenever $f = gh $ for some morphisms $h: X \to Z$ and $g: Z \to Y$, then either $h$ is a section or $g$ is a retraction.&lt;/p&gt;&lt;/li&gt;
&lt;/ol&gt;

&lt;p&gt;Now I am reading Schiffler&#x27;s book &quot;Quiver Representation&quot;, Proposition 7.4 (2)  states the fact that if $f: X\to Y$ is an irreducible morphsim, then $f$ admits no nontrivial factorization.&lt;/p&gt;

&lt;p&gt;I have two questions:&lt;/p&gt;

&lt;ul&gt;
&lt;li&gt;What is trivial factorization or nontrivial factorization of $f$?&lt;/li&gt;
&lt;li&gt;In the proof of Proposition 7.4 (2), $f$ is injective, then $f$ is not surjective, (Proposition 7.4 (1)) and thus $h$ cannot be a retraction. I don&#x27;t know why $h$ is not a retraction.&lt;/li&gt;
&lt;/ul&gt;
');
INSERT INTO question (post_id, topic_id, title) VALUES (119, 2, 'About irreducible morphisms');
INSERT INTO activity (post_content_id, post_id, user_id, action) VALUES (119, 119, 1, 'Create');
INSERT INTO tag (text) VALUES ('representation-theory');
INSERT INTO questiontag (question_id, tag_id) VALUES (119, 131);
INSERT INTO tag (text) VALUES ('quiver');
INSERT INTO questiontag (question_id, tag_id) VALUES (119, 132);
INSERT INTO activity (post_id, user_id, activity) VALUES (119, 1, 'Upvote');
INSERT INTO activity (post_id, user_id, activity) VALUES (119, 1, 'Upvote');
INSERT INTO activity (post_id, user_id, activity) VALUES (119, 1, 'Upvote');
INSERT INTO activity (post_id, user_id, activity) VALUES (119, 1, 'Downvote');

INSERT INTO post (current_state, up_score, down_score) VALUES ('Published', 1, 0);
INSERT INTO postinstance (post_id, user_id, description) VALUES (120, 35, '&lt;p&gt;Consider a multiplicative abelian group $T$ and an additive abelian group $S$, along with the following axioms.&lt;/p&gt;

&lt;ol&gt;
&lt;li&gt;$t_1(t_2s) = (t_1t_2)s$ for $t_1,t_2 \in T$ and $s \in S$&lt;/li&gt;
&lt;li&gt;$1s = s$, where $1$ denotes the identity in $T$ and $s \in S$&lt;/li&gt;
&lt;li&gt;$t(s_1 + s_2) = ts_1 + ts_2$ for $t \in T$ and $s_1,s_2 \in S$&lt;/li&gt;
&lt;/ol&gt;

&lt;p&gt;In other words, it is like a vector space with an abelian group in place of the scalar field.&lt;/p&gt;

&lt;p&gt;Does this structure have a name? Are there any results known about this structure?&lt;/p&gt;
');
INSERT INTO question (post_id, topic_id, title) VALUES (120, 2, 'Does the following algebraic structure have a name?');
INSERT INTO activity (post_content_id, post_id, user_id, action) VALUES (120, 120, 35, 'Create');
INSERT INTO tag (text) VALUES ('abstract-algebra');
INSERT INTO questiontag (question_id, tag_id) VALUES (120, 133);
INSERT INTO activity (post_id, user_id, activity) VALUES (120, 35, 'Upvote');

INSERT INTO post (current_state, up_score, down_score) VALUES ('Published', 0, 0);
INSERT INTO postinstance (post_id, user_id, description) VALUES (121, 39, '&lt;p&gt;I have al little question about classification problem. If I want to convert my regression problem into a classification problem I have to categorize also the input variables or just the y? 
sorry for my bad english (correct me xD)&lt;/p&gt;
');
INSERT INTO answer (post_id, question_id, accepted) VALUES (121, 92, 'False');
INSERT INTO activity ( post_id, user_id, action) VALUES (121, 39, 'Create');

INSERT INTO post (current_state, up_score, down_score) VALUES ('Published', 1, 0);
INSERT INTO postinstance (post_id, user_id, description) VALUES (122, 35, '&lt;p&gt;$\frac{d^2x(t)}{dt^2} +\omega^2x(t)+\nu \frac{dx(t)}{dt}=f_0cos(\Omega t)$&lt;/p&gt;

&lt;p&gt;Let $x(t) = A\cos(\Omega t) + B\sin(\Omega t)$&lt;/p&gt;

&lt;p&gt;$\implies x&#x27;(t) = -A\Omega\sin(\Omega t)+ B\Omega\cos(\Omega t)$&lt;/p&gt;

&lt;p&gt;$x&#x27;&#x27;(t) = -A\Omega^2\cos(\Omega t) -B\Omega^2\sin(\Omega t)$&lt;/p&gt;

&lt;p&gt;Subbing this in:&lt;/p&gt;

&lt;p&gt;$$-A\Omega^2\cos(\Omega t) -B\Omega^2\sin(\Omega t)+A\omega^2\cos(\Omega t)+B\omega^2\sin(\Omega t) + \nu B\Omega \cos(\Omega t) -\nu A\Omega\sin(\Omega t) = f_{0}\cos(\Omega t)$$&lt;/p&gt;

&lt;p&gt;Comparing $\cos(\Omega t)$:&lt;/p&gt;

&lt;p&gt;$-A\Omega^2+A\omega^2+\nu B\Omega = f_{0}$&lt;/p&gt;

&lt;p&gt;Comparing $\sin(\Omega t):$&lt;/p&gt;

&lt;p&gt;$-B\Omega^2+B\omega^2-\nu A\Omega = 0$&lt;/p&gt;

&lt;p&gt;Now simultaneously solve for $A$ and $B$&lt;/p&gt;

&lt;p&gt;$A = \frac{B(\omega^2-\Omega^2)}{\Omega\nu}$&lt;/p&gt;

&lt;p&gt;$ \frac{B(\omega^2-\Omega^2)}{\Omega\nu}(\omega^2-\Omega^2)+B\nu\Omega = f_{0}$&lt;/p&gt;

&lt;p&gt;$B[(\omega^2-\Omega^2)^2+\nu^2\Omega^2]=f_{0}\nu\Omega$&lt;/p&gt;

&lt;p&gt;$B=\frac{f_{0}\nu\Omega}{(\omega^2-\Omega^2)^2+\nu^2\Omega^2}$&lt;/p&gt;

&lt;p&gt;and $A= \frac{f_{0}\nu\Omega}{(\omega^2-\Omega^2)^2+\nu^2\Omega^2}\cdot \frac{\omega^2-\Omega^2}{\Omega \nu}$=$\frac{f_{0}(\omega^2-\Omega^2)}{(\omega^2-\Omega^2)^2+\nu^2\Omega^2}$&lt;/p&gt;
');
INSERT INTO answer (post_id, question_id, accepted) VALUES (122, 93, 'False');
INSERT INTO activity ( post_id, user_id, action) VALUES (122, 35, 'Create');
INSERT INTO activity (post_id, user_id, activity) VALUES (122, 35, 'Upvote');

INSERT INTO post (current_state, up_score, down_score) VALUES ('Published', 0, 0);
INSERT INTO postinstance (post_id, user_id, description) VALUES (123, 42, '&lt;p&gt;&lt;a href=&quot;https://en.wikipedia.org/wiki/Divergence_theorem&quot; rel=&quot;nofollow noreferrer&quot;&gt;According to the Divergence Theorem, the surface integral of a vector field over a &quot;simple&quot; and closed &lt;/a&gt; surface equals the volume integral of the divergence of the same  over thesolid defined by the surface.&lt;/p&gt;

&lt;p&gt;Since the divergence given is constant, the integral of its divergence equals the divergence times the volume of the solid. $V=5^2\cdot2\cdot \pi=50\pi$. So, the surface integral has to equal $4\cdot 50\pi=200\pi.$&lt;/p&gt;

&lt;p&gt;I don&#x27;t think that the rotating nature of the cylinder counts. (If ibeing massive or is rotating about its vertical axis of symmetry. If it behaves another way then the problem is not defined.) The cylinder determines the same body even if rotating or if hollow.&lt;/p&gt;
');
INSERT INTO answer (post_id, question_id, accepted) VALUES (123, 94, 'False');
INSERT INTO activity ( post_id, user_id, action) VALUES (123, 42, 'Create');

INSERT INTO post (current_state, up_score, down_score) VALUES ('Published', 0, 0);
INSERT INTO postinstance (post_id, user_id, description) VALUES (124, 31, '&lt;p&gt;Differentiate with respect to $x$ ? On the left you have simply $f&#x27;(x)$ and on the right you have polynomial in $x$ ($a$ is a constant with respect to the derivative in $x$), so you get
$$0+f&#x27;(a)+f&#x27;&#x27;(a)(x-a)+\frac{f&#x27;&#x27;&#x27;(x)}{2}(x-a)^2$$.&lt;/p&gt;
');
INSERT INTO answer (post_id, question_id, accepted) VALUES (124, 95, 'False');
INSERT INTO activity ( post_id, user_id, action) VALUES (124, 31, 'Create');

INSERT INTO post (current_state, up_score, down_score) VALUES ('Published', 0, 0);
INSERT INTO postinstance (post_id, user_id, description) VALUES (125, 29, '&lt;p&gt;This is best answered using graph theory, in my opinion.&lt;/p&gt;

&lt;p&gt;Let $G$ be a directed graph where the nodes are all possible three-digit codes. For two vertices $u, v$ there is an edge from $u$ to $v$ if the two last digits of $u$ are the two first digits of $v$. That way there are edges from $123$ to each of $231, 232, 233, 234, 235, 236, 237, 238, 239, 230$ and no others.&lt;/p&gt;

&lt;p&gt;The nodes each represent the last three button presses. As you press digits on the keypad, you move along the graph. Once you&#x27;ve pressed three buttons for the first time, you have chosen the node corresponding to the three numbers you pressed. For each successive button you press, you move along an edge to the node representing the current three last key presses. That way, each edge represents a specific four-digit code, and each four digit code is represented (for instance, $1234$ is the edge that goes from $123$ to $234$, and $1111$ is the edge that goes form the vertex $111$ and in a loop back to $111$).&lt;/p&gt;

&lt;p&gt;This is the so-called &lt;a href=&quot;https://en.wikipedia.org/wiki/De_Bruijn_graph&quot; rel=&quot;nofollow noreferrer&quot;&gt;De Bruijn graph&lt;/a&gt;, and it is well known to be an Eulerian directed graph. That means that there is a route that goes along each edge exactly once. This corresponds to each code being attempted exactly once, which is clearly as effective as it gets.&lt;/p&gt;

&lt;p&gt;This means that the number of required button presses is $3 + 10000$, where the first $3$ are for picking a starting node, and the remaining $10000$ are for testing actual codes, one by one.&lt;/p&gt;
');
INSERT INTO answer (post_id, question_id, accepted) VALUES (125, 97, 'False');
INSERT INTO activity ( post_id, user_id, action) VALUES (125, 29, 'Create');

INSERT INTO post (current_state, up_score, down_score) VALUES ('Published', 1, 0);
INSERT INTO postinstance (post_id, user_id, description) VALUES (126, 30, '&lt;p&gt;What you missed is the fact that generally $$G(z^{-1})\neq G^{-1}(z)$$
So the inverse of the system $G(z)$ is $G^{-1}(z)$ since clearly $G(z) \cdot G^{-1}(z)=G(z)\cdot \frac{1}{G(z)}=1$ which is the identity system.&lt;/p&gt;

&lt;p&gt;However, $G(z^{-1})$ means all the poles and zeros in $G(z)$ are inverted. So for example if $G(z)=\frac{z-z_0}{z-p_0}$ (with a pole $p_0$ and a zero $z_0$), then $G(z^{-1})=\frac{z^{-1}-z_0}{z^{-1}-p_0}$, whose poles and zeros are $\frac{1}{p_0}$ and $\frac{1}{z_0}$.&lt;/p&gt;
');
INSERT INTO answer (post_id, question_id, accepted) VALUES (126, 101, 'False');
INSERT INTO activity ( post_id, user_id, action) VALUES (126, 30, 'Create');
INSERT INTO activity (post_id, user_id, activity) VALUES (126, 30, 'Upvote');

INSERT INTO post (current_state, up_score, down_score) VALUES ('Published', 0, 0);
INSERT INTO postinstance (post_id, user_id, description) VALUES (127, 34, '&lt;p&gt;The first line : (&#x27;canonical identification&#x27;) means we say that an element of $T_I(GL(n,\mathbb{R}))$ can be thought of as an element of $M_n(\mathbb{R})$ and vice versa by means of vectorization.&lt;br&gt;&lt;br&gt; &lt;/p&gt;

&lt;p&gt;Here an example for $n=2$ :&lt;/p&gt;

&lt;p&gt;Let : $Q \in T_I(GL(2,\mathbb{R})) $ , $Q= \left(
\begin{array}{c}
q_1 \\
q_2 \\
q_3 \\
q_4 \\
\end{array}
\right)$ , &lt;br&gt;the corresponding matrix $\in M_2(\mathbb{R})$ becomes : $ \left(
\begin{array}{c , c}
q_1 &amp;amp; q_3 \\
q_2  &amp;amp; q_4 \\
\end{array}
\right)$.&lt;br&gt;&lt;br&gt;&lt;br&gt;
To make a vector field from a vector at $T_I$ we have to assign a vector to every element of $GL(n,\mathbb{R})$. &lt;br&gt; We choose to do so by &#x27;left-multiplying&#x27; with said element of $GL(n,\mathbb{R})$ which we have called $P$ . &lt;br&gt;So in coordinates, $P$ is in fact just : $\left(
\begin{array}{c}
x_1 \\
x_2 \\
x_3 \\
x_4 \\
\end{array}
\right)$ or $\left(
\begin{array}{c , c}
x_1 &amp;amp; x_3 \\
x_2  &amp;amp; x_4 \\
\end{array}
\right)$.&lt;br&gt;&lt;/p&gt;

&lt;p&gt;This way $\Psi \left( X \right) = PX $ becomes : &lt;br&gt;
$ \left(
\begin{array}{c , c}
x_1  &amp;amp; x_3  \\
x_2   &amp;amp; x_4  \\
\end{array}
\right)
\left(
\begin{array}{c , c}
X_1 &amp;amp; X_3 \\
X_2  &amp;amp; X_4 \\
\end{array}
\right) = \left(
\begin{array}{c , c}
x_1X_1 + x_3X_2  &amp;amp; x_1X_3 + x_3X_4  \\
x_2X_1  + x_4X_2  &amp;amp; x_2X_3  + x_4X_4 \\
\end{array}
\right)$ &lt;br&gt;
Or : &lt;br&gt;
$\Psi \left( X \right) =\left(
\begin{array}{c , c}
x_1X_1 + x_3X_2   \\
x_2X_1  + x_4X_2   \\
x_1X_3 + x_3X_4  \\
 x_2X_3  + x_4X_4 \\
\end{array}
\right)$ and $\Psi \left( Y \right) =\left(
\begin{array}{c , c}
x_1Y_1 + x_3Y_2   \\
x_2Y_1  + x_4Y_2   \\
x_1Y_3 + x_3Y_4  \\
 x_2Y_3  + x_4Y_4 \\
\end{array}
\right)$ &lt;br&gt;&lt;br&gt;
Now according to the hint we have : &lt;br&gt;
$[\Psi \left( X \right) ,\Psi \left( Y \right) ]= \left(\Psi \left( X \right)_{i}\frac{\partial \Psi \left( Y \right)_{j}}{\partial x_{i}}-\Psi \left( Y \right)_{i}\frac{\partial \Psi \left( X \right)_{j}}{\partial x_{i}}\right)\frac{\partial}{\partial x_{j}} $ (with Einstein summation convention ). &lt;br&gt;&lt;br&gt;
We work out the first component : &lt;br&gt;
$[\Psi \left( X \right) ,\Psi \left( Y \right) ]_1= \left(\Psi \left( X \right)_{i}\frac{\partial \Psi \left( Y \right)_{1}}{\partial x_{i}}-\Psi \left( Y \right)_{i}\frac{\partial \Psi \left( X \right)_{1}}{\partial x_{i}}\right) =
\left(
\Psi \left( X \right)_{1}\frac{\partial \Psi \left( Y \right)_{1}}{\partial x_{1}} +
\Psi \left( X \right)_{3}\frac{\partial \Psi \left( Y \right)_{1}}{\partial x_{3}}
-\Psi \left( Y \right)_{1}\frac{\partial \Psi \left( X \right)_{1}}{\partial x_{1}}  
-\Psi \left( Y \right)_{3}\frac{\partial \Psi \left( X \right)_{1}}{\partial x_{3}}\right) 
 =
\left(
\Psi \left( X \right)_{1}Y_1 +
\Psi \left( X \right)_{3}Y_2
-\Psi \left( Y \right)_{1}X_1
-\Psi \left( Y \right)_{3}X_2
\right) 
 =
\left(
(x_1X_1 +x_3X_2)Y_1 +
(x_1X_3 +x_3X_4)Y_2
-(x_1Y_1 +x_3Y_2)X_1
-(x_1Y_3 +x_3Y_4)X_2
\right) 
 =
x_1(X_3Y_2-X_2Y_3) + x_3(X_2Y_1 -X_1Y_2) + x_3(X_4Y_2-X_2Y_4)
 $&lt;br&gt;&lt;br&gt;
Now calculate the first component of $\Psi \left( [X,Y] \right)$ : &lt;br&gt;
$ \left(
\begin{array}{c , c}
x_1  &amp;amp; x_3  \\
x_2   &amp;amp; x_4  \\
\end{array}
\right)
\left(
\begin{array}{c , c}
X_1Y_1 + X_3Y_2 -Y_1X_1 - Y_3X_2  &amp;amp; X_1Y_3 + X_3Y_4 -Y_1X_3 - Y_3X_4   \\
X_2Y_1  + X_4Y_2 -Y_2X_1  - Y_4X_2 &amp;amp; X_2Y_3  + X_4Y_4 -Y_2X_3  - Y_4X_4 \\
\end{array}
\right)  $ &lt;br&gt;&lt;/p&gt;

&lt;p&gt;We see the first components (and also the other components) are equal, and the generalization to $n &amp;gt; 2$ is trivial.&lt;/p&gt;
');
INSERT INTO answer (post_id, question_id, accepted) VALUES (127, 106, 'False');
INSERT INTO activity ( post_id, user_id, action) VALUES (127, 34, 'Create');

INSERT INTO post (current_state, up_score, down_score) VALUES ('Published', 0, 0);
INSERT INTO postinstance (post_id, user_id, description) VALUES (128, 15, '&lt;p&gt;You can get a linear system out of this differential equation by introducing an artificial time parameter and separating the equation into
\begin{align}
\frac{dy(t)}{dt} &amp;amp;= 4y(t)−3x(t)\\
\frac{dx(t)}{dt} &amp;amp;= 2x(t)−y(t)
\end{align}
or
$$
\begin{bmatrix}\dot x\\\dot y\end{bmatrix}
=
\begin{bmatrix}2&amp;amp;-1\\-3&amp;amp;4\end{bmatrix}
·
\begin{bmatrix} x\\y\end{bmatrix}
$$
where you now can proceed by computing eigenvalues and eigenvectors. In the end you have to invert the function $x(t)$ to get the solution of the original problem as $y(t(x))$.&lt;/p&gt;
');
INSERT INTO answer (post_id, question_id, accepted) VALUES (128, 108, 'False');
INSERT INTO activity ( post_id, user_id, action) VALUES (128, 15, 'Create');

INSERT INTO post (current_state, up_score, down_score) VALUES ('Published', 1, 0);
INSERT INTO postinstance (post_id, user_id, description) VALUES (129, 32, '&lt;ol&gt;
&lt;li&gt;For an arbitrary point on the rod, let $p$ be its distance from the point of connection to the wire. Since the mass is uniformly distributed, then
$$dm=\frac ml dp$$
and the distance of that point from the reference of rotation can be obtained from the law of cosines:
$$r^2=l^2+p^2+2lp\cos\delta$$
Here, $\delta=\theta_2 - \theta_1\,$. The moment of intertia is defined by:
$$dI=r^2 dm\implies I=\frac ml\int_0^l r^2 dp$$
Consequently
$$I=\frac ml\int_0^l(l^2+p^2+2lp\cos\delta)dp=m l^2\left(\frac 43+\cos(\theta_2-\theta_1)\right)$$&lt;/li&gt;
&lt;li&gt;The kinetic energy is calculated from a similar procedure.
$$dK=\frac 12v^2dm\implies K=\frac m{2l}\int_l v^2 dp$$
where
$$\begin{align}v^2&amp;amp;=v_x^2+v_y^2=[\partial_t(l\sin\theta_1+p\sin\theta_2)]^2+[\partial_t(l\cos\theta_1+p\cos\theta_2)]^2\\&amp;amp;=
(l\dot{\theta_1}\cos\theta_1+p\dot{\theta_2}\cos\theta_2)^2+(l\dot{\theta_1}\sin\theta_1+p\dot{\theta_2}\sin\theta_2)^2\\&amp;amp;=
(l\dot{\theta_1})^2+(p\dot{\theta_2})^2+2lp\dot{\theta_1}\dot{\theta_2}\cos\delta\end{align}$$
Thus
$$K=\frac{ml^2}2\left(\dot{\theta_1}^2+\frac 13\dot{\theta_2}^2+\dot{\theta_1}\dot{\theta_2}\cos\delta\right)$$&lt;/li&gt;
&lt;li&gt;And similarly, the potential energy is the result of an integral as well:
$$dU=-gh\,dm\implies U=-\frac {mg}l\int_0^l hdp$$
where
$$h=l\cos\theta_1+p\cos\theta_2$$
which results in $$U=-mgl(\cos\theta_1+\frac 12\cos\theta_2)$$&lt;/li&gt;
&lt;li&gt;Lagrangian is given by $K-U$. Let $\omega_1=\dot\theta_1$ and $\omega_2=\dot\theta_2$ then
$$L=\frac{ml^2}2\left(\omega_1^2+\frac 13\omega_2^2+\omega_1\omega_2\cos(\theta_2-\theta_1)+\frac gl(2\cos\theta_1+\cos\theta_2)\right)$$
and from Euler-Lagrange equations
$$\frac d{dt}\left(\frac{\partial L}{\partial\omega_i}\right)=\frac{\partial L}{\partial\theta_i},\quad i=1,2$$
we have
$$2\dot\omega_1+\dot\omega_2\cos(\theta_2-\theta_1)-\omega_2^2\sin(\theta_2-\theta_1)+2\frac gl\sin\theta_1=0\\
\frac 23\dot\omega_2+\dot\omega_1\cos(\theta_2-\theta_1)+\omega_1^2\sin(\theta_2-\theta_1)+\frac gl\sin\theta_2=0$$
Thus the state-space equations, knowing that the state variables are $\theta_1,\theta_2,\omega_1,\omega_2$ can be written as:
$$\begin{align}\pmatrix{\dot\theta_1\\\dot\theta_2}&amp;amp;=\pmatrix{\omega_1\\ \omega_2}\\
\pmatrix{\dot\omega_1\\\dot\omega_2}&amp;amp;=\pmatrix{2&amp;amp;\cos(\theta_2-\theta_1)\\ \cos(\theta_2-\theta_1)&amp;amp;\frac 23}^{-1}
\pmatrix{\omega_2^2\sin(\theta_2-\theta_1)-2\frac gl\sin\theta_1\\
-\omega_1^2\sin(\theta_2-\theta_1)-\frac gl\sin\theta_2}
\end{align}$$
and you can linearize the system by calculating the Jacobian, $\frac{\partial f}{\partial x}|_{x=0}$ which is a straightforward but tedious process.&lt;/li&gt;
&lt;/ol&gt;
');
INSERT INTO answer (post_id, question_id, accepted) VALUES (129, 111, 'True');
INSERT INTO activity ( post_id, user_id, action) VALUES (129, 32, 'Create');
INSERT INTO activity (post_id, user_id, activity) VALUES (129, 32, 'Upvote');

INSERT INTO post (current_state, up_score, down_score) VALUES ('Published', 0, 0);
INSERT INTO postinstance (post_id, user_id, description) VALUES (130, 3, '&lt;p&gt;Your inner solution is in $τ$, it should read
$$
y^i(τ) = 1-e^{-τ}+ϵ\Bigl(1-e^{-τ}\bigl(1-τ-\frac{τ^2}2\bigr)\Bigr).
$$
Then the matching rules tell you to equate $y^i(\infty)$ with $y^o(0)$ which gives the constant function $y^o(t)=1+ϵ$.&lt;/p&gt;

&lt;p&gt;As $e^{-τ}τ^2\le 4e^{-τ/2}$ the difference to the constant will be lower than second order in $ϵ$ for $τ&amp;gt;-2\lnϵ$ or $t&amp;gt;2ϵ|\lnϵ|$.&lt;/p&gt;
');
INSERT INTO answer (post_id, question_id, accepted) VALUES (130, 112, 'False');
INSERT INTO activity ( post_id, user_id, action) VALUES (130, 3, 'Create');

INSERT INTO post (current_state, up_score, down_score) VALUES ('Published', 0, 0);
INSERT INTO postinstance (post_id, user_id, description) VALUES (131, 22, '&lt;p&gt;&lt;strong&gt;Hint&lt;/strong&gt;:&lt;/p&gt;

&lt;p&gt;$$S-x^2S=(x^3+2x^5+3x^7+\cdots)-(x^5+2x^7+3x^9+\cdots)=x^3+x^5+x^7+\cdots$$&lt;/p&gt;
');
INSERT INTO answer (post_id, question_id, accepted) VALUES (131, 110, 'False');
INSERT INTO activity ( post_id, user_id, action) VALUES (131, 22, 'Create');

INSERT INTO post (current_state, up_score, down_score) VALUES ('Published', 2, 0);
INSERT INTO postinstance (post_id, user_id, description) VALUES (132, 27, '&lt;p&gt;&lt;em&gt;The point is continuity&lt;/em&gt;: In the homotopy-type-theoretic context, decidable equality for a type $X$ means that the type $\Pi_{x,y : X} (x=_Xy)\vee \neg(x=_Xy)$ is inhabited, so you&#x27;re requested to provide, in a continuous manner, either a path between $x$ and $y$ or a proof that such cannot exist. If you&#x27;re working with a connected type, i.e. $\Pi_{x,y:X} \|x=_Xy\|$ is inhabited, then this is equivalent to giving an inhabitant of $\Pi_{x,y : X} (x=_Xy)$, which however is the definition of $X$ being a $-1$-type / proposition.&lt;/p&gt;

&lt;p&gt;If you follow the naive argument, you&#x27;ll also see the flaw: So in $X=B({\mathbb Z}/2{\mathbb Z})$, there&#x27;s only one object, say $\ast$, and for that object we&#x27;d like to pick say the constant path $c_\ast$ as a proof of $\ast=_X\ast$. But now, we move from $\ast$ to $\ast$ in the left argument of $=_X$ via the unique nontrivial loop, say $\gamma$, and continuity would then force us to assign $\gamma\cdot c_\ast=\gamma$ to $\ast$ instead - contradiction.&lt;/p&gt;
');
INSERT INTO answer (post_id, question_id, accepted) VALUES (132, 115, 'False');
INSERT INTO activity ( post_id, user_id, action) VALUES (132, 27, 'Create');
INSERT INTO activity (post_id, user_id, activity) VALUES (132, 27, 'Upvote');
INSERT INTO activity (post_id, user_id, activity) VALUES (132, 27, 'Upvote');

INSERT INTO post (current_state, up_score, down_score) VALUES ('Published', 1, 0);
INSERT INTO postinstance (post_id, user_id, description) VALUES (133, 30, '&lt;p&gt;With recurrences of this type I like the representation in a matrix format. Note, that the binomial-coefficients in your recursive formula occur in the manner of the Pascal-matrix ( = &lt;strong&gt;&lt;em&gt;&quot;P&quot;&lt;/em&gt;&lt;/strong&gt;).         &lt;/p&gt;

&lt;p&gt;The following is the multiplication-scheme for the Bernoulli-numbers:&lt;/p&gt;

&lt;pre&gt;&lt;code&gt;                          |      1  |
                          |   -1/2  |  vector B of
                          |    1/6  |  Bernoulli-numbers 
     P*B = dV(-1)*B       |      0  |
                          |  -1/30  |
                          |      0  |
                        * |   1/42  |
                          |   ...   |
  -  -   -   -   -  -  -  +      -  +
   Matrix P               |     =   | 
  -  -   -   -   -  -  -  +      -  +
  1  .   .   .   .  .  .  |      1  |
  1  1   .   .   .  .  .  |    1/2  |
  1  2   1   .   .  .  .  |    1/6  | vector B of
  1  3   3   1   .  .  .  |      0  | Bernoulli-numbers, 
  1  4   6   4   1  .  .  |  -1/30  | each second one having sign changed
  1  5  10  10   5  1  .  |      0  | (this are 1/2,0,0,0, so this is easy 
  1  6  15  20  15  6  1  |   1/42  |  to overlook )
  ...     ...      ...    |    ...  | 
  -  -   -   -   -  -  -  +      -  +
&lt;/code&gt;&lt;/pre&gt;

&lt;p&gt;This scheme illustrates the matrix-product $$P \cdot B = \,^dV(-1) \cdot B $$ where $ \,^dV(-1)= \operatorname{diagonal}([1,-1,1,-1,...]) $      &lt;/p&gt;

&lt;p&gt;&lt;em&gt;(Btw: it seems to me, that the $- {1 \over m+1} ...$ in your formula should be $ {(-1)^m \over m+1} ...$ ) but I might be erring there)&lt;/em&gt;            &lt;/p&gt;

&lt;p&gt;&lt;em&gt;(P.s.: you might also be interested in &lt;a href=&quot;http://go.helms-net.de/math/pascal/bernoulli_en.pdf&quot; rel=&quot;nofollow noreferrer&quot;&gt;this small treatize&lt;/a&gt; on exactly that subject / method)&lt;/em&gt;&lt;/p&gt;
');
INSERT INTO answer (post_id, question_id, accepted) VALUES (133, 116, 'False');
INSERT INTO activity ( post_id, user_id, action) VALUES (133, 30, 'Create');
INSERT INTO activity (post_id, user_id, activity) VALUES (133, 30, 'Upvote');

INSERT INTO post (current_state, up_score, down_score) VALUES ('Published', 3, 2);
INSERT INTO postinstance (post_id, user_id, description) VALUES (134, 39, '&lt;p&gt;By definition $\sum_{n=0}^\infty nx^{2n+1}=\lim_{N\to\infty} S_N$, where $S_N=\sum_{n=0}^N nx^{2n+1}$. &lt;/p&gt;

&lt;p&gt;If $|x|&amp;gt;1$ the terms do not tend to zero and the sum does not converge.&lt;/p&gt;

&lt;p&gt;Suppose $|x|&amp;lt;1$. Now $S_N-x^2S_N=\sum_{n=1}^{N}x^{2n+1}-Nx^{2N+3}=x\frac{1-x^{2N+2}}{1-x^2}-Nx^{2N+3}$.&lt;br&gt;
(Since $x^{2n+1}$ appears once with coefficient $n$ and once with coefficient $-(n-1)$ if $n&amp;lt;N$.) &lt;/p&gt;

&lt;p&gt;So we have $$S_N=x\frac{1-x^{2N+2}}{(1-x^2)^2}-\frac{Nx^{2N+3}}{1-x^2}.$$
The limit of this as $N\to\infty$ is $\frac x{(1-x^2)^2}$.&lt;/p&gt;
');
INSERT INTO answer (post_id, question_id, accepted) VALUES (134, 110, 'False');
INSERT INTO activity ( post_id, user_id, action) VALUES (134, 39, 'Create');
INSERT INTO activity (post_id, user_id, activity) VALUES (134, 39, 'Upvote');
INSERT INTO activity (post_id, user_id, activity) VALUES (134, 39, 'Upvote');
INSERT INTO activity (post_id, user_id, activity) VALUES (134, 39, 'Upvote');
INSERT INTO activity (post_id, user_id, activity) VALUES (134, 39, 'Downvote');
INSERT INTO activity (post_id, user_id, activity) VALUES (134, 39, 'Downvote');

INSERT INTO post (current_state, up_score, down_score) VALUES ('Deleted', 0, 0);
INSERT INTO postinstance (post_id, user_id, description) VALUES (135, 21, '&lt;p&gt;A hand-made exploration here would look as follows:
We can always write (I will use $X$ and $Y$)&lt;/p&gt;

&lt;p&gt;$$X = E(X\mid Y) + e_{X|Y} \implies E(X\mid Y) = X-e_{X|Y}$$ 
$$Y \equiv E(Y\mid X) + e_{Y|X} \implies E(Y\mid X) = Y-e_{Y|X}$$&lt;/p&gt;

&lt;p&gt;where $e_{X|Y},\;\;e_{Y|X}$ are the conditional expectation function errors, which by construction have expected value zero, $E[e_{X|Y}]=E[e_{Y|X}]=0$.&lt;/p&gt;

&lt;p&gt;By the assumed inequalities we then have&lt;/p&gt;

&lt;p&gt;$$X-e_{X|Y} \geq Y \implies X \geq Y + e_{X|Y},\;\;\; Y-e_{Y|X}\geq X$$&lt;/p&gt;

&lt;p&gt;Combining&lt;/p&gt;

&lt;p&gt;$$Y + e_{X|Y} \leq X \leq Y-e_{Y|X} \implies e_{X|Y}+e_{Y|X} \leq 0 $$&lt;/p&gt;

&lt;p&gt;So under the assumed inequalities, the random variable $Z \equiv e_{X|Y}+e_{Y|X}$ is non-positive. But also $E(Z) = E(e_{X|Y})+E(e_{Y|X}) = 0$. 
For a non-positive random variable to have expected value zero, all probability mass must be concentrated at the value zero, making $Z$ a constant random variable equal to zero. But then &lt;/p&gt;

&lt;p&gt;$$Z = e_{X|Y} + e_{Y|X}=0 \implies e_{X|Y} = - e_{Y|X}$$&lt;/p&gt;

&lt;p&gt;But then we obtain&lt;/p&gt;

&lt;p&gt;$$Y + e_{X|Y} \leq X \leq Y+e_{X|Y} \implies X = Y+e_{X|Y}$$&lt;/p&gt;

&lt;p&gt;while also $X = E(X\mid Y) + e_{X|Y}$ which leads to $Y = E(X\mid Y)$. &lt;/p&gt;

&lt;p&gt;By analogous manipulations, we obtain $X = E(Y\mid X)$.&lt;/p&gt;

&lt;p&gt;Then &lt;a href=&quot;http://math.stackexchange.com/q/666843/87400&quot;&gt;&lt;strong&gt;this post&lt;/strong&gt;&lt;/a&gt; contains the proof for the case of equality.&lt;/p&gt;
');
INSERT INTO answer (post_id, question_id, accepted) VALUES (135, 118, 'False');
INSERT INTO activity ( post_id, user_id, action) VALUES (135, 21, 'Create');

INSERT INTO post (current_state, up_score, down_score) VALUES ('Published', 1, 0);
INSERT INTO postinstance (post_id, user_id, description) VALUES (136, 32, '&lt;p&gt;It has a very well known name actually: $T$ acts via automorphisms on $S$.&lt;/p&gt;

&lt;p&gt;As you can see by requiring your third condition (first two conditions for it to be action) every element of $T$ define an isomorphism from $S$ to $S$ which means you have an homomorphism from $T$ to $Aut(S)$.This is nothing but the essential thing to define semidirect product of $T$ and $S$. (of course, it is used in many places, many related results exist) &lt;/p&gt;

&lt;p&gt;There is no need to require $S$ is abelian, we can define it in a general way.($S$ &#x27;s being abelian has no actual advantage to define the structure) To reach more information please read the chapter 3 of &quot;Finite Group Theory by I.Martin Isaacs&quot; or make research about &quot;Split Extensions&quot;.&lt;/p&gt;
');
INSERT INTO answer (post_id, question_id, accepted) VALUES (136, 120, 'False');
INSERT INTO activity ( post_id, user_id, action) VALUES (136, 32, 'Create');
INSERT INTO activity (post_id, user_id, activity) VALUES (136, 32, 'Upvote');

INSERT INTO post (current_state, up_score, down_score) VALUES ('Published', 0, 0);
INSERT INTO postinstance (post_id, user_id, description) VALUES (137, 40, '&lt;p&gt;It follows from definition of bijection. Every element of $A$ has a unique image in $B$ as it is injective well defined function and every element of $B$ is image of some element of $A$ as function is surjective. This forces $|A|=|B|$.&lt;/p&gt;
');
INSERT INTO answer (post_id, question_id, accepted) VALUES (137, 117, 'True');
INSERT INTO activity ( post_id, user_id, action) VALUES (137, 40, 'Create');

INSERT INTO post (current_state, up_score, down_score) VALUES ('Published', 0, 0);
INSERT INTO postinstance (post_id, user_id, description) VALUES (138, 11, '&lt;p&gt;With the substitutions you insisted, here are the following solutions:&lt;/p&gt;

&lt;p&gt;&lt;strong&gt;Solution 1:&lt;/strong&gt; Let $u=\cot 2\theta$. Then $du=-2\csc^2 2\theta d\theta$.
Thus,$$\begin{align}
\int \text{csc}^2 2\theta \cot2\theta \,d\theta&amp;amp;=-\frac{1}{2}\int udu\\
&amp;amp;=-\frac{1}{2}\frac{u^2}{2}+k\\
&amp;amp;=-\frac{1}{2}\frac{\cot^2 2\theta}{2}+k
\end{align}$$&lt;/p&gt;

&lt;p&gt;&lt;strong&gt;Solution 2:&lt;/strong&gt; Let $u=\csc 2\theta$. Then $du=-2\csc 2\theta \cot 2\theta d\theta$. Thus,
$$\begin{align}
\int \text{csc}^2 2\theta \cot2\theta \,d\theta&amp;amp;=\int \big[\csc 2\theta\cdot\csc 2\theta\cot 2\theta d\theta\big]\\
&amp;amp;=-\frac{1}{2}\int udu\\
&amp;amp;=-\frac{1}{2}\frac{u^2}{2}+C\\
&amp;amp;=-\frac{1}{2}\frac{\csc^22\theta}{2}+C\\
\end{align}$$&lt;/p&gt;
');
INSERT INTO answer (post_id, question_id, accepted) VALUES (138, 114, 'False');
INSERT INTO activity ( post_id, user_id, action) VALUES (138, 11, 'Create');

INSERT INTO post (current_state, up_score, down_score) VALUES ('Published', 2, 1);
INSERT INTO postinstance (post_id, user_id, description) VALUES (139, 30, '&lt;p&gt;Your proof is rather unclear. What do you mean by $n(A)$ for example.&lt;/p&gt;

&lt;p&gt;The proof is rather straight forward however by showing equivalence between $x\in B$ and $x\in C$. You do this by separating the cases where $x\in A$ and $x\notin A$.&lt;/p&gt;

&lt;p&gt;If $x\in A$ you have $x\in B\cap A \Leftrightarrow x\in B$ and $x\in B\cap A \Leftrightarrow x\in B$, but yoo already have $x\in B\cap A \Leftrightarrow x\in C\cap A$ so it follows that $x\in B\Leftrightarrow x\in C$.&lt;/p&gt;

&lt;p&gt;If on the other hand $x\notin A$ you have $x\in B\cup A \Leftrightarrow x\in B$ and $x\in B\cup A \Leftrightarrow x\in B$, but yoo already have $x\in B\cup A \Leftrightarrow x\in C\cup A$ so it follows that $x\in B\Leftrightarrow x\in C$.&lt;/p&gt;

&lt;p&gt;Since you have $x\in A$ or $x\notin A$ you have $x\in B\Leftrightarrow x\in C$ universally which means $B=C$.&lt;/p&gt;

&lt;hr&gt;

&lt;p&gt;You can reformulate this using set algebra notation:&lt;/p&gt;

&lt;p&gt;Let $U$ be a superset of $A$, $B$ and $C$ (for example $U=A\cup B\cup C$):&lt;/p&gt;

&lt;p&gt;Since $A\cup B = A\cup C$ we have $(U\setminus A)\cap(A\cup B) = (U\setminus A)\cap(A\cup C)$. Since $(U\setminus A)\cap A =\emptyset$ we have:&lt;/p&gt;

&lt;p&gt;$$(U\setminus A)\cap B
= ((U\setminus A)\cap A) \cup ((U\setminus A)\cap B) 
= (U\setminus A)\cap(A\cup B) \\
= (U\setminus A)\cap(A\cup C) = (U\setminus A)\cap C$$&lt;/p&gt;

&lt;p&gt;Now we have that $(U\setminus A) \cup A \supset U$, since $U$ is a superset of $A$, $B$ and $C$ we have $(U\setminus A) \cup A = U$ and $B = U\cap B$ so we have:&lt;/p&gt;

&lt;p&gt;$$B = U\cap B 
= ((U\setminus A) \cup A) \cap B 
= ((U\setminus A) \cap B) \cup (A \cap B)
= ((U\setminus A) \cap C) \cup (A \cap C) = C$$ &lt;/p&gt;
');
INSERT INTO answer (post_id, question_id, accepted) VALUES (139, 103, 'False');
INSERT INTO activity ( post_id, user_id, action) VALUES (139, 30, 'Create');
INSERT INTO activity (post_id, user_id, activity) VALUES (139, 30, 'Upvote');
INSERT INTO activity (post_id, user_id, activity) VALUES (139, 30, 'Upvote');
INSERT INTO activity (post_id, user_id, activity) VALUES (139, 30, 'Downvote');

INSERT INTO post (current_state, up_score, down_score) VALUES ('Published', 2, 1);
INSERT INTO postinstance (post_id, user_id, description) VALUES (140, 10, '&lt;p&gt;By assumptions, $\color\orange{A\cup B=A\cup C}$ and $\color\red{A\cap B=A\cap C}$. Since $B\subset (A\cup B)$ and $C\subset(A\cup C)$, we get
$B=B\cap(A\cup B)$ and $C=C\cap(A\cup C)$, respectively. Hence,
$$\begin{align}
B&amp;amp;=B\cap (\color\orange{A\cup B})\\
&amp;amp;=B\cap(\color\orange{A\cup C})\qquad\text{then use distributive law to get}\\
&amp;amp;=(\color\red{A\cap B})\cup(B\cap C)\\
&amp;amp;=(\color\red{A\cap C})\cup (B\cap C)\qquad\text{again use distributive law to get}\\
&amp;amp;=(\color\orange{A\cup B})\cap C\\
&amp;amp;=(\color\orange{A\cup C})\cap C\\
&amp;amp;=C.
\end{align}$$&lt;/p&gt;
');
INSERT INTO answer (post_id, question_id, accepted) VALUES (140, 103, 'False');
INSERT INTO activity ( post_id, user_id, action) VALUES (140, 10, 'Create');
INSERT INTO activity (post_id, user_id, activity) VALUES (140, 10, 'Upvote');
INSERT INTO activity (post_id, user_id, activity) VALUES (140, 10, 'Upvote');
INSERT INTO activity (post_id, user_id, activity) VALUES (140, 10, 'Downvote');

INSERT INTO post (current_state, up_score, down_score) VALUES ('Published', 1, 0);
INSERT INTO postinstance (post_id, user_id, description) VALUES (141, 49, '&lt;p&gt;Hint: Suppose that $B\neq C$, and give a $x$ in both equalities. You will find a contradiction, analize the cases.&lt;/p&gt;
');
INSERT INTO answer (post_id, question_id, accepted) VALUES (141, 103, 'False');
INSERT INTO activity ( post_id, user_id, action) VALUES (141, 49, 'Create');
INSERT INTO activity (post_id, user_id, activity) VALUES (141, 49, 'Upvote');

INSERT INTO post (current_state, up_score, down_score) VALUES ('Published', 1, 0);
INSERT INTO postinstance (post_id, user_id, description) VALUES (142, 18, '&lt;p&gt;First we show $B \subseteq C$.
&lt;p&gt;
It suffices to show $x \in B \implies x \in C$.
&lt;p&gt;
Suppose otherwise. Thus, suppose $x \in B$ but $x \notin C$. Then&lt;/p&gt;

&lt;p&gt;\begin{align*}
&amp;amp;x \in B\\[4pt]
\implies\; &amp;amp;x \in A \cup B\\[4pt]
\implies\; &amp;amp;x \in A \cup C&amp;amp;&amp;amp;\text{[since $A\cup B = A \cup C$]}\\[4pt]
\implies\; &amp;amp;x \in A&amp;amp;&amp;amp;\text{[since $x \notin C$]}\\[4pt]
\implies\; &amp;amp;x \in A \cap B&amp;amp;&amp;amp;\text{[since $x \in B$]}\\[4pt]
\implies\; &amp;amp;x \in A \cap C&amp;amp;&amp;amp;\text{[since $A\cap B = A \cap C$]}\\[4pt]
\implies\; &amp;amp;x \in C\\[4pt]
\end{align*}&lt;/p&gt;

&lt;p&gt;contradiction.
&lt;p&gt;
It follows that $x \in B \implies x \in C$, hence $B \subseteq C$, as claimed.
&lt;p&gt;
By analogous reasoning (or by symmetry), we get $C \subseteq B$.
&lt;p&gt;
Therefore $B=C$.&lt;/p&gt;
');
INSERT INTO answer (post_id, question_id, accepted) VALUES (142, 103, 'False');
INSERT INTO activity ( post_id, user_id, action) VALUES (142, 18, 'Create');
INSERT INTO activity (post_id, user_id, activity) VALUES (142, 18, 'Upvote');

INSERT INTO post (current_state, up_score, down_score) VALUES ('Published', 2, 0);
INSERT INTO postinstance (post_id, user_id, description) VALUES (143, 14, '&lt;p&gt;Your proof is not correct, as you only proved that both $B$ and $C$ have the same &lt;em&gt;number of&lt;/em&gt; elements, not that they have the same elements. To prove that $B=C$ you have to prove that $x\in B$ if and only if $x\in C$.&lt;/p&gt;
');
INSERT INTO answer (post_id, question_id, accepted) VALUES (143, 103, 'False');
INSERT INTO activity ( post_id, user_id, action) VALUES (143, 14, 'Create');
INSERT INTO activity (post_id, user_id, activity) VALUES (143, 14, 'Upvote');
INSERT INTO activity (post_id, user_id, activity) VALUES (143, 14, 'Upvote');

INSERT INTO post (current_state, up_score, down_score) VALUES ('Published', 0, 0);
INSERT INTO postinstance (post_id, user_id, description) VALUES (144, 3, '&lt;p&gt;Write: $B=((A \cup B) \setminus A) \cup (A \cap B)$ and similarly for $C$.&lt;/p&gt;
');
INSERT INTO answer (post_id, question_id, accepted) VALUES (144, 103, 'False');
INSERT INTO activity ( post_id, user_id, action) VALUES (144, 3, 'Create');

INSERT INTO post (current_state, up_score, down_score) VALUES ('Published', 0, 0);
INSERT INTO postinstance (post_id, user_id, description) VALUES (145, 36, '&lt;p&gt;So far, I can see the time scale change to the new variable $\tau$ should yield the following differential equation instead:&lt;/p&gt;

&lt;p&gt;$\epsilon^2y&#x27;&#x27; + (1 + \epsilon \tau)y&#x27; = 0\quad y(0)=0\quad y&#x27;(0) = 1\quad$&lt;/p&gt;

&lt;p&gt;I have not check if there are additional errors though.&lt;/p&gt;
');
INSERT INTO answer (post_id, question_id, accepted) VALUES (145, 112, 'False');
INSERT INTO activity ( post_id, user_id, action) VALUES (145, 36, 'Create');

INSERT INTO post (current_state, up_score, down_score) VALUES ('Published', 1, 0);
INSERT INTO postinstance (post_id, user_id, description) VALUES (146, 13, '&lt;p&gt;Regression is defined as E[Y | X] (the expectation of Y given X).  A subset of these types of models where Y is binary or categorical (including logistic regression and multinomial regression along with many machine learning algorithms that essential have the same target [such as classification trees]) are useful for classification.&lt;/p&gt;
');
INSERT INTO answer (post_id, question_id, accepted) VALUES (146, 92, 'False');
INSERT INTO activity ( post_id, user_id, action) VALUES (146, 13, 'Create');
INSERT INTO activity (post_id, user_id, activity) VALUES (146, 13, 'Upvote');

INSERT INTO post (current_state, up_score, down_score) VALUES ('Published', 2, 0);
INSERT INTO postinstance (post_id, user_id, description) VALUES (147, 4, '&lt;p&gt;Regression:  given a set of data,find the best relationship that represent the set of data.
Classification:  given a known relationship, identify the class that the data belongs to.&lt;/p&gt;

&lt;p&gt;We can see that regression and classification starts from opposing ends:  to find a pattern, or to find the pattern that it belong to.&lt;/p&gt;
');
INSERT INTO answer (post_id, question_id, accepted) VALUES (147, 92, 'False');
INSERT INTO activity ( post_id, user_id, action) VALUES (147, 4, 'Create');
INSERT INTO activity (post_id, user_id, activity) VALUES (147, 4, 'Upvote');
INSERT INTO activity (post_id, user_id, activity) VALUES (147, 4, 'Upvote');

INSERT INTO post (current_state, up_score, down_score) VALUES ('Published', 3, 1);
INSERT INTO postinstance (post_id, user_id, description) VALUES (148, 26, '&lt;p&gt;Regression and classification are both related to prediction, where regression predicts a value from a continuous set, whereas classification predicts the &#x27;belonging&#x27; to the class.&lt;/p&gt;

&lt;p&gt;eg : price of a house depending on the &#x27;size&#x27; (sq. feet or whatever unit) and say &#x27;location&#x27; of the house, can be some &#x27;numerical value&#x27; (which can be continuous) : this relates to regression.&lt;/p&gt;

&lt;p&gt;Similarly the prediction of price can be in words, viz., &#x27;very costly&#x27;, &#x27;costly&#x27;, &#x27;affordable&#x27;, &#x27;cheap&#x27;, and &#x27;very cheap&#x27; : this relates to classification.&lt;/p&gt;

&lt;p&gt;Each class may correspond to some range of values.&lt;/p&gt;
');
INSERT INTO answer (post_id, question_id, accepted) VALUES (148, 92, 'False');
INSERT INTO activity ( post_id, user_id, action) VALUES (148, 26, 'Create');
INSERT INTO activity (post_id, user_id, activity) VALUES (148, 26, 'Upvote');
INSERT INTO activity (post_id, user_id, activity) VALUES (148, 26, 'Upvote');
INSERT INTO activity (post_id, user_id, activity) VALUES (148, 26, 'Upvote');
INSERT INTO activity (post_id, user_id, activity) VALUES (148, 26, 'Downvote');

INSERT INTO post (current_state, up_score, down_score) VALUES ('Published', 5, 3);
INSERT INTO postinstance (post_id, user_id, description) VALUES (149, 11, '&lt;p&gt;Regression and classification can work on some common problems where the response variable is either continuous or ordinal(?).&lt;/p&gt;

&lt;p&gt;But the result is what would make us to choose between the two. For example simple, hard classifiers simply tries to put the example in specific class(eg SVM).(for eg, whether the project is profitable or not , and doesn&#x27;t account for how much). Where as regression can give exact figure of profit value as some continuous value.&lt;/p&gt;

&lt;p&gt;however in case of classification we can consider probabilistic models (eg logistic regression) where each class or label has some probability which can be weighted by the cost associated with each label or class and thus give us with final value on basis of which we can decide to put it some label or not.(for eg label A has probability of 0.3 but the payoff is huge (1000) however label B has probability 0.7 but the payoff is very low 10.So for maximizing the profit we might label the example as label A instead of B.&lt;/p&gt;

&lt;p&gt;Note: I am still not an expert, perhaps someone would rectify if I am wrong in some part.&lt;/p&gt;
');
INSERT INTO answer (post_id, question_id, accepted) VALUES (149, 92, 'False');
INSERT INTO activity ( post_id, user_id, action) VALUES (149, 11, 'Create');
INSERT INTO activity (post_id, user_id, activity) VALUES (149, 11, 'Upvote');
INSERT INTO activity (post_id, user_id, activity) VALUES (149, 11, 'Upvote');
INSERT INTO activity (post_id, user_id, activity) VALUES (149, 11, 'Upvote');
INSERT INTO activity (post_id, user_id, activity) VALUES (149, 11, 'Upvote');
INSERT INTO activity (post_id, user_id, activity) VALUES (149, 11, 'Upvote');
INSERT INTO activity (post_id, user_id, activity) VALUES (149, 11, 'Downvote');
INSERT INTO activity (post_id, user_id, activity) VALUES (149, 11, 'Downvote');
INSERT INTO activity (post_id, user_id, activity) VALUES (149, 11, 'Downvote');

INSERT INTO post (current_state, up_score, down_score) VALUES ('Published', 8, 5);
INSERT INTO postinstance (post_id, user_id, description) VALUES (150, 24, '&lt;p&gt;f: x-&gt; y&lt;/p&gt;

&lt;p&gt;here,&lt;/p&gt;

&lt;p&gt;if y is discrete/categorical variable, then classification problem&lt;/p&gt;

&lt;p&gt;if y is real number/continuous, then regression problem.&lt;/p&gt;
');
INSERT INTO answer (post_id, question_id, accepted) VALUES (150, 92, 'False');
INSERT INTO activity ( post_id, user_id, action) VALUES (150, 24, 'Create');
INSERT INTO activity (post_id, user_id, activity) VALUES (150, 24, 'Upvote');
INSERT INTO activity (post_id, user_id, activity) VALUES (150, 24, 'Upvote');
INSERT INTO activity (post_id, user_id, activity) VALUES (150, 24, 'Upvote');
INSERT INTO activity (post_id, user_id, activity) VALUES (150, 24, 'Upvote');
INSERT INTO activity (post_id, user_id, activity) VALUES (150, 24, 'Upvote');
INSERT INTO activity (post_id, user_id, activity) VALUES (150, 24, 'Upvote');
INSERT INTO activity (post_id, user_id, activity) VALUES (150, 24, 'Upvote');
INSERT INTO activity (post_id, user_id, activity) VALUES (150, 24, 'Upvote');
INSERT INTO activity (post_id, user_id, activity) VALUES (150, 24, 'Downvote');
INSERT INTO activity (post_id, user_id, activity) VALUES (150, 24, 'Downvote');
INSERT INTO activity (post_id, user_id, activity) VALUES (150, 24, 'Downvote');
INSERT INTO activity (post_id, user_id, activity) VALUES (150, 24, 'Downvote');
INSERT INTO activity (post_id, user_id, activity) VALUES (150, 24, 'Downvote');

INSERT INTO post (current_state, up_score, down_score) VALUES ('Published', 0, 0);
INSERT INTO postinstance (post_id, user_id, description) VALUES (151, 42, 'As to software: yes I use Pari/GP with a set of user-defined matrix-procedures, and a selfmade/homebrewn GUI which supports easy creation of outputs like that. (works in windows, but so far only with Pari/GP 2.2.11) If you like you can download from my homepage/software');
INSERT INTO answercomment (post_id, answer_id) VALUES (151, 133);
INSERT INTO activity (post_id, user_id, action) VALUES (151, 42, 'Create');

INSERT INTO post (current_state, up_score, down_score) VALUES ('Published', 0, 0);
INSERT INTO postinstance (post_id, user_id, description) VALUES (152, 17, '@PragyadityaDas : the sum-part in your formula (2) has the dot-product of the row of the Pascalmatrix (the sequence of $ \binom m0, \binom m1 ,...$) with the Bernoulli-numbers $b_k$ and because in (2) this is meant for any $m$ one can stack all that sum-terms below each other as the m&amp;#39;th row of a matrix-multiplication. But &amp;lt;upps&amp;gt; I see I have to correct my formula to relate it correctly to your (2). I missed the $ {1 \over m+1}$ - term.');
INSERT INTO answercomment (post_id, answer_id) VALUES (152, 133);
INSERT INTO activity (post_id, user_id, action) VALUES (152, 17, 'Create');

INSERT INTO post (current_state, up_score, down_score) VALUES ('Published', 0, 0);
INSERT INTO postinstance (post_id, user_id, description) VALUES (153, 37, 'The complete and rigorous development is  made by @especiallylime.');
INSERT INTO answercomment (post_id, answer_id) VALUES (153, 131);
INSERT INTO activity (post_id, user_id, action) VALUES (153, 37, 'Create');

INSERT INTO post (current_state, up_score, down_score) VALUES ('Published', 0, 0);
INSERT INTO postinstance (post_id, user_id, description) VALUES (154, 41, 'Also, I would like to know how did you manage to write this answer in this particular format? Did you use some software?');
INSERT INTO answercomment (post_id, answer_id) VALUES (154, 133);
INSERT INTO activity (post_id, user_id, action) VALUES (154, 41, 'Create');

INSERT INTO post (current_state, up_score, down_score) VALUES ('Published', 0, 0);
INSERT INTO postinstance (post_id, user_id, description) VALUES (155, 28, 'Can you start from the point where I left at &lt;code&gt;(2)&lt;/code&gt;? Your answer explains Bernoulli Number, but not how the particular writer got the result, as stated in my question.');
INSERT INTO answercomment (post_id, answer_id) VALUES (155, 133);
INSERT INTO activity (post_id, user_id, action) VALUES (155, 28, 'Create');

INSERT INTO post (current_state, up_score, down_score) VALUES ('Published', 1, 0);
INSERT INTO postinstance (post_id, user_id, description) VALUES (156, 6, '$G(z) \mapsto G(z^{-1})$ really means $g(n) \mapsto g(-n)$ and in general, of course the time-reversal doesn&amp;#39;t give the inverse system');
INSERT INTO answercomment (post_id, answer_id) VALUES (156, 126);
INSERT INTO activity (post_id, user_id, action) VALUES (156, 6, 'Create');
INSERT INTO activity (post_id, user_id, activity) VALUES (156, 6, 'Upvote');

INSERT INTO post (current_state, up_score, down_score) VALUES ('Published', 0, 0);
INSERT INTO postinstance (post_id, user_id, description) VALUES (157, 39, '@Shauna Goodman Fitzpatrick Just goggle about trigonometric integrals and you will a lot of examples.');
INSERT INTO answercomment (post_id, answer_id) VALUES (157, 138);
INSERT INTO activity (post_id, user_id, action) VALUES (157, 39, 'Create');

INSERT INTO post (current_state, up_score, down_score) VALUES ('Published', 0, 0);
INSERT INTO postinstance (post_id, user_id, description) VALUES (158, 9, 'Do you know of any good sources I could learn this about? I don&amp;#39;t understand where most of these lines are coming from');
INSERT INTO answercomment (post_id, answer_id) VALUES (158, 138);
INSERT INTO activity (post_id, user_id, action) VALUES (158, 9, 'Create');

INSERT INTO post (current_state, up_score, down_score) VALUES ('Published', 0, 0);
INSERT INTO postinstance (post_id, user_id, description) VALUES (159, 46, 'On second thoughts I discarded my answer, as the question explicitly asks for these changes of variable.');
INSERT INTO answercomment (post_id, answer_id) VALUES (159, 138);
INSERT INTO activity (post_id, user_id, action) VALUES (159, 46, 'Create');

INSERT INTO post (current_state, up_score, down_score) VALUES ('Published', 0, 0);
INSERT INTO postinstance (post_id, user_id, description) VALUES (160, 49, 'Can you please explain where you got x = 2θ?');
INSERT INTO answercomment (post_id, answer_id) VALUES (160, 138);
INSERT INTO activity (post_id, user_id, action) VALUES (160, 49, 'Create');

INSERT INTO post (current_state, up_score, down_score) VALUES ('Published', 0, 0);
INSERT INTO postinstance (post_id, user_id, description) VALUES (161, 20, 'I need to use the two substitutions given though');
INSERT INTO answercomment (post_id, answer_id) VALUES (161, 138);
INSERT INTO activity (post_id, user_id, action) VALUES (161, 20, 'Create');

INSERT INTO post (current_state, up_score, down_score) VALUES ('Published', 0, 0);
INSERT INTO postinstance (post_id, user_id, description) VALUES (162, 16, 'You&amp;#39;re right! Sorry, my bad.  I can&amp;#39;t believe that I got roles of t and tau mixed up.');
INSERT INTO answercomment (post_id, answer_id) VALUES (162, 145);
INSERT INTO activity (post_id, user_id, action) VALUES (162, 16, 'Create');

INSERT INTO post (current_state, up_score, down_score) VALUES ('Published', 0, 0);
INSERT INTO postinstance (post_id, user_id, description) VALUES (163, 46, '@Leonhard Euler Notice that $(A \cup B) \setminus A$ gives the elements of $B$ excluding the common elements between $B$ and $A$ i.e., equivalently this is $B \setminus A$. $B$ is written such a way to use the given hypotheses efficiently.');
INSERT INTO answercomment (post_id, answer_id) VALUES (163, 144);
INSERT INTO activity (post_id, user_id, action) VALUES (163, 46, 'Create');

INSERT INTO post (current_state, up_score, down_score) VALUES ('Published', 0, 0);
INSERT INTO postinstance (post_id, user_id, description) VALUES (164, 20, '@Leonhard Euler Draw in a  Venn Diagram and you will see it easily. Anyway, the comment of @ stud_iisc is a good start to work with.');
INSERT INTO answercomment (post_id, answer_id) VALUES (164, 140);
INSERT INTO activity (post_id, user_id, action) VALUES (164, 20, 'Create');

INSERT INTO post (current_state, up_score, down_score) VALUES ('Published', 0, 0);
INSERT INTO postinstance (post_id, user_id, description) VALUES (165, 27, '@Leonhard Euler Notice that $B \subseteq (A \cup B)$ and thus intersecting this with $B$ gives back $B$.');
INSERT INTO answercomment (post_id, answer_id) VALUES (165, 140);
INSERT INTO activity (post_id, user_id, action) VALUES (165, 27, 'Create');

INSERT INTO post (current_state, up_score, down_score) VALUES ('Published', 0, 0);
INSERT INTO postinstance (post_id, user_id, description) VALUES (166, 35, '&lt;a href=&quot;http://math.stackexchange.com/users/44376/%ce%98%ce%a3%ce%a6gensan&quot;&gt;math.stackexchange.com/users/44376/%ce%98%ce%a3%ce%a6gensan&lt;/a&gt;, from which relation did you get, $$B=B\cap (A\cup B)$$?');
INSERT INTO answercomment (post_id, answer_id) VALUES (166, 140);
INSERT INTO activity (post_id, user_id, action) VALUES (166, 35, 'Create');

INSERT INTO post (current_state, up_score, down_score) VALUES ('Published', 0, 0);
INSERT INTO postinstance (post_id, user_id, description) VALUES (167, 8, 'How did you write that $B=..$?');
INSERT INTO answercomment (post_id, answer_id) VALUES (167, 144);
INSERT INTO activity (post_id, user_id, action) VALUES (167, 8, 'Create');

INSERT INTO post (current_state, up_score, down_score) VALUES ('Published', 1, 0);
INSERT INTO postinstance (post_id, user_id, description) VALUES (168, 10, 'Is it not the case that $\frac{d^2y}{dt^2}=\frac1{\epsilon^2}\frac{d^2y}{d\tau^2}$ and $\frac{dy}{dt}=\frac1{\epsilon}\frac{dy}{d\tau}$, just like in this answer &lt;a href=&quot;http://math.stackexchange.com/a/1238312/285185&quot;&gt;math.stackexchange.com/a/1238312/285185&lt;/a&gt; only using $t=\epsilon\tau$ instead of $x=\kappa t$? Over there it says $\frac{d^2y}{dx^2} = \frac{1}{\kappa^2} \frac{d^2y}{dt^2}$ Is that answer wrong?');
INSERT INTO answercomment (post_id, answer_id) VALUES (168, 145);
INSERT INTO activity (post_id, user_id, action) VALUES (168, 10, 'Create');
INSERT INTO activity (post_id, user_id, activity) VALUES (168, 10, 'Upvote');

INSERT INTO post (current_state, up_score, down_score) VALUES ('Published', 0, 0);
INSERT INTO postinstance (post_id, user_id, description) VALUES (169, 36, 'Additional epsilon(s) should be found upstairs not downstairs as you divide by epsilon, you should multiply by an epsilon for each derivative wrt new variable tau! :)');
INSERT INTO answercomment (post_id, answer_id) VALUES (169, 145);
INSERT INTO activity (post_id, user_id, action) VALUES (169, 36, 'Create');

INSERT INTO post (current_state, up_score, down_score) VALUES ('Published', 1, 0);
INSERT INTO postinstance (post_id, user_id, description) VALUES (170, 5, 'I thought the y terms would get an extra $\frac1\epsilon$ per derivative. So it&amp;#39;d be $\epsilon \frac{y&amp;#39;&amp;#39;}{\epsilon^2} + (1 + \epsilon \tau)\frac{y&amp;#39;}{\epsilon} = 0$ and then just multiply through by $\epsilon$ to clear the denominators. Why do you think there is an extra epsilon in the first term but not the second? Can you &lt;a href=&quot;http://math.stackexchange.com/posts/2207595/edit&quot;&gt;edit&lt;/a&gt; to show how you know this is the correct new equation?');
INSERT INTO answercomment (post_id, answer_id) VALUES (170, 145);
INSERT INTO activity (post_id, user_id, action) VALUES (170, 5, 'Create');
INSERT INTO activity (post_id, user_id, activity) VALUES (170, 5, 'Upvote');

INSERT INTO post (current_state, up_score, down_score) VALUES ('Published', 0, 0);
INSERT INTO postinstance (post_id, user_id, description) VALUES (171, 15, 'edited and thanks!');
INSERT INTO answercomment (post_id, answer_id) VALUES (171, 129);
INSERT INTO activity (post_id, user_id, action) VALUES (171, 15, 'Create');

INSERT INTO post (current_state, up_score, down_score) VALUES ('Published', 1, 0);
INSERT INTO postinstance (post_id, user_id, description) VALUES (172, 39, '@Gibberish I am busy right now. Will do that in a few hours. In the meantime, please update your question');
INSERT INTO answercomment (post_id, answer_id) VALUES (172, 129);
INSERT INTO activity (post_id, user_id, action) VALUES (172, 39, 'Create');
INSERT INTO activity (post_id, user_id, activity) VALUES (172, 39, 'Upvote');

INSERT INTO post (current_state, up_score, down_score) VALUES ('Published', 0, 0);
INSERT INTO postinstance (post_id, user_id, description) VALUES (173, 34, 'for the lineariesed equations of motion i calculated $$2\theta_1 \dot \dot+\theta_2 \dot \dot=\frac{-2g}{l}\theta_1$$ and $$\theta_1 \dot \dot +\frac{2}{3}\theta_2\dot\dot=\frac{-2g}{l}\theta_2$$ These seem to give numerically unpleasant normal mode frequencies though, so I&amp;#39;m not entirely sure that they&amp;#39;re right. can you confirm or update your solution to this part?');
INSERT INTO answercomment (post_id, answer_id) VALUES (173, 129);
INSERT INTO activity (post_id, user_id, action) VALUES (173, 34, 'Create');

INSERT INTO post (current_state, up_score, down_score) VALUES ('Published', 0, 0);
INSERT INTO postinstance (post_id, user_id, description) VALUES (174, 27, 'i think best answer is this one');
INSERT INTO answercomment (post_id, answer_id) VALUES (174, 150);
INSERT INTO activity (post_id, user_id, action) VALUES (174, 27, 'Create');

INSERT INTO post (current_state, up_score, down_score) VALUES ('Published', 2, 0);
INSERT INTO postinstance (post_id, user_id, description) VALUES (175, 43, 'This seems to simply reiterate answers from long ago. If you have something new to add, please clarify your answer.');
INSERT INTO answercomment (post_id, answer_id) VALUES (175, 150);
INSERT INTO activity (post_id, user_id, action) VALUES (175, 43, 'Create');
INSERT INTO activity (post_id, user_id, activity) VALUES (175, 43, 'Upvote');
INSERT INTO activity (post_id, user_id, activity) VALUES (175, 43, 'Upvote');

INSERT INTO post (current_state, up_score, down_score) VALUES ('Published', 2, 0);
INSERT INTO postinstance (post_id, user_id, description) VALUES (176, 8, '&lt;p&gt;How exactly do you explain dynamic pressure? If someone asked me what the ASI reads, I would say it reads the dynamic pressure, which is the&lt;/p&gt;

&lt;p&gt;&lt;strong&gt;ram air pressure&lt;/strong&gt; (total pressure) - &lt;strong&gt;static pressure&lt;/strong&gt; = &lt;strong&gt;dynamic pressure&lt;/strong&gt;&lt;/p&gt;

&lt;p&gt;But would explaining dynamic pressure as &lt;strong&gt;&quot;the pressure the pitot tube experiences through the air&lt;/strong&gt;?&lt;/p&gt;

&lt;p&gt;As for static pressure, how would you explain that? Would you say static pressure is the pressure the aircraft feels whether it is in motion or not?&lt;/p&gt;
');
INSERT INTO question (post_id, topic_id, title) VALUES (176, 3, 'How can dynamic and static pressure be explained?');
INSERT INTO activity (post_content_id, post_id, user_id, action) VALUES (176, 176, 8, 'Create');
INSERT INTO tag (text) VALUES ('aerodynamics');
INSERT INTO questiontag (question_id, tag_id) VALUES (176, 134);
INSERT INTO activity (post_id, user_id, activity) VALUES (176, 8, 'Upvote');
INSERT INTO activity (post_id, user_id, activity) VALUES (176, 8, 'Upvote');

INSERT INTO post (current_state, up_score, down_score) VALUES ('Published', 0, 0);
INSERT INTO postinstance (post_id, user_id, description) VALUES (177, 36, '&lt;p&gt;ADS-B have two position squitters, airborne and surface. As far as i know, airborne position is broadcasted on air and surface position broadcasted on ground.&lt;/p&gt;

&lt;p&gt;There is a &quot;Squitter Capability Subfield&quot; in BDS Register 10, which needs to be set if both airborne and surface position registers are updated within last 10 seconds. This kinda implies both registers shall be updated all the times.&lt;/p&gt;

&lt;p&gt;Is providing data for both squitters necessary regardless of aircraft&#x27;s vertical status? Can we select one of these squitters and provide data only for it?&lt;/p&gt;
');
INSERT INTO question (post_id, topic_id, title) VALUES (177, 3, 'Providing data for Airborne Squitter on the ground(and vice versa)?');
INSERT INTO activity (post_content_id, post_id, user_id, action) VALUES (177, 177, 36, 'Create');
INSERT INTO tag (text) VALUES ('ads-b');
INSERT INTO questiontag (question_id, tag_id) VALUES (177, 135);

INSERT INTO post (current_state, up_score, down_score) VALUES ('Published', 0, 0);
INSERT INTO postinstance (post_id, user_id, description) VALUES (178, 21, '&lt;p&gt;What are the aerodynamic advantages of an m shaped wing? Why aren&#x27;t they used in aircrafts?&lt;/p&gt;
');
INSERT INTO question (post_id, topic_id, title) VALUES (178, 3, 'What are the aerodynamic advantages of an m-shaped wing?');
INSERT INTO activity (post_content_id, post_id, user_id, action) VALUES (178, 178, 21, 'Create');
INSERT INTO tag (text) VALUES ('aircraft-design');
INSERT INTO questiontag (question_id, tag_id) VALUES (178, 136);
INSERT INTO questiontag (question_id, tag_id) VALUES (178, 134);

INSERT INTO post (current_state, up_score, down_score) VALUES ('Published', 2, 0);
INSERT INTO postinstance (post_id, user_id, description) VALUES (179, 26, '&lt;p&gt;Transponders have registers for Mode S data and configuration. These registers are updated periodically to provide Mode S services such as ADS-B Airborne Position squitter.&lt;/p&gt;

&lt;p&gt;DO-260B and similar documents have Register Allocation Tables that states maximum update intervals for each register(if applicable).&lt;/p&gt;

&lt;p&gt;But there is also a register timeout mechanism that states &quot;if a register can not be updated within &lt;strong&gt;twice&lt;/strong&gt; the maximum update interval, it shall be zeroized&quot;. &lt;/p&gt;

&lt;p&gt;So, what happens if certain register is updated at every (1.5 * maxUpdateInterval) ? Are these maximum update times mere suggestions or is there another rule that forces us to update registers at most maximum update interval?&lt;/p&gt;
');
INSERT INTO question (post_id, topic_id, title) VALUES (179, 3, 'What does &quot;maximum update interval&quot; mean for Mode S GICB registers?');
INSERT INTO activity (post_content_id, post_id, user_id, action) VALUES (179, 179, 26, 'Create');
INSERT INTO questiontag (question_id, tag_id) VALUES (179, 135);
INSERT INTO activity (post_id, user_id, activity) VALUES (179, 26, 'Upvote');
INSERT INTO activity (post_id, user_id, activity) VALUES (179, 26, 'Upvote');

INSERT INTO post (current_state, up_score, down_score) VALUES ('Published', 2, 0);
INSERT INTO postinstance (post_id, user_id, description) VALUES (180, 26, '&lt;p&gt;When I was a kid, I used to read this comics about aircraft pilots in the 50&#x27;s, and in the operations center of their aircraft carrier, they had operators using markers on a glass wall to keep track of operations. Any idea how that was called and where I can find pictures of it? Is it still in use today, or is it now all computerized?&lt;/p&gt;
');
INSERT INTO question (post_id, topic_id, title) VALUES (180, 3, 'Where can I find more information about that glass board in old aircraft carrier operations centers?');
INSERT INTO activity (post_content_id, post_id, user_id, action) VALUES (180, 180, 26, 'Create');
INSERT INTO tag (text) VALUES ('aircraft-carrier');
INSERT INTO questiontag (question_id, tag_id) VALUES (180, 137);
INSERT INTO activity (post_id, user_id, activity) VALUES (180, 26, 'Upvote');
INSERT INTO activity (post_id, user_id, activity) VALUES (180, 26, 'Upvote');

INSERT INTO post (current_state, up_score, down_score) VALUES ('Published', 1, 0);
INSERT INTO postinstance (post_id, user_id, description) VALUES (181, 10, '&lt;p&gt;I watched an episode of Air Crash Investigation, which depicts a plane catching fire due to it shipping many expired oxygen generators for planes. The narrator says that a fire in the cargo hold is very unlikely, as the cargo hold is vacuumed, to prevent fire; but however in this situation, the oxygen generators were actually generating oxygen so the vacuum was futile. I also know they carry pets in the cargo hold. So are the cargo holds pressurized, non-pressurized, or vacuumed? Or does it depend on the carrier, or aircraft?&lt;/p&gt;
');
INSERT INTO question (post_id, topic_id, title) VALUES (181, 3, 'Are Cargo Holds Pressurized, Non-pressurized, or vacuumed?');
INSERT INTO activity (post_content_id, post_id, user_id, action) VALUES (181, 181, 10, 'Create');
INSERT INTO tag (text) VALUES ('cargo');
INSERT INTO questiontag (question_id, tag_id) VALUES (181, 138);
INSERT INTO tag (text) VALUES ('fire');
INSERT INTO questiontag (question_id, tag_id) VALUES (181, 139);
INSERT INTO tag (text) VALUES ('oxygen');
INSERT INTO questiontag (question_id, tag_id) VALUES (181, 140);
INSERT INTO activity (post_id, user_id, activity) VALUES (181, 10, 'Upvote');

INSERT INTO post (current_state, up_score, down_score) VALUES ('Published', 1, 0);
INSERT INTO postinstance (post_id, user_id, description) VALUES (182, 26, '&lt;p&gt;I&#x27;m filling out &lt;a href=&quot;https://foreflight.com/campaigns/9/&quot; rel=&quot;nofollow noreferrer&quot;&gt;ForeFlight&#x27;s new glide slope feature&lt;/a&gt;, and I&#x27;m trying to find the glide ratio for a Piper Archer II (PA-28-181). I know the best glide speed is 76, but can&#x27;t find the glide ratio. Any help on where to find this? &lt;/p&gt;

&lt;p&gt;Edit: &lt;/p&gt;

&lt;p&gt;Below is the glide range graph from my PoH, and below that is the information ForeFlight is asking for. I&#x27;m not really sure how to read that graph to get a glide slope number. &lt;/p&gt;

&lt;p&gt;&lt;a href=&quot;https://i.stack.imgur.com/P5cfu.png&quot; rel=&quot;nofollow noreferrer&quot;&gt;&lt;img src=&quot;https://i.stack.imgur.com/P5cfu.png&quot; alt=&quot;enter image description here&quot;&gt;&lt;/a&gt;&lt;/p&gt;

&lt;p&gt;&lt;a href=&quot;https://i.stack.imgur.com/s2498.png&quot; rel=&quot;nofollow noreferrer&quot;&gt;&lt;img src=&quot;https://i.stack.imgur.com/s2498.png&quot; alt=&quot;enter image description here&quot;&gt;&lt;/a&gt;&lt;/p&gt;
');
INSERT INTO question (post_id, topic_id, title) VALUES (182, 3, 'Where can I find (or how can I calculate) the glide ratio for a PA-28-181?');
INSERT INTO activity (post_content_id, post_id, user_id, action) VALUES (182, 182, 26, 'Create');
INSERT INTO tag (text) VALUES ('glide-ratio');
INSERT INTO questiontag (question_id, tag_id) VALUES (182, 141);
INSERT INTO tag (text) VALUES ('piper-pa-28');
INSERT INTO questiontag (question_id, tag_id) VALUES (182, 142);
INSERT INTO tag (text) VALUES ('foreflight');
INSERT INTO questiontag (question_id, tag_id) VALUES (182, 143);
INSERT INTO activity (post_id, user_id, activity) VALUES (182, 26, 'Upvote');

INSERT INTO post (current_state, up_score, down_score) VALUES ('Published', 0, 0);
INSERT INTO postinstance (post_id, user_id, description) VALUES (183, 34, '&lt;p&gt;I would like to know if VTOL UAVs necessarily need $n$ identical propellers and motors. Have any design solutions considered the possibility of using non identical props? For instance 2 motors of type A, 2 motors of type B, and 2 motors of type C. If so, where can I find some studies or some designs that have attempted this kind of solution?&lt;/p&gt;
');
INSERT INTO question (post_id, topic_id, title) VALUES (183, 3, 'Do all the engines/propellers of a VTOL UAV need to be identical?');
INSERT INTO activity (post_content_id, post_id, user_id, action) VALUES (183, 183, 34, 'Create');
INSERT INTO questiontag (question_id, tag_id) VALUES (183, 136);
INSERT INTO tag (text) VALUES ('propeller');
INSERT INTO questiontag (question_id, tag_id) VALUES (183, 144);
INSERT INTO tag (text) VALUES ('unmanned-aerial-vehicle');
INSERT INTO questiontag (question_id, tag_id) VALUES (183, 145);
INSERT INTO tag (text) VALUES ('vtol');
INSERT INTO questiontag (question_id, tag_id) VALUES (183, 146);

INSERT INTO post (current_state, up_score, down_score) VALUES ('Published', 0, 0);
INSERT INTO postinstance (post_id, user_id, description) VALUES (184, 43, '&lt;p&gt;I would like a clarification on bank angle and how its different from roll angle with respect to to fixed wing aircraft. It is my understanding that the bank angle is a result of rotating the aircraft body to the stability frame, implying that if the angle of attack $\alpha$ and the side slip angle $\beta$ are zero then, and only then the bank and angle and roll angle are the same. Based on Stevens and Lewis Aircraft Control and Simulation (which doesn&#x27;t define bank angle) the rotation from body to stability(wind) frame is given by
$$
C_{w-b} = \begin{bmatrix} &amp;amp;\cos\alpha \cos\beta &amp;amp; \sin\beta &amp;amp; \sin\alpha cos\beta \\ &amp;amp;-\cos\alpha\sin\beta &amp;amp; \cos\beta &amp;amp; -\sin\alpha\sin\beta\\ &amp;amp;-\sin\alpha &amp;amp; 0 &amp;amp; \cos\alpha  \end{bmatrix}
$$&lt;/p&gt;

&lt;p&gt;Therefore, the bank angle $\mu$ &lt;strong&gt;I think&lt;/strong&gt; is given by:
$$\mu \triangleq \begin{bmatrix} &amp;amp;\cos\alpha \cos\beta &amp;amp; \sin\beta &amp;amp; \sin\alpha \cos\beta \end{bmatrix} \begin{bmatrix} \phi \\ \theta \\ \psi\end{bmatrix} $$ &lt;/p&gt;

&lt;p&gt;where $\phi,\, \theta,\, \psi$ are standard aerospace Euler angles defined based on a 3-2-1 rotation.
My specific questions are:&lt;/p&gt;

&lt;p&gt;1) is my understanding and calculation of bank angle correct? If not can someone point me to a good resource for this. I was surprised to be able to find a clear definition and formula quickly.&lt;/p&gt;

&lt;p&gt;2) by multiplying the second and third row of $C_{w-b}$ with Euler angles we obtain a set of other two angles relative to stability frame. Do these angles have any names or specific role in aerospace dynamics/control?&lt;/p&gt;
');
INSERT INTO question (post_id, topic_id, title) VALUES (184, 3, 'How does bank angle differ from roll angle with respect to stability in fixed-wing aircraft?');
INSERT INTO activity (post_content_id, post_id, user_id, action) VALUES (184, 184, 43, 'Create');
INSERT INTO questiontag (question_id, tag_id) VALUES (184, 134);
INSERT INTO tag (text) VALUES ('terminology');
INSERT INTO questiontag (question_id, tag_id) VALUES (184, 147);

INSERT INTO post (current_state, up_score, down_score) VALUES ('Published', 1, 0);
INSERT INTO postinstance (post_id, user_id, description) VALUES (185, 47, '&lt;p&gt;What is the production status of the Pipistrel Panthera? They had plans to start production in 2016/2017 but nothing new has been published in the last two years.&lt;/p&gt;
');
INSERT INTO question (post_id, topic_id, title) VALUES (185, 3, 'What is the production status of the Pipistrel Panthera as of March 2017?');
INSERT INTO activity (post_content_id, post_id, user_id, action) VALUES (185, 185, 47, 'Create');
INSERT INTO tag (text) VALUES ('new-airplane');
INSERT INTO questiontag (question_id, tag_id) VALUES (185, 148);
INSERT INTO activity (post_id, user_id, activity) VALUES (185, 47, 'Upvote');

INSERT INTO post (current_state, up_score, down_score) VALUES ('Published', 0, 0);
INSERT INTO postinstance (post_id, user_id, description) VALUES (186, 2, '&lt;p&gt;Bird strikes are pretty well tested for planes, but what about helicopters?
Do they happen as frequent as planes and if so, what would be the possible outcomes?&lt;/p&gt;

&lt;p&gt;Do helicopter emergency procedures include a &quot;bird strike&quot; event?&lt;/p&gt;
');
INSERT INTO question (post_id, topic_id, title) VALUES (186, 3, 'How are bird stikes tested in helicopters?');
INSERT INTO activity (post_content_id, post_id, user_id, action) VALUES (186, 186, 2, 'Create');
INSERT INTO tag (text) VALUES ('helicopter');
INSERT INTO questiontag (question_id, tag_id) VALUES (186, 149);
INSERT INTO tag (text) VALUES ('birds');
INSERT INTO questiontag (question_id, tag_id) VALUES (186, 150);

INSERT INTO post (current_state, up_score, down_score) VALUES ('Published', 2, 1);
INSERT INTO postinstance (post_id, user_id, description) VALUES (187, 49, '&lt;p&gt;I am working on a small personal project that uses fuel burn data about specific aircraft to calculate the total fuel required for a trip. The data looks like this:&lt;/p&gt;

&lt;pre&gt;&lt;code&gt;          | 120000 kg  | 150000 kg | 180000kg
----------+------------+-----------+-----------
21,000 ft | 6250 kg/hr | 6350 kg/hr| 6450 kg/hr
22,000 ft | 6225 kg/hr | 6325 kg/hr| 6425 kg/hr
23,000 ft | 6200 kg/hr | 6300 kg/hr| 6400 kg/hr
&lt;/code&gt;&lt;/pre&gt;

&lt;p&gt;Based on the table above, you can see that to cruise at 21,000 ft and a weight of 120,000 kg, you would burn 6250kg/hr. &lt;/p&gt;

&lt;p&gt;The problem I am having is that in order to calculate total weight, you first need to know total fuel, which you don&#x27;t have until you know the proper burn rate. What would be the proper way to calculate fuel based on this information?&lt;/p&gt;
');
INSERT INTO question (post_id, topic_id, title) VALUES (187, 3, 'How do you calculate trip fuel based on hourly fuel burn rates?');
INSERT INTO activity (post_content_id, post_id, user_id, action) VALUES (187, 187, 49, 'Create');
INSERT INTO tag (text) VALUES ('flight-planning');
INSERT INTO questiontag (question_id, tag_id) VALUES (187, 151);
INSERT INTO tag (text) VALUES ('fuel');
INSERT INTO questiontag (question_id, tag_id) VALUES (187, 152);
INSERT INTO tag (text) VALUES ('performance-calculation');
INSERT INTO questiontag (question_id, tag_id) VALUES (187, 153);
INSERT INTO activity (post_id, user_id, activity) VALUES (187, 49, 'Upvote');
INSERT INTO activity (post_id, user_id, activity) VALUES (187, 49, 'Upvote');
INSERT INTO activity (post_id, user_id, activity) VALUES (187, 49, 'Downvote');

INSERT INTO post (current_state, up_score, down_score) VALUES ('Published', 1, 0);
INSERT INTO postinstance (post_id, user_id, description) VALUES (188, 17, '&lt;p&gt;I would like to learn about the flight distance calculation and positional accuracy requirement in aviation.&lt;/p&gt;

&lt;p&gt;In practice, great circle distance is calculated between two airports but earth is more accurately represented with an ellipsoid and in this context, global positioning is based on WGS84 ellipsoid.&lt;/p&gt;

&lt;p&gt;Is it useful to calculate &lt;a href=&quot;https://en.wikipedia.org/wiki/Geodesics_on_an_ellipsoid&quot; rel=&quot;nofollow noreferrer&quot;&gt;geodesic&lt;/a&gt; (shortest path on the ellipsoid) rather than great circle on the sphere for more accurate estimation of the distance?&lt;/p&gt;

&lt;p&gt;When thinking that flight routes are 3D, are 3D distances calculated in flight planning? In addition, are these 3D distances calculated with elliposidal cartesian (ECEF) coordinates (X,Y,Z) regarding ellipsoid height (height(MSL)+geoid height (undulation))?.&lt;/p&gt;

&lt;p&gt;Does it make sense to calculate the flight distance in &quot;meter&quot; against &quot;km&quot; precision? If it is in nautical mile, what is the precision? e.g. 2394 nm or 2394.xx nm?&lt;/p&gt;

&lt;p&gt;My another question is how accurate the 3D position of an aircraft is determined? What is the future perspective in this context together with satellite-based navigation and augmentation systems? &lt;/p&gt;
');
INSERT INTO question (post_id, topic_id, title) VALUES (188, 3, 'What is the accuracy of distance and position calculation?');
INSERT INTO activity (post_content_id, post_id, user_id, action) VALUES (188, 188, 17, 'Create');
INSERT INTO tag (text) VALUES ('navigation');
INSERT INTO questiontag (question_id, tag_id) VALUES (188, 154);
INSERT INTO questiontag (question_id, tag_id) VALUES (188, 151);
INSERT INTO activity (post_id, user_id, activity) VALUES (188, 17, 'Upvote');

INSERT INTO post (current_state, up_score, down_score) VALUES ('Published', 24, 11);
INSERT INTO postinstance (post_id, user_id, description) VALUES (189, 45, '&lt;p&gt;70% of birds fly below 1,500ft, 25% of birds fly between 1,500ft and 15,000ft, and only 5% above 15,000ft. What is the greatest height at which a bird has hit an aircraft? What species was the bird?&lt;/p&gt;
');
INSERT INTO question (post_id, topic_id, title) VALUES (189, 3, 'What&#39;s the greatest height at which a bird has collided with an aircraft?');
INSERT INTO activity (post_content_id, post_id, user_id, action) VALUES (189, 189, 45, 'Create');
INSERT INTO questiontag (question_id, tag_id) VALUES (189, 150);
INSERT INTO activity (post_id, user_id, activity) VALUES (189, 45, 'Upvote');
INSERT INTO activity (post_id, user_id, activity) VALUES (189, 45, 'Upvote');
INSERT INTO activity (post_id, user_id, activity) VALUES (189, 45, 'Upvote');
INSERT INTO activity (post_id, user_id, activity) VALUES (189, 45, 'Upvote');
INSERT INTO activity (post_id, user_id, activity) VALUES (189, 45, 'Upvote');
INSERT INTO activity (post_id, user_id, activity) VALUES (189, 45, 'Upvote');
INSERT INTO activity (post_id, user_id, activity) VALUES (189, 45, 'Upvote');
INSERT INTO activity (post_id, user_id, activity) VALUES (189, 45, 'Upvote');
INSERT INTO activity (post_id, user_id, activity) VALUES (189, 45, 'Upvote');
INSERT INTO activity (post_id, user_id, activity) VALUES (189, 45, 'Upvote');
INSERT INTO activity (post_id, user_id, activity) VALUES (189, 45, 'Upvote');
INSERT INTO activity (post_id, user_id, activity) VALUES (189, 45, 'Upvote');
INSERT INTO activity (post_id, user_id, activity) VALUES (189, 45, 'Upvote');
INSERT INTO activity (post_id, user_id, activity) VALUES (189, 45, 'Upvote');
INSERT INTO activity (post_id, user_id, activity) VALUES (189, 45, 'Upvote');
INSERT INTO activity (post_id, user_id, activity) VALUES (189, 45, 'Upvote');
INSERT INTO activity (post_id, user_id, activity) VALUES (189, 45, 'Upvote');
INSERT INTO activity (post_id, user_id, activity) VALUES (189, 45, 'Upvote');
INSERT INTO activity (post_id, user_id, activity) VALUES (189, 45, 'Upvote');
INSERT INTO activity (post_id, user_id, activity) VALUES (189, 45, 'Upvote');
INSERT INTO activity (post_id, user_id, activity) VALUES (189, 45, 'Upvote');
INSERT INTO activity (post_id, user_id, activity) VALUES (189, 45, 'Upvote');
INSERT INTO activity (post_id, user_id, activity) VALUES (189, 45, 'Upvote');
INSERT INTO activity (post_id, user_id, activity) VALUES (189, 45, 'Upvote');
INSERT INTO activity (post_id, user_id, activity) VALUES (189, 45, 'Downvote');
INSERT INTO activity (post_id, user_id, activity) VALUES (189, 45, 'Downvote');
INSERT INTO activity (post_id, user_id, activity) VALUES (189, 45, 'Downvote');
INSERT INTO activity (post_id, user_id, activity) VALUES (189, 45, 'Downvote');
INSERT INTO activity (post_id, user_id, activity) VALUES (189, 45, 'Downvote');
INSERT INTO activity (post_id, user_id, activity) VALUES (189, 45, 'Downvote');
INSERT INTO activity (post_id, user_id, activity) VALUES (189, 45, 'Downvote');
INSERT INTO activity (post_id, user_id, activity) VALUES (189, 45, 'Downvote');
INSERT INTO activity (post_id, user_id, activity) VALUES (189, 45, 'Downvote');
INSERT INTO activity (post_id, user_id, activity) VALUES (189, 45, 'Downvote');
INSERT INTO activity (post_id, user_id, activity) VALUES (189, 45, 'Downvote');

INSERT INTO post (current_state, up_score, down_score) VALUES ('Published', 4, 1);
INSERT INTO postinstance (post_id, user_id, description) VALUES (190, 42, '&lt;p&gt;What are the aerodynamic advantages and disadvantages of the Weltensegler Wing?&lt;/p&gt;

&lt;p&gt;Would this kind of wing configuration come to help for a glider? 
Is there any difference between them and gull wings? 
What are the aerodynamic advantages of gull wings?&lt;/p&gt;

&lt;p&gt;&lt;a href=&quot;https://i.stack.imgur.com/zM2nE.jpg&quot; rel=&quot;nofollow noreferrer&quot;&gt;&lt;img src=&quot;https://i.stack.imgur.com/zM2nE.jpg&quot; alt=&quot;Weltensegler Aircraft&quot;&gt;&lt;/a&gt; &lt;/p&gt;
');
INSERT INTO question (post_id, topic_id, title) VALUES (190, 3, 'What are the aerodynamic advantages and disadvantages of the Weltensegler wing?');
INSERT INTO activity (post_content_id, post_id, user_id, action) VALUES (190, 190, 42, 'Create');
INSERT INTO questiontag (question_id, tag_id) VALUES (190, 136);
INSERT INTO questiontag (question_id, tag_id) VALUES (190, 134);
INSERT INTO tag (text) VALUES ('fixed-wing');
INSERT INTO questiontag (question_id, tag_id) VALUES (190, 155);
INSERT INTO activity (post_id, user_id, activity) VALUES (190, 42, 'Upvote');
INSERT INTO activity (post_id, user_id, activity) VALUES (190, 42, 'Upvote');
INSERT INTO activity (post_id, user_id, activity) VALUES (190, 42, 'Upvote');
INSERT INTO activity (post_id, user_id, activity) VALUES (190, 42, 'Upvote');
INSERT INTO activity (post_id, user_id, activity) VALUES (190, 42, 'Downvote');

INSERT INTO post (current_state, up_score, down_score) VALUES ('Published', 4, 1);
INSERT INTO postinstance (post_id, user_id, description) VALUES (191, 50, '&lt;p&gt;In 2009 Airbus went public with a new feature in the Airbus A350, an &lt;a href=&quot;https://www.flightglobal.com/news/articles/airbus-a350-could-be-equipped-with-automatic-emergency-descent-system-330988/&quot; rel=&quot;nofollow noreferrer&quot;&gt;Automatic Emergency Descent (AED) System&lt;/a&gt;.&lt;/p&gt;

&lt;p&gt;The system would detect a rapid depressurization and, after a defined waiting time, would initiate an automated descent if the pilots failed to respond to the respective alert (i.e. in case of pilot incapacitation).&lt;/p&gt;

&lt;p&gt;I found &lt;a href=&quot;http://www.ae-expo.eu/wp-content/uploads/2015/04/Florent-Lanterna-AEE-Aviation-Electronics-Europe-2015-AED.pdf&quot; rel=&quot;nofollow noreferrer&quot;&gt;some presentation slides from 2015&lt;/a&gt; on the topic but haven&#x27;t heard anything on that system since. Does anyone have additional information: is it a standard feature now on the A350, is it optional, or was it not pursued any further? If not, for what reasons?&lt;/p&gt;
');
INSERT INTO question (post_id, topic_id, title) VALUES (191, 3, 'Does the Airbus A350 have an Automatic Emergency Descent System?');
INSERT INTO activity (post_content_id, post_id, user_id, action) VALUES (191, 191, 50, 'Create');
INSERT INTO tag (text) VALUES ('safety');
INSERT INTO questiontag (question_id, tag_id) VALUES (191, 156);
INSERT INTO tag (text) VALUES ('aircraft-systems');
INSERT INTO questiontag (question_id, tag_id) VALUES (191, 157);
INSERT INTO tag (text) VALUES ('cabin-pressure');
INSERT INTO questiontag (question_id, tag_id) VALUES (191, 158);
INSERT INTO tag (text) VALUES ('emergency-procedures');
INSERT INTO questiontag (question_id, tag_id) VALUES (191, 159);
INSERT INTO tag (text) VALUES ('airbus-a350');
INSERT INTO questiontag (question_id, tag_id) VALUES (191, 160);
INSERT INTO activity (post_id, user_id, activity) VALUES (191, 50, 'Upvote');
INSERT INTO activity (post_id, user_id, activity) VALUES (191, 50, 'Upvote');
INSERT INTO activity (post_id, user_id, activity) VALUES (191, 50, 'Upvote');
INSERT INTO activity (post_id, user_id, activity) VALUES (191, 50, 'Upvote');
INSERT INTO activity (post_id, user_id, activity) VALUES (191, 50, 'Downvote');

INSERT INTO post (current_state, up_score, down_score) VALUES ('Published', 5, 2);
INSERT INTO postinstance (post_id, user_id, description) VALUES (192, 17, '&lt;p&gt;Are there different ETOPS requirements for aircraft depending on usage?  For example, does a FedEx cargo flight need the same ETOPS ratings for over ocean flights as a passenger flight?  Also, how about ferry or repositioning flights which are not revenue flights?&lt;/p&gt;
');
INSERT INTO question (post_id, topic_id, title) VALUES (192, 3, 'Does ETOPS requirement vary on passenger, cargo and non-revenue flights?');
INSERT INTO activity (post_content_id, post_id, user_id, action) VALUES (192, 192, 17, 'Create');
INSERT INTO questiontag (question_id, tag_id) VALUES (192, 138);
INSERT INTO tag (text) VALUES ('etops');
INSERT INTO questiontag (question_id, tag_id) VALUES (192, 161);
INSERT INTO activity (post_id, user_id, activity) VALUES (192, 17, 'Upvote');
INSERT INTO activity (post_id, user_id, activity) VALUES (192, 17, 'Upvote');
INSERT INTO activity (post_id, user_id, activity) VALUES (192, 17, 'Upvote');
INSERT INTO activity (post_id, user_id, activity) VALUES (192, 17, 'Upvote');
INSERT INTO activity (post_id, user_id, activity) VALUES (192, 17, 'Upvote');
INSERT INTO activity (post_id, user_id, activity) VALUES (192, 17, 'Downvote');
INSERT INTO activity (post_id, user_id, activity) VALUES (192, 17, 'Downvote');

INSERT INTO post (current_state, up_score, down_score) VALUES ('Published', 17, 0);
INSERT INTO postinstance (post_id, user_id, description) VALUES (193, 44, '&lt;p&gt;&lt;a href=&quot;https://en.wikipedia.org/wiki/Helios_Airways_Flight_522&quot; rel=&quot;noreferrer&quot;&gt;Helios Flight 522&lt;/a&gt; crashed when the crew unknowingly suffered hypoxia. Although the masks in the passenger cabin deployed, the crew were unaware of this and didn&#x27;t realise the extent of the problem.   &lt;/p&gt;

&lt;p&gt;If I was a passenger on a plane at cruise altitude and the oxygen masks deployed, I know that there is only about 10 minutes oxygen available. I would expect the plane to immediately descend to a lower altitude.&lt;/p&gt;

&lt;p&gt;If I don&#x27;t notice any change in attitude and there is no passenger announcement after a few minutes, would it help to alert a flight attendant to check that the pilots are aware of the issue? Or would it be best to assume that &#x27;they know what they are doing&#x27; and just keep quiet?&lt;/p&gt;
');
INSERT INTO question (post_id, topic_id, title) VALUES (193, 3, 'Could a knowledgeable passenger have saved Helios Flight 522?');
INSERT INTO activity (post_content_id, post_id, user_id, action) VALUES (193, 193, 44, 'Create');
INSERT INTO tag (text) VALUES ('emergency');
INSERT INTO questiontag (question_id, tag_id) VALUES (193, 162);
INSERT INTO tag (text) VALUES ('passenger');
INSERT INTO questiontag (question_id, tag_id) VALUES (193, 163);
INSERT INTO activity (post_id, user_id, activity) VALUES (193, 44, 'Upvote');
INSERT INTO activity (post_id, user_id, activity) VALUES (193, 44, 'Upvote');
INSERT INTO activity (post_id, user_id, activity) VALUES (193, 44, 'Upvote');
INSERT INTO activity (post_id, user_id, activity) VALUES (193, 44, 'Upvote');
INSERT INTO activity (post_id, user_id, activity) VALUES (193, 44, 'Upvote');
INSERT INTO activity (post_id, user_id, activity) VALUES (193, 44, 'Upvote');
INSERT INTO activity (post_id, user_id, activity) VALUES (193, 44, 'Upvote');
INSERT INTO activity (post_id, user_id, activity) VALUES (193, 44, 'Upvote');
INSERT INTO activity (post_id, user_id, activity) VALUES (193, 44, 'Upvote');
INSERT INTO activity (post_id, user_id, activity) VALUES (193, 44, 'Upvote');
INSERT INTO activity (post_id, user_id, activity) VALUES (193, 44, 'Upvote');
INSERT INTO activity (post_id, user_id, activity) VALUES (193, 44, 'Upvote');
INSERT INTO activity (post_id, user_id, activity) VALUES (193, 44, 'Upvote');
INSERT INTO activity (post_id, user_id, activity) VALUES (193, 44, 'Upvote');
INSERT INTO activity (post_id, user_id, activity) VALUES (193, 44, 'Upvote');
INSERT INTO activity (post_id, user_id, activity) VALUES (193, 44, 'Upvote');
INSERT INTO activity (post_id, user_id, activity) VALUES (193, 44, 'Upvote');

INSERT INTO post (current_state, up_score, down_score) VALUES ('Published', 0, 0);
INSERT INTO postinstance (post_id, user_id, description) VALUES (194, 14, '&lt;p&gt;I would like to know which hub has more seats capacity to Africa as a whole, whichever destination.&lt;/p&gt;

&lt;p&gt;Thank you,
Avi&lt;/p&gt;
');
INSERT INTO question (post_id, topic_id, title) VALUES (194, 3, 'Which European (incl. Turkey) hub has the biggest seats capacity to destinations in Africa?');
INSERT INTO activity (post_content_id, post_id, user_id, action) VALUES (194, 194, 14, 'Create');
INSERT INTO tag (text) VALUES ('capacity');
INSERT INTO questiontag (question_id, tag_id) VALUES (194, 164);

INSERT INTO post (current_state, up_score, down_score) VALUES ('Published', 7, 2);
INSERT INTO postinstance (post_id, user_id, description) VALUES (195, 12, '&lt;p&gt;Per &lt;a href=&quot;http://www.ecfr.gov/cgi-bin/retrieveECFR?gp&amp;amp;r=PART&amp;amp;n=14y2.0.1.1.2#se14.2.61_1129&quot;&gt;14 CFR 61.129&lt;/a&gt;, a person who applies for a commercial pilot certificate for airplanes (both single and multiengine) must log at least ten hours of instrument training.&lt;/p&gt;

&lt;p&gt;Assuming a pilot obtains their instrument rating prior to training for their commercial pilot certificate, can the instrument time logged during training for an instrument rating be used to satisfy this requirement (assuming class of aircraft requirements are met)?&lt;/p&gt;
');
INSERT INTO question (post_id, topic_id, title) VALUES (195, 3, 'Can training for an Instrument Rating be applied towards a commercial pilot certificate?');
INSERT INTO activity (post_content_id, post_id, user_id, action) VALUES (195, 195, 12, 'Create');
INSERT INTO tag (text) VALUES ('faa-regulations');
INSERT INTO questiontag (question_id, tag_id) VALUES (195, 165);
INSERT INTO tag (text) VALUES ('far-61');
INSERT INTO questiontag (question_id, tag_id) VALUES (195, 166);
INSERT INTO activity (post_id, user_id, activity) VALUES (195, 12, 'Upvote');
INSERT INTO activity (post_id, user_id, activity) VALUES (195, 12, 'Upvote');
INSERT INTO activity (post_id, user_id, activity) VALUES (195, 12, 'Upvote');
INSERT INTO activity (post_id, user_id, activity) VALUES (195, 12, 'Upvote');
INSERT INTO activity (post_id, user_id, activity) VALUES (195, 12, 'Upvote');
INSERT INTO activity (post_id, user_id, activity) VALUES (195, 12, 'Upvote');
INSERT INTO activity (post_id, user_id, activity) VALUES (195, 12, 'Upvote');
INSERT INTO activity (post_id, user_id, activity) VALUES (195, 12, 'Downvote');
INSERT INTO activity (post_id, user_id, activity) VALUES (195, 12, 'Downvote');

INSERT INTO post (current_state, up_score, down_score) VALUES ('Published', 4, 1);
INSERT INTO postinstance (post_id, user_id, description) VALUES (196, 32, '&lt;p&gt;For a typical turbofan jet engine (two examples given in the title), what is the exhaust velocity and mass flow rate of air at sea level and cruising altitude (~ FL350)? &lt;/p&gt;

&lt;p&gt;Also, does the specific impulse vary at different altitudes, since the density of air decreases with increases in altitude?&lt;/p&gt;
');
INSERT INTO question (post_id, topic_id, title) VALUES (196, 3, 'What is the mass flow rate and exhaust velocity of air from a GE CF6 or GE90 turbofan?');
INSERT INTO activity (post_content_id, post_id, user_id, action) VALUES (196, 196, 32, 'Create');
INSERT INTO tag (text) VALUES ('jet-engine');
INSERT INTO questiontag (question_id, tag_id) VALUES (196, 167);
INSERT INTO tag (text) VALUES ('propulsion');
INSERT INTO questiontag (question_id, tag_id) VALUES (196, 168);
INSERT INTO tag (text) VALUES ('fluid-mechanics');
INSERT INTO questiontag (question_id, tag_id) VALUES (196, 169);
INSERT INTO activity (post_id, user_id, activity) VALUES (196, 32, 'Upvote');
INSERT INTO activity (post_id, user_id, activity) VALUES (196, 32, 'Upvote');
INSERT INTO activity (post_id, user_id, activity) VALUES (196, 32, 'Upvote');
INSERT INTO activity (post_id, user_id, activity) VALUES (196, 32, 'Upvote');
INSERT INTO activity (post_id, user_id, activity) VALUES (196, 32, 'Downvote');

INSERT INTO post (current_state, up_score, down_score) VALUES ('Published', 1, 0);
INSERT INTO postinstance (post_id, user_id, description) VALUES (197, 48, '&lt;p&gt;How can pilots balance a commercial airplane during flight without using elevators?&lt;/p&gt;
');
INSERT INTO question (post_id, topic_id, title) VALUES (197, 3, 'How can a commercial aircraft be balanced in flight without the elevators?');
INSERT INTO activity (post_content_id, post_id, user_id, action) VALUES (197, 197, 48, 'Create');
INSERT INTO tag (text) VALUES ('aircraft-performance');
INSERT INTO questiontag (question_id, tag_id) VALUES (197, 170);
INSERT INTO tag (text) VALUES ('flight-controls');
INSERT INTO questiontag (question_id, tag_id) VALUES (197, 171);
INSERT INTO activity (post_id, user_id, activity) VALUES (197, 48, 'Upvote');

INSERT INTO post (current_state, up_score, down_score) VALUES ('Deleted', 8, 3);
INSERT INTO postinstance (post_id, user_id, description) VALUES (198, 1, '&lt;p&gt;I was listening to Norcal yesterday and heard a controller request an airplane increase speed to 210 knots &quot;if able&quot;. The plane was previously at ~180 knots. The pilot responded he had flaps 2 and politely declined.&lt;/p&gt;

&lt;p&gt;Can TRACON demand a plane increase speed if the controller already assigned a slower speed?
And if yes, what would be the phraseology? &quot;Maintain 210 knots or greater until DUMBA&quot;? (I don&#x27;t think I&#x27;ve ever heard that when a plane was &lt;em&gt;slower&lt;/em&gt;.)&lt;/p&gt;
');
INSERT INTO question (post_id, topic_id, title) VALUES (198, 3, 'Can TRACON increase plane speed on approach?');
INSERT INTO activity (post_content_id, post_id, user_id, action) VALUES (198, 198, 1, 'Create');
INSERT INTO tag (text) VALUES ('air-traffic-control');
INSERT INTO questiontag (question_id, tag_id) VALUES (198, 172);
INSERT INTO activity (post_id, user_id, activity) VALUES (198, 1, 'Upvote');
INSERT INTO activity (post_id, user_id, activity) VALUES (198, 1, 'Upvote');
INSERT INTO activity (post_id, user_id, activity) VALUES (198, 1, 'Upvote');
INSERT INTO activity (post_id, user_id, activity) VALUES (198, 1, 'Upvote');
INSERT INTO activity (post_id, user_id, activity) VALUES (198, 1, 'Upvote');
INSERT INTO activity (post_id, user_id, activity) VALUES (198, 1, 'Upvote');
INSERT INTO activity (post_id, user_id, activity) VALUES (198, 1, 'Upvote');
INSERT INTO activity (post_id, user_id, activity) VALUES (198, 1, 'Upvote');
INSERT INTO activity (post_id, user_id, activity) VALUES (198, 1, 'Downvote');
INSERT INTO activity (post_id, user_id, activity) VALUES (198, 1, 'Downvote');
INSERT INTO activity (post_id, user_id, activity) VALUES (198, 1, 'Downvote');

INSERT INTO post (current_state, up_score, down_score) VALUES ('Published', 2, 0);
INSERT INTO postinstance (post_id, user_id, description) VALUES (199, 37, '&lt;p&gt;I have a list of airports in Europe and I need to find up-to-date information about ILS categories (I, II, IIIa, IIIb or IIIc) at these airports. Does anyone know where I could find such data efficiently?&lt;/p&gt;

&lt;p&gt;Thanks!&lt;/p&gt;
');
INSERT INTO question (post_id, topic_id, title) VALUES (199, 3, 'Where to find information on ILS categories at European airports?');
INSERT INTO activity (post_content_id, post_id, user_id, action) VALUES (199, 199, 37, 'Create');
INSERT INTO tag (text) VALUES ('ils');
INSERT INTO questiontag (question_id, tag_id) VALUES (199, 173);
INSERT INTO activity (post_id, user_id, activity) VALUES (199, 37, 'Upvote');
INSERT INTO activity (post_id, user_id, activity) VALUES (199, 37, 'Upvote');

INSERT INTO post (current_state, up_score, down_score) VALUES ('Published', 16, 2);
INSERT INTO postinstance (post_id, user_id, description) VALUES (200, 50, '&lt;p&gt;I just read &lt;a href=&quot;http://www.dailymail.co.uk/travel/travel_news/article-4342230/A-day-life-long-haul-airline-pilot-revealed.html&quot; rel=&quot;noreferrer&quot;&gt;an article about a day in the life of a pilot&lt;/a&gt; and it states &quot;The Captain always controls the thrust in the unlikely event that the take-off needs to be aborted for safety reasons.&quot; Is this correct?  &lt;/p&gt;

&lt;p&gt;It was always my understanding that the roles of PF and PNF can be alternated between the captain and first officer, and controlling the thrust would fall into one role or the other. I also recall seeing videos of the flight engineer pushing the throttles. &lt;/p&gt;

&lt;p&gt;If the take-off needs to be aborted, can&#x27;t the captain just command the FO to &quot;abort&quot; or take control by saying &quot;I have control&quot; or similar?  &lt;/p&gt;

&lt;p&gt;Finally, will pulling back the throttles be enough to abort takeoff safely without braking? Surely it would just cause more problems?&lt;/p&gt;
');
INSERT INTO question (post_id, topic_id, title) VALUES (200, 3, 'Does the captain always control thrust on takeoff?');
INSERT INTO activity (post_content_id, post_id, user_id, action) VALUES (200, 200, 50, 'Create');
INSERT INTO tag (text) VALUES ('pilots');
INSERT INTO questiontag (question_id, tag_id) VALUES (200, 174);
INSERT INTO tag (text) VALUES ('cockpit');
INSERT INTO questiontag (question_id, tag_id) VALUES (200, 175);
INSERT INTO activity (post_id, user_id, activity) VALUES (200, 50, 'Upvote');
INSERT INTO activity (post_id, user_id, activity) VALUES (200, 50, 'Upvote');
INSERT INTO activity (post_id, user_id, activity) VALUES (200, 50, 'Upvote');
INSERT INTO activity (post_id, user_id, activity) VALUES (200, 50, 'Upvote');
INSERT INTO activity (post_id, user_id, activity) VALUES (200, 50, 'Upvote');
INSERT INTO activity (post_id, user_id, activity) VALUES (200, 50, 'Upvote');
INSERT INTO activity (post_id, user_id, activity) VALUES (200, 50, 'Upvote');
INSERT INTO activity (post_id, user_id, activity) VALUES (200, 50, 'Upvote');
INSERT INTO activity (post_id, user_id, activity) VALUES (200, 50, 'Upvote');
INSERT INTO activity (post_id, user_id, activity) VALUES (200, 50, 'Upvote');
INSERT INTO activity (post_id, user_id, activity) VALUES (200, 50, 'Upvote');
INSERT INTO activity (post_id, user_id, activity) VALUES (200, 50, 'Upvote');
INSERT INTO activity (post_id, user_id, activity) VALUES (200, 50, 'Upvote');
INSERT INTO activity (post_id, user_id, activity) VALUES (200, 50, 'Upvote');
INSERT INTO activity (post_id, user_id, activity) VALUES (200, 50, 'Upvote');
INSERT INTO activity (post_id, user_id, activity) VALUES (200, 50, 'Upvote');
INSERT INTO activity (post_id, user_id, activity) VALUES (200, 50, 'Downvote');
INSERT INTO activity (post_id, user_id, activity) VALUES (200, 50, 'Downvote');

INSERT INTO post (current_state, up_score, down_score) VALUES ('Published', 1, 0);
INSERT INTO postinstance (post_id, user_id, description) VALUES (201, 6, '&lt;p&gt;PPL student, wondering on how this practice is viewed. The aircraft I&#x27;m learning to fly in has a small Dynon EFIS which displays horizon, airspeed, heading &amp;amp; altitude. It also has a regular altimeter.&lt;/p&gt;

&lt;p&gt;Assuming I&#x27;m going for a local flight, returning to land where I departed, is it OK practice to leave the Dynon on QFE and the Altimeter on QNH? This way I don&#x27;t have to change any settings. &lt;/p&gt;
');
INSERT INTO question (post_id, topic_id, title) VALUES (201, 3, 'Is it OK practice to use one altimeter on QFE and one on QNH (local flight, dual altimeters)');
INSERT INTO activity (post_content_id, post_id, user_id, action) VALUES (201, 201, 6, 'Create');
INSERT INTO tag (text) VALUES ('general-aviation');
INSERT INTO questiontag (question_id, tag_id) VALUES (201, 176);
INSERT INTO tag (text) VALUES ('altimeter');
INSERT INTO questiontag (question_id, tag_id) VALUES (201, 177);
INSERT INTO activity (post_id, user_id, activity) VALUES (201, 6, 'Upvote');

INSERT INTO post (current_state, up_score, down_score) VALUES ('Published', 5, 1);
INSERT INTO postinstance (post_id, user_id, description) VALUES (202, 32, '&lt;p&gt;I am intensively researching on &lt;a href=&quot;https://en.wikipedia.org/wiki/XL_Airways_Germany_Flight_888T&quot; rel=&quot;nofollow noreferrer&quot;&gt;XL Airways Germany Flight 888T&lt;/a&gt; at the moment. &lt;/p&gt;

&lt;p&gt;I wrote and researched hours and hours. Now I would like to know something about the ECAM and the Airbus Stall warning:&lt;/p&gt;

&lt;p&gt;The crew of 888T started a stall test with faulty AoA-Sensors. They wanted to test the stall protection system. At a point, the Airbus stall warning was played. A few seconds later, the control laws degraded to &lt;em&gt;Direct Law&lt;/em&gt;. The crew missed this degradation and I just want to find out why.&lt;/p&gt;

&lt;p&gt;&lt;a href=&quot;https://aviation.stackexchange.com/questions/36268&quot;&gt;I found out&lt;/a&gt;, a control law degradation is a level 2 ECAM warning. That means a single chime will be played. Can someone confirm this?&lt;/p&gt;

&lt;p&gt;I also heard, the stall warning suppresses all other sounds, because a stall has priority over all other things. But I don&#x27;t know if this also applies for the ECAM Sounds. Does anybody know if a stall warning really suppresses every sound?&lt;/p&gt;
');
INSERT INTO question (post_id, topic_id, title) VALUES (202, 3, 'Could the crew of XL Airways Germany Flight 888T not hear important chimes, due to the stall warning?');
INSERT INTO activity (post_content_id, post_id, user_id, action) VALUES (202, 202, 32, 'Create');
INSERT INTO tag (text) VALUES ('airbus-a320');
INSERT INTO questiontag (question_id, tag_id) VALUES (202, 178);
INSERT INTO tag (text) VALUES ('airbus');
INSERT INTO questiontag (question_id, tag_id) VALUES (202, 179);
INSERT INTO tag (text) VALUES ('ecam');
INSERT INTO questiontag (question_id, tag_id) VALUES (202, 180);
INSERT INTO activity (post_id, user_id, activity) VALUES (202, 32, 'Upvote');
INSERT INTO activity (post_id, user_id, activity) VALUES (202, 32, 'Upvote');
INSERT INTO activity (post_id, user_id, activity) VALUES (202, 32, 'Upvote');
INSERT INTO activity (post_id, user_id, activity) VALUES (202, 32, 'Upvote');
INSERT INTO activity (post_id, user_id, activity) VALUES (202, 32, 'Upvote');
INSERT INTO activity (post_id, user_id, activity) VALUES (202, 32, 'Downvote');

INSERT INTO post (current_state, up_score, down_score) VALUES ('Published', 6, 1);
INSERT INTO postinstance (post_id, user_id, description) VALUES (203, 13, '&lt;p&gt;I am particularly interested in the Boeing 787 Fuselage because it is one of the first aircraft to carry such a high percentage of Carbon Fibre Reinforced Polymer (CFRP). &lt;/p&gt;

&lt;p&gt;Can someone explain how the fuselage is made? I know the basics of making 
CFRP which include fibre being wrapped onto in mandrel in different orientations then heating in an autoclave to cure.&lt;/p&gt;

&lt;p&gt;However, I also know that the whole fuselage is not produced in one piece. Pieces of the fuselage are produced then joined together. &lt;/p&gt;

&lt;ul&gt;
&lt;li&gt;I would like to know the joining process works. &lt;/li&gt;
&lt;li&gt;Since it is not fabricated as a single piece there are bound to be stresses on the joints. Will it effect/endanger the passengers? &lt;/li&gt;
&lt;li&gt;What loads can it take since the joints will cause a drop in overall pressure (what is the maximum pressure if possible). I don&#x27;t think its being welded together but not sure the reason. &lt;/li&gt;
&lt;li&gt;Are the same methods used to join the wings? &lt;/li&gt;
&lt;li&gt;Last but not least, are there problems due to the joints before and if so, what has been done to rectify these problems?&lt;/li&gt;
&lt;/ul&gt;
');
INSERT INTO question (post_id, topic_id, title) VALUES (203, 3, 'How is the fuselage of the Boeing 787 produced?');
INSERT INTO activity (post_content_id, post_id, user_id, action) VALUES (203, 203, 13, 'Create');
INSERT INTO questiontag (question_id, tag_id) VALUES (203, 136);
INSERT INTO questiontag (question_id, tag_id) VALUES (203, 134);
INSERT INTO activity (post_id, user_id, activity) VALUES (203, 13, 'Upvote');
INSERT INTO activity (post_id, user_id, activity) VALUES (203, 13, 'Upvote');
INSERT INTO activity (post_id, user_id, activity) VALUES (203, 13, 'Upvote');
INSERT INTO activity (post_id, user_id, activity) VALUES (203, 13, 'Upvote');
INSERT INTO activity (post_id, user_id, activity) VALUES (203, 13, 'Upvote');
INSERT INTO activity (post_id, user_id, activity) VALUES (203, 13, 'Upvote');
INSERT INTO activity (post_id, user_id, activity) VALUES (203, 13, 'Downvote');

INSERT INTO post (current_state, up_score, down_score) VALUES ('Published', 0, 0);
INSERT INTO postinstance (post_id, user_id, description) VALUES (204, 18, '&lt;p&gt;Recently, I saw that video:&lt;/p&gt;

&lt;p&gt;&lt;strong&gt;EDIT:&lt;/strong&gt; I removed the Facebook video link which would require sign up for anyone without an account. I&#x27;ve re-uploaded the video here:
&lt;a href=&quot;https://vid.me/8WYI&quot; rel=&quot;nofollow noreferrer&quot;&gt;https://vid.me/8WYI&lt;/a&gt;&lt;/p&gt;

&lt;p&gt;In general, this guy&#x27;s videos seem to me more like a &quot;conspiracy theories&quot; thing, but I hadn&#x27;t the time to study them and find the underlying faulty logic. So, in that particular video, he claims that the cargo door of an aircraft wasn&#x27;t working properly and the ground staff simply decided to use a heavy load on the lever in order to open it (or something like that).&lt;/p&gt;

&lt;p&gt;Because of that incident the plane shouldn&#x27;t be allowed to fly (that&#x27;s what he claims) and also there is immediate safety concern for the people on the ground because of the weight they used.&lt;/p&gt;

&lt;p&gt;My questions are:&lt;/p&gt;

&lt;ul&gt;
&lt;li&gt;&lt;p&gt;Is the cargo door in that airplane really malfunctioning?&lt;/p&gt;&lt;/li&gt;
&lt;li&gt;&lt;p&gt;Do the ground staff follow a standard procedure for the &quot;workaround&quot;?&lt;/p&gt;&lt;/li&gt;
&lt;li&gt;&lt;p&gt;Although I understand that the way the weight is &quot;hanged&quot; on the that
lever is not a safe solution, my logic says that it could never fall 
from that position. Am I right?&lt;/p&gt;&lt;/li&gt;
&lt;/ul&gt;
');
INSERT INTO question (post_id, topic_id, title) VALUES (204, 3, 'Is the cargo door on this airplane really malfunctioning?');
INSERT INTO activity (post_content_id, post_id, user_id, action) VALUES (204, 204, 18, 'Create');
INSERT INTO questiontag (question_id, tag_id) VALUES (204, 156);
INSERT INTO tag (text) VALUES ('ground-operations');
INSERT INTO questiontag (question_id, tag_id) VALUES (204, 181);

INSERT INTO post (current_state, up_score, down_score) VALUES ('Published', 7, 0);
INSERT INTO postinstance (post_id, user_id, description) VALUES (205, 23, '&lt;p&gt;Or a new aircraft would have to be designed for such a thing? I have little knowledge of aviation, so please feel free to fill me in the required bits.&lt;/p&gt;
');
INSERT INTO question (post_id, topic_id, title) VALUES (205, 3, 'Is it possible to integrate an AI CoPilot on existing planes?');
INSERT INTO activity (post_content_id, post_id, user_id, action) VALUES (205, 205, 23, 'Create');
INSERT INTO questiontag (question_id, tag_id) VALUES (205, 136);
INSERT INTO tag (text) VALUES ('artificial-intelligence');
INSERT INTO questiontag (question_id, tag_id) VALUES (205, 182);
INSERT INTO activity (post_id, user_id, activity) VALUES (205, 23, 'Upvote');
INSERT INTO activity (post_id, user_id, activity) VALUES (205, 23, 'Upvote');
INSERT INTO activity (post_id, user_id, activity) VALUES (205, 23, 'Upvote');
INSERT INTO activity (post_id, user_id, activity) VALUES (205, 23, 'Upvote');
INSERT INTO activity (post_id, user_id, activity) VALUES (205, 23, 'Upvote');
INSERT INTO activity (post_id, user_id, activity) VALUES (205, 23, 'Upvote');
INSERT INTO activity (post_id, user_id, activity) VALUES (205, 23, 'Upvote');

INSERT INTO post (current_state, up_score, down_score) VALUES ('Published', 0, 0);
INSERT INTO postinstance (post_id, user_id, description) VALUES (206, 29, '&lt;p&gt;If you remember that the air is really a swarm of molecules moving in all directions at very high speed, and that pressure -static or dynamic- is caused by the impact of those molecules, then everything is very clear...&lt;/p&gt;
');
INSERT INTO answer (post_id, question_id, accepted) VALUES (206, 176, 'False');
INSERT INTO activity ( post_id, user_id, action) VALUES (206, 29, 'Create');

INSERT INTO post (current_state, up_score, down_score) VALUES ('Published', 1, 0);
INSERT INTO postinstance (post_id, user_id, description) VALUES (207, 31, '&lt;p&gt;If you update the register, the values will be set to the values provided.
From that moment, a timer starts running. When the timer reaches maxUpdateInterval, the register will be set to all zero. &lt;/p&gt;

&lt;p&gt;If a radar extracts the register before the maxUpdateInterval is reached, it will get the values provided at the update. If it will extract the register after maxUpdateInterval is reached, it will get all zeros in the reply. &lt;/p&gt;

&lt;p&gt;For ADS-B, transmission of the register is inhibited (IIRC) when the register is set to all zeros. &lt;/p&gt;
');
INSERT INTO answer (post_id, question_id, accepted) VALUES (207, 179, 'False');
INSERT INTO activity ( post_id, user_id, action) VALUES (207, 31, 'Create');
INSERT INTO activity (post_id, user_id, activity) VALUES (207, 31, 'Upvote');

INSERT INTO post (current_state, up_score, down_score) VALUES ('Published', 0, 0);
INSERT INTO postinstance (post_id, user_id, description) VALUES (208, 42, '&lt;p&gt;You are very close. Your explanation of static pressure is correct, but not your dynamic pressure. Ram air pressure is what the pitot tube measures, in other words the total pressure experienced. It is your airspeed gauge which measures dynamic pressure by mechanically (in the case of a traditional pitot-static system) subtracting ram air pressure from static pressure. &lt;/p&gt;

&lt;p&gt;If I was explaining this to a layman I would say that ram air pressure is equivalent to sticking your hand out the window of a moving car, while static pressure is the pressure inside the car. That&#x27;s a bit of an over-simplification as the pressure inside the car will be lower than outside due to the movement through the air, but it gets the point across. &lt;/p&gt;
');
INSERT INTO answer (post_id, question_id, accepted) VALUES (208, 176, 'False');
INSERT INTO activity ( post_id, user_id, action) VALUES (208, 42, 'Create');

INSERT INTO post (current_state, up_score, down_score) VALUES ('Published', 0, 0);
INSERT INTO postinstance (post_id, user_id, description) VALUES (209, 46, '&lt;p&gt;Use an energy analogy:&lt;/p&gt;

&lt;ul&gt;
&lt;li&gt;Dynamic pressure equals kinetic energy,&lt;/li&gt;
&lt;li&gt;Static pressure equals potential energy.&lt;/li&gt;
&lt;/ul&gt;

&lt;p&gt;Total energy = total pressure.&lt;/p&gt;

&lt;p&gt;For the more math inclined: In the gravity field of earth, potential energy is mass times gravity acceleration times height: $E_{pot} = m\cdot g\cdot h$. Kinetic energy is mass times speed squared, divided by 2: $E_{kin} = m\cdot\frac{v^2}{2}$. Dynamic pressure $q$ is similarly density times speed squared, divided by 2: $q = \rho\cdot\frac{v^2}{2}$, which makes it a volume-specific kinetic energy.&lt;/p&gt;
');
INSERT INTO answer (post_id, question_id, accepted) VALUES (209, 176, 'False');
INSERT INTO activity ( post_id, user_id, action) VALUES (209, 46, 'Create');

INSERT INTO post (current_state, up_score, down_score) VALUES ('Published', 2, 1);
INSERT INTO postinstance (post_id, user_id, description) VALUES (210, 33, '&lt;p&gt;The cargo hold is indeed vacuumed, using a vacuum cleaner, regularly.
It is however NOT drawn vacuum (so having all air removed).
Some cargo holds may be pressurised, some are not. Depends on the aircraft and the requirements of the cargo (life animals want a pressurised cabin of course, just to give one example).&lt;/p&gt;
');
INSERT INTO answer (post_id, question_id, accepted) VALUES (210, 181, 'False');
INSERT INTO activity ( post_id, user_id, action) VALUES (210, 33, 'Create');
INSERT INTO activity (post_id, user_id, activity) VALUES (210, 33, 'Upvote');
INSERT INTO activity (post_id, user_id, activity) VALUES (210, 33, 'Upvote');
INSERT INTO activity (post_id, user_id, activity) VALUES (210, 33, 'Downvote');

INSERT INTO post (current_state, up_score, down_score) VALUES ('Published', 3, 0);
INSERT INTO postinstance (post_id, user_id, description) VALUES (211, 12, '&lt;p&gt;If you were to take off from an airport at 2,000&#x27; ASL on a standard day, and climb to 7,280&#x27; ASL you would be exactly 5,280&#x27; above the ground which means exactly 1 statute mile above the ground. &lt;/p&gt;

&lt;p&gt;If you were to cut the engine, and then use the information available in the chart, you should be able to glide about 10 statute miles which yields about a 10 to 1 glide ratio.&lt;/p&gt;

&lt;p&gt;&lt;a href=&quot;https://i.stack.imgur.com/p3jt5.jpg&quot; rel=&quot;nofollow noreferrer&quot;&gt;&lt;img src=&quot;https://i.stack.imgur.com/p3jt5.jpg&quot; alt=&quot;enter image description here&quot;&gt;&lt;/a&gt;&lt;/p&gt;
');
INSERT INTO answer (post_id, question_id, accepted) VALUES (211, 182, 'True');
INSERT INTO activity ( post_id, user_id, action) VALUES (211, 12, 'Create');
INSERT INTO activity (post_id, user_id, activity) VALUES (211, 12, 'Upvote');
INSERT INTO activity (post_id, user_id, activity) VALUES (211, 12, 'Upvote');
INSERT INTO activity (post_id, user_id, activity) VALUES (211, 12, 'Upvote');

INSERT INTO post (current_state, up_score, down_score) VALUES ('Published', 4, 2);
INSERT INTO postinstance (post_id, user_id, description) VALUES (212, 12, '&lt;blockquote&gt;
  &lt;p&gt;Do they happen as frequent as planes?&lt;/p&gt;
&lt;/blockquote&gt;

&lt;p&gt;Here is a link to the &lt;a href=&quot;http://wildlife.faa.gov/database.aspx&quot; rel=&quot;nofollow noreferrer&quot; title=&quot;Federal Aviation Administration&amp;#39;s wildlife strike database&quot;&gt;Federal Aviation Administration&#x27;s Wildlife Strike database&lt;/a&gt;. Here you can search all the recorded wildlife strikes in the USA, and filter them by various things, including Engine Type.&lt;/p&gt;

&lt;p&gt;To get a good idea of how many helicopter bird strikes occur in comparison to other aircraft, we can compare how many bird strikes occurred in turboshaft (&lt;strong&gt;Engine Type F&lt;/strong&gt;) engine aircraft to the total number of bird strikes. &lt;/p&gt;

&lt;p&gt;From January 1, 1990 to January 1, 2017...&lt;/p&gt;

&lt;blockquote&gt;
  &lt;p&gt;&lt;em&gt;California&lt;/em&gt;
   - There have been 31 turboshaft engine wildlife strikes, accounting for &lt;em&gt;0.22%&lt;/em&gt; out of the total &lt;em&gt;13,698&lt;/em&gt;.&lt;/p&gt;
  
  &lt;p&gt;&lt;em&gt;Texas&lt;/em&gt;
   - There have been 46 turboshaft engine wildlife strikes, accounting for &lt;em&gt;0.30%&lt;/em&gt; out of the total &lt;em&gt;15,520&lt;/em&gt;.&lt;/p&gt;
  
  &lt;p&gt;&lt;em&gt;Florida&lt;/em&gt;
   - There have been 22 turboshaft engine wildlife strikes, accounting for &lt;em&gt;0.20%&lt;/em&gt; out of the total &lt;em&gt;11,119&lt;/em&gt;.&lt;/p&gt;
&lt;/blockquote&gt;

&lt;p&gt;This data would suggest that roughly 0.25% of all wildlife strikes are on helicopters.&lt;/p&gt;

&lt;p&gt;Taking another piece of data from the &lt;a href=&quot;https://www.faa.gov/air_traffic/by_the_numbers/&quot; rel=&quot;nofollow noreferrer&quot; title=&quot;FAA&quot;&gt;FAA&lt;/a&gt;, we find that the ratio of rotocraft to general aviation aircraft in 2015 is 9,766 to 199,927, meaning that helicopters account for roughly 4.66% of total aircraft. &lt;/p&gt;

&lt;hr&gt;

&lt;p&gt;Combining these two pieces of data, we can see that since 0.25% of all wildlife strikes are on helicopters, but helicopters account for 4.66% of aircraft,  &lt;strong&gt;helicopters encounter wildlife strikes at a rate of ~18.64 times less&lt;/strong&gt; than general aviation aircraft. &lt;/p&gt;

&lt;p&gt;(Disclaimer: Data used above is rounded and averaged. This is a ROUGH estimate!)&lt;/p&gt;
');
INSERT INTO answer (post_id, question_id, accepted) VALUES (212, 186, 'False');
INSERT INTO activity ( post_id, user_id, action) VALUES (212, 12, 'Create');
INSERT INTO activity (post_id, user_id, activity) VALUES (212, 12, 'Upvote');
INSERT INTO activity (post_id, user_id, activity) VALUES (212, 12, 'Upvote');
INSERT INTO activity (post_id, user_id, activity) VALUES (212, 12, 'Upvote');
INSERT INTO activity (post_id, user_id, activity) VALUES (212, 12, 'Upvote');
INSERT INTO activity (post_id, user_id, activity) VALUES (212, 12, 'Downvote');
INSERT INTO activity (post_id, user_id, activity) VALUES (212, 12, 'Downvote');

INSERT INTO post (current_state, up_score, down_score) VALUES ('Published', 0, 0);
INSERT INTO postinstance (post_id, user_id, description) VALUES (213, 10, '&lt;p&gt;The requirement on Performance Based Navigation (PBN) equipment is that: 
(1) The Total System Error (TSE) must be equal to or less than the
   Required Navigation Performance (RNP) value for the procedure for 95%
   of the flight time; and
(2) The probability that the TSE of the aircraft exceeds the specified
   TSE limit (equal to two times the RNP value) without annunciation
   (notification of the pilot) is less than 10^(−5).&lt;/p&gt;

&lt;p&gt;My experience (doing planning work and analysis) is that the distance between two airports is calculated &#x27;along the ground&#x27; and does not account for altitude.&lt;/p&gt;

&lt;p&gt;The distance between two points (e.g., airports) computed using a great circle approximation is less that 0.5% of the distance for ellipsoidal earth (and usually less that 0.3%). Vincenty&#x27;s algorithm is one good method for calculating distance along the ellipsoid surface. Matlab implementations are available on the web. &lt;/p&gt;

&lt;p&gt;The problem with using Cartesian (ECEF) coordinates is you almost have to then calculate a straight-line distance for a path that pierces the earth, rather that a distance along the earth&#x27;s surface (which is what you want).&lt;/p&gt;
');
INSERT INTO answer (post_id, question_id, accepted) VALUES (213, 188, 'False');
INSERT INTO activity ( post_id, user_id, action) VALUES (213, 10, 'Create');

INSERT INTO post (current_state, up_score, down_score) VALUES ('Published', 14, 4);
INSERT INTO postinstance (post_id, user_id, description) VALUES (214, 48, '&lt;p&gt;Highest I&#x27;ve ever heard of is 40,000 ft. &lt;/p&gt;

&lt;p&gt;On May 19, 2014 Atlas Air flight GTI8665, a 767-300 freighter, reported a bird strike at FL400 over Indiana. They were unable to tell what type of bird it was but the pilots reported that there were guts on the windshield. The windshield was broken and the aircraft was diverted.&lt;/p&gt;

&lt;p&gt;&lt;a href=&quot;https://i.stack.imgur.com/x7rVg.jpg&quot; rel=&quot;nofollow noreferrer&quot;&gt;&lt;img src=&quot;https://i.stack.imgur.com/x7rVg.jpg&quot; alt=&quot;Broken windshield of &quot;&gt;&lt;/a&gt;
~&lt;sup&gt;Screen grab from video below&lt;/sup&gt;&lt;/p&gt;

&lt;p&gt;&lt;a href=&quot;https://youtu.be/O0foHizWAmQ&quot; rel=&quot;nofollow noreferrer&quot;&gt;ATC Recording&lt;/a&gt;&lt;/p&gt;

&lt;p&gt;&lt;a href=&quot;https://i.stack.imgur.com/mcNde.jpg&quot; rel=&quot;nofollow noreferrer&quot;&gt;&lt;img src=&quot;https://i.stack.imgur.com/mcNde.jpg&quot; alt=&quot;enter image description here&quot;&gt;&lt;/a&gt;&lt;/p&gt;
');
INSERT INTO answer (post_id, question_id, accepted) VALUES (214, 189, 'False');
INSERT INTO activity ( post_id, user_id, action) VALUES (214, 48, 'Create');
INSERT INTO activity (post_id, user_id, activity) VALUES (214, 48, 'Upvote');
INSERT INTO activity (post_id, user_id, activity) VALUES (214, 48, 'Upvote');
INSERT INTO activity (post_id, user_id, activity) VALUES (214, 48, 'Upvote');
INSERT INTO activity (post_id, user_id, activity) VALUES (214, 48, 'Upvote');
INSERT INTO activity (post_id, user_id, activity) VALUES (214, 48, 'Upvote');
INSERT INTO activity (post_id, user_id, activity) VALUES (214, 48, 'Upvote');
INSERT INTO activity (post_id, user_id, activity) VALUES (214, 48, 'Upvote');
INSERT INTO activity (post_id, user_id, activity) VALUES (214, 48, 'Upvote');
INSERT INTO activity (post_id, user_id, activity) VALUES (214, 48, 'Upvote');
INSERT INTO activity (post_id, user_id, activity) VALUES (214, 48, 'Upvote');
INSERT INTO activity (post_id, user_id, activity) VALUES (214, 48, 'Upvote');
INSERT INTO activity (post_id, user_id, activity) VALUES (214, 48, 'Upvote');
INSERT INTO activity (post_id, user_id, activity) VALUES (214, 48, 'Upvote');
INSERT INTO activity (post_id, user_id, activity) VALUES (214, 48, 'Upvote');
INSERT INTO activity (post_id, user_id, activity) VALUES (214, 48, 'Downvote');
INSERT INTO activity (post_id, user_id, activity) VALUES (214, 48, 'Downvote');
INSERT INTO activity (post_id, user_id, activity) VALUES (214, 48, 'Downvote');
INSERT INTO activity (post_id, user_id, activity) VALUES (214, 48, 'Downvote');

INSERT INTO post (current_state, up_score, down_score) VALUES ('Published', 1, 0);
INSERT INTO postinstance (post_id, user_id, description) VALUES (215, 39, '&lt;p&gt;I may have more news on that next week from Sun &#x27;n Fun 2017.  Pipistrel will be an exhibitor at the show and may have a Panthera prototype on display.&lt;/p&gt;

&lt;p&gt;Currently the Panthera is planned to be released as an experimental kit and may be type certified at some point in the future.&lt;/p&gt;

&lt;p&gt;I know the program has suffered some setbacks, including an increase of empty weight by some 200 lbs.  New aircraft development is never fast nor without complications.&lt;/p&gt;

&lt;p&gt;The Panthera does look intriguing - 200 KIAS on 10 GPH with good, stable flight characteristics and modern avionics, BRS parachute, etc.  I want to take it for a demo flight when production examples become available.&lt;/p&gt;
');
INSERT INTO answer (post_id, question_id, accepted) VALUES (215, 185, 'False');
INSERT INTO activity ( post_id, user_id, action) VALUES (215, 39, 'Create');
INSERT INTO activity (post_id, user_id, activity) VALUES (215, 39, 'Upvote');

INSERT INTO post (current_state, up_score, down_score) VALUES ('Published', 6, 4);
INSERT INTO postinstance (post_id, user_id, description) VALUES (216, 39, '&lt;p&gt;The inspiration for the Weltensegler wing were birds. The reason for their wing shape is structural, however, not aerodynamic. Your photo shows the 1922 version, called &quot;Baden-Baden Stolz&quot;, which was a follow-on to the original and more ambitious version of 1921. The 3-side-view below shows the planform (picture &lt;a href=&quot;http://www.histaviation.com/images/wwb_img2620.jpg&quot; rel=&quot;nofollow noreferrer&quot;&gt;source&lt;/a&gt;). However, this airplane never flew, which probably saved the life of its pilot. While pitch and limited roll control was possible with the elevons on the outer wings, no consideration was given to directional control.&lt;/p&gt;

&lt;p&gt;&lt;a href=&quot;https://i.stack.imgur.com/fy317.jpg&quot; rel=&quot;nofollow noreferrer&quot;&gt;&lt;img src=&quot;https://i.stack.imgur.com/fy317.jpg&quot; alt=&quot;Weltensegler 3-side view&quot;&gt;&lt;/a&gt;&lt;/p&gt;

&lt;p&gt;The 1921 version was controlled by warping of the outer wings, the washout of which was controlled with pulleys and springs. The idea was that this would help to adjust the wing shape to flight speed. The picture below shows the first and last flight, which is historically significant as the first glider flight in which a considerable gain in height was achieved. However, it ended in a spiral dive which killed its pilot (picture &lt;a href=&quot;http://histaviation.com/images/img2523.jpg&quot; rel=&quot;nofollow noreferrer&quot;&gt;source&lt;/a&gt;).&lt;/p&gt;

&lt;p&gt;&lt;a href=&quot;https://i.stack.imgur.com/WZ8J2.jpg&quot; rel=&quot;nofollow noreferrer&quot;&gt;&lt;img src=&quot;https://i.stack.imgur.com/WZ8J2.jpg&quot; alt=&quot;Weltensegler 1921 in flight&quot;&gt;&lt;/a&gt;&lt;/p&gt;

&lt;p&gt;&lt;a href=&quot;https://en.wikipedia.org/wiki/Weltensegler&quot; rel=&quot;nofollow noreferrer&quot;&gt;Weltensegler&lt;/a&gt; is actually the name of the company which was founded by Friedrich Wenk. &lt;a href=&quot;https://en.wikipedia.org/wiki/Alexander_Lippisch&quot; rel=&quot;nofollow noreferrer&quot;&gt;Alexander Lippisch&lt;/a&gt; was one of his employees.&lt;/p&gt;

&lt;p&gt;The configuration cannot be recommended for a glider. It is much better to have a straight inner wing and dihedraled outer wings, as explained in &lt;a href=&quot;http://aviation.stackexchange.com/questions/32801/what-kind-of-dihedral-would-be-most-stable/32815#32815&quot;&gt;this answer&lt;/a&gt;. The anhedral of the outer wings of the Weltensegler wings will produce a downforce on the windward wing, rolling it into the wind which is the opposite of what is needed for coordinated flight. &lt;a href=&quot;http://aviation.stackexchange.com/questions/21063/what-advantages-come-with-the-wing-on-the-boeing-bird-of-prey/21068#21068&quot;&gt;Other configurations&lt;/a&gt; using an &quot;M&quot;-shaped wing did so for different reasons and use rudders and much more anhedral on the outer wing panels.&lt;/p&gt;
');
INSERT INTO answer (post_id, question_id, accepted) VALUES (216, 190, 'False');
INSERT INTO activity ( post_id, user_id, action) VALUES (216, 39, 'Create');
INSERT INTO activity (post_id, user_id, activity) VALUES (216, 39, 'Upvote');
INSERT INTO activity (post_id, user_id, activity) VALUES (216, 39, 'Upvote');
INSERT INTO activity (post_id, user_id, activity) VALUES (216, 39, 'Upvote');
INSERT INTO activity (post_id, user_id, activity) VALUES (216, 39, 'Upvote');
INSERT INTO activity (post_id, user_id, activity) VALUES (216, 39, 'Upvote');
INSERT INTO activity (post_id, user_id, activity) VALUES (216, 39, 'Upvote');
INSERT INTO activity (post_id, user_id, activity) VALUES (216, 39, 'Downvote');
INSERT INTO activity (post_id, user_id, activity) VALUES (216, 39, 'Downvote');
INSERT INTO activity (post_id, user_id, activity) VALUES (216, 39, 'Downvote');
INSERT INTO activity (post_id, user_id, activity) VALUES (216, 39, 'Downvote');

INSERT INTO post (current_state, up_score, down_score) VALUES ('Published', 2, 1);
INSERT INTO postinstance (post_id, user_id, description) VALUES (217, 46, '&lt;p&gt;You will have to obtain this from the Pilot&#x27;s Operating Handbook for the particular aircraft you are flying.  Piper usually has a glide performance figure in the Perfeomance section of the POH.  Trying to calculate your glide distance or glide ration by other means and you are probably entering dangerous waters.&lt;/p&gt;
');
INSERT INTO answer (post_id, question_id, accepted) VALUES (217, 182, 'False');
INSERT INTO activity ( post_id, user_id, action) VALUES (217, 46, 'Create');
INSERT INTO activity (post_id, user_id, activity) VALUES (217, 46, 'Upvote');
INSERT INTO activity (post_id, user_id, activity) VALUES (217, 46, 'Upvote');
INSERT INTO activity (post_id, user_id, activity) VALUES (217, 46, 'Downvote');

INSERT INTO post (current_state, up_score, down_score) VALUES ('Published', 0, 0);
INSERT INTO postinstance (post_id, user_id, description) VALUES (218, 34, '&lt;p&gt;On a crew bus the other day at American. Mgmt type said it like this. If the Cabin Alt goes above 14000, the aircraft starts a 15 sec timer. If no intervention from the crew, it initiates an Emergency descent. Power back and spoilers. Vmo/Mmo-10kts. It even changes the squawk to 7700. The aircraft will level off at 10,000 or Grid MORA whichever is higher. &lt;/p&gt;

&lt;p&gt;Was also told that it will auto respond to a TCAS RA if the autopilot is on.&lt;/p&gt;
');
INSERT INTO answer (post_id, question_id, accepted) VALUES (218, 191, 'False');
INSERT INTO activity ( post_id, user_id, action) VALUES (218, 34, 'Create');

INSERT INTO post (current_state, up_score, down_score) VALUES ('Published', 1, 0);
INSERT INTO postinstance (post_id, user_id, description) VALUES (219, 41, '&lt;p&gt;The ETOPS requirement is pretty much the same for all aircraft irrespective of usage as long as its under parts 121 or 135, as noted in the FAA InFO 07004, &lt;a href=&quot;https://www.faa.gov/other_visit/aviation_industry/airline_operators/airline_safety/info/all_infos/media/2007/info07004.pdf&quot; rel=&quot;nofollow noreferrer&quot;&gt;New ETOPS Regulations&lt;/a&gt;:&lt;/p&gt;

&lt;blockquote&gt;
  &lt;p&gt;The new ETOPS rules are now applicable to: &lt;/p&gt;
  
  &lt;p&gt;Part 121 &lt;/p&gt;
  
  &lt;p&gt;• All two-engine airplanes more than 60 minutes flying time from an adequate airport (at a one-engine-inoperative cruise speed under standard conditions in still air). &lt;/p&gt;
  
  &lt;p&gt;• All passenger-carrying airplanes with more than two engines and more than 
  180 minutes flying time from an adequate airport (at a one-engine-inoperative 
  cruise speed under standard conditions in still air). &lt;/p&gt;
  
  &lt;p&gt;Part 135 &lt;/p&gt;
  
  &lt;p&gt;• All multi-engine turbine-engine powered airplanes (other than all-cargo 
  operations with airplanes having more than two engines) more than 180 
  minutes flying time (limited to 240 minutes flying time) from an airport 
  meeting the requirements of part 135, §§ 135.385 or 135.393 and 135.219 at 
  an approved one-engine-inoperative cruise speed under standard conditions in 
  still air. &lt;/p&gt;
&lt;/blockquote&gt;

&lt;p&gt;As far as differences are concerned, &lt;a href=&quot;https://www.federalregister.gov/documents/2007/01/16/07-39/extended-operations-etops-of-multi-engine-airplanes&quot; rel=&quot;nofollow noreferrer&quot;&gt;ETOPS is waived only in one case&lt;/a&gt;:&lt;/p&gt;

&lt;blockquote&gt;
  &lt;p&gt;The FAA ... however agree that for airplanes with more than two engines, passenger carrying operations may be excluded from the ETOPS maintenance program requirements and that all-cargo operations may be excluded from all ETOPS requirements. &lt;/p&gt;
&lt;/blockquote&gt;

&lt;p&gt;The definition of ETOPS in the same document covers all aircraft except four engined all-cargo aircraft:&lt;/p&gt;

&lt;blockquote&gt;
  &lt;p&gt;Extended Operations (ETOPS) means an airplane flight operation other than an all-cargo operation in an airplane with more than two engines during which a portion of the flight is conducted beyond a time threshold identified in part 121 or part 135 of this chapter that is determined using an approved one-engine-inoperative cruise speed under standard atmospheric conditions in still air.&lt;/p&gt;
&lt;/blockquote&gt;

&lt;p&gt;As far as non-revenue flights are considered, they are usually operated under Part 91, so the ETOPS rules don&#x27;t apply. However, it is better to plan an ETOPS route for safety considerations (and to keep insurers happy).&lt;/p&gt;
');
INSERT INTO answer (post_id, question_id, accepted) VALUES (219, 192, 'False');
INSERT INTO activity ( post_id, user_id, action) VALUES (219, 41, 'Create');
INSERT INTO activity (post_id, user_id, activity) VALUES (219, 41, 'Upvote');

INSERT INTO post (current_state, up_score, down_score) VALUES ('Published', 6, 3);
INSERT INTO postinstance (post_id, user_id, description) VALUES (220, 41, '&lt;p&gt;First and foremost you should read the accident report which you &lt;a href=&quot;http://www.aaiu.ie/sites/default/files/Hellenic%20Republic%20Accident%20Helios%20Airways%20B737-31S%20HCY522%20Grammatiko%20Hellas%202005-085-14.pdf&quot; rel=&quot;nofollow noreferrer&quot;&gt;can find in full here&lt;/a&gt;. I will pull some excerpts from that below. &lt;/p&gt;

&lt;blockquote&gt;
  &lt;p&gt;&lt;em&gt;Helios Flight 522 crashed when the crew unknowingly suffered hypoxia.
  Although the masks in the passenger cabin deployed, the crew were
  unaware of this and didn&#x27;t realize the extent of the problem.&lt;/em&gt;&lt;/p&gt;
&lt;/blockquote&gt;

&lt;p&gt;This is the one of the debated/interesting aspects of the accident. The crew would have been alerted by &lt;a href=&quot;http://www.b737.org.uk/pressurisation.htm#Cabin_Altitude_Warning_Horn&quot; rel=&quot;nofollow noreferrer&quot;&gt;alarms to the depressurization event&lt;/a&gt;&lt;/p&gt;

&lt;blockquote&gt;
  &lt;p&gt;...Non-identification of the warnings and the reasons for the activation
  of the warnings (&lt;strong&gt;Cabin Altitude Warning Horn&lt;/strong&gt;, Passenger Oxygen Masks
  Deployment indication, &lt;strong&gt;Master Caution&lt;/strong&gt;).&lt;/p&gt;
&lt;/blockquote&gt;

&lt;p&gt;Many might say they did in fact know there was a problem but for some unknown reason they did nothing about it. Generally speaking &quot;Don Oxygen Masks&quot; is the first item on the emergency checklist following &lt;a href=&quot;https://en.wikipedia.org/wiki/1999_South_Dakota_Learjet_crash&quot; rel=&quot;nofollow noreferrer&quot;&gt;the mishap of the South Dakota LearJet crash in 1999&lt;/a&gt;. One can conclude from the report that its possible the pilots assumed the cabin pressure system was in the proper place (auto) when in fact it was set to manual (MAN) and subsequently were confused by the alarm or thought it was faulty. &lt;/p&gt;

&lt;blockquote&gt;
  &lt;p&gt;...that the following factors could have contributed to the accident:
  omission of returning the &lt;strong&gt;cabin pressurization mode selector to the
  AUTO position after non-scheduled maintenance&lt;/strong&gt; on the aircraft;&lt;/p&gt;
&lt;/blockquote&gt;

&lt;p&gt;This is a procedural failure on the implementation end. The report would cite bad procedures for this &lt;/p&gt;

&lt;blockquote&gt;
  &lt;p&gt;...the report also identifies a number of additional safety deficiencies
  pertaining to: maintenance procedures; pilot training, normal and
  emergency procedures; organizational issues of the Operator;
  organizational issues related to safety oversight of maintenance and
  flight operations by Cyprus DCA, EASA/JAA and ICAO; issues related to
  the aircraft manufacturer’s documentation for maintenance and flight
  operations;&lt;/p&gt;
&lt;/blockquote&gt;

&lt;hr&gt;

&lt;blockquote&gt;
  &lt;p&gt;&lt;em&gt;If I was a passenger on a plane at cruise altitude and the oxygen
  masks deployed, I know that there is only about 10 minutes oxygen
  available. I would expect the plane to immediately descend to a lower
  altitude.&lt;/em&gt;&lt;/p&gt;
&lt;/blockquote&gt;

&lt;p&gt;There are some assumptions here of course first and foremost that the plane is still maneuverable. There are any number of things that could cause a depressurization and some may also cause flight control issues as we saw &lt;a href=&quot;https://en.wikipedia.org/wiki/Aloha_Airlines_Flight_243&quot; rel=&quot;nofollow noreferrer&quot;&gt;Aloha Airlines Flight 243&lt;/a&gt; a situation where the crew did not immediately know what was going on. However generally speaking, once the issue has been identified the plane &lt;em&gt;should&lt;/em&gt; start a decent if possible. &lt;/p&gt;

&lt;hr&gt;

&lt;blockquote&gt;
  &lt;p&gt;&lt;em&gt;If I don&#x27;t notice any change in attitude and there is no passenger
  announcement after a few minutes, would it help to alert a flight
  attendant to check that the pilots are aware of the issue? Or would it
  be best to assume that &#x27;they know what they are doing&#x27; and just keep
  quiet?&lt;/em&gt;&lt;/p&gt;
&lt;/blockquote&gt;

&lt;p&gt;This of course brings up another debate. In almost all cases you should alert the crew to anything you feel is strange our out of place. Of course in this instance it may be hard to move about the cabin, and potentially hard to shout or get your message to the crew. In some cases the crew may be working the issue and getting in the way of that can be problematic. Again generally alerting them is a good thing but its a situation by situation basis for sure. &lt;/p&gt;

&lt;hr&gt;

&lt;p&gt;In regards to the comments on other answers you will not die, at least one flight attendant (who was also a pilot) survived the ordeal and made his way into the cockpit as was heard on the CVR &lt;/p&gt;

&lt;blockquote&gt;
  &lt;p&gt;At 08:54:18 h, the following distress was recorded by the CVR “MAYDAY,
  MAYDAY, MAYDAY, Helios Airways Flight 522 Athens … (unintelligible
  word)”. A few seconds later, another “MAYDAY, MAYDAY” with a very weak
  voice was recorded.When the Boeing 737 was at about 7 000 ft, the
  person in the Captain’s seat for the first time appeared to
  acknowledge the presence of the F-16s and he made a hand motion.&lt;/p&gt;
&lt;/blockquote&gt;

&lt;hr&gt;

&lt;blockquote&gt;
  &lt;p&gt;Could a knowledgeable passenger have saved Helios Flight 522?&lt;/p&gt;
&lt;/blockquote&gt;

&lt;p&gt;Unlikely as these days its hard to get in the cockpit, or even get a message to the pilots. But you should, in any event at least try. This saved some lives on &lt;a href=&quot;https://en.wikipedia.org/wiki/Air_Florida_Flight_90&quot; rel=&quot;nofollow noreferrer&quot;&gt;Air Florida 90 when a passenger realized icing on the wings and assumed the crash position and informed the other around him&lt;/a&gt;.  &lt;/p&gt;
');
INSERT INTO answer (post_id, question_id, accepted) VALUES (220, 193, 'False');
INSERT INTO activity ( post_id, user_id, action) VALUES (220, 41, 'Create');
INSERT INTO activity (post_id, user_id, activity) VALUES (220, 41, 'Upvote');
INSERT INTO activity (post_id, user_id, activity) VALUES (220, 41, 'Upvote');
INSERT INTO activity (post_id, user_id, activity) VALUES (220, 41, 'Upvote');
INSERT INTO activity (post_id, user_id, activity) VALUES (220, 41, 'Upvote');
INSERT INTO activity (post_id, user_id, activity) VALUES (220, 41, 'Upvote');
INSERT INTO activity (post_id, user_id, activity) VALUES (220, 41, 'Upvote');
INSERT INTO activity (post_id, user_id, activity) VALUES (220, 41, 'Downvote');
INSERT INTO activity (post_id, user_id, activity) VALUES (220, 41, 'Downvote');
INSERT INTO activity (post_id, user_id, activity) VALUES (220, 41, 'Downvote');

INSERT INTO post (current_state, up_score, down_score) VALUES ('Published', 3, 0);
INSERT INTO postinstance (post_id, user_id, description) VALUES (221, 32, '&lt;p&gt;It seems from the Wikipedia page that there was indeed an knowledgeable passenger. Not fully qualified, but ...&lt;/p&gt;

&lt;blockquote&gt;
  &lt;p&gt;At 11:49, flight attendant Andreas Prodromou entered the cockpit and sat down in the captain&#x27;s seat, having remained conscious by using a portable oxygen supply. Prodromou held a UK Commercial Pilot License, but was not qualified to fly the Boeing 737. Crash investigators concluded that Prodromou&#x27;s experience was insufficient for him to gain control of the aircraft under the circumstances. Prodromou waved at the F16s very briefly, but almost as soon as he entered the cockpit, the left engine flamed out due to fuel exhaustion and the plane left the holding pattern and started to descend. Ten minutes after the loss of power from the left engine, the right engine also flamed out, and just before 12:04 the aircraft crashed into hills near Grammatiko.&lt;/p&gt;
&lt;/blockquote&gt;

&lt;p&gt;So depending on how knowledgeable you&#x27;re looking for, this seems pretty clear-cut.&lt;/p&gt;

&lt;p&gt;&lt;a href=&quot;https://en.wikipedia.org/wiki/Helios_Airways_Flight_522&quot; rel=&quot;nofollow noreferrer&quot;&gt;https://en.wikipedia.org/wiki/Helios_Airways_Flight_522&lt;/a&gt;&lt;/p&gt;
');
INSERT INTO answer (post_id, question_id, accepted) VALUES (221, 193, 'False');
INSERT INTO activity ( post_id, user_id, action) VALUES (221, 32, 'Create');
INSERT INTO activity (post_id, user_id, activity) VALUES (221, 32, 'Upvote');
INSERT INTO activity (post_id, user_id, activity) VALUES (221, 32, 'Upvote');
INSERT INTO activity (post_id, user_id, activity) VALUES (221, 32, 'Upvote');

INSERT INTO post (current_state, up_score, down_score) VALUES ('Published', 3, 1);
INSERT INTO postinstance (post_id, user_id, description) VALUES (222, 47, '&lt;p&gt;The aviation industry is in the process of moving to Performance Based Navigation (PBN) within Required Navigation Performance (RNP) airspace.  Using this structure the primary performance is measured by the Total System Error (TSE) which must be less than 2 times the RNP value 95% of the time. Example: In RNP 1 airspace the aircraft must maintain positional accuracy within 2.0 NM of its desired path 95% of the time. The standard for navigational equipment (FMS) is defined in RTCA document &lt;a href=&quot;http://www.rtca.org/store_product.asp?prodid=1229&quot; rel=&quot;nofollow noreferrer&quot;&gt;DO-283B&lt;/a&gt;, Minimum Operational Performance Standards for Required Navigation Performance for Area Navigation.  &lt;/p&gt;

&lt;p&gt;The TSE for an aircraft is broken down into three components; path definition error (PDE), position estimation error (PEE), and path steering error (PSE).  Your question directly relates to PDE.  The accuracy of PDE depends on several components, the primary one being the accuracy of the positional (fix) information published by the regulatory agency (FAA in the US) contained within the navigational database. For enroute and terminal airspace, the accuracy of fix information is less than 0.01 minutes of latitude and longitude or about 17 meters.  &lt;/p&gt;

&lt;p&gt;Using the data from the database and the WGS84 earth model, the FMS will compute lateral path data.  Lateral paths are computed as a geodesic on the surface of the WGS84 ellipsoid.&lt;/p&gt;

&lt;p&gt;DO-283 specifies the following data (among other) resolutions for display and entry: &lt;/p&gt;

&lt;p&gt;Distance:  0.1 NM for values &amp;lt;10 NM, 1 NM for values &gt;=10 NM&lt;br&gt;
Fix latitude/longitude: 0.01 min&lt;br&gt;
RNP:  0.01 NM for values &amp;lt;1.0 NM, 0.1 NM for values &gt;=1.0, and &amp;lt;10 NM, 1 NM  for values &gt;=10 NM&lt;br&gt;
EPU: 0.01 NM for values &amp;lt;1.0 NM, 0.1 NM for values &gt;=1.0, and &amp;lt;10 NM, 1 NM for values &gt;=10 NM&lt;br&gt;
Present Position latitude/longitude: 0.1 min&lt;/p&gt;

&lt;p&gt;DO-283 also states rounding of displayed data is desired.  For that reason internal FMS computations normally are performed to 1 decimal place more than the displayed resolution and then rounded.  &lt;/p&gt;

&lt;p&gt;From the above you can see that the displayed distance of a leg should be within 0.1 NM for distances less than 10 NM and 1 NM for longer distances.  &lt;/p&gt;

&lt;p&gt;As for your 3-D question, lateral (LNAV) and vertical (VNAV) navigation are computed separately.  VNAV is still predominately barometric based except for precision (GBAS) and near precision (SBAS) approaches which use WGS84 geometric height.  &lt;/p&gt;

&lt;p&gt;For positional data, along with the present position, the system must calculate an estimated positional uncertainty (EPU) as shown in the table.  The EPU calculation is quite complex and varies based on the source of the positional data (GPS, IRS, etc.)  This value when added to the PSE (cross-track deviation + errors) should be held within the RNP value.  As you can see form the structure of the EPU requirement, it is the most significant component of the system error.&lt;/p&gt;

&lt;p&gt;Summary:  &lt;/p&gt;

&lt;p&gt;Calculating a geodesic path is required by the MOPS. Great circle is not acceptable.  &lt;/p&gt;

&lt;p&gt;Paths are calculated using lat/lon and baro altitude coordinates.  Distances are output in nautical miles; not feet, meters, or km.  Internally, the systems can use what ever they want.  Altitude is in feet or meters, depending on airspace rules.  The 3-D path is used to predict time of arrival at each fix along the route.&lt;/p&gt;

&lt;p&gt;Positional accuracy (EPU) is calculated based on the selected nav sensor(s) using a number of statistical methods including Kalmann filters.&lt;/p&gt;
');
INSERT INTO answer (post_id, question_id, accepted) VALUES (222, 188, 'False');
INSERT INTO activity ( post_id, user_id, action) VALUES (222, 47, 'Create');
INSERT INTO activity (post_id, user_id, activity) VALUES (222, 47, 'Upvote');
INSERT INTO activity (post_id, user_id, activity) VALUES (222, 47, 'Upvote');
INSERT INTO activity (post_id, user_id, activity) VALUES (222, 47, 'Upvote');
INSERT INTO activity (post_id, user_id, activity) VALUES (222, 47, 'Downvote');

INSERT INTO post (current_state, up_score, down_score) VALUES ('Published', 2, 1);
INSERT INTO postinstance (post_id, user_id, description) VALUES (223, 36, '&lt;p&gt;SOCAL will do this pretty routinely sequencing arrivals into LAX.  The most common practice is to assign 250 knots at some point, then slow you to 210, then assign 170 or 180 &quot;to the marker&quot; (about 5-6 mile final), at which point you&#x27;ll be slowing to your target approach speed.  So mostly commonly, they are only assigning speed reductions.  However, there are times when they want you to close up space on the aircraft ahead, so they might speed you back up again until the extra distance is closed up -- at which point they slow you back again.&lt;/p&gt;

&lt;p&gt;These instructions are &lt;em&gt;always&lt;/em&gt; given with the implicit understanding that, if you can&#x27;t do it, you&#x27;ll say so... &quot;XYZ123 is unable 250, I can give you 225&quot; or something similar.  If you&#x27;ve already extended flaps so that the higher speed would be near or over an aircraft limitation, that could be a reasonable reply.  (Of course, if you extended flaps 20 miles out from the runway, maybe retracting them again &amp;amp; not annoying SOCAL might be a wiser course of action.)&lt;/p&gt;

&lt;p&gt;Depending on the aircraft type (how fast you can fly clean, and how quickly you can slow to your approach speed so that you are stable for the approach at 1000&#x27; - or whatever your OpSpecs/SOP&#x27;s require), you might be given something else.  Light aircraft are often told to keep a fairly high speed (for them) to the marker, since otherwise they&#x27;re like bicycles on the freeway &amp;amp; slowing down everybody behind them.  On the other hand, they can often decelerate more rapidly than some jets, so staying fast until close in may work out just fine.  Again, if the controller is assigning a speed that&#x27;s too fast until too close, it&#x27;s the pilot&#x27;s job to say, &quot;unable.&quot;&lt;/p&gt;

&lt;p&gt;The controllers at SOCAL are excellent at knowing what the aircraft they&#x27;re working with are capable of, and they are very good at timing the speed reductions so that you end up with about 3 miles separation on short final, so that the runway usage is kept high... as one aircraft is turning off the runway, the next jet is a mile or so out.  Much closer than that &amp;amp; you risk go-arounds if somebody gets nervous or the turning-off aircraft isn&#x27;t expeditious; much farther than that &amp;amp; you aren&#x27;t landing planes as quickly as what you could be.&lt;/p&gt;

&lt;p&gt;Some controllers match the proficiency of the ones at SOCAL; others don&#x27;t compare.  Of course, you don&#x27;t really expect the controller at Podunk to have the same practice in setting up a string of aircraft coming in one after another as those in SOCAL, NORCAL, ATL, ORD, and so forth.  The good ones will use all the tools at their disposal, and sometimes this will include having one aircraft increase their speed for a while.&lt;/p&gt;
');
INSERT INTO answer (post_id, question_id, accepted) VALUES (223, 198, 'False');
INSERT INTO activity ( post_id, user_id, action) VALUES (223, 36, 'Create');
INSERT INTO activity (post_id, user_id, activity) VALUES (223, 36, 'Upvote');
INSERT INTO activity (post_id, user_id, activity) VALUES (223, 36, 'Upvote');
INSERT INTO activity (post_id, user_id, activity) VALUES (223, 36, 'Downvote');

INSERT INTO post (current_state, up_score, down_score) VALUES ('Published', 0, 0);
INSERT INTO postinstance (post_id, user_id, description) VALUES (224, 10, '&lt;p&gt;You did say you need up to date data so wikipedia may don&#x27;t be the best idea but I think it&#x27;s at least worth a try. Much wikipedia articles of airports contain information about runways and approaches.&lt;/p&gt;
');
INSERT INTO answer (post_id, question_id, accepted) VALUES (224, 199, 'False');
INSERT INTO activity ( post_id, user_id, action) VALUES (224, 10, 'Create');

INSERT INTO post (current_state, up_score, down_score) VALUES ('Published', 19, 17);
INSERT INTO postinstance (post_id, user_id, description) VALUES (225, 9, '&lt;p&gt;It&#x27;s never bad to inform a crew member about anything you think may be abnormal.&lt;/p&gt;

&lt;p&gt;In this special situation, as you know that the oxygen masks deploy automatically if the cabin altitude raises to high, you expect the aircraft to descend in order to allow the pax to breathe normally again. If this doesn&#x27;t happen it would be possible that the crew deployed the masks manually for no reason or the automatism faulty detected a low cabin pressure. In both cases I would expect an announcement that the oxygen masks are not needed and can be put down safely.&lt;/p&gt;

&lt;p&gt;If neither of those options happens something is definitely wrong. Either the pilots already suffered hypoxia or they didn&#x27;t notice the passenger masks drop at all.
In my opinion the cabin crew should be trained to know what&#x27;s normal procedure if masks drop, but I would definitely tell a flight attendant about my concerns if nothing happens after two minutes or so.&lt;/p&gt;

&lt;p&gt;You always have to remember: In high altitudes you become unconscious after less than 30 secs without the mask, and as the masks can only produce a limited amount of oxygen it&#x27;s a &lt;strong&gt;really&lt;/strong&gt; time critical issue to reach the flight-deck and initiate a descend if the pilots are already out of service!&lt;/p&gt;
');
INSERT INTO answer (post_id, question_id, accepted) VALUES (225, 193, 'False');
INSERT INTO activity ( post_id, user_id, action) VALUES (225, 9, 'Create');
INSERT INTO activity (post_id, user_id, activity) VALUES (225, 9, 'Upvote');
INSERT INTO activity (post_id, user_id, activity) VALUES (225, 9, 'Upvote');
INSERT INTO activity (post_id, user_id, activity) VALUES (225, 9, 'Upvote');
INSERT INTO activity (post_id, user_id, activity) VALUES (225, 9, 'Upvote');
INSERT INTO activity (post_id, user_id, activity) VALUES (225, 9, 'Upvote');
INSERT INTO activity (post_id, user_id, activity) VALUES (225, 9, 'Upvote');
INSERT INTO activity (post_id, user_id, activity) VALUES (225, 9, 'Upvote');
INSERT INTO activity (post_id, user_id, activity) VALUES (225, 9, 'Upvote');
INSERT INTO activity (post_id, user_id, activity) VALUES (225, 9, 'Upvote');
INSERT INTO activity (post_id, user_id, activity) VALUES (225, 9, 'Upvote');
INSERT INTO activity (post_id, user_id, activity) VALUES (225, 9, 'Upvote');
INSERT INTO activity (post_id, user_id, activity) VALUES (225, 9, 'Upvote');
INSERT INTO activity (post_id, user_id, activity) VALUES (225, 9, 'Upvote');
INSERT INTO activity (post_id, user_id, activity) VALUES (225, 9, 'Upvote');
INSERT INTO activity (post_id, user_id, activity) VALUES (225, 9, 'Upvote');
INSERT INTO activity (post_id, user_id, activity) VALUES (225, 9, 'Upvote');
INSERT INTO activity (post_id, user_id, activity) VALUES (225, 9, 'Upvote');
INSERT INTO activity (post_id, user_id, activity) VALUES (225, 9, 'Upvote');
INSERT INTO activity (post_id, user_id, activity) VALUES (225, 9, 'Upvote');
INSERT INTO activity (post_id, user_id, activity) VALUES (225, 9, 'Downvote');
INSERT INTO activity (post_id, user_id, activity) VALUES (225, 9, 'Downvote');
INSERT INTO activity (post_id, user_id, activity) VALUES (225, 9, 'Downvote');
INSERT INTO activity (post_id, user_id, activity) VALUES (225, 9, 'Downvote');
INSERT INTO activity (post_id, user_id, activity) VALUES (225, 9, 'Downvote');
INSERT INTO activity (post_id, user_id, activity) VALUES (225, 9, 'Downvote');
INSERT INTO activity (post_id, user_id, activity) VALUES (225, 9, 'Downvote');
INSERT INTO activity (post_id, user_id, activity) VALUES (225, 9, 'Downvote');
INSERT INTO activity (post_id, user_id, activity) VALUES (225, 9, 'Downvote');
INSERT INTO activity (post_id, user_id, activity) VALUES (225, 9, 'Downvote');
INSERT INTO activity (post_id, user_id, activity) VALUES (225, 9, 'Downvote');
INSERT INTO activity (post_id, user_id, activity) VALUES (225, 9, 'Downvote');
INSERT INTO activity (post_id, user_id, activity) VALUES (225, 9, 'Downvote');
INSERT INTO activity (post_id, user_id, activity) VALUES (225, 9, 'Downvote');
INSERT INTO activity (post_id, user_id, activity) VALUES (225, 9, 'Downvote');
INSERT INTO activity (post_id, user_id, activity) VALUES (225, 9, 'Downvote');
INSERT INTO activity (post_id, user_id, activity) VALUES (225, 9, 'Downvote');

INSERT INTO post (current_state, up_score, down_score) VALUES ('Published', 2, 1);
INSERT INTO postinstance (post_id, user_id, description) VALUES (226, 26, '&lt;p&gt;The information you are after is, unfortunately, rather distributed.&lt;/p&gt;

&lt;p&gt;Eurocontrol maintains a useful list of websites ordered by state, found here:&lt;/p&gt;

&lt;p&gt;&lt;a href=&quot;http://www.eurocontrol.int/articles/ais-online&quot; rel=&quot;nofollow noreferrer&quot;&gt;European AIS&lt;/a&gt;&lt;/p&gt;

&lt;p&gt;Or by registering for an &lt;strong&gt;EAD Basic&lt;/strong&gt; account you can access the European AIS Database in a more centralised and user friendly way, found here:&lt;/p&gt;

&lt;p&gt;&lt;a href=&quot;https://www.ead.eurocontrol.int/eadcms/eadsite/index.php.html&quot; rel=&quot;nofollow noreferrer&quot;&gt;European AIS Database&lt;/a&gt;&lt;/p&gt;
');
INSERT INTO answer (post_id, question_id, accepted) VALUES (226, 199, 'False');
INSERT INTO activity ( post_id, user_id, action) VALUES (226, 26, 'Create');
INSERT INTO activity (post_id, user_id, activity) VALUES (226, 26, 'Upvote');
INSERT INTO activity (post_id, user_id, activity) VALUES (226, 26, 'Upvote');
INSERT INTO activity (post_id, user_id, activity) VALUES (226, 26, 'Downvote');

INSERT INTO post (current_state, up_score, down_score) VALUES ('Published', 1, 0);
INSERT INTO postinstance (post_id, user_id, description) VALUES (227, 20, '&lt;p&gt;Regardless of who is Pilot Flying, the commander will take control of the thrust levers once the thrust is set. A First Officer acting as Pilot Flying will resume control of the thrust once the commander has removed their hand from the thrust levers at V1 AND the aircraft is airborne.&lt;/p&gt;

&lt;p&gt;The decision to reject lies solely with the commander. As such, once the thrust is set, the First Officer as PF will have no further need to touch the thrust levers until the thrust reduction altitude. Hence the commander will cover the thrust levers in anticipation of rejecting the takeoff.&lt;/p&gt;
');
INSERT INTO answer (post_id, question_id, accepted) VALUES (227, 200, 'False');
INSERT INTO activity ( post_id, user_id, action) VALUES (227, 20, 'Create');
INSERT INTO activity (post_id, user_id, activity) VALUES (227, 20, 'Upvote');

INSERT INTO post (current_state, up_score, down_score) VALUES ('Published', 2, 0);
INSERT INTO postinstance (post_id, user_id, description) VALUES (228, 4, '&lt;p&gt;I would turn it the other way around. Assuming the Dynon EFIS is your main flight instrument I would dial in QNH or QNE (depending on your altitude). Common practise is to always have the second altimeter set to QNE (1013.25hPa; 29.92inHg) but if you do not need an altitude reading in Flight Levels it&#x27;s fine if you set up one altimeter to QFE.&lt;/p&gt;

&lt;p&gt;But remember: Even using this practise you HAVE to change the settings. QFE and QNH are both depending on the local pressure and therefore change pretty often. If you are on a cross country flight you then have to change both altimeters to different settings in order to have a correct altitude and a correct height readout.&lt;/p&gt;

&lt;p&gt;Also make sure that you always use the same altimeter for altitude and the other one for height so you won&#x27;t use faulty values from the wrong altimeter!&lt;/p&gt;
');
INSERT INTO answer (post_id, question_id, accepted) VALUES (228, 201, 'False');
INSERT INTO activity ( post_id, user_id, action) VALUES (228, 4, 'Create');
INSERT INTO activity (post_id, user_id, activity) VALUES (228, 4, 'Upvote');
INSERT INTO activity (post_id, user_id, activity) VALUES (228, 4, 'Upvote');

INSERT INTO post (current_state, up_score, down_score) VALUES ('Published', 0, 0);
INSERT INTO postinstance (post_id, user_id, description) VALUES (229, 49, '&lt;p&gt;The WGS84 standard defines the Earth as an ellipsoid with a semi-axis a = 6378137 m at the equator and a semi-axis b =  6356752.3 m at the pole.&lt;/p&gt;

&lt;p&gt;The circumference of that ellipse can be approximated by:&lt;/p&gt;

&lt;p&gt;C(app)= π (3(a + b) – ((3a+b)(a+3b))^0,5)&lt;/p&gt;

&lt;p&gt;C(app) = 40007862.2 m&lt;/p&gt;

&lt;p&gt;Now, if we take an sphere with r = (a+b)/2 = 6367444.65&lt;/p&gt;

&lt;p&gt;C = 2πr = 40007834 m&lt;/p&gt;

&lt;p&gt;The difference is 28.21 meters for the full circumference. Hence, for the usual distances in aviation, the difference will be of the order of a few meters, and that in the worst case…&lt;/p&gt;
');
INSERT INTO answer (post_id, question_id, accepted) VALUES (229, 188, 'False');
INSERT INTO activity ( post_id, user_id, action) VALUES (229, 49, 'Create');

INSERT INTO post (current_state, up_score, down_score) VALUES ('Published', 13, 2);
INSERT INTO postinstance (post_id, user_id, description) VALUES (230, 6, '&lt;p&gt;Yes, we can ask pilots to speed up on approach, but it is discouraged and not commonly done. This is because, as an aircraft approaches an airport, the crew will configure it for landing. This includes lowering the flaps, which lowers a number of reference speeds - essentially, making them unable to fly very fast. In order to speed up, they would have to raise the flaps again, which would result in extra workload and bad fuel economy.&lt;/p&gt;

&lt;p&gt;The controller you heard knows this. They used the phrase &quot;if able&quot; to emphasize to the pilots, that they only had to comply if it was convenient for them.&lt;/p&gt;

&lt;p&gt;ICAO provides the following guidance (form Doc 4444):&lt;/p&gt;

&lt;blockquote&gt;
  &lt;p&gt;4.6.1.3    Speed adjustments should be limited to those necessary to establish and/or maintain a desired separation minimum or spacing. Instructions involving frequent changes of speed, including alternate speed increases and decreases, should be avoided.&lt;/p&gt;
  
  &lt;p&gt;...&lt;/p&gt;
  
  &lt;p&gt;4.6.3.5    Arriving aircraft should be permitted to operate in a clean configuration for as long as possible. Below 4 550 m (FL 150), speed reductions for turbojet aircraft to not less than 410 km/h (220 kt) IAS, which will normally be very close to the minimum speed of turbojet aircraft in a clean configuration, may be used. &lt;/p&gt;
  
  &lt;p&gt;4.6.3.6    Only minor speed adjustments not exceeding plus/minus 40 km/h (20 kt) IAS should be used for aircraft on intermediate and final approach. &lt;/p&gt;
  
  &lt;p&gt;4.6.3.7    Speed control should not be applied to aircraft after passing a point 7 km (4 NM) from the threshold on final approach.&lt;/p&gt;
&lt;/blockquote&gt;
');
INSERT INTO answer (post_id, question_id, accepted) VALUES (230, 198, 'True');
INSERT INTO activity ( post_id, user_id, action) VALUES (230, 6, 'Create');
INSERT INTO activity (post_id, user_id, activity) VALUES (230, 6, 'Upvote');
INSERT INTO activity (post_id, user_id, activity) VALUES (230, 6, 'Upvote');
INSERT INTO activity (post_id, user_id, activity) VALUES (230, 6, 'Upvote');
INSERT INTO activity (post_id, user_id, activity) VALUES (230, 6, 'Upvote');
INSERT INTO activity (post_id, user_id, activity) VALUES (230, 6, 'Upvote');
INSERT INTO activity (post_id, user_id, activity) VALUES (230, 6, 'Upvote');
INSERT INTO activity (post_id, user_id, activity) VALUES (230, 6, 'Upvote');
INSERT INTO activity (post_id, user_id, activity) VALUES (230, 6, 'Upvote');
INSERT INTO activity (post_id, user_id, activity) VALUES (230, 6, 'Upvote');
INSERT INTO activity (post_id, user_id, activity) VALUES (230, 6, 'Upvote');
INSERT INTO activity (post_id, user_id, activity) VALUES (230, 6, 'Upvote');
INSERT INTO activity (post_id, user_id, activity) VALUES (230, 6, 'Upvote');
INSERT INTO activity (post_id, user_id, activity) VALUES (230, 6, 'Upvote');
INSERT INTO activity (post_id, user_id, activity) VALUES (230, 6, 'Downvote');
INSERT INTO activity (post_id, user_id, activity) VALUES (230, 6, 'Downvote');

INSERT INTO post (current_state, up_score, down_score) VALUES ('Published', 4, 0);
INSERT INTO postinstance (post_id, user_id, description) VALUES (231, 18, '&lt;p&gt;There is a YouTube video showing the method for creating the structure:&lt;/p&gt;

&lt;p&gt;&lt;a href=&quot;https://www.youtube.com/watch?v=_GDqxnahwbk&quot; rel=&quot;nofollow noreferrer&quot;&gt;YouTube: 787 Composite Construction&lt;/a&gt;&lt;/p&gt;

&lt;p&gt;This video from British Airways shows the joining process:&lt;/p&gt;

&lt;p&gt;&lt;a href=&quot;https://youtu.be/SJZk9vNS8NE?t=87&quot; rel=&quot;nofollow noreferrer&quot;&gt;Fuselage Section Joining Process&lt;/a&gt; which you can see is not welded, but riveted together. The sections are lined up and riveted together using joining plates. &lt;/p&gt;

&lt;blockquote&gt;
  &lt;p&gt;Since it is not fabricated as a single piece there are bound to be stresses on the joints. Will it effect/endanger the passengers?&lt;/p&gt;
&lt;/blockquote&gt;

&lt;p&gt;No, not more than any other conventionally constructed fuselage. The joining plates are metal and the structure around them is a metal bulkhead. The 787 fuselage is not a 100% composite construction. &lt;/p&gt;

&lt;blockquote&gt;
  &lt;p&gt;Are the same methods used to join the wings?&lt;/p&gt;
&lt;/blockquote&gt;

&lt;p&gt;Yes, if you watch the second linked video in full, you can see the composite wings being bolted to the fuselage structure. The entire wing support structure looks to be a conventional metal structure.&lt;/p&gt;

&lt;blockquote&gt;
  &lt;p&gt;Last but not least, are there problems due to the joints before and if so, what has been done to rectify these problems?&lt;/p&gt;
&lt;/blockquote&gt;

&lt;p&gt;There are new challenges with any type of new construction technique, here are a few articles that outline the challenges:&lt;/p&gt;

&lt;p&gt;&lt;a href=&quot;http://www.nytimes.com/2013/07/30/business/boeings-787-poses-new-challenges-for-repair-teams.html&quot; rel=&quot;nofollow noreferrer&quot;&gt;NY Times: New Challenges for the Fixers of Boeing’s 787&lt;/a&gt;&lt;br/&gt;
&lt;a href=&quot;https://www.technologyreview.com/s/409929/boeings-composite-problem/&quot; rel=&quot;nofollow noreferrer&quot;&gt;MIT Technology Review: Boeing&#x27;s Composite Problem&lt;/a&gt;&lt;/p&gt;

&lt;p&gt;Boeing has said that the 787 is as easy to repair as traditional aluminum skin aircraft. One case in point is the &lt;a href=&quot;http://www.compositesworld.com/blog/post/following-latest-787-fire-time-to-repair-carbon-fiber-fuselage&quot; rel=&quot;nofollow noreferrer&quot;&gt;Ethiopian Airlines aircraft ET-AOP damaged by fire&lt;/a&gt;. The procedure to fix it is to cut out the carbon fiber material and put a &quot;cure in place&quot; patch over the hole. In this case other structure had to be replaced or repaired like stringers and bulkheads. This was the first major airframe repair that Boeing had to undertake. &lt;a href=&quot;http://old.seattletimes.com/html/businesstechnology/2022097759_787repairxml.html&quot; rel=&quot;nofollow noreferrer&quot;&gt;ET-AOP took 18 months to repair&lt;/a&gt; before being returned to service.&lt;/p&gt;
');
INSERT INTO answer (post_id, question_id, accepted) VALUES (231, 203, 'False');
INSERT INTO activity ( post_id, user_id, action) VALUES (231, 18, 'Create');
INSERT INTO activity (post_id, user_id, activity) VALUES (231, 18, 'Upvote');
INSERT INTO activity (post_id, user_id, activity) VALUES (231, 18, 'Upvote');
INSERT INTO activity (post_id, user_id, activity) VALUES (231, 18, 'Upvote');
INSERT INTO activity (post_id, user_id, activity) VALUES (231, 18, 'Upvote');

INSERT INTO post (current_state, up_score, down_score) VALUES ('Deleted', 7, 2);
INSERT INTO postinstance (post_id, user_id, description) VALUES (232, 14, '&lt;p&gt;It appears as though the locking handle for the door has some sort of switch in it to allow for full extension of the door only if the locking handle is pulled full forward and, for whatever reason, the door handle won&#x27;t move into this fully extended detent on its own.  While the workaround is jury rigged at best, it doesn&#x27;t seem to pose a flight safety issue unless the door can&#x27;t be locked when fully closed.  It&#x27;s just another video from an ignoramus in the terminal with a cellphone camera.&lt;/p&gt;
');
INSERT INTO answer (post_id, question_id, accepted) VALUES (232, 204, 'True');
INSERT INTO activity ( post_id, user_id, action) VALUES (232, 14, 'Create');
INSERT INTO activity (post_id, user_id, activity) VALUES (232, 14, 'Upvote');
INSERT INTO activity (post_id, user_id, activity) VALUES (232, 14, 'Upvote');
INSERT INTO activity (post_id, user_id, activity) VALUES (232, 14, 'Upvote');
INSERT INTO activity (post_id, user_id, activity) VALUES (232, 14, 'Upvote');
INSERT INTO activity (post_id, user_id, activity) VALUES (232, 14, 'Upvote');
INSERT INTO activity (post_id, user_id, activity) VALUES (232, 14, 'Upvote');
INSERT INTO activity (post_id, user_id, activity) VALUES (232, 14, 'Upvote');
INSERT INTO activity (post_id, user_id, activity) VALUES (232, 14, 'Downvote');
INSERT INTO activity (post_id, user_id, activity) VALUES (232, 14, 'Downvote');

INSERT INTO post (current_state, up_score, down_score) VALUES ('Published', 11, 4);
INSERT INTO postinstance (post_id, user_id, description) VALUES (233, 43, '&lt;p&gt;&lt;em&gt;If&lt;/em&gt; an &quot;AI Co-pilot&quot; existed, it could likely be integrated on existing airplanes with an auto-pilot system.&lt;/p&gt;

&lt;p&gt;Since your question is a little vague, I&#x27;m going to take a stab at some your hidden assumptions and go from there. I&#x27;m also making the assumption that you&#x27;re talking about the &lt;em&gt;enroute&lt;/em&gt; phase of flight, and leaving the taxiing, take-off and landing in the hands of the human pilot.&lt;/p&gt;

&lt;p&gt;At the risk of (extreme) oversimplifying, an AI system is essentially something that takes in a lot of data, analyzes it (through different algorithms) and outputs data that can then be used to do &lt;em&gt;something.&lt;/em&gt; &lt;/p&gt;

&lt;p&gt;I&#x27;m going to assume that the AI algorithm is supervised and has been trained on a bunch of existing data, and it has been figured out what data is important to make high-probability inferences.&lt;/p&gt;

&lt;p&gt;In-flight, there are multiple sources of data that could be fed to the AI algorithm for it to make probabilistic inferences on what it should do.  These data sources are things like:&lt;/p&gt;

&lt;ul&gt;
&lt;li&gt;Engine monitors (my EDM 700 I think logs 60 data points/second on things such as cylinder head temperature, exhaust gas temperature, RPM, location, power setting, etc.)&lt;/li&gt;
&lt;li&gt;GPS Receivers (3D position)&lt;/li&gt;
&lt;li&gt;AHRS (attitude information)&lt;/li&gt;
&lt;li&gt;ADS-B (Traffic and Weather)&lt;/li&gt;
&lt;li&gt;On-board Weather Radar&lt;/li&gt;
&lt;li&gt;XM Satellite Weather&lt;/li&gt;
&lt;/ul&gt;

&lt;p&gt;(As an aside, &lt;a href=&quot;https://www.savvyanalysis.com/home&quot; rel=&quot;nofollow noreferrer&quot;&gt;SavvyAnalysis&lt;/a&gt; already does a bit of this type of analysis using the data from your engine monitor).&lt;/p&gt;

&lt;p&gt;So, provided that your &quot;AI Co-pilot&quot; has been properly trained in advance on the same type of data that you are able get from your airplane while in-flight, your AI Co-pilot could ingest the data, and output signals to the auto-pilot which would then fly the airplane. The autopilot controller is simply sending information to a particular servo for a particular control surface (aileron, elevator, etc.) and if your AI Co-pilot can output the same signal, then it could control the servos the same as the autopilot.&lt;/p&gt;

&lt;p&gt;One of the (many) difficulties lies in designing the system to safely handle things that it hasn&#x27;t seen in the training data.&lt;/p&gt;

&lt;p&gt;But to answer your question, it wouldn&#x27;t require the design of a new &lt;em&gt;aircraft&lt;/em&gt;, but rather a new &lt;em&gt;autopilot control system.&lt;/em&gt;&lt;/p&gt;

&lt;p&gt;&lt;strong&gt;EDIT: Extra thoughts&lt;/strong&gt;&lt;/p&gt;

&lt;p&gt;After thinking about your question some more, I was thinking why you might want an AI Co-pilot? I&#x27;m thinking the answer to that might would be for it to either make decisions for you that you are unaware you should be making or to help you make better decisions.  There is existing software that does something like this, called &lt;a href=&quot;http://xavion.com/app/full-description/&quot; rel=&quot;nofollow noreferrer&quot;&gt;Xavion&lt;/a&gt;, which continually figures out where you should land if your engine quits based on the current location and performance of your airplane. It&#x27;s not hooked up to an autopilot, but it wouldn&#x27;t be too far of a stretch to think that sometime in the future, something like this could be a part of the autopilot controller.&lt;/p&gt;

&lt;blockquote&gt;
  &lt;p&gt;Furthermore, Xavion is constantly running engine-out flight
  simulations behind-the-scenes as you fly. The app imagines an engine
  failure every single second, and it checks how your plane would do in
  a power-off glides to every runway at every airport in gliding range.&lt;/p&gt;
  
  &lt;p&gt;For each of these simulated engine failures, Xavion estimates the
  likelihood of a successful landing based on the runway’s length,
  width, proximity to the aircraft, and glide path from your current
  location down to the threshold of that runway. When Xavion has found
  the runway that it believes is most likely to result in a safe
  engine-out landing, it builds a series of hoops from your current
  location to that runway—spiraling, circling, or extending as needed in
  order for the hoops to follow a constant descent angle that your
  airplane should be able to sustain without power.&lt;/p&gt;
&lt;/blockquote&gt;

&lt;p&gt;When you start to think of something like this, you can start to imagine analyzing real-time weather data and having the system make (or help make) a decision to divert or land based on your performance and experience. However, this is all something that would happen in the auto-pilot controller, so retrofitting it to an airplane with an existing autopilot would be more of a software upgrade than a hardware redesign.&lt;/p&gt;
');
INSERT INTO answer (post_id, question_id, accepted) VALUES (233, 205, 'False');
INSERT INTO activity ( post_id, user_id, action) VALUES (233, 43, 'Create');
INSERT INTO activity (post_id, user_id, activity) VALUES (233, 43, 'Upvote');
INSERT INTO activity (post_id, user_id, activity) VALUES (233, 43, 'Upvote');
INSERT INTO activity (post_id, user_id, activity) VALUES (233, 43, 'Upvote');
INSERT INTO activity (post_id, user_id, activity) VALUES (233, 43, 'Upvote');
INSERT INTO activity (post_id, user_id, activity) VALUES (233, 43, 'Upvote');
INSERT INTO activity (post_id, user_id, activity) VALUES (233, 43, 'Upvote');
INSERT INTO activity (post_id, user_id, activity) VALUES (233, 43, 'Upvote');
INSERT INTO activity (post_id, user_id, activity) VALUES (233, 43, 'Upvote');
INSERT INTO activity (post_id, user_id, activity) VALUES (233, 43, 'Upvote');
INSERT INTO activity (post_id, user_id, activity) VALUES (233, 43, 'Upvote');
INSERT INTO activity (post_id, user_id, activity) VALUES (233, 43, 'Upvote');
INSERT INTO activity (post_id, user_id, activity) VALUES (233, 43, 'Downvote');
INSERT INTO activity (post_id, user_id, activity) VALUES (233, 43, 'Downvote');
INSERT INTO activity (post_id, user_id, activity) VALUES (233, 43, 'Downvote');
INSERT INTO activity (post_id, user_id, activity) VALUES (233, 43, 'Downvote');

INSERT INTO post (current_state, up_score, down_score) VALUES ('Published', 0, 0);
INSERT INTO postinstance (post_id, user_id, description) VALUES (234, 11, '&lt;p&gt;While it is unusual to fly the big passenger jet as a drone, this has been done few times in the past. Hence should not be a problem to pass the controls to &lt;a href=&quot;https://en.wikipedia.org/wiki/Titan_(supercomputer)&quot; rel=&quot;nofollow noreferrer&quot;&gt;Titan&lt;/a&gt; if this is the idea. Seems that there was no problem to raise and lower gear remotely.&lt;/p&gt;
');
INSERT INTO answer (post_id, question_id, accepted) VALUES (234, 205, 'False');
INSERT INTO activity ( post_id, user_id, action) VALUES (234, 11, 'Create');

INSERT INTO post (current_state, up_score, down_score) VALUES ('Published', 11, 9);
INSERT INTO postinstance (post_id, user_id, description) VALUES (235, 15, '&lt;p&gt;As an addition to Ron&#x27;s otherwise good answer, since I feel one aspect was left out.  &lt;/p&gt;

&lt;p&gt;Some airlines (ie. the one I work for) require the commander be in control of the thrust levers until V1 (take-off decision speed). That is because the decision to stop the take-off roll is not a light one, and the captain is the one to make the decision. And as Ron pointed out, there is no time to move hands when needed.  &lt;/p&gt;

&lt;p&gt;The control flow goes as follows (consider F/O as PF)&lt;/p&gt;

&lt;ul&gt;
&lt;li&gt;&lt;p&gt;F/O has control of aircraft, announces &quot;take-off&quot;&lt;/p&gt;&lt;/li&gt;
&lt;li&gt;&lt;p&gt;F/O advances the levers to T/O thrust, then lets go of the thrust levers&lt;/p&gt;&lt;/li&gt;
&lt;li&gt;&lt;p&gt;CDR places his hand on the thrust levers&lt;/p&gt;&lt;/li&gt;
&lt;li&gt;&lt;p&gt;Airplane accelerates and passes V1, the CDR lets go of the thrust levers&lt;/p&gt;&lt;/li&gt;
&lt;li&gt;&lt;p&gt;Once airborne, the F/O takes control of the thrust levers again&lt;/p&gt;&lt;/li&gt;
&lt;li&gt;&lt;p&gt;If the take-off needs to be rejected, the CDR takes control of the aircraft and brings it to a stop using (auto)brakes and reverse thrust while maintaining the aircraft on runway centerline. F/O monitors and informs ATC&lt;/p&gt;&lt;/li&gt;
&lt;/ul&gt;
');
INSERT INTO answer (post_id, question_id, accepted) VALUES (235, 200, 'False');
INSERT INTO activity ( post_id, user_id, action) VALUES (235, 15, 'Create');
INSERT INTO activity (post_id, user_id, activity) VALUES (235, 15, 'Upvote');
INSERT INTO activity (post_id, user_id, activity) VALUES (235, 15, 'Upvote');
INSERT INTO activity (post_id, user_id, activity) VALUES (235, 15, 'Upvote');
INSERT INTO activity (post_id, user_id, activity) VALUES (235, 15, 'Upvote');
INSERT INTO activity (post_id, user_id, activity) VALUES (235, 15, 'Upvote');
INSERT INTO activity (post_id, user_id, activity) VALUES (235, 15, 'Upvote');
INSERT INTO activity (post_id, user_id, activity) VALUES (235, 15, 'Upvote');
INSERT INTO activity (post_id, user_id, activity) VALUES (235, 15, 'Upvote');
INSERT INTO activity (post_id, user_id, activity) VALUES (235, 15, 'Upvote');
INSERT INTO activity (post_id, user_id, activity) VALUES (235, 15, 'Upvote');
INSERT INTO activity (post_id, user_id, activity) VALUES (235, 15, 'Upvote');
INSERT INTO activity (post_id, user_id, activity) VALUES (235, 15, 'Downvote');
INSERT INTO activity (post_id, user_id, activity) VALUES (235, 15, 'Downvote');
INSERT INTO activity (post_id, user_id, activity) VALUES (235, 15, 'Downvote');
INSERT INTO activity (post_id, user_id, activity) VALUES (235, 15, 'Downvote');
INSERT INTO activity (post_id, user_id, activity) VALUES (235, 15, 'Downvote');
INSERT INTO activity (post_id, user_id, activity) VALUES (235, 15, 'Downvote');
INSERT INTO activity (post_id, user_id, activity) VALUES (235, 15, 'Downvote');
INSERT INTO activity (post_id, user_id, activity) VALUES (235, 15, 'Downvote');
INSERT INTO activity (post_id, user_id, activity) VALUES (235, 15, 'Downvote');

INSERT INTO post (current_state, up_score, down_score) VALUES ('Published', 0, 0);
INSERT INTO postinstance (post_id, user_id, description) VALUES (236, 15, 'Would you know where to look to find out if any of these strikes ended in a catastrophic failure of the aircraft?');
INSERT INTO answercomment (post_id, answer_id) VALUES (236, 212);
INSERT INTO activity (post_id, user_id, action) VALUES (236, 15, 'Create');

INSERT INTO post (current_state, up_score, down_score) VALUES ('Published', 0, 0);
INSERT INTO postinstance (post_id, user_id, description) VALUES (237, 2, '&amp;quot;&lt;i&gt;The cargo hold is indeed vacuumed, using a vacuum cleaner&lt;/i&gt;&amp;quot;. That&amp;#39;s right, when this is done in flight, the technicians and the vacuum cleaner enter the hold in a &lt;a href=&quot;https://i.stack.imgur.com/QNFnH.jpg&quot; rel=&quot;nofollow noreferrer&quot;&gt;special pressurized container which opens only in cruise phase&lt;/a&gt;.');
INSERT INTO answercomment (post_id, answer_id) VALUES (237, 210);
INSERT INTO activity (post_id, user_id, action) VALUES (237, 2, 'Create');

INSERT INTO post (current_state, up_score, down_score) VALUES ('Published', 0, 0);
INSERT INTO postinstance (post_id, user_id, description) VALUES (238, 8, '@Chris Stratton The CO2 would not increase. That&amp;#39;s what makes hypoxia so insidious. Your brain does not register a lack of oxygen in the blood, rather it registers an excess of CO2. That&amp;#39;s what gives you the uncomfortable suffocating/drowning feeling when you can&amp;#39;t breathe. But if you can still eliminate CO2 you won&amp;#39;t know anything is wrong until you start getting confused, etc. I&amp;#39;ve read that sometimes people find it pleasurable, like being drunk or high.');
INSERT INTO answercomment (post_id, answer_id) VALUES (238, 225);
INSERT INTO activity (post_id, user_id, action) VALUES (238, 8, 'Create');

INSERT INTO post (current_state, up_score, down_score) VALUES ('Published', 1, 0);
INSERT INTO postinstance (post_id, user_id, description) VALUES (239, 45, '@David Glickman The CVR only recorded the last 30 min of the flight and the F16 intercept did not arrive until 2 hours after the last contact with the pilots. So we don&amp;#39;t know what the cabin crew may have done during that period of time. The FDR does not register the operation of the intercom or the cockpit door. It&amp;#39;s quite possible the FA&amp;#39;s may have tried to call the pilots or entered the cockpit earlier. They may have tried calling ATC for help. The report says that when the FA tried to call mayday it did not go out over VHF, so he was probably not familiar with how to operate the radio.');
INSERT INTO answercomment (post_id, answer_id) VALUES (239, 221);
INSERT INTO activity (post_id, user_id, action) VALUES (239, 45, 'Create');
INSERT INTO activity (post_id, user_id, activity) VALUES (239, 45, 'Upvote');

INSERT INTO post (current_state, up_score, down_score) VALUES ('Published', 0, 0);
INSERT INTO postinstance (post_id, user_id, description) VALUES (240, 14, 'Totally agree. I just put in a 7:1 glide ratio, and will use the feature as one more tool in the event of an emergency.');
INSERT INTO answercomment (post_id, answer_id) VALUES (240, 217);
INSERT INTO activity (post_id, user_id, action) VALUES (240, 14, 'Create');

INSERT INTO post (current_state, up_score, down_score) VALUES ('Published', 0, 0);
INSERT INTO postinstance (post_id, user_id, description) VALUES (241, 15, 'If I&amp;#39;m reading the chart correctly, the glide ratio varies with the ambient air temperature.  Therefore a standard glide ratio is not going to apply here.  I would be hesitant to trust your life to this ForeFlight feature and instead rely on a thorough examination and learn the the numbers from this chart instead of trying to create a uniform glide ratio for the airplane.');
INSERT INTO answercomment (post_id, answer_id) VALUES (241, 217);
INSERT INTO activity (post_id, user_id, action) VALUES (241, 15, 'Create');

INSERT INTO post (current_state, up_score, down_score) VALUES ('Published', 0, 0);
INSERT INTO postinstance (post_id, user_id, description) VALUES (242, 24, 'Really thank you for the detailed information. Could you please explain the distance precision for whole path? e.g. aaaa nm or aaaa.aa nm?');
INSERT INTO answercomment (post_id, answer_id) VALUES (242, 222);
INSERT INTO activity (post_id, user_id, action) VALUES (242, 24, 'Create');

INSERT INTO post (current_state, up_score, down_score) VALUES ('Published', 0, 0);
INSERT INTO postinstance (post_id, user_id, description) VALUES (243, 36, 'Fantastic answer. Thanks.');
INSERT INTO answercomment (post_id, answer_id) VALUES (243, 211);
INSERT INTO activity (post_id, user_id, action) VALUES (243, 36, 'Create');

INSERT INTO post (current_state, up_score, down_score) VALUES ('Published', 0, 0);
INSERT INTO postinstance (post_id, user_id, description) VALUES (244, 13, 'Thanks all, especially for the ICAO reference!');
INSERT INTO answercomment (post_id, answer_id) VALUES (244, 230);
INSERT INTO activity (post_id, user_id, action) VALUES (244, 13, 'Create');

INSERT INTO post (current_state, up_score, down_score) VALUES ('Published', 0, 0);
INSERT INTO postinstance (post_id, user_id, description) VALUES (245, 40, 'I couldn&amp;#39;t understand the problem with using ECEF. You have to use ellipsoidal height (Hmsl+Hgeoid) along with other parameters to calculate the 3D position of an aircraft. You&amp;#39;re right that straight-line distances will be calculated but in the air not on ground or on a reference surface (sphere or ellipsoid). The distances are calculated on a reference surface not on the ground in fact. Let&amp;#39;s assume the difference between ellipsoidal and spherical calculation method is about several nautical miles. Will you ignore this difference?');
INSERT INTO answercomment (post_id, answer_id) VALUES (245, 213);
INSERT INTO activity (post_id, user_id, action) VALUES (245, 40, 'Create');

INSERT INTO post (current_state, up_score, down_score) VALUES ('Published', 0, 0);
INSERT INTO postinstance (post_id, user_id, description) VALUES (246, 42, 'The mask trigger pressure is a pressure I can breathe at for hours; however 40000 feet not so much. It really does depend on how high the plane is.');
INSERT INTO answercomment (post_id, answer_id) VALUES (246, 225);
INSERT INTO activity (post_id, user_id, action) VALUES (246, 42, 'Create');

INSERT INTO post (current_state, up_score, down_score) VALUES ('Deleted', 0, 0);
INSERT INTO postinstance (post_id, user_id, description) VALUES (247, 26, '@DRF Cockpit doors have codes to request entry from outside, and the flight attendants know the code. The flight crew can deny entry (which is why the captain couldn&amp;#39;t reenter the cockpit on that Germanwings flight), but if they don&amp;#39;t respond to the request, the door unlocks.');
INSERT INTO answercomment (post_id, answer_id) VALUES (247, 225);
INSERT INTO activity (post_id, user_id, action) VALUES (247, 26, 'Create');

INSERT INTO post (current_state, up_score, down_score) VALUES ('Published', 0, 0);
INSERT INTO postinstance (post_id, user_id, description) VALUES (248, 33, 'If you are breathing off of a cabin mask, you are breathing at altitude, and you can hold your breath at that pressure absent climbs or descents, but the amount of available oxygen would be reduced and the partial pressure of CO2 would presumably build abnormally quickly, so you could only do so for a reduced amount of time compared to at sea level.');
INSERT INTO answercomment (post_id, answer_id) VALUES (248, 225);
INSERT INTO activity (post_id, user_id, action) VALUES (248, 33, 'Create');

INSERT INTO post (current_state, up_score, down_score) VALUES ('Published', 0, 0);
INSERT INTO postinstance (post_id, user_id, description) VALUES (249, 44, 'welcome to aviation.SE. if possible, we prefer autoritative sources, not &amp;quot;a guy told me&amp;quot;. If you could find some sources to back up your answer it would improve substantially.');
INSERT INTO answercomment (post_id, answer_id) VALUES (249, 218);
INSERT INTO activity (post_id, user_id, action) VALUES (249, 44, 'Create');

INSERT INTO post (current_state, up_score, down_score) VALUES ('Published', 0, 0);
INSERT INTO postinstance (post_id, user_id, description) VALUES (250, 13, 'Thanks, I updated my question with the graph I think you&amp;#39;re mentioning, and the ForeFlight box to give some context of why I&amp;#39;m trying to find the glide slope.');
INSERT INTO answercomment (post_id, answer_id) VALUES (250, 217);
INSERT INTO activity (post_id, user_id, action) VALUES (250, 13, 'Create');

INSERT INTO post (current_state, up_score, down_score) VALUES ('Published', 0, 0);
INSERT INTO postinstance (post_id, user_id, description) VALUES (251, 1, 'I&amp;#39;d emphasise that last point. No quicker way to fail your test than using the wrong one.');
INSERT INTO answercomment (post_id, answer_id) VALUES (251, 228);
INSERT INTO activity (post_id, user_id, action) VALUES (251, 1, 'Create');

INSERT INTO post (current_state, up_score, down_score) VALUES ('Published', 0, 0);
INSERT INTO postinstance (post_id, user_id, description) VALUES (252, 50, 'interesting, ill remove that section.');
INSERT INTO answercomment (post_id, answer_id) VALUES (252, 220);
INSERT INTO activity (post_id, user_id, action) VALUES (252, 50, 'Create');

INSERT INTO post (current_state, up_score, down_score) VALUES ('Published', 0, 0);
INSERT INTO postinstance (post_id, user_id, description) VALUES (253, 31, 'The pilot did not regain conciousness, it was a flight attendant named Andreas Prodromou with a commercial pilots license (not rated for that aircraft) that was sitting in the pilots seat.');
INSERT INTO answercomment (post_id, answer_id) VALUES (253, 220);
INSERT INTO activity (post_id, user_id, action) VALUES (253, 31, 'Create');

INSERT INTO post (current_state, up_score, down_score) VALUES ('Published', 0, 0);
INSERT INTO postinstance (post_id, user_id, description) VALUES (254, 4, '@FreeMan: Sure, but of course if it&amp;#39;s not a large/busy airport (by my standards, anyway), it&amp;#39;s not going to have a control tower.  Maybe not even Unicom :-)  But I got pretty good at keeping to cruise speed (which in a Cherokee isn&amp;#39;t all that fast :-)) until on short final, then doing a slip and touching down at the right distance to hit the first taxiway.');
INSERT INTO answercomment (post_id, answer_id) VALUES (254, 230);
INSERT INTO activity (post_id, user_id, action) VALUES (254, 4, 'Create');

INSERT INTO post (current_state, up_score, down_score) VALUES ('Published', 0, 0);
INSERT INTO postinstance (post_id, user_id, description) VALUES (255, 10, 'I agree that he was a pilot, but why did he wait until the fuel was exhausted before entering the cockpit? Maybe he didn&amp;#39;t know that he should act quickly?');
INSERT INTO answercomment (post_id, answer_id) VALUES (255, 221);
INSERT INTO activity (post_id, user_id, action) VALUES (255, 10, 'Create');

INSERT INTO post (current_state, up_score, down_score) VALUES ('Published', 0, 0);
INSERT INTO postinstance (post_id, user_id, description) VALUES (256, 27, '@njzk2 You need to, otherwise there will be a reverse process in the lungs and the blood will loose oxygen very quickly. But you will not die that fast at 40000ft. You will die if the pilot is incapacitated and you crash, but not from the lack of oxygen in 30 seconds. Not at that height.');
INSERT INTO answercomment (post_id, answer_id) VALUES (256, 225);
INSERT INTO activity (post_id, user_id, action) VALUES (256, 27, 'Create');

INSERT INTO post (current_state, up_score, down_score) VALUES ('Published', 0, 0);
INSERT INTO postinstance (post_id, user_id, description) VALUES (257, 13, '@PeterMasiar you don&amp;#39;t really need to have air in your lungs to hold your breath.');
INSERT INTO answercomment (post_id, answer_id) VALUES (257, 225);
INSERT INTO activity (post_id, user_id, action) VALUES (257, 13, 'Create');

INSERT INTO post (current_state, up_score, down_score) VALUES ('Published', 1, 0);
INSERT INTO postinstance (post_id, user_id, description) VALUES (258, 35, '@njzk2 - you cannot hold your breath. You need to exhale. Pressure outside of your body is so low that your lungs might be damaged [citation needed].');
INSERT INTO answercomment (post_id, answer_id) VALUES (258, 225);
INSERT INTO activity (post_id, user_id, action) VALUES (258, 35, 'Create');
INSERT INTO activity (post_id, user_id, activity) VALUES (258, 35, 'Upvote');

INSERT INTO post (current_state, up_score, down_score) VALUES ('Published', 0, 0);
INSERT INTO postinstance (post_id, user_id, description) VALUES (259, 44, 'Lol. I didn&amp;#39;t watch past the first minute or so. Wanted to see if they really used bolts on the fuselage. That&amp;#39;s a helluva riveting machine!  +1 btw');
INSERT INTO answercomment (post_id, answer_id) VALUES (259, 231);
INSERT INTO activity (post_id, user_id, action) VALUES (259, 44, 'Create');

INSERT INTO post (current_state, up_score, down_score) VALUES ('Published', 0, 0);
INSERT INTO postinstance (post_id, user_id, description) VALUES (260, 27, '@njzk2 because in this case people aren&amp;#39;t holding their breath. It&amp;#39;s like asking why do people drown if they breathe in water even though they can hold their breath for a minute or two.');
INSERT INTO answercomment (post_id, answer_id) VALUES (260, 225);
INSERT INTO activity (post_id, user_id, action) VALUES (260, 27, 'Create');

INSERT INTO post (current_state, up_score, down_score) VALUES ('Published', 0, 0);
INSERT INTO postinstance (post_id, user_id, description) VALUES (261, 41, 'but most people can hold their breathe for more than 30 seconds. how come you loose consciousness so fast?');
INSERT INTO answercomment (post_id, answer_id) VALUES (261, 225);
INSERT INTO activity (post_id, user_id, action) VALUES (261, 41, 'Create');

INSERT INTO post (current_state, up_score, down_score) VALUES ('Published', 0, 0);
INSERT INTO postinstance (post_id, user_id, description) VALUES (262, 37, '@VladimirF If cabin altitude reaches about 38000 feet you are incapacitated after ~15 secs, and you will die 100% without help of somebody else. But I see your point and edited the sentence');
INSERT INTO answercomment (post_id, answer_id) VALUES (262, 225);
INSERT INTO activity (post_id, user_id, action) VALUES (262, 37, 'Create');

INSERT INTO post (current_state, up_score, down_score) VALUES ('Published', 0, 0);
INSERT INTO postinstance (post_id, user_id, description) VALUES (263, 16, '@DRF I&amp;#39;m really unsure at all, but I think the purser has the code to open the door.');
INSERT INTO answercomment (post_id, answer_id) VALUES (263, 225);
INSERT INTO activity (post_id, user_id, action) VALUES (263, 16, 'Create');

INSERT INTO post (current_state, up_score, down_score) VALUES ('Published', 0, 0);
INSERT INTO postinstance (post_id, user_id, description) VALUES (264, 32, 'Thanks a lot for the tip! Didn&amp;#39;t notice it wasn&amp;#39;t clear enough.');
INSERT INTO answercomment (post_id, answer_id) VALUES (264, 225);
INSERT INTO activity (post_id, user_id, action) VALUES (264, 32, 'Create');

INSERT INTO post (current_state, up_score, down_score) VALUES ('Published', 0, 0);
INSERT INTO postinstance (post_id, user_id, description) VALUES (265, 36, 'Edits look good, i have removed my down vote and comments.');
INSERT INTO answercomment (post_id, answer_id) VALUES (265, 225);
INSERT INTO activity (post_id, user_id, action) VALUES (265, 36, 'Create');

INSERT INTO report (post_id, user_id, title, content, reason) VALUES (3, 5, 'this post is offensive', 'i do not think this kind of post belongs here', 'off-topic');
INSERT INTO report (post_id, user_id, title, content, reason) VALUES (250, 37, 'i do not like this post one bit', 'this is really poor taste', 'off-topic');
INSERT INTO report (post_id, user_id, title, content, reason) VALUES (140, 17, 'test report', 'not the first time this user has done it', 'other');
INSERT INTO report (post_id, user_id, title, content, reason) VALUES (27, 33, 'i do not like this post one bit', 'this is really poor taste', 'off-topic');
INSERT INTO report (post_id, user_id, title, content, reason) VALUES (185, 28, 'test report', 'this is really poor taste', 'off-topic');

INSERT INTO useraccbadge (user_id, badge_id) VALUES (1, 3);
INSERT INTO useraccbadge (user_id, badge_id) VALUES (2, 3);
INSERT INTO useraccbadge (user_id, badge_id) VALUES (3, 1);
INSERT INTO useraccbadge (user_id, badge_id) VALUES (4, 3);
INSERT INTO useraccbadge (user_id, badge_id) VALUES (5, 2);
INSERT INTO useraccbadge (user_id, badge_id) VALUES (6, 2);
INSERT INTO useraccbadge (user_id, badge_id) VALUES (7, 1);
INSERT INTO useraccbadge (user_id, badge_id) VALUES (8, 3);
INSERT INTO useraccbadge (user_id, badge_id) VALUES (9, 1);
INSERT INTO useraccbadge (user_id, badge_id) VALUES (10, 3);
INSERT INTO useraccbadge (user_id, badge_id) VALUES (11, 3);
INSERT INTO useraccbadge (user_id, badge_id) VALUES (12, 3);
INSERT INTO useraccbadge (user_id, badge_id) VALUES (13, 3);
INSERT INTO useraccbadge (user_id, badge_id) VALUES (14, 3);
INSERT INTO useraccbadge (user_id, badge_id) VALUES (15, 2);
INSERT INTO useraccbadge (user_id, badge_id) VALUES (16, 1);
INSERT INTO useraccbadge (user_id, badge_id) VALUES (17, 2);
INSERT INTO useraccbadge (user_id, badge_id) VALUES (18, 3);
INSERT INTO useraccbadge (user_id, badge_id) VALUES (19, 3);
INSERT INTO useraccbadge (user_id, badge_id) VALUES (20, 2);
INSERT INTO useraccbadge (user_id, badge_id) VALUES (21, 1);
INSERT INTO useraccbadge (user_id, badge_id) VALUES (22, 1);
INSERT INTO useraccbadge (user_id, badge_id) VALUES (23, 2);
INSERT INTO useraccbadge (user_id, badge_id) VALUES (24, 2);
INSERT INTO useraccbadge (user_id, badge_id) VALUES (25, 1);
INSERT INTO useraccbadge (user_id, badge_id) VALUES (26, 2);
INSERT INTO useraccbadge (user_id, badge_id) VALUES (27, 2);
INSERT INTO useraccbadge (user_id, badge_id) VALUES (28, 3);
INSERT INTO useraccbadge (user_id, badge_id) VALUES (29, 1);
INSERT INTO useraccbadge (user_id, badge_id) VALUES (30, 2);
INSERT INTO useraccbadge (user_id, badge_id) VALUES (31, 2);
INSERT INTO useraccbadge (user_id, badge_id) VALUES (32, 3);
INSERT INTO useraccbadge (user_id, badge_id) VALUES (33, 2);
INSERT INTO useraccbadge (user_id, badge_id) VALUES (34, 1);
INSERT INTO useraccbadge (user_id, badge_id) VALUES (35, 1);
INSERT INTO useraccbadge (user_id, badge_id) VALUES (36, 1);
INSERT INTO useraccbadge (user_id, badge_id) VALUES (37, 1);
INSERT INTO useraccbadge (user_id, badge_id) VALUES (38, 1);
INSERT INTO useraccbadge (user_id, badge_id) VALUES (39, 2);
INSERT INTO useraccbadge (user_id, badge_id) VALUES (40, 2);
INSERT INTO useraccbadge (user_id, badge_id) VALUES (41, 1);
INSERT INTO useraccbadge (user_id, badge_id) VALUES (42, 2);
INSERT INTO useraccbadge (user_id, badge_id) VALUES (43, 3);
INSERT INTO useraccbadge (user_id, badge_id) VALUES (44, 3);
INSERT INTO useraccbadge (user_id, badge_id) VALUES (45, 2);
INSERT INTO useraccbadge (user_id, badge_id) VALUES (46, 1);
INSERT INTO useraccbadge (user_id, badge_id) VALUES (47, 2);
INSERT INTO useraccbadge (user_id, badge_id) VALUES (48, 2);
INSERT INTO useraccbadge (user_id, badge_id) VALUES (49, 1);
INSERT INTO useraccbadge (user_id, badge_id) VALUES (50, 3);

INSERT INTO topicuseracc (mod_id, topic_id) VALUES (2, 1);
INSERT INTO topicuseracc (mod_id, topic_id) VALUES (1, 2);
INSERT INTO topicuseracc (mod_id, topic_id) VALUES (2, 3);
