INSERT INTO country (name) VALUES ('portugal');
INSERT INTO country (name) VALUES ('france');
INSERT INTO country (name) VALUES ('spain');
INSERT INTO country (name) VALUES ('england');
INSERT INTO country (name) VALUES ('italy');
INSERT INTO country (name) VALUES ('united states of america');

INSERT INTO badge (color, text) VALUES ('#8eaf4e', 'novice');
INSERT INTO badge (color, text) VALUES ('#eb3ec4', 'enthusiast');
INSERT INTO badge (color, text) VALUES ('#07e1f0', 'expert');

INSERT INTO useracc (username, email, password, salt, first_name, last_name, birth, country, user_type) VALUES ('whiteleopard316', 'dikra.voesten@example.com', '151ce63131ff838d64b8b4e301665f43a3de11a264a4bd22ccbcc7c3e8171b30', 'MIfp5PUc', 'dikra', 'voesten', '1967-12-27 16:20:14', 4, 'Administrator');
INSERT INTO useracc (username, email, password, salt, first_name, last_name, birth, country, user_type) VALUES ('biggoose926', 'بهاره.حیدری@example.com', '3bb171be4a6f3c5db722ca7da13736adffbb5b5514504091edcc3efb20f0ae5b', 'yvB1uL8g', 'بهاره', 'حیدری', '1947-12-24 14:50:30', 6, 'Moderator');
INSERT INTO useracc (username, email, password, salt, first_name, last_name, birth, country, user_type) VALUES ('browncat545', 'emilie.taylor@example.com', '13deecf0afd86f227d42505fa30277cc54919aab4e8030e496004afcd439d9b6', 'XpWSca8s', 'emilie', 'taylor', '1962-05-26 19:55:42', 2, 'Moderator');
INSERT INTO useracc (username, email, password, salt, first_name, last_name, birth, country, user_type) VALUES ('heavycat978', 'soham.black@example.com', '88fdb4519897ddf3ad8dbcf2ffb5a6250c2fb0510972dc57ca2f57877b421702', 'dE299unj', 'soham', 'black', '1984-02-11 02:20:59', 5, 'Registered');
INSERT INTO useracc (username, email, password, salt, first_name, last_name, birth, country, user_type) VALUES ('organicsnake562', 'leevi.erkkila@example.com', '218cd021c1bf988148919e662a50c65114ede021f293424bdeb9ab4cef8f462a', 'OYgSMBz2', 'leevi', 'erkkila', '1973-07-28 01:48:50', 2, 'Registered');
INSERT INTO useracc (username, email, password, salt, first_name, last_name, birth, country, user_type) VALUES ('lazyostrich303', 'melih.rijpstra@example.com', '8f8ba7ca03d7ea571f89b1de4a82ecb2e83e82bae8157389e44ee38fc46f65cd', 'sL6iKllY', 'melih', 'rijpstra', '1955-11-26 11:10:52', 6, 'Registered');
INSERT INTO useracc (username, email, password, salt, first_name, last_name, birth, country, user_type) VALUES ('tinypanda776', 'نیایش.حسینی@example.com', '34a7b2eac7d7045a459780fee6c5285847210677fa4d2101c4718e2142ca92f5', 'I28ROWTC', 'نیایش', 'حسینی', '1988-04-06 12:09:53', 4, 'Registered');
INSERT INTO useracc (username, email, password, salt, first_name, last_name, birth, country, user_type) VALUES ('silverpeacock716', 'jimmie.rhodes@example.com', 'e77ac15d94cda2b2990a897746580ab35daa953740729fc2547567113cf31eeb', 'IODLUp8Z', 'jimmie', 'rhodes', '1947-11-19 11:13:18', 5, 'Registered');
INSERT INTO useracc (username, email, password, salt, first_name, last_name, birth, country, user_type) VALUES ('blueelephant566', 'landon.newman@example.com', 'fc67c0d5cb2fd77e2bb1d367dd19e6acbddca4f354397f7c9d84c81ec8b173c1', 'J63tUNVM', 'landon', 'newman', '1974-01-18 05:36:38', 6, 'Registered');
INSERT INTO useracc (username, email, password, salt, first_name, last_name, birth, country, user_type) VALUES ('blackkoala283', 'megan.singh@example.com', '605b0b70c58c19b71071821ce5541c446a720ddb17787dec51d47cc3784d8e7e', 'BeLMfTS7', 'megan', 'singh', '1984-09-25 07:14:27', 5, 'Registered');
INSERT INTO useracc (username, email, password, salt, first_name, last_name, birth, country, user_type) VALUES ('bigcat151', 'elya.dubois@example.com', 'f6842c0cb26246b31a73738ad5d6f89a61337389c345714bcc4787a1aad2753e', 'oyB4xWhW', 'elya', 'dubois', '1955-11-04 23:08:12', 4, 'Registered');
INSERT INTO useracc (username, email, password, salt, first_name, last_name, birth, country, user_type) VALUES ('bluemouse726', 'milagros.garrido@example.com', '869df1ecad854d6cb04a91f3b232626d220113c3d8dadb70c736670b4b63ed6d', 'E4fEH0b6', 'milagros', 'garrido', '1964-08-23 16:36:10', 4, 'Registered');
INSERT INTO useracc (username, email, password, salt, first_name, last_name, birth, country, user_type) VALUES ('whiteostrich638', 'miro.justi@example.com', '7bfb5a8a4540560197424403a0e1e74f9912fe063b006eaec2a9b116ddfa1b88', 'VBrN9Zgj', 'miro', 'justi', '1978-07-28 04:51:10', 4, 'Registered');
INSERT INTO useracc (username, email, password, salt, first_name, last_name, birth, country, user_type) VALUES ('bigpeacock704', 'nathaniel.taylor@example.com', '3e36baae28376674f4d5472e66838a94fefc44eaddef2a293b72a99a4b36a5bb', '2WtpEgdz', 'nathaniel', 'taylor', '1983-08-17 21:45:48', 1, 'Registered');
INSERT INTO useracc (username, email, password, salt, first_name, last_name, birth, country, user_type) VALUES ('ticklishfrog959', 'vildan.aydan@example.com', '6ae904146bc41f183050b4829f3d7f7f08ba1510e3a04c6935f1b00778374e1e', '3UpBBChr', 'vildan', 'aydan', '1982-12-23 01:41:21', 3, 'Registered');
INSERT INTO useracc (username, email, password, salt, first_name, last_name, birth, country, user_type) VALUES ('blackbird341', 'raymond.hill@example.com', 'c2eae2abf606a395cad6dfec03f7c99089dc821b072bcc6f9b43e328890c4949', 'ljR6LRjw', 'raymond', 'hill', '1958-03-28 07:08:43', 2, 'Registered');
INSERT INTO useracc (username, email, password, salt, first_name, last_name, birth, country, user_type) VALUES ('bluewolf733', 'sophie.williams@example.com', '2374c66d298552e2ffb5beb1dd550263272e63ac8f1475b84fdcaef836c82f21', '3kUqtz3u', 'sophie', 'williams', '1946-04-18 22:31:09', 4, 'Registered');
INSERT INTO useracc (username, email, password, salt, first_name, last_name, birth, country, user_type) VALUES ('blackpanda550', 'ivanoel.moura@example.com', 'b773890e576865b4dbac72b785194e7456e8b4201ac4a2cb2f778a0b2c38309f', 'bpvy1TQ6', 'ivanoel', 'moura', '1954-07-12 20:15:50', 1, 'Registered');
INSERT INTO useracc (username, email, password, salt, first_name, last_name, birth, country, user_type) VALUES ('ticklishrabbit328', 'lenny.roy@example.com', '896bb1cef5931b4da35a88f67a6d119ecbc724deafb6ee6913b56dd5eda0b281', '4OprPbKt', 'lenny', 'roy', '1983-03-23 10:37:36', 5, 'Registered');
INSERT INTO useracc (username, email, password, salt, first_name, last_name, birth, country, user_type) VALUES ('tinygorilla492', 'jakob.vogel@example.com', '44d29ad4a356339423a5a2351f4393f58c97cb7f8eb99d45b82cbefd5cd5f09b', 'Cck3md1G', 'jakob', 'vogel', '1981-11-18 20:42:11', 3, 'Registered');
INSERT INTO useracc (username, email, password, salt, first_name, last_name, birth, country, user_type) VALUES ('tinyfrog251', 'zoe.wilson@example.com', '2f83b33cd586216534c77ec696e2267cb5fca320f51f9dbe475adbc33acec8d3', 'JXTHzTT0', 'zoe', 'wilson', '1962-04-08 12:35:57', 2, 'Registered');
INSERT INTO useracc (username, email, password, salt, first_name, last_name, birth, country, user_type) VALUES ('silverleopard742', 'aino.salmi@example.com', '048debb3e89f519e51ad7f67b5d4b554d403b7f3b3dd91c16f6573f35d3ff00e', 'lp9juq3w', 'aino', 'salmi', '1973-12-08 15:24:32', 2, 'Registered');
INSERT INTO useracc (username, email, password, salt, first_name, last_name, birth, country, user_type) VALUES ('smalllion357', 'julio.reyes@example.com', '88ed03c8eaf60306c61c14ae9684b38133599814b67c67f0342f57c7ff13e677', 'xTWG5F1P', 'julio', 'reyes', '1953-01-20 05:13:03', 4, 'Registered');
INSERT INTO useracc (username, email, password, salt, first_name, last_name, birth, country, user_type) VALUES ('yellowostrich394', 'ezio.garnier@example.com', '881686fd651926026e05886dcb32a54a457f799ba1769728f0bd067ffd1de19b', 'Jsqv6als', 'ezio', 'garnier', '1956-06-08 23:49:33', 3, 'Registered');
INSERT INTO useracc (username, email, password, salt, first_name, last_name, birth, country, user_type) VALUES ('brownbird520', 'luca.wood@example.com', '140d994f9fbc4ec7176e6aa08df08b8caf6d42ab344dd1b07f79557b51ff705d', '9USSRMgP', 'luca', 'wood', '1991-03-13 15:39:27', 4, 'Registered');
INSERT INTO useracc (username, email, password, salt, first_name, last_name, birth, country, user_type) VALUES ('yellowswan925', 'kasper.oja@example.com', '725d448c9ba690d387854a1c12ba83576a827208ccfc7e8475dadbbf89fbc113', 'gLZMORKB', 'kasper', 'oja', '1974-03-06 22:46:11', 3, 'Registered');
INSERT INTO useracc (username, email, password, salt, first_name, last_name, birth, country, user_type) VALUES ('tinybear775', 'custódia.jesus@example.com', '5e99c0d8db884da7ea07827a22f1871609de7f50ff0d60dcbe2d2beb3a4c81ec', 'DcaEfn0g', 'custódia', 'jesus', '1970-02-20 11:45:57', 5, 'Registered');
INSERT INTO useracc (username, email, password, salt, first_name, last_name, birth, country, user_type) VALUES ('orangerabbit204', 'charlotte.lynch@example.com', '81ac7b47a183ef41bdaad3de48b815a2c4319b7e6d20918e64e63b773a8ad4bc', 'gaC4Jv8i', 'charlotte', 'lynch', '1961-03-18 02:36:41', 1, 'Registered');
INSERT INTO useracc (username, email, password, salt, first_name, last_name, birth, country, user_type) VALUES ('heavydog611', 'zoe.liu@example.com', 'eb771c83f792e2e582449116c7d6eecec5fdfb0a6a9ee67fd765ac9e72fe7e00', 'S7lUzeD5', 'zoe', 'liu', '1966-03-29 05:35:52', 1, 'Registered');
INSERT INTO useracc (username, email, password, salt, first_name, last_name, birth, country, user_type) VALUES ('yellowdog242', 'aubrey.miller@example.com', 'b4c812e7b4550f8162405dadd664a33dc4e52d4e03ff9334ff4d55d8580c17d5', 'gVK6g9Hc', 'aubrey', 'miller', '1965-04-08 17:37:13', 1, 'Registered');
INSERT INTO useracc (username, email, password, salt, first_name, last_name, birth, country, user_type) VALUES ('beautifulgorilla538', 'nadir.martins@example.com', '1211a671484eecf0b9044ec665d9b0732503d538319402176b297cf7a8c0e961', 'mP9Az600', 'nadir', 'martins', '1978-01-30 19:11:28', 4, 'Registered');
INSERT INTO useracc (username, email, password, salt, first_name, last_name, birth, country, user_type) VALUES ('crazycat976', 'katherine.adams@example.com', 'ce85689bb8144dd1795721a02cfe39e37f602ffe46589d6e19726ecfd6781e7f', 'JWQ0iclH', 'katherine', 'adams', '1986-01-22 12:11:46', 1, 'Registered');
INSERT INTO useracc (username, email, password, salt, first_name, last_name, birth, country, user_type) VALUES ('goldenkoala398', 'jerome.stewart@example.com', 'eab321497e927dc9f6e140ef6df38464ef31c175d42e6160eaeb09231cb1a794', 'lzglaq7d', 'jerome', 'stewart', '1963-07-16 07:50:02', 6, 'Registered');
INSERT INTO useracc (username, email, password, salt, first_name, last_name, birth, country, user_type) VALUES ('goldenwolf751', 'amalie.nielsen@example.com', 'e9cff379ead9c862733a5655be22cb64ed746d466848c176113f6c17a9a7a781', 'esR5M6Nl', 'amalie', 'nielsen', '1994-03-05 18:50:45', 6, 'Registered');
INSERT INTO useracc (username, email, password, salt, first_name, last_name, birth, country, user_type) VALUES ('greenpeacock931', 'jimi.ruona@example.com', 'f1f2a2acca3b4b5b74ed10f06da5ace092015700a568af1e7881d3421dfb6f5c', 'GU1QL4rq', 'jimi', 'ruona', '1976-06-01 16:01:39', 5, 'Registered');
INSERT INTO useracc (username, email, password, salt, first_name, last_name, birth, country, user_type) VALUES ('greenswan729', 'koert.gabriel@example.com', 'afd942fbc332c5ac65e52a8514c1b86e8f550120bb7fbd42dec616ae4637ea44', 'EN49IqkC', 'koert', 'gabriel', '1958-05-06 11:45:16', 2, 'Registered');
INSERT INTO useracc (username, email, password, salt, first_name, last_name, birth, country, user_type) VALUES ('lazydog329', 'leo.peterson@example.com', 'b2579a241ad332cb06ed12622e8634a0dffe5213f957b3a6f9c8a9373b62ef96', 'h1pyyjGC', 'leo', 'peterson', '1949-04-22 10:36:43', 3, 'Registered');
INSERT INTO useracc (username, email, password, salt, first_name, last_name, birth, country, user_type) VALUES ('purplegorilla952', 'maia.morris@example.com', '2e63772b7b201ee4326b8de3ea06c848d2bc1850e3b1d07d6a72d2c5705f277d', 'D9zwIuBd', 'maia', 'morris', '1985-01-25 20:36:05', 6, 'Registered');
INSERT INTO useracc (username, email, password, salt, first_name, last_name, birth, country, user_type) VALUES ('orangewolf314', 'matt.fisher@example.com', 'c3b101a4f54d3f57c3fcf7c8845a35855e47c825eae906d1d76a2333b57d2aae', 'nWs15f72', 'matt', 'fisher', '1950-09-13 14:15:11', 4, 'Registered');
INSERT INTO useracc (username, email, password, salt, first_name, last_name, birth, country, user_type) VALUES ('orangetiger108', 'macit.kılıççı@example.com', '4f7db46d08ac5ac9728b30e4c467e4a058734d959f46d64ed368430ce3588df2', 'Dh7EkifW', 'macit', 'kılıççı', '1945-04-17 08:41:38', 5, 'Registered');
INSERT INTO useracc (username, email, password, salt, first_name, last_name, birth, country, user_type) VALUES ('lazywolf480', 'الینا.نجاتی@example.com', 'bf49daf8ba6180775b173b7814641793b0afeabe58cd11a09fe2effcc2346c64', 'zGIkOTGj', 'الینا', 'نجاتی', '1958-03-04 03:05:05', 5, 'Registered');
INSERT INTO useracc (username, email, password, salt, first_name, last_name, birth, country, user_type) VALUES ('bigelephant487', 'deolindo.ferreira@example.com', 'f4c92a7af4efafb37d1938a2a2753834741671ccca6646a6a600aba24c727859', 'nih9qSd4', 'deolindo', 'ferreira', '1962-02-19 02:54:25', 6, 'Registered');
INSERT INTO useracc (username, email, password, salt, first_name, last_name, birth, country, user_type) VALUES ('ticklishmouse777', 'nicole.woods@example.com', '5530a302d0faca568b75dea2fd1b0a3c7651e6b25ea06d375e7984217eb90492', 'RniqY1m6', 'nicole', 'woods', '1980-03-09 23:02:47', 6, 'Registered');
INSERT INTO useracc (username, email, password, salt, first_name, last_name, birth, country, user_type) VALUES ('blueostrich139', 'katerine.gonçalves@example.com', '3745f754940c61797ee422b2b51c8a8f55aab0cc6a97c67be57c5c9224d6b65c', 'y0qiBKEx', 'katerine', 'gonçalves', '1963-01-07 13:05:56', 6, 'Registered');
INSERT INTO useracc (username, email, password, salt, first_name, last_name, birth, country, user_type) VALUES ('blackrabbit179', 'بنیامین.سهيليراد@example.com', 'e2b362e794e9349c6a0b9bc4ecf46d8dfd953d8f9e51d46c8ea87e5ffe8426c6', 'SX2PH5CG', 'بنیامین', 'سهيلي راد', '1952-08-09 14:27:59', 2, 'Registered');
INSERT INTO useracc (username, email, password, salt, first_name, last_name, birth, country, user_type) VALUES ('beautifulfrog568', 'addison.richardson@example.com', 'dd83d3c83cc7851cfd97d3735f48b77cf2fa281a6e51fc65225ab6746f0f1003', 'e1pgMPm3', 'addison', 'richardson', '1968-03-11 09:18:27', 2, 'Registered');
INSERT INTO useracc (username, email, password, salt, first_name, last_name, birth, country, user_type) VALUES ('whiteduck565', 'laly.morin@example.com', '900c8f3a5f27b13197dfa94d0840a67211719c34061df255adc95e440a361910', 'cMfi5Wql', 'laly', 'morin', '1957-06-29 00:16:06', 3, 'Registered');
INSERT INTO useracc (username, email, password, salt, first_name, last_name, birth, country, user_type) VALUES ('tinylion932', 'محمد.کامروا@example.com', 'b0a16379541b7041fc7b40cacf4423933f26c759547e498b50adf74fbd2637d7', 'wABn5ACX', 'محمد', 'کامروا', '1976-12-06 00:50:36', 3, 'Registered');
INSERT INTO useracc (username, email, password, salt, first_name, last_name, birth, country, user_type) VALUES ('silverpeacock752', 'zélio.nunes@example.com', '2544238dc6f29db6c77b616c05f44c189d9893ab1cf2d1f21c5632184602b849', 'u6H69OX5', 'zélio', 'nunes', '1963-02-03 22:11:34', 2, 'Registered');
INSERT INTO useracc (username, email, password, salt, first_name, last_name, birth, country, user_type) VALUES ('greenswan649', 'freja.sørensen@example.com', 'c7d3afe42471c70fa5fa0796596e4fdb56eea4e07bf64938f418b5da72a2b227', 'dMLYvxq9', 'freja', 'sørensen', '1995-06-22 06:54:41', 1, 'Registered');

INSERT INTO topic (admin_id, topicname, description) VALUES (1, 'programming', 'for programmers, just like you.');
INSERT INTO topic (admin_id, topicname, description) VALUES (1, 'mathematics', 'for people studying math at any level.');
INSERT INTO topic (admin_id, topicname, description) VALUES (1, 'aviation', 'for aircraft pilots, mechanics and enthusiasts.');

INSERT INTO post (current_state, up_score, down_score) VALUES ('Published', 3, 1);
INSERT INTO postinstance (post_id, user_id, description) VALUES (1, 9, '&lt;p&gt;I am dealing with a variant of the Maximum Bipartite Matching problem.
The original problem is as the following:&lt;/p&gt;

&lt;p&gt;&lt;em&gt;There are M job applicants and N jobs. Each applicant has a subset of jobs that he/she is interested in. Each job opening can only accept one applicant and a job applicant can be appointed for only one job. Find an assignment of jobs to applicants in such that as many applicants as possible get jobs.&lt;/em&gt;&lt;/p&gt;

&lt;p&gt;&lt;a href=&quot;https://i.stack.imgur.com/MsqGH.png&quot; rel=&quot;nofollow noreferrer&quot;&gt;&lt;img src=&quot;https://i.stack.imgur.com/MsqGH.png&quot; alt=&quot;enter image description here&quot;&gt;&lt;/a&gt;&lt;/p&gt;

&lt;p&gt;The additional constraint is that:&lt;/p&gt;

&lt;p&gt;&lt;em&gt;Each applicant belongs to a certain group. Now, instead of maximize the number of applicants, we want to &lt;strong&gt;maximize of number of happy groups&lt;/strong&gt;. A happy group is a group in which &lt;strong&gt;all of its applicants can get a job&lt;/strong&gt;.&lt;/em&gt;&lt;/p&gt;

&lt;p&gt;Any ideas/discussions are welcome!&lt;/p&gt;
');
INSERT INTO question (post_id, topic_id, title) VALUES (1, 1, 'Algorithm - A variant of Maximum Bipartite Matching');
INSERT INTO activity (post_id, user_id, action) VALUES (1, 9, 'Create');
INSERT INTO tag (text) VALUES ('algorithm');
INSERT INTO questiontag (question_id, tag_id) VALUES (1, 1);
INSERT INTO tag (text) VALUES ('matching');
INSERT INTO questiontag (question_id, tag_id) VALUES (1, 2);
INSERT INTO tag (text) VALUES ('bipartite');
INSERT INTO questiontag (question_id, tag_id) VALUES (1, 3);

INSERT INTO post (current_state, up_score, down_score) VALUES ('Published', 0, 0);
INSERT INTO postinstance (post_id, user_id, description) VALUES (2, 23, '&lt;p&gt;I have a list of data.frame that contains interval data. For some reason, I applied two consecutive threshold value on those data, whereas first threshold value to filter out unwanted data item first, then second threshold value to be applied those rest of data, aims to render the summary (just total number of data items after second threshold value applied), but to be returned without further split. I aware that &lt;code&gt;dplyr&lt;/code&gt; package provides &lt;code&gt;summary&lt;/code&gt; function to accomplish this sort of task. I tried related post in &lt;code&gt;SO&lt;/code&gt;, but the final result is not desired. My goal is, the second threshold value to be applied those data that filtered from the first threshold value, aims to render summary of data(number of data item), but must be returned without splitting. How can I make this happen? Can anyone point me how to achieve this goal? Any idea please? &lt;/p&gt;

&lt;p&gt;Here is the minimal reproducible example:&lt;/p&gt;

&lt;pre&gt;&lt;code&gt;Qualified &amp;lt;- list(
        hotan = data.frame( begin=seq(1, by=6, len=45), end=seq(4, by=6, len=45), pos.score=sample(125, 45)),
        aksu = data.frame( begin=seq(3, by=9, len=36), end=seq(6, by=9, len=36), pos.score=sample(84, 36)),
        korla = data.frame( begin=seq(6, by=8, len=52), end=seq(11, by=8, len=52), pos.score=sample(172, 52))
    )
&lt;/code&gt;&lt;/pre&gt;

&lt;p&gt;Here is my original implementation:&lt;/p&gt;

&lt;pre&gt;&lt;code&gt;catgFunc &amp;lt;- function(grp, t.w=12, t.s=34, fname=&quot;droped&quot;){
    res &amp;lt;- lapply(seq_along(grp), function(x) {
        dt &amp;lt;- grp[[x]]
        dnm &amp;lt;- names(grp)[x]
        drop &amp;lt;- dt[dt$pos.score &amp;lt;=t.w]
        write.csv(drop, sprintf(&quot;%s/%s.%s.csv&quot;, dnm, fname))
        keep &amp;lt;- dt[dt$pos.score &amp;gt;= t.w]
        ## How to use second parameter to see below t.s and above that threshold
        ## I want to see number of item its pos.score below and above the threshold `t.s`
        ## But I don&#x27;t want them split
        return(keep)
    })
    rslt &amp;lt;- setNames(res, names(grp))
}
&lt;/code&gt;&lt;/pre&gt;

&lt;p&gt;I want to make little improvement on my function, whereas &lt;code&gt;catgFunc&lt;/code&gt; can use &lt;code&gt;t.w&lt;/code&gt;, &lt;code&gt;t.s&lt;/code&gt; numerical threshold; &lt;code&gt;t.w&lt;/code&gt; to be applied the list of data.frame to remove unwanted data item first; then rest of data can be evaluated with &lt;code&gt;t.s&lt;/code&gt; and render the summary of result (total number of data item), but those either can be addede as meta data to the result of data from &lt;code&gt;t.w&lt;/code&gt; output (this optional), but return those as &lt;code&gt;list&lt;/code&gt; is required.  &lt;/p&gt;

&lt;p&gt;How can I make this happen easily? How can I achieve this goal? Thanks in advance :)&lt;/p&gt;

&lt;p&gt;&lt;strong&gt;Edit&lt;/strong&gt;:&lt;/p&gt;

&lt;p&gt;Perhaps, personally think, it is much easier to render summarize list for the output of &lt;code&gt;catgFunc&lt;/code&gt;. Is that possible to achieve my previous goal? If no, How to make this happen for the speficaiton of this &lt;code&gt;Edit&lt;/code&gt; ? Any better idea?&lt;/p&gt;

&lt;p&gt;Here is my updated attempt to solve my problem, but still no luck with that:&lt;/p&gt;

&lt;p&gt;output &amp;lt;- catgFunc(Qualified, t.w = 12)&lt;/p&gt;

&lt;pre&gt;&lt;code&gt;smrDat &amp;lt;- bind_rows(output, .id = &quot;id&quot;) %&amp;gt;%
    mutate(stringency = ifelse(pos.score &amp;gt;= 34,
                               &quot;Stringent&quot;, &quot;Weak&quot;)) %&amp;gt;% summarise()
&lt;/code&gt;&lt;/pre&gt;
');
INSERT INTO question (post_id, topic_id, title) VALUES (2, 1, 'How to summarize list of data.frame after two consecutive threshold were applied?');
INSERT INTO activity (post_id, user_id, action) VALUES (2, 23, 'Create');
INSERT INTO tag (text) VALUES ('r');
INSERT INTO questiontag (question_id, tag_id) VALUES (2, 4);
INSERT INTO tag (text) VALUES ('dataframe');
INSERT INTO questiontag (question_id, tag_id) VALUES (2, 5);
INSERT INTO tag (text) VALUES ('dplyr');
INSERT INTO questiontag (question_id, tag_id) VALUES (2, 6);

INSERT INTO post (current_state, up_score, down_score) VALUES ('Published', 0, 0);
INSERT INTO postinstance (post_id, user_id, description) VALUES (3, 18, '&lt;p&gt;I am passing user defined table type to a stored procedure. But it throws error as &quot;No mapping exists from object type System.Collections.Generic.List`1 to a known managed provider native type.&quot;&lt;/p&gt;

&lt;pre&gt;&lt;code&gt;UserDefinedTableType:
CREATE TYPE UserQueryAttachmentList AS TABLE 
(
[UserQueryId] NVARCHAR(50),
[AttachmentPath] NVARCHAR(200),
[AttachmentName]  NVARCHAR(200),
[AttachmentFor] NVARCHAR(50),
[CreatedBy] NVARCHAR(50) 
);

Stored Procedure:
CREATE PROCEDURE PROC_UserQueryAttachment_Insert
(
@Table UserQueryAttachmentList READONLY
)
AS
BEGIN

INSERT INTO dbo.[UserQueryAttachments]
(
    UserQueryId,
    AttachmentPath,
    AttachmentName,
    AttachmentFor,
    CreatedBy,
    CreatedDate
)
SELECT
    UserQueryId,
    AttachmentPath,
    AttachmentName,
    AttachmentFor,
    CreatedBy,
    GETDATE()
FROM
    @Table T

END

C#:
public override bool SaveUserQueryAttachment(List&amp;lt;UserQueryAttachmentToCreate&amp;gt; fileList)
    {

        try
        {
            this.ExecuteStoredProcedureOrQuery&amp;lt;UserQueryAttachmentToCreate&amp;gt;(&quot;PROC_UserQueryAttachment_Insert&quot;, CommandType.StoredProcedure,
                new SqlParameter(&quot;@Table&quot;, fileList)
                );
            return true;

        }
        catch (Exception ex)
        {
            return false;
        }
    }
&lt;/code&gt;&lt;/pre&gt;

&lt;p&gt;Please guide me why this error occuring?&lt;/p&gt;
');
INSERT INTO question (post_id, topic_id, title) VALUES (3, 1, 'UDT Type in Stored Procedure: Error - No mapping exists from object type System.Collections.Generic.List`1 to a known managed provider native type');
INSERT INTO activity (post_id, user_id, action) VALUES (3, 18, 'Create');
INSERT INTO tag (text) VALUES ('c#');
INSERT INTO questiontag (question_id, tag_id) VALUES (3, 7);
INSERT INTO tag (text) VALUES ('sql-server');
INSERT INTO questiontag (question_id, tag_id) VALUES (3, 8);
INSERT INTO tag (text) VALUES ('asp.net-mvc');
INSERT INTO questiontag (question_id, tag_id) VALUES (3, 9);
INSERT INTO tag (text) VALUES ('stored-procedures');
INSERT INTO questiontag (question_id, tag_id) VALUES (3, 10);
INSERT INTO tag (text) VALUES ('user-defined-types');
INSERT INTO questiontag (question_id, tag_id) VALUES (3, 11);

INSERT INTO post (current_state, up_score, down_score) VALUES ('Published', 0, 0);
INSERT INTO postinstance (post_id, user_id, description) VALUES (4, 43, '&lt;p&gt;I have a &lt;strong&gt;entity A&lt;/strong&gt; which has a relation @OneToMany with a &lt;strong&gt;entity B&lt;/strong&gt; (fetch mode = EAGER). &lt;strong&gt;Entitity A&lt;/strong&gt; has other relations in LAZY with other entities too, but isn&#x27;t important for this problem.&lt;/p&gt;

&lt;p&gt;&lt;strong&gt;Entity B&lt;/strong&gt; has a relation @ManyToOne with &lt;strong&gt;entity A&lt;/strong&gt; too (fech mode = EAGER). &lt;strong&gt;Entitity B&lt;/strong&gt; has other relations in LAZY with other entities too, but isn&#x27;t important for this problem.&lt;/p&gt;

&lt;p&gt;Later, I have a interface that implements JpaRepository class where I define a @Query with some inner joins between others entities for get a coleccion of &lt;strong&gt;Entities A&lt;/strong&gt; of 10 items with a calculated score, using Page and Pageable elements.&lt;/p&gt;

&lt;p&gt;Here this process fail. why?&lt;/p&gt;

&lt;p&gt;My table for entity A in Database has +1000 registers that have the conditions of @query. But before Hibernate or JPA return me 10 entities A, internally, exect 1000+ selects for get Entities B data (EAGER realation) and explote.&lt;/p&gt;

&lt;p&gt;why dont get 10 entities A and exec 10 &quot;selects&quot; for get 10 entities B only?&lt;/p&gt;

&lt;p&gt;&lt;strong&gt;The unique solution is change my relations from EAGER to LAZY?? dont work pageable with EAGER?&lt;/strong&gt;&lt;/p&gt;

&lt;p&gt;Why did this happend? any solution?&lt;/p&gt;
');
INSERT INTO question (post_id, topic_id, title) VALUES (4, 1, 'EAGER and Pagination : Spring MVC + JPA Repository + Hibernate');
INSERT INTO activity (post_id, user_id, action) VALUES (4, 43, 'Create');
INSERT INTO tag (text) VALUES ('hibernate');
INSERT INTO questiontag (question_id, tag_id) VALUES (4, 12);
INSERT INTO tag (text) VALUES ('spring-mvc');
INSERT INTO questiontag (question_id, tag_id) VALUES (4, 13);
INSERT INTO tag (text) VALUES ('jpa');
INSERT INTO questiontag (question_id, tag_id) VALUES (4, 14);
INSERT INTO tag (text) VALUES ('entity-relationship');
INSERT INTO questiontag (question_id, tag_id) VALUES (4, 15);
INSERT INTO tag (text) VALUES ('eager');
INSERT INTO questiontag (question_id, tag_id) VALUES (4, 16);

INSERT INTO post (current_state, up_score, down_score) VALUES ('Published', 0, 0);
INSERT INTO postinstance (post_id, user_id, description) VALUES (5, 39, '&lt;p&gt;Im busy trying to write code that calls different macros based on the value of a cell across an entire range on VBA.&lt;/p&gt;

&lt;p&gt;So for the example I have a range S20:S21.&lt;/p&gt;

&lt;p&gt;When the value in cell S20 is equal to 1, I want to call macro1.
When the value in cell S21 is equal to 2, I want to call macro2.&lt;/p&gt;

&lt;p&gt;When there is no match I have a time that it will test it in the next 5 seconds again where it will start from the top checking if cell S20 is 1 or of S20 is 2.&lt;/p&gt;

&lt;p&gt;This is currently the code I have.&lt;/p&gt;

&lt;pre&gt;&lt;code&gt;    Dim TimeToRun

Sub auto_open()
    Call ScheduleCopyPriceOver
End Sub


Sub ScheduleCopyPriceOver()
    TimeToRun = Now + TimeValue(&quot;00:00:05&quot;)
    Application.OnTime TimeToRun, &quot;CopyPriceOver&quot;
End Sub

Sub CopyPriceOver()
Application.ScreenUpdating = False

    Number = Range(&quot;S20:S22&quot;).Value

    If Number = 1 Then

    Call Macro1
    Call ScheduleCopyPriceOver

    ElseIf Number = 2 Then

    Call Macro2
    Call ScheduleCopyPriceOver

    Else

    Call ScheduleCopyPriceOver
    End If


End Sub

Sub auto_close()
    On Error Resume Next
    Application.OnTime TimeToRun, &quot;CopyPriceOver&quot;, , False
End Sub
&lt;/code&gt;&lt;/pre&gt;
');
INSERT INTO question (post_id, topic_id, title) VALUES (5, 1, 'Running Different Macros Based on Values in Range');
INSERT INTO activity (post_id, user_id, action) VALUES (5, 39, 'Create');
INSERT INTO tag (text) VALUES ('excel');
INSERT INTO questiontag (question_id, tag_id) VALUES (5, 17);
INSERT INTO tag (text) VALUES ('vba');
INSERT INTO questiontag (question_id, tag_id) VALUES (5, 18);
INSERT INTO tag (text) VALUES ('excel-vba');
INSERT INTO questiontag (question_id, tag_id) VALUES (5, 19);

INSERT INTO post (current_state, up_score, down_score) VALUES ('Published', 2, 1);
INSERT INTO postinstance (post_id, user_id, description) VALUES (6, 10, '&lt;p&gt;So I&#x27;m playing around JavaScript&#x27;s Date object, and I ran into something I think is a little strange.&lt;br&gt;
I&#x27;m trying to figure out how many days there is between 2 given dates, and for that I use the formula below:&lt;/p&gt;

&lt;pre&gt;&lt;code&gt;var oneDay = 24*60*60*1000;
var diffDays = Math.round(Math.abs((firstDate.getTime() - secondDate.getTime())/(oneDay)));
&lt;/code&gt;&lt;/pre&gt;

&lt;p&gt;If you take 2017-05-28 &amp;amp; 2017-05-30 it returns &lt;strong&gt;2 days&lt;/strong&gt; - as it should  &lt;/p&gt;

&lt;pre&gt;&lt;code&gt;var oneDay = 24*60*60*1000;
var firstDate = new Date(2017, 05, 28);
var secondDate = new Date(2017, 05, 30);
var diffDays = Math.round(Math.abs((firstDate.getTime() - secondDate.getTime())/(oneDay)));
&lt;/code&gt;&lt;/pre&gt;

&lt;p&gt;If you take 2017-05-30 &amp;amp; 2017-06-01 it returns &lt;strong&gt;1 days&lt;/strong&gt; - supposed to be 2 days&lt;/p&gt;

&lt;pre&gt;&lt;code&gt;var oneDay = 24*60*60*1000;
var firstDate = new Date(2017, 05, 28);
var secondDate = new Date(2017, 05, 30);
var diffDays = Math.round(Math.abs((firstDate.getTime() - secondDate.getTime())/(oneDay)));
&lt;/code&gt;&lt;/pre&gt;

&lt;p&gt;If you take 2017-05-30 &amp;amp; 2017-06-01 it returns &lt;strong&gt;3 days&lt;/strong&gt; - supposed to be 2 days&lt;/p&gt;

&lt;pre&gt;&lt;code&gt;var oneDay = 24*60*60*1000;
var firstDate = new Date(2017, 11, 29);
var secondDate = new Date(2017, 12, 01);
var diffDays = Math.round(Math.abs((firstDate.getTime() - secondDate.getTime())/(oneDay)));
&lt;/code&gt;&lt;/pre&gt;
');
INSERT INTO question (post_id, topic_id, title) VALUES (6, 1, 'Calculating how many days between dates, diffrent months');
INSERT INTO activity (post_id, user_id, action) VALUES (6, 10, 'Create');
INSERT INTO tag (text) VALUES ('javascript');
INSERT INTO questiontag (question_id, tag_id) VALUES (6, 20);
INSERT INTO tag (text) VALUES ('date');
INSERT INTO questiontag (question_id, tag_id) VALUES (6, 21);

INSERT INTO post (current_state, up_score, down_score) VALUES ('Published', -1, 0);
INSERT INTO postinstance (post_id, user_id, description) VALUES (7, 37, '&lt;p&gt;I have file .psd  with sizes 1920X1080. 
I need to make responsive website that will look good for small and big screens.
I have made from this psd html with pixel perfect technic.
I just don&#x27;t understand how to make from it design for smaller screens.
Please advise.&lt;/p&gt;
');
INSERT INTO question (post_id, topic_id, title) VALUES (7, 1, 'psd to html 1920X1080');
INSERT INTO activity (post_id, user_id, action) VALUES (7, 37, 'Create');
INSERT INTO tag (text) VALUES ('html');
INSERT INTO questiontag (question_id, tag_id) VALUES (7, 22);
INSERT INTO tag (text) VALUES ('css');
INSERT INTO questiontag (question_id, tag_id) VALUES (7, 23);
INSERT INTO tag (text) VALUES ('markup');
INSERT INTO questiontag (question_id, tag_id) VALUES (7, 24);
INSERT INTO tag (text) VALUES ('psd');
INSERT INTO questiontag (question_id, tag_id) VALUES (7, 25);

INSERT INTO post (current_state, up_score, down_score) VALUES ('Published', 0, 0);
INSERT INTO postinstance (post_id, user_id, description) VALUES (8, 30, '&lt;p&gt;I would like to open a featherlight lightbox with some html-content. The content contains some small pictures and I would like to use the featherlight for the images too to show bigger sizes. &lt;/p&gt;

&lt;p&gt;For example: I added the link to the image in the ajax examples div from &lt;a href=&quot;http://noelboss.github.io/featherlight/&quot; rel=&quot;nofollow noreferrer&quot;&gt;http://noelboss.github.io/featherlight/&lt;/a&gt;&lt;/p&gt;

&lt;pre&gt;&lt;code&gt;&amp;lt;div class=&quot;ajaxcontent lightbox&quot;&amp;gt;
    &amp;lt;h2&amp;gt;This Ligthbox was loaded using ajax&amp;lt;/h2&amp;gt;
    &amp;lt;p&amp;gt;With &amp;lt;a href=&quot;https://github.com/noelboss/featherlight/#installation&quot;&amp;gt;little code&amp;lt;/a&amp;gt;, you can build lightboxes that use custom content loaded with ajax...&amp;lt;/p&amp;gt;&amp;lt;a class=&quot;btn btn-default&quot; href=&quot;assets/images/droplets.jpg&quot; data-featherlight=&quot;image&quot;&amp;gt;Image&amp;lt;/a&amp;gt;
&amp;lt;/div&amp;gt;
&lt;/code&gt;&lt;/pre&gt;

&lt;p&gt;when the lightbox opens Ihave to double-click on the image/button to let it open.&lt;/p&gt;

&lt;p&gt;Is it possible to open it on the first click? &lt;/p&gt;

&lt;p&gt;&lt;a href=&quot;http://mederano.bplaced.net/test/&quot; rel=&quot;nofollow noreferrer&quot;&gt;Example&lt;/a&gt;&lt;/p&gt;
');
INSERT INTO question (post_id, topic_id, title) VALUES (8, 1, 'Open a Lightbox in a Featherlight.js Lightbox without double-click - Is it possible?');
INSERT INTO activity (post_id, user_id, action) VALUES (8, 30, 'Create');
INSERT INTO tag (text) VALUES ('featherlight.js');
INSERT INTO questiontag (question_id, tag_id) VALUES (8, 26);

INSERT INTO post (current_state, up_score, down_score) VALUES ('Published', 0, 0);
INSERT INTO postinstance (post_id, user_id, description) VALUES (9, 37, '&lt;p&gt;I have been trying for two days to decrypt a file whith the private key containing &#x27;lolilol&#x27; after having encrypted it with the public key rsa 4096. I then get padding errors, I tried everything to do, I get the error Javax.crypto.BadPaddingException: Decryption error&lt;/p&gt;

&lt;p&gt;Could you help me please? And even after reading the doc on the padding I did not succeed
Encryption works fine, but decryption skips a mistake&lt;/p&gt;

&lt;p&gt;Below my code :&lt;/p&gt;

&lt;pre&gt;&lt;code&gt;import java.io.BufferedWriter;
import java.io.File;
import java.io.FileInputStream;
import java.io.FileOutputStream;
import java.io.FileWriter;
import java.security.Key;
import java.security.KeyPair;
import java.security.KeyPairGenerator;
import java.security.MessageDigest;
import java.security.NoSuchAlgorithmException;
import java.security.SecureRandom;
import java.security.Security;

import javax.crypto.Cipher;

import sun.misc.BASE64Encoder;

public class GenerateRSAKeys{


    private Key pubKey;
    private Key privKey;

    public static void main(String[] args)
    {
        String input = &quot;C:\\Users\\toto\\Desktop\\nomFichier_entrant.ext&quot;;
        String output = &quot;C:\\Users\\toto\\Desktop\\nomFichier_entrant.ext.enc&quot;;
        String dec = &quot;C:\\Users\\toto\\Desktop\\nomFichier_entrant.ext.dec&quot;;
        String publicKeyFilename = &quot;C:\\Users\\toto\\Desktop\\HR_pubkey_prd.pem&quot;;
        String privateKeyFilename = &quot;C:\\Users\\toto\\Desktop\\PE_privkey_prd.pem&quot;;

        GenerateRSAKeys generateRSAKeys = new GenerateRSAKeys();

        /*         if (args.length &amp;lt; 2)
        {
            System.err.println(&quot;Usage: java &quot;+ generateRSAKeys.getClass().getName()+
            &quot; Public_Key_Filename Private_Key_Filename&quot;);
            System.exit(1);
        }

        publicKeyFilename = args[0].trim();
        privateKeyFilename = args[1].trim(); */
        generateRSAKeys.generate(publicKeyFilename, privateKeyFilename);

        //generateRSAKeys.encrypt(input, output);
        generateRSAKeys.encrypt(input, output);
        generateRSAKeys.decrypt(output, dec);

    }

    private void generate (String publicKeyFilename, String privateFilename){

        try {

            Security.addProvider(new org.bouncycastle.jce.provider.BouncyCastleProvider());

            // Create the public and private keys
            KeyPairGenerator generator = KeyPairGenerator.getInstance(&quot;RSA&quot;, &quot;BC&quot;);
            BASE64Encoder b64 = new BASE64Encoder();

            KeyPairGenerator keyGen = KeyPairGenerator.getInstance(&quot;RSA&quot;);
            /* SecureRandom random = new SecureRandom();

            keyGen.initialize(4096, random);

            KeyPair pair = keyGen.generateKeyPair();
            pubKey = pair.getPublic();
            privKey = pair.getPrivate(); */

            SecureRandom random = createFixedRandom();
            generator.initialize(4096, random);

            KeyPair pair = generator.generateKeyPair();
            pubKey = pair.getPublic();
            privKey = pair.getPrivate();

            System.out.println(&quot;publicKey : &quot; + b64.encode(pubKey.getEncoded()));
            System.out.println(&quot;privateKey : &quot; + b64.encode(privKey.getEncoded()));

            BufferedWriter out = new BufferedWriter(new FileWriter(publicKeyFilename));
            out.write(b64.encode(pubKey.getEncoded()));
            out.close();

            out = new BufferedWriter(new FileWriter(privateFilename));
            out.write(b64.encode(privKey.getEncoded()));
            out.close();


        }
        catch (Exception e) {
            System.out.println(e);
        }
    }

    public static SecureRandom createFixedRandom()
    {
        return new FixedRand();
    }

    private static class FixedRand extends SecureRandom {

        MessageDigest sha;
        byte[] state;

        FixedRand() {
            try
            {
                this.sha = MessageDigest.getInstance(&quot;SHA-1&quot;);
                this.state = sha.digest();
            }
            catch (NoSuchAlgorithmException e)
            {
                throw new RuntimeException(&quot;can&#x27;t find SHA-1!&quot;);
            }
        }

        public void nextBytes(byte[] bytes){

            int    off = 0;

            sha.update(state);

            while (off &amp;lt; bytes.length)
            {                
                state = sha.digest();

                if (bytes.length - off &amp;gt; state.length)
                {
                    System.arraycopy(state, 0, bytes, off, state.length);
                }
                else
                {
                    System.arraycopy(state, 0, bytes, off, bytes.length - off);
                }

                off += state.length;

                sha.update(state);
            }
        }
    }

    public void encrypt(String input, String output) {
        File outputFile;
        FileInputStream inputStream;
        FileOutputStream outputStream;
        Cipher cipher;
        byte[] inputBytes;
        byte[] outputBytes;

        try {
            outputFile = new File(output);
            inputStream = new FileInputStream(input);
            outputStream = new FileOutputStream(outputFile);
            cipher = Cipher.getInstance(&quot;RSA&quot;);
            cipher.init(Cipher.ENCRYPT_MODE, pubKey);
            inputBytes = new byte[(int) input.length()];
            inputStream.read(inputBytes);
            outputBytes = cipher.doFinal(inputBytes);
            outputStream.write(outputBytes);

            // System.out.println(new String(inputBytes, &quot;UTF-8&quot;));

            System.out.println(&quot;encrypt&quot;);
            System.out.println(new String(outputBytes, &quot;UTF-8&quot;));
            System.out.println(&quot;fin encrypt&quot;);
        } catch (Exception e) {
            e.printStackTrace();
        }
    }

    public void decrypt(String input, String output) {
        File outputFile;
        FileInputStream inputStream;
        FileOutputStream outputStream;
        Cipher cipher;
        byte[] inputBytes;
        byte[] outputBytes;

        try {
            outputFile = new File(output);
            inputStream = new FileInputStream(input);
            outputStream = new FileOutputStream(outputFile);
            cipher = Cipher.getInstance(&quot;RSA&quot;);
            cipher.init(Cipher.DECRYPT_MODE, privKey);
            inputBytes = new byte[(int) input.length()];
            inputStream.read(inputBytes);
            outputBytes = cipher.doFinal(inputBytes);
            outputStream.write(outputBytes);

            // System.out.println(new String(inputBytes, &quot;UTF-8&quot;));

            System.out.println(&quot;decrypt&quot;);
            System.out.println(new String(outputBytes, &quot;UTF-8&quot;));
            System.out.println(&quot;fin decrypt&quot;);
        } catch (Exception e) {
            e.printStackTrace();
        }
    }
}
&lt;/code&gt;&lt;/pre&gt;
');
INSERT INTO question (post_id, topic_id, title) VALUES (9, 1, 'java bouncy castle RSA 4096 decryption padding error');
INSERT INTO activity (post_id, user_id, action) VALUES (9, 37, 'Create');
INSERT INTO tag (text) VALUES ('java');
INSERT INTO questiontag (question_id, tag_id) VALUES (9, 27);
INSERT INTO tag (text) VALUES ('encryption');
INSERT INTO questiontag (question_id, tag_id) VALUES (9, 28);
INSERT INTO tag (text) VALUES ('file-io');
INSERT INTO questiontag (question_id, tag_id) VALUES (9, 29);
INSERT INTO tag (text) VALUES ('rsa');
INSERT INTO questiontag (question_id, tag_id) VALUES (9, 30);
INSERT INTO tag (text) VALUES ('padding');
INSERT INTO questiontag (question_id, tag_id) VALUES (9, 31);

INSERT INTO post (current_state, up_score, down_score) VALUES ('Published', 0, 0);
INSERT INTO postinstance (post_id, user_id, description) VALUES (10, 46, '&lt;p&gt;I need to close all open Chrome drivers in Selenium. All my methods are closing only one of them. The reason why I need to close all drivers at the same time - in the start of my program I don&#x27;t know how many drivers I need to open, so I try to open a few drivers with same driver names in cycle.&lt;/p&gt;

&lt;p&gt;&lt;strong&gt;How I opened these drivers:&lt;/strong&gt;&lt;/p&gt;

&lt;pre&gt;&lt;code&gt;driver.get(firstURL);
driver.get(secondURL);
&lt;/code&gt;&lt;/pre&gt;

&lt;p&gt;&lt;strong&gt;How I tried to close both drivers:&lt;/strong&gt;&lt;/p&gt;

&lt;p&gt;&lt;strong&gt;&lt;em&gt;First try:&lt;/em&gt;&lt;/strong&gt;&lt;/p&gt;

&lt;pre&gt;&lt;code&gt;driver.close();
&lt;/code&gt;&lt;/pre&gt;

&lt;p&gt;&lt;strong&gt;Second try:&lt;/strong&gt;&lt;/p&gt;

&lt;pre&gt;&lt;code&gt;driver.quit();
&lt;/code&gt;&lt;/pre&gt;

&lt;p&gt;&lt;strong&gt;&lt;em&gt;Third try:&lt;/em&gt;&lt;/strong&gt;&lt;/p&gt;

&lt;pre&gt;&lt;code&gt;driver.close();
driver.close();
&lt;/code&gt;&lt;/pre&gt;

&lt;p&gt;&lt;strong&gt;&lt;em&gt;Fourth try:&lt;/em&gt;&lt;/strong&gt;&lt;/p&gt;

&lt;pre&gt;&lt;code&gt;driver.quit();
driver.quit();
&lt;/code&gt;&lt;/pre&gt;
');
INSERT INTO question (post_id, topic_id, title) VALUES (10, 1, 'How to close all opened drivers in Selenium?');
INSERT INTO activity (post_id, user_id, action) VALUES (10, 46, 'Create');
INSERT INTO questiontag (question_id, tag_id) VALUES (10, 27);
INSERT INTO tag (text) VALUES ('selenium');
INSERT INTO questiontag (question_id, tag_id) VALUES (10, 32);
INSERT INTO tag (text) VALUES ('phantomjs');
INSERT INTO questiontag (question_id, tag_id) VALUES (10, 33);
INSERT INTO tag (text) VALUES ('selenium-chromedriver');
INSERT INTO questiontag (question_id, tag_id) VALUES (10, 34);

INSERT INTO post (current_state, up_score, down_score) VALUES ('Published', 0, 0);
INSERT INTO postinstance (post_id, user_id, description) VALUES (11, 28, '&lt;p&gt;If something happens in my app I want to kill the app there and then. In swift I can use fatalError(), is there a java equivalent?&lt;/p&gt;
');
INSERT INTO question (post_id, topic_id, title) VALUES (11, 1, 'Is there an Android equivalent to iOS&#180;s (swifts) fatalError()?');
INSERT INTO activity (post_id, user_id, action) VALUES (11, 28, 'Create');
INSERT INTO tag (text) VALUES ('android');
INSERT INTO questiontag (question_id, tag_id) VALUES (11, 35);
INSERT INTO tag (text) VALUES ('swift');
INSERT INTO questiontag (question_id, tag_id) VALUES (11, 36);
INSERT INTO tag (text) VALUES ('fatal-error');
INSERT INTO questiontag (question_id, tag_id) VALUES (11, 37);

INSERT INTO post (current_state, up_score, down_score) VALUES ('Published', 0, 0);
INSERT INTO postinstance (post_id, user_id, description) VALUES (12, 24, '&lt;p&gt;I am using Google&#x27;s &lt;code&gt;Volley&lt;/code&gt; to make &lt;code&gt;GET&lt;/code&gt; and &lt;code&gt;POST&lt;/code&gt; requests using the following custom request class:&lt;/p&gt;

&lt;pre&gt;&lt;code&gt;public class GsonRequest&amp;lt;T&amp;gt; extends Request&amp;lt;T&amp;gt; {

    private static final int SOCKET_TIMEOUT_MS = 30000;
    private static final int MAX_RETRIES = 3;

    private final Gson gson = new Gson();
    private final Type type;
    private final Map&amp;lt;String, String&amp;gt; params;
    private final Response.Listener&amp;lt;T&amp;gt; listener;

    /**
     * Make a GET request and return a parsed object from JSON.
     *
     * @param url    URL of the request to make
     * @param type   Relevant type object, for Gson&#x27;s reflection
     * @param params Map of request params
     */
    public GsonRequest(int method, String url, Type type, Map&amp;lt;String, String&amp;gt; params,
                       Response.Listener&amp;lt;T&amp;gt; listener, Response.ErrorListener errorListener) {
        super(method, url, errorListener);
        this.type = type;
        this.params = params;
        this.listener = listener;
    }

    @Override
    public Map&amp;lt;String, String&amp;gt; getHeaders() throws AuthFailureError {
        return headers;
    }

    @Override
    protected Map&amp;lt;String, String&amp;gt; getParams() throws AuthFailureError {
        // Here is my question, can I add a param value as JSONArray? like this:
        params.put(&quot;orderValue&quot;, &quot;35&quot;);
        params.put(&quot;price&quot;, &quot;&quot;price&quot;: [&quot;13.00&quot;, &quot;22.00&quot;]&quot;);
        return params != null ? params : super.getParams();
    }

    @Override
    public Request&amp;lt;?&amp;gt; setRetryPolicy(RetryPolicy retryPolicy) {
        final RetryPolicy policy = new DefaultRetryPolicy(SOCKET_TIMEOUT_MS, MAX_RETRIES,
                DefaultRetryPolicy.DEFAULT_BACKOFF_MULT);
        return super.setRetryPolicy(policy);
    }

    @Override
    public String getBodyContentType() {
        return &quot;application/json&quot;;
    }

    @Override
    public byte[] getBody() throws AuthFailureError {
        try {
            Log.i(&quot;&quot; + gson.toJson(params).getBytes(&quot;utf-8&quot;));
            return gson.toJson(params).getBytes(&quot;utf-8&quot;);
        } catch (UnsupportedEncodingException uee) {
            VolleyLog.wtf(&quot;Unsupported Encoding while trying to get the bytes of %s using %s&quot;, gson.toJson(params), &quot;utf-8&quot;);
            return super.getBody();
        }
    }

    @Override
    protected void deliverResponse(T response) {
        listener.onResponse(response);
    }

    @Override
    protected Response&amp;lt;T&amp;gt; parseNetworkResponse(NetworkResponse response) {
        try {
            final String json = new String(response.data, HttpHeaderParser.parseCharset(response.headers));
            return (Response&amp;lt;T&amp;gt;) Response.success(gson.fromJson(json, type), HttpHeaderParser.parseCacheHeaders(response));
        } catch (UnsupportedEncodingException e) {
            return Response.error(new ParseError(e));
        } catch (JsonSyntaxException e) {
            return Response.error(new ParseError(e));
        }
    }
}
&lt;/code&gt;&lt;/pre&gt;

&lt;p&gt;The Json I&#x27;m trying to send:&lt;/p&gt;

&lt;pre&gt;&lt;code&gt;{
  &quot;orderValue&quot;: &quot;35&quot;,
  &quot;price&quot;: [
    &quot;13.00&quot;,
    &quot;22.00&quot;
  ]
}
&lt;/code&gt;&lt;/pre&gt;

&lt;p&gt;What is really sent as I get from &lt;code&gt;getBody()&lt;/code&gt; method log is:&lt;/p&gt;

&lt;pre&gt;&lt;code&gt;{
  &quot;price&quot;: &quot;[\&quot;23.00\&quot;,\&quot;55.00\&quot;]&quot;,
  &quot;orderValue&quot;: &quot;35&quot;
}
&lt;/code&gt;&lt;/pre&gt;

&lt;p&gt;Any help with this issue?&lt;/p&gt;
');
INSERT INTO question (post_id, topic_id, title) VALUES (12, 1, 'Android volley implementing custom request with getParams that accepts JSONArray param');
INSERT INTO activity (post_id, user_id, action) VALUES (12, 24, 'Create');
INSERT INTO questiontag (question_id, tag_id) VALUES (12, 35);
INSERT INTO tag (text) VALUES ('json');
INSERT INTO questiontag (question_id, tag_id) VALUES (12, 38);
INSERT INTO tag (text) VALUES ('android-volley');
INSERT INTO questiontag (question_id, tag_id) VALUES (12, 39);

INSERT INTO post (current_state, up_score, down_score) VALUES ('Published', 0, 0);
INSERT INTO postinstance (post_id, user_id, description) VALUES (13, 28, '&lt;p&gt;Can anyone explain why &lt;code&gt;&amp;lt;ThemeProvider&amp;gt;&lt;/code&gt; only passes the theme prop to a direct styled component?&lt;/p&gt;

&lt;p&gt;Here&#x27;s my code: &lt;a href=&quot;https://gist.github.com/aaronmcadam/7bfd63a6bc4cfc36f9947a449c6f494a&quot; rel=&quot;nofollow noreferrer&quot;&gt;https://gist.github.com/aaronmcadam/7bfd63a6bc4cfc36f9947a449c6f494a&lt;/a&gt;. &lt;/p&gt;

&lt;p&gt;One version uses &lt;code&gt;withTheme&lt;/code&gt; and one doesn&#x27;t. &lt;/p&gt;

&lt;p&gt;Which is the preferred way of doing things like these?&lt;/p&gt;
');
INSERT INTO question (post_id, topic_id, title) VALUES (13, 1, 'What is the preferred way to theme a composed component using styled-components?');
INSERT INTO activity (post_id, user_id, action) VALUES (13, 28, 'Create');
INSERT INTO tag (text) VALUES ('reactjs');
INSERT INTO questiontag (question_id, tag_id) VALUES (13, 40);
INSERT INTO tag (text) VALUES ('styled-components');
INSERT INTO questiontag (question_id, tag_id) VALUES (13, 41);

INSERT INTO post (current_state, up_score, down_score) VALUES ('Published', 0, 0);
INSERT INTO postinstance (post_id, user_id, description) VALUES (14, 19, '&lt;p&gt;My script migrates data from MySQL to mongodb. It runs perfectly well when there are no unicode columns included. But throws me below error when &lt;code&gt;OrgLanguages&lt;/code&gt; column is added.&lt;/p&gt;

&lt;pre&gt;&lt;code&gt;    mongoImp = dbo.insert_many(odbcArray)
  File &quot;/home/lrsa/.local/lib/python2.7/site-packages/pymongo/collection.py&quot;, line 711, in insert_many
    blk.execute(self.write_concern.document)
  File &quot;/home/lrsa/.local/lib/python2.7/site-packages/pymongo/bulk.py&quot;, line 493, in execute
    return self.execute_command(sock_info, generator, write_concern)
  File &quot;/home/lrsa/.local/lib/python2.7/site-packages/pymongo/bulk.py&quot;, line 319, in execute_command
    run.ops, True, self.collection.codec_options, bwc)
bson.errors.InvalidStringData: strings in documents must be valid UTF-8: &#x27;Portugu\xeas do Brasil, ?????, English, Deutsch, Espa\xf1ol latinoamericano, Polish&#x27;
&lt;/code&gt;&lt;/pre&gt;

&lt;p&gt;My code:&lt;br&gt;&lt;/p&gt;

&lt;pre&gt;&lt;code&gt;import MySQLdb, MySQLdb.cursors, sys, pymongo, collections

odbcArray=[]
mongoConStr = &#x27;192.168.10.107:36006&#x27;
sqlConnect = MySQLdb.connect(host = &quot;54.175.170.187&quot;, user = &quot;testuser&quot;, passwd = &quot;testuser&quot;, db = &quot;testdb&quot;, cursorclass=MySQLdb.cursors.DictCursor)
mongoConnect = pymongo.MongoClient(mongoConStr)

sqlCur = sqlConnect.cursor()
sqlCur.execute(&quot;SELECT ID,OrgID,OrgLanguages,APILoginID,TransactionKey,SMTPSpeed,TimeZoneName,IsVideoWatched FROM organizations&quot;)

dbo = mongoConnect.eaedw.mysqlData
tuples = sqlCur.fetchall()

for tuple in tuples:
    odbcArray.append(collections.OrderedDict(tuple))

mongoImp = dbo.insert_many(odbcArray)

sqlCur.close()
mongoConnect.close()
sqlConnect.close()
sys.exit()
&lt;/code&gt;&lt;/pre&gt;

&lt;p&gt;Above script migraates data perfectly when tried without &lt;code&gt;OrgLanguages&lt;/code&gt; column in the SELECT query.
To overcome this, I have tried to use the &lt;code&gt;OrderedDict()&lt;/code&gt; in another way but gives me a different type of error&lt;br&gt;
Changed Code:&lt;/p&gt;

&lt;pre&gt;&lt;code&gt;for tuple in tuples:
    doc = collections.OrderedDict()
    doc[&#x27;oid&#x27;] = tuple.OrgID
    doc[&#x27;APILoginID&#x27;] = tuple.APILoginID
    doc[&#x27;lang&#x27;] = unicode(tuple.OrgLanguages)
    odbcArray.append(doc)
mongoImp = dbo.insert_many(odbcArray)
&lt;/code&gt;&lt;/pre&gt;

&lt;p&gt;Error Received:&lt;/p&gt;

&lt;pre&gt;&lt;code&gt;Traceback (most recent call last):
  File &quot;pymsql.py&quot;, line 19, in &amp;lt;module&amp;gt;
    doc[&#x27;oid&#x27;] = tuple.OrgID
AttributeError: &#x27;dict&#x27; object has no attribute &#x27;OrgID&#x27;
&lt;/code&gt;&lt;/pre&gt;
');
INSERT INTO question (post_id, topic_id, title) VALUES (14, 1, 'python : error handling Ordered dict with unicode data');
INSERT INTO activity (post_id, user_id, action) VALUES (14, 19, 'Create');
INSERT INTO tag (text) VALUES ('python');
INSERT INTO questiontag (question_id, tag_id) VALUES (14, 42);
INSERT INTO tag (text) VALUES ('mysql');
INSERT INTO questiontag (question_id, tag_id) VALUES (14, 43);
INSERT INTO tag (text) VALUES ('mongodb');
INSERT INTO questiontag (question_id, tag_id) VALUES (14, 44);
INSERT INTO tag (text) VALUES ('unicode');
INSERT INTO questiontag (question_id, tag_id) VALUES (14, 45);
INSERT INTO tag (text) VALUES ('pymongo');
INSERT INTO questiontag (question_id, tag_id) VALUES (14, 46);

INSERT INTO post (current_state, up_score, down_score) VALUES ('Published', 2, 0);
INSERT INTO postinstance (post_id, user_id, description) VALUES (15, 35, '&lt;p&gt;I want a transition a css property smoothly then I want immediate change in css property value and then I want to attach the transition back again. To better understand see the following example:  &lt;/p&gt;

&lt;p&gt;&lt;div class=&quot;snippet&quot; data-lang=&quot;js&quot; data-hide=&quot;false&quot; data-console=&quot;true&quot; data-babel=&quot;false&quot;&gt;
&lt;div class=&quot;snippet-code&quot;&gt;
&lt;pre class=&quot;snippet-code-js lang-js prettyprint-override&quot;&gt;&lt;code&gt;if ($(&quot;.marquee&quot;).height() &amp;lt; $(&quot;.marquee-content&quot;).outerHeight(true)) {
  $(&quot;.marquee-content&quot;).clone().appendTo($(&quot;.marquee-wrapper&quot;));
}
$(&#x27;.marquee-wrapper&#x27;).css(&quot;transition&quot;, &quot;transform 3s linear&quot;);
$(&#x27;.marquee-wrapper&#x27;).css(&quot;transform&quot;, &quot;translateY(-&quot; + $(&quot;.marquee-content&quot;).outerHeight(true) + &quot;px)&quot;);
setInterval(function() {
  
  $(&#x27;.marquee-wrapper&#x27;).css(&quot;transition&quot;, &quot;none&quot;);
  $(&#x27;.marquee-wrapper&#x27;).css(&quot;transform&quot;, &quot;translateY(100px)&quot;); //This should Immedeately change translateY to 100px without smooth transition. But this doesn&#x27;t happen without adding a dealy before the below written line
  
  // Its weird why javscrip engine excutes the below line before excuting this line

  $(&#x27;.marquee-wrapper&#x27;).css(&quot;transition&quot;, &quot;transform 3s linear&quot;);
  $(&#x27;.marquee-wrapper&#x27;).css(&quot;transform&quot;, &quot;translateY(-&quot; + $(&quot;.marquee-content&quot;).outerHeight(true) + &quot;px)&quot;);


}, 3000);&lt;/code&gt;&lt;/pre&gt;
&lt;pre class=&quot;snippet-code-css lang-css prettyprint-override&quot;&gt;&lt;code&gt;.marquee {
  margin: auto;
  width: 600px;
  height: 200px;
  overflow: auto;
}

.marquee-wrapper {
  transform: translateY(0);
}

.marquee-content {
  margin: 0;
  padding: 30px 0;
}&lt;/code&gt;&lt;/pre&gt;
&lt;pre class=&quot;snippet-code-html lang-html prettyprint-override&quot;&gt;&lt;code&gt;&amp;lt;script src=&quot;https://ajax.googleapis.com/ajax/libs/jquery/2.1.1/jquery.min.js&quot;&amp;gt;&amp;lt;/script&amp;gt;
&amp;lt;section class=&quot;marquee&quot;&amp;gt;
  &amp;lt;div class=&quot;marquee-wrapper&quot;&amp;gt;
    &amp;lt;div class=&quot;marquee-content&quot;&amp;gt;
      Updates: Update (8 Mar 2016): Now plugin have new option: startVisible The marquee will be visible in the start if set to true. Thanks to @nuke-ellington ðŸ‘ Update (24 Jan 2014): Note: people who been asking me how to use this plugin with content being
      loaded with Ajax, please read notes about this update. New methods added, so now after you start the plugin using var $mq = $(&#x27;.marquee&#x27;).marquee();, you start the plugin using var $mq = $(&#x27;.marquee&#x27;).marquee();, you start the plugin using var $mq
      = $(&#x27;.marquee&#x27;).marquee();, then you can pause, resume, togglepause, resume) and desestroy destroy toggle(pause, resume) and destroy toggle(pause, resume) and destroy methods e.g to remove the marquee plugin from your element simply use $mq.marquee(&#x27;destroy&#x27;);.
      Similarly you can use pause the marquee any time using $mq.marquee(&#x27;pause&#x27;);.
    &amp;lt;/div&amp;gt;
  &amp;lt;/div&amp;gt;
&amp;lt;/section&amp;gt;&lt;/code&gt;&lt;/pre&gt;
&lt;/div&gt;
&lt;/div&gt;
&lt;/p&gt;

&lt;p&gt;As you can see in the setInterval I first set transition to none then translateY to 100px. Now in principle this should suddenly translate the div to 100px but this doesn&#x27;t happen before moving div to 100px javascript engine executes the next line and reassign transition. In the below example I have given a 100ms delay before reassigning the transition and it works:  &lt;/p&gt;

&lt;p&gt;&lt;div class=&quot;snippet&quot; data-lang=&quot;js&quot; data-hide=&quot;false&quot; data-console=&quot;true&quot; data-babel=&quot;false&quot;&gt;
&lt;div class=&quot;snippet-code&quot;&gt;
&lt;pre class=&quot;snippet-code-js lang-js prettyprint-override&quot;&gt;&lt;code&gt;if ($(&quot;.marquee&quot;).height() &amp;lt; $(&quot;.marquee-content&quot;).outerHeight(true)) {
  $(&quot;.marquee-content&quot;).clone().appendTo($(&quot;.marquee-wrapper&quot;));
}
$(&#x27;.marquee-wrapper&#x27;).css(&quot;transition&quot;, &quot;transform 3s linear&quot;);
$(&#x27;.marquee-wrapper&#x27;).css(&quot;transform&quot;, &quot;translateY(-&quot; + $(&quot;.marquee-content&quot;).outerHeight(true) + &quot;px)&quot;);
setInterval(function() {
  
  $(&#x27;.marquee-wrapper&#x27;).css(&quot;transition&quot;, &quot;none&quot;);
  $(&#x27;.marquee-wrapper&#x27;).css(&quot;transform&quot;, &quot;translateY(100px)&quot;); //This  Immedeately change translateY to 100px without smooth transition now

  setTimeout(function(){
				$(&#x27;.marquee-wrapper&#x27;).css(&quot;transition&quot;, &quot;transform 3s linear&quot;);		
				$(&#x27;.marquee-wrapper&#x27;).css(&quot;transform&quot;, &quot;translateY(-&quot; + $(&quot;.marquee-content&quot;).outerHeight(true) + &quot;px)&quot;);
			},100);	


}, 3000);&lt;/code&gt;&lt;/pre&gt;
&lt;pre class=&quot;snippet-code-css lang-css prettyprint-override&quot;&gt;&lt;code&gt;.marquee {
  margin: auto;
  width: 600px;
  height: 200px;
  overflow: auto;
}

.marquee-wrapper {
  transform: translateY(0);
}

.marquee-content {
  margin: 0;
  padding: 30px 0;
}&lt;/code&gt;&lt;/pre&gt;
&lt;pre class=&quot;snippet-code-html lang-html prettyprint-override&quot;&gt;&lt;code&gt;&amp;lt;script src=&quot;https://ajax.googleapis.com/ajax/libs/jquery/2.1.1/jquery.min.js&quot;&amp;gt;&amp;lt;/script&amp;gt;
&amp;lt;section class=&quot;marquee&quot;&amp;gt;
  &amp;lt;div class=&quot;marquee-wrapper&quot;&amp;gt;
    &amp;lt;div class=&quot;marquee-content&quot;&amp;gt;
      Updates: Update (8 Mar 2016): Now plugin have new option: startVisible The marquee will be visible in the start if set to true. Thanks to @nuke-ellington ðŸ‘ Update (24 Jan 2014): Note: people who been asking me how to use this plugin with content being
      loaded with Ajax, please read notes about this update. New methods added, so now after you start the plugin using var $mq = $(&#x27;.marquee&#x27;).marquee();, you start the plugin using var $mq = $(&#x27;.marquee&#x27;).marquee();, you start the plugin using var $mq
      = $(&#x27;.marquee&#x27;).marquee();, then you can pause, resume, togglepause, resume) and desestroy destroy toggle(pause, resume) and destroy toggle(pause, resume) and destroy methods e.g to remove the marquee plugin from your element simply use $mq.marquee(&#x27;destroy&#x27;);.
      Similarly you can use pause the marquee any time using $mq.marquee(&#x27;pause&#x27;);.
    &amp;lt;/div&amp;gt;
  &amp;lt;/div&amp;gt;
&amp;lt;/section&amp;gt;&lt;/code&gt;&lt;/pre&gt;
&lt;/div&gt;
&lt;/div&gt;
&lt;/p&gt;

&lt;p&gt;My questions are:  &lt;/p&gt;

&lt;ol&gt;
&lt;li&gt;How do I stop javscript engine to reassign transition property before making changing translate property, without any delay?  &lt;/li&gt;
&lt;li&gt;Why does javscript engine excutes a forthcoming line(&lt;code&gt;$(&#x27;.marquee-wrapper&#x27;).css(&quot;transition&quot;, &quot;transform 3s linear&quot;);&lt;/code&gt;) in script before the current line(&lt;code&gt;$(&#x27;.marquee-wrapper&#x27;).css(&quot;transform&quot;, &quot;translateY(100px)&quot;);&lt;/code&gt;)&lt;/li&gt;
&lt;/ol&gt;
');
INSERT INTO question (post_id, topic_id, title) VALUES (15, 1, 'How to remove css transitions without delay?');
INSERT INTO activity (post_id, user_id, action) VALUES (15, 35, 'Create');
INSERT INTO questiontag (question_id, tag_id) VALUES (15, 20);
INSERT INTO tag (text) VALUES ('jquery');
INSERT INTO questiontag (question_id, tag_id) VALUES (15, 47);
INSERT INTO questiontag (question_id, tag_id) VALUES (15, 23);
INSERT INTO tag (text) VALUES ('css-transitions');
INSERT INTO questiontag (question_id, tag_id) VALUES (15, 48);

INSERT INTO post (current_state, up_score, down_score) VALUES ('Published', 0, 0);
INSERT INTO postinstance (post_id, user_id, description) VALUES (16, 19, '&lt;p&gt;I have this query:&lt;/p&gt;

&lt;pre&gt;&lt;code&gt;select * from tabel where last_purchase_categories = &#x27;flight&#x27; 
 and last_purchase_date between &#x27;2016-10-23 11:06:47&#x27; and &#x27;2016-10-23 11:06:49&#x27;;
&lt;/code&gt;&lt;/pre&gt;

&lt;p&gt;it is didnt work in sphinx. i use fulltext search using mysql query browser.
do anyone know how to using date format in sphinx ?&lt;/p&gt;
');
INSERT INTO question (post_id, topic_id, title) VALUES (16, 1, 'how can i query where clause using between date in sphinx');
INSERT INTO activity (post_id, user_id, action) VALUES (16, 19, 'Create');
INSERT INTO questiontag (question_id, tag_id) VALUES (16, 43);
INSERT INTO tag (text) VALUES ('sql');
INSERT INTO questiontag (question_id, tag_id) VALUES (16, 49);
INSERT INTO tag (text) VALUES ('sphinx');
INSERT INTO questiontag (question_id, tag_id) VALUES (16, 50);

INSERT INTO post (current_state, up_score, down_score) VALUES ('Published', 0, 0);
INSERT INTO postinstance (post_id, user_id, description) VALUES (17, 22, '&lt;p&gt;I have a masonry grid to display products and in some cases the first item&#x27;s border move to the next column. It doesn&#x27;t happen always and I can&#x27;t find the reason for this to happen.
Link to the page:
&lt;a href=&quot;http://en.naaman.b24online.com/b2c-products/tsb-163746/&quot; rel=&quot;nofollow noreferrer&quot;&gt;http://en.naaman.b24online.com/b2c-products/tsb-163746/&lt;/a&gt;&lt;/p&gt;

&lt;p&gt;Thanks.&lt;/p&gt;
');
INSERT INTO question (post_id, topic_id, title) VALUES (17, 1, 'css masonry grid transfer border to the next column');
INSERT INTO activity (post_id, user_id, action) VALUES (17, 22, 'Create');
INSERT INTO questiontag (question_id, tag_id) VALUES (17, 23);

INSERT INTO post (current_state, up_score, down_score) VALUES ('Published', 1, 0);
INSERT INTO postinstance (post_id, user_id, description) VALUES (18, 33, '&lt;p&gt;What I&#x27;m trying to do is, after retrying to download file for 5 times in case if download was not successful for some reason, to reset the whole process and turn back to first step: function &lt;code&gt;Try()&lt;/code&gt;. If success, then to proceed &lt;code&gt;ProcessSet(3);&lt;/code&gt; line &lt;/p&gt;

&lt;p&gt;But in my situation, it starts download and without waiting, goes to &lt;code&gt;ProcessSet(3);&lt;/code&gt; line. &lt;/p&gt;

&lt;p&gt;What am I doing wrong? why next steps after &lt;code&gt;try&lt;/code&gt; doesn&#x27;t wait for &lt;code&gt;await webClient.DownloadFileTaskAsync(new Uri(response.Url), zip_path);&lt;/code&gt; to finish?&lt;/p&gt;

&lt;p&gt;Here is the code:&lt;/p&gt;

&lt;pre&gt;&lt;code&gt;using (WebClient webClient = new WebClient())
                        {
                                webClient.Credentials = System.Net.CredentialCache.DefaultNetworkCredentials;

                                    try
                                    {
                                        await webClient.DownloadFileTaskAsync(new Uri(response.Url), zip_path);
                                    }
                                    catch (Exception e)
                                    {

                                        Thread.Sleep(DelayOnRetry);
                                        Try();
                            }
                        }
                        SetProgressBar(40, ProgressBarStyle.Continuous);
                        ProcessSet(3);
&lt;/code&gt;&lt;/pre&gt;

&lt;p&gt;And here is the &lt;code&gt;Try()&lt;/code&gt; function&lt;/p&gt;

&lt;pre&gt;&lt;code&gt;private void Try()
{
    ClearFolder(root_dir);
    Directory.CreateDirectory(root_dir);
    main_timer.Enabled = false;
    ProcessSet(1);
}
&lt;/code&gt;&lt;/pre&gt;

&lt;p&gt;Here is the whole code:&lt;/p&gt;

&lt;p&gt;&lt;a href=&quot;https://gist.github.com/turalus/8c781b5b0c56f66f7ec17e66a3e120fc&quot; rel=&quot;nofollow noreferrer&quot;&gt;https://gist.github.com/turalus/8c781b5b0c56f66f7ec17e66a3e120fc&lt;/a&gt;&lt;/p&gt;
');
INSERT INTO question (post_id, topic_id, title) VALUES (18, 1, 'Try-catch doesn&#39;t wait for async function inside');
INSERT INTO activity (post_id, user_id, action) VALUES (18, 33, 'Create');
INSERT INTO questiontag (question_id, tag_id) VALUES (18, 7);
INSERT INTO tag (text) VALUES ('asynchronous');
INSERT INTO questiontag (question_id, tag_id) VALUES (18, 51);
INSERT INTO tag (text) VALUES ('async-await');
INSERT INTO questiontag (question_id, tag_id) VALUES (18, 52);
INSERT INTO tag (text) VALUES ('try-catch');
INSERT INTO questiontag (question_id, tag_id) VALUES (18, 53);

INSERT INTO post (current_state, up_score, down_score) VALUES ('Published', 1, 0);
INSERT INTO postinstance (post_id, user_id, description) VALUES (19, 27, '&lt;p&gt;I want to get the last time (by date) that appears a (Empleado) where the value &quot;Entrar&quot; is 1
&lt;a href=&quot;https://i.stack.imgur.com/lGy0a.png&quot; rel=&quot;nofollow noreferrer&quot;&gt;enter image description here&lt;/a&gt;&lt;/p&gt;

&lt;pre&gt;&lt;code&gt;SELECT &#x27;20498090R&#x27; FROM fichajes WHERE fecha IN (SELECT MAX(fecha) FROM 
fichajes) AND entrada = &#x27;1&#x27;
&lt;/code&gt;&lt;/pre&gt;

&lt;p&gt;But this give me the las register where entrada= &#x27;1&#x27; and I just want to return information if the last entry is 1, not the las entry where entrada =&#x27;1&#x27;&lt;/p&gt;

&lt;p&gt;In this case my last register entrada = &quot;0&quot; so i need no information
What is wrong?&lt;/p&gt;
');
INSERT INTO question (post_id, topic_id, title) VALUES (19, 1, 'SQL query get last value');
INSERT INTO activity (post_id, user_id, action) VALUES (19, 27, 'Create');
INSERT INTO questiontag (question_id, tag_id) VALUES (19, 43);
INSERT INTO questiontag (question_id, tag_id) VALUES (19, 49);
INSERT INTO tag (text) VALUES ('mysqli');
INSERT INTO questiontag (question_id, tag_id) VALUES (19, 54);

INSERT INTO post (current_state, up_score, down_score) VALUES ('Published', 0, 0);
INSERT INTO postinstance (post_id, user_id, description) VALUES (20, 10, '&lt;p&gt;&lt;strong&gt;hello every one i spend two three days but did&#x27;t find any suitable solution. when i use the built in progress bar it worked perfectly but i want to show text view in progress Bar for that i use Customize progress bar when i clicked by download Button file is downloaded perfectly but Progress Bar  is not visible .i use &lt;a href=&quot;http://stackoverflow.com/questions/7951897/progress-bar-not-working-when-inflating-view&quot;&gt; this&lt;/a&gt;,&lt;a href=&quot;http://stackoverflow.com/questions/11322740/custom-progress-bar-android&quot;&gt;this&lt;/a&gt;and &lt;a href=&quot;http://stackoverflow.com/questions/18410984/android-displaying-text-in-center-of-progress-bar&quot;&gt;this&lt;/a&gt; tutorial but didn&#x27;t any help&lt;/strong&gt;
&lt;strong&gt;Here is my customdialoge_.xml file&lt;/strong&gt;&lt;/p&gt;

&lt;pre&gt;&lt;code&gt;&amp;lt;?xml version=&quot;1.0&quot; encoding=&quot;utf-8&quot;?&amp;gt;
&amp;lt;LinearLayout
xmlns:android=&quot;http://schemas.android.com/apk/res/android&quot;
android:orientation=&quot;vertical&quot; android:layout_width=&quot;fill_parent&quot;
android:layout_height=&quot;fill_parent&quot;&amp;gt;
&amp;lt;RelativeLayout
  android:layout_width=&quot;wrap_content&quot;
  android:layout_height=&quot;wrap_content&quot;
  android:padding=&quot;20dp&quot;&amp;gt;
    &amp;lt;ProgressBar
        android:padding=&quot;10dp&quot;
        android:layout_width=&quot;fill_parent&quot;
        android:layout_height=&quot;wrap_content&quot;
        android:id=&quot;@+id/mProgressBar&quot;
        style=&quot;@android:style/Widget.ProgressBar.Horizontal&quot;/&amp;gt;
    &amp;lt;TextView
        android:layout_width=&quot;wrap_content&quot;
        android:layout_height=&quot;wrap_content&quot;
        android:text=&quot;Downloead Size&quot;
        android:id=&quot;@+id/mTextview&quot;
        android:layout_centerInParent=&quot;true&quot;
        android:textColorHighlight=&quot;#77D&quot;/&amp;gt;
&amp;lt;/RelativeLayout&amp;gt;
&lt;/code&gt;&lt;/pre&gt;

&lt;p&gt;&lt;/p&gt;

&lt;p&gt;&lt;strong&gt;Here is my ProgressDialoge.java class&lt;/strong&gt;&lt;/p&gt;

&lt;pre&gt;&lt;code&gt;public class ProgressDialoge{
//Use for to Unique the image to save...
String captionId;
Context context;
View view;
ProgressBar progressBar;
TextView mPrgressBarTextVeiw;
LayoutInflater inflater;

public ProgressDialoge(Context context) {
    this.context=context ;
    inflater=(LayoutInflater)context.getSystemService(context.LAYOUT_INFLATER_SERVICE);
    view=inflater.inflate(R.layout.customdialoge_,null);
    progressBar=(ProgressBar)view.findViewById(R.id.mProgressBar);
}
public void DownloadImageUrl(String downloadUrl,String captionId){
    this.captionId=captionId;
    new DownloadTask().execute(downloadUrl);
}
public class DownloadTask extends AsyncTask&amp;lt;String,String,Void&amp;gt; {
String fileSize;
InputStream in;
String currentDownloadedSize;
OutputStream out;
HttpURLConnection connection;
    int fileLength;

@Override
protected void onPreExecute() {
    super.onPreExecute();
    mPrgressBarTextVeiw=(TextView)view.findViewById(R.id.mTextview);
    progressBar.setMax(100);
    progressBar.setIndeterminate(true);
    progressBar.setVisibility(ProgressBar.VISIBLE);
}

@Override
protected Void doInBackground(String... params) {

    try {
        URL url = new URL(params[0]);
        connection = (HttpURLConnection) url.openConnection();
        connection.connect();
        // this will be useful to display download percentage
        // might be -1: server did not report the length
       fileLength = connection.getContentLength();
        //getting the file size in kb,mb,g;
        fileSize=bytes2String(fileLength);
        Log.i(&quot;All&quot;,&quot;File Size=&quot;+fileSize);
        // download the file
        in = connection.getInputStream();
        File file = imageSave(&quot;InstagramImage&quot;+captionId+&quot;.jpg&quot;);
        out = new FileOutputStream(file);
        byte data[] = new byte[4096];
        long total = 0;
        int count;
        while ((count = in.read(data)) != -1) {

            // allow canceling with back button
            if (isCancelled()) {
                in.close();
                return null;
            }
            total += count;

            currentDownloadedSize=bytes2String(total);
            Log.i(&quot;All&quot;,&quot;currentDownloadedSize=&quot;+currentDownloadedSize);
            // publishing the progress....
            if (fileLength &amp;gt; 0) // only if total length is known
                publishProgress(String.valueOf (total * 100 / fileLength));
                out.write(data, 0, count);
        }


    } catch (MalformedURLException e) {
        e.printStackTrace();
    } catch (IOException e) {
        e.printStackTrace();
    } finally {
        try {
            if (out != null)
                out.close();
            if (in != null)
                in.close();
        } catch (IOException ignored) {
        }

        if (connection != null)
            connection.disconnect();
    }

    return null;
}
    @Override
    protected void onProgressUpdate(String... values) {
        super.onProgressUpdate(values);
        progressBar.setIndeterminate(true);
        mPrgressBarTextVeiw.setText(currentDownloadedSize+&quot;/&quot;+downloadedsize);
        progressBar.setProgress(Integer.parseInt(values[0]));
    }

    @Override
protected void onPostExecute(Void aVoid) {
    super.onPostExecute(aVoid);
    progressBar.setVisibility(View.GONE);
}


private File imageSave(String Imagename) {
    File direct = new File(Environment.getExternalStorageDirectory() + &quot;/DirName&quot;);

    if (!direct.exists()) {
        File wallpaperDirectory = new File(&quot;/sdcard/DirName/&quot;);
        wallpaperDirectory.mkdirs();
    }

    File file = new File(new File(&quot;/sdcard/DirName/&quot;), Imagename);
    if (file.exists()) {
        file.delete();
    }
    return file;
     } 
   }
      long  downloadedsize, filesize;
public static final double SPACE_KB = 1024;
public static final double SPACE_MB = 1024 * SPACE_KB;
public static final double SPACE_GB = 1024 * SPACE_MB;
public static final double SPACE_TB = 1024 * SPACE_GB;


public static String bytes2String(double sizeInBytes) {

    NumberFormat nf = new DecimalFormat();
    nf.setMaximumFractionDigits(2);

    try {
        if (sizeInBytes &amp;lt; SPACE_KB) {
            return nf.format(sizeInBytes) + &quot; Byte(s)&quot;;
        } else if (sizeInBytes &amp;lt; SPACE_MB) {
            return nf.format(sizeInBytes / SPACE_KB) + &quot; KB&quot;;
        } else if (sizeInBytes &amp;lt; SPACE_GB) {
            return nf.format(sizeInBytes / SPACE_MB) + &quot; MB&quot;;
        } else if (sizeInBytes &amp;lt; SPACE_TB) {
            return nf.format(sizeInBytes / SPACE_GB) + &quot; GB&quot;;
        } else {
            return nf.format(sizeInBytes / SPACE_TB) + &quot; TB&quot;;
        }
    } catch (Exception e) {
        return sizeInBytes + &quot; Byte(s)&quot;;
    }
   }
  }
&lt;/code&gt;&lt;/pre&gt;
');
INSERT INTO question (post_id, topic_id, title) VALUES (20, 1, 'Customize Progress Bar not Visible');
INSERT INTO activity (post_id, user_id, action) VALUES (20, 10, 'Create');
INSERT INTO questiontag (question_id, tag_id) VALUES (20, 27);
INSERT INTO questiontag (question_id, tag_id) VALUES (20, 35);
INSERT INTO tag (text) VALUES ('android-layout');
INSERT INTO questiontag (question_id, tag_id) VALUES (20, 55);
INSERT INTO tag (text) VALUES ('progress-bar');
INSERT INTO questiontag (question_id, tag_id) VALUES (20, 56);

INSERT INTO post (current_state, up_score, down_score) VALUES ('Published', 0, 0);
INSERT INTO postinstance (post_id, user_id, description) VALUES (21, 36, '&lt;p&gt;I am new to jms, 
I have made one rabbitmq jms producer project in which I am producing messages. In this project have using jmstemplate and rabbitmq queue (rabbitmq with jms plugin in it).&lt;/p&gt;

&lt;p&gt;After the messages produce in queue I want to consume that message with simple rabbitmq consumer without jms.&lt;/p&gt;

&lt;p&gt;but when I am getting that messages as a String in my consumer class.&lt;/p&gt;

&lt;p&gt;That message in below format:&lt;/p&gt;

&lt;p&gt;wx.com.rabbitmq.jms.client.message.RMQTextMessage$e529erb2a65-a5dc-4bd7-bfe0-4c09237696261frmq.jms.message.destinationsr%com.rabbitmq.jms.admin.RMQDestinationHٍ&amp;amp;)ZamqpZisQueueZisTemporaryLamqpExchangeNametLjava/lang/String;L
amqpQueueNameq~LamqpRoutingKeyq~LdestinationNameq~xptjms.durable.queuesttestq~q~wrmq.jms.message.delivery.modermq.jms.message.timestamp[Yrmq.jms.message.priorityrmq.jms.message.expirationrmq.jms.message.id&#x27;ID:e529512742a65-a9dc-43467-fge4-4c092d42761fw{name=abhijeet1}&lt;/p&gt;

&lt;p&gt;and at the end I am getting the actual message which is &quot;{name=abhijeet1}&quot;.&lt;/p&gt;

&lt;p&gt;How Can I get only actual message?&lt;/p&gt;

&lt;p&gt;Is it Possible to produce message using rabbit jms producer and Consumer that messages with simple rabbit mq Consumer?&lt;/p&gt;

&lt;p&gt;if Possible How?&lt;/p&gt;

&lt;p&gt;my Producer is:&lt;/p&gt;

&lt;pre&gt;&lt;code&gt;package com.rabbitmq.jms.producer;

import java.util.HashMap;
import java.util.Map;

import javax.jms.ConnectionFactory;
import javax.jms.Session;

import org.springframework.beans.factory.annotation.Autowired;
import org.springframework.boot.SpringApplication;
import org.springframework.boot.autoconfigure.SpringBootApplication;
import org.springframework.context.annotation.Bean;
import org.springframework.jms.core.JmsTemplate;
import org.springframework.jms.core.MessageCreator;
import org.springframework.scheduling.annotation.EnableScheduling;
import org.springframework.scheduling.annotation.Scheduled;

import com.rabbitmq.jms.admin.RMQConnectionFactory;

@SpringBootApplication
@EnableScheduling
public class RabbitmqJmsProducerApplication {
    @Autowired
    JmsTemplate jmsTemplate;
    int i;

    @Bean
    ConnectionFactory connectionFactory() {

        RMQConnectionFactory connectionFactory = new RMQConnectionFactory();
        connectionFactory.setUsername(&quot;username&quot;);
        connectionFactory.setPassword(&quot;password&quot;);
        connectionFactory.setVirtualHost(&quot;**********&quot;);
        connectionFactory.setHost(&quot;hostname&quot;);
        return connectionFactory;

    }

    @Scheduled(fixedRate = 5000L) // every 5 seconds
    public void publishQuote() {

        i++;

        MessageCreator messageCreator = (Session session) -&amp;gt; {
            System.out.println(&quot;message sent &quot; + &quot;abhijeet &quot; + i);
            Map&amp;lt;String, String&amp;gt; map = new HashMap&amp;lt;&amp;gt;();

            map.put(&quot;name&quot;, &quot;abhijeet &quot; + i);
            return session.createTextMessage(map.toString());
        };

        jmsTemplate.send(&quot;test&quot;, messageCreator);
    }

    public static void main(String[] args) {
        SpringApplication.run(RabbitmqJmsProducerApplication.class, args);
    }
}
&lt;/code&gt;&lt;/pre&gt;

&lt;p&gt;and consumer code is:&lt;/p&gt;

&lt;pre&gt;&lt;code&gt;package com.rabbitmq.consumer;

import org.apache.http.HttpResponse;
import org.apache.http.client.HttpClient;
import org.apache.http.client.methods.HttpPost;
import org.apache.http.entity.StringEntity;
import org.apache.http.impl.client.HttpClientBuilder;
import org.apache.http.util.EntityUtils;
import org.json.JSONObject;

import com.rabbitmq.client.Channel;
import com.rabbitmq.client.Connection;
import com.rabbitmq.client.ConnectionFactory;
import com.rabbitmq.client.QueueingConsumer;
import com.rabbitmq.client.QueueingConsumer.Delivery;

public class MailConsumer implements Runnable {
    private static boolean processMessges(Delivery delivery) throws Exception {



        String msg = new String(delivery.getBody(), &quot;UTF-8&quot;);
        System.out.println(&quot;message is &quot;+msg);




        return true;

    }

    @Override
    public void run() {
        try {
            ConnectionFactory factory = new ConnectionFactory();



            factory.setUsername(&quot;username&quot;);
        factory.setPassword(&quot;password&quot;);
        factory.setVirtualHost(&quot;**********&quot;);
        factory.setHost(&quot;hostname&quot;);

            Connection connection;
            connection = factory.newConnection();

            Channel channel = connection.createChannel();
            boolean removeAllUpTo = true;
            QueueingConsumer consumer = new QueueingConsumer(channel);
            channel.basicConsume(&quot;test&quot;, consumer);
            while (true) {

                QueueingConsumer.Delivery delivery = consumer.nextDelivery();

                if (delivery == null)
                    break;
                if (processMessges(delivery)) {
                    try {
                        long deliveryTag = delivery.getEnvelope().getDeliveryTag();
                        channel.basicAck(deliveryTag, removeAllUpTo);
                    } catch (Exception exception) {

                            System.out.println(&quot;Connection was failed&quot;);
                            continue;
                        }
                    }

                }
            }

        }


    }
}
&lt;/code&gt;&lt;/pre&gt;

&lt;p&gt;Thanks in advance.&lt;/p&gt;
');
INSERT INTO question (post_id, topic_id, title) VALUES (21, 1, 'Produce message using rabbitmq jms and consume that messages using simple rabbitmq consumer');
INSERT INTO activity (post_id, user_id, action) VALUES (21, 36, 'Create');
INSERT INTO tag (text) VALUES ('spring-boot');
INSERT INTO questiontag (question_id, tag_id) VALUES (21, 57);
INSERT INTO tag (text) VALUES ('rabbitmq');
INSERT INTO questiontag (question_id, tag_id) VALUES (21, 58);
INSERT INTO tag (text) VALUES ('jms');
INSERT INTO questiontag (question_id, tag_id) VALUES (21, 59);

INSERT INTO post (current_state, up_score, down_score) VALUES ('Published', 0, 0);
INSERT INTO postinstance (post_id, user_id, description) VALUES (22, 35, '&lt;p&gt;I am new in iOS and I am facing problem regarding to show multiple events on same date.I am using JTCalendar.&lt;/p&gt;

&lt;p&gt;My code is like this&lt;/p&gt;

&lt;p&gt;In ViewDidLoad&lt;/p&gt;

&lt;pre&gt;&lt;code&gt;_calendarManager = [JTCalendarManager new];
_calendarManager.delegate = self;
[self createMinAndMaxDate];
[_calendarManager setMenuView:_calendarMenuView];
[_calendarManager setContentView:_calendarContentView];
[_calendarManager setDate:_todayDate];
&lt;/code&gt;&lt;/pre&gt;

&lt;p&gt;In viewWillAppear I code to change colour according to web service&lt;/p&gt;

&lt;pre&gt;&lt;code&gt;[self serverconnectionScheduleAudit];
[self serverconnectionScheduleKPI];
[self serverconnectionScheduleMeeting];
#pragma mark - CalendarManager delegate
- (void)calendar:(JTCalendarManager *)calendar prepareDayView:(JTCalendarDayView *)dayView
{
    // Today
    if([_calendarManager.dateHelper date:[NSDate date] isTheSameDayThan:dayView.date]){
        dayView.circleView.hidden = NO;
        dayView.circleView.backgroundColor = [UIColor blueColor];
        dayView.dotView.backgroundColor = [UIColor whiteColor];
        dayView.textLabel.textColor = [UIColor whiteColor];
    }
    // Selected date
    else if(_dateSelected &amp;amp;&amp;amp; [_calendarManager.dateHelper date:_dateSelected isTheSameDayThan:dayView.date]){

        if([CheckString isEqualToString:@&quot;0&quot;])
        {
           dayView.circleView.hidden = NO;
           dayView.circleView.backgroundColor = [UIColor redColor];
           dayView.dotView.backgroundColor = [UIColor whiteColor];
           dayView.textLabel.textColor = [UIColor whiteColor];
        }
        else if ([CheckString isEqualToString:@&quot;1&quot;])
        {
            dayView.circleView.hidden = NO;
            dayView.circleView.backgroundColor = [UIColor orangeColor];
            dayView.dotView.backgroundColor = [UIColor whiteColor];
            dayView.textLabel.textColor = [UIColor whiteColor];
        }
        else if ([CheckString isEqualToString:@&quot;2&quot;])
        {
            dayView.circleView.hidden = NO;
            dayView.circleView.backgroundColor = [UIColor greenColor];
            dayView.dotView.backgroundColor = [UIColor whiteColor];
            dayView.textLabel.textColor = [UIColor whiteColor];
        }
    }
    // Other month
    else if(![_calendarManager.dateHelper date:_calendarContentView.date isTheSameMonthThan:dayView.date]){
        if([CheckString isEqualToString:@&quot;0&quot;])
        {
            dayView.circleView.hidden = YES;
            dayView.dotView.backgroundColor = [UIColor redColor];
            dayView.textLabel.textColor = [UIColor lightGrayColor];
        }
        else if ([CheckString isEqualToString:@&quot;1&quot;])
        {
            dayView.circleView.hidden = YES;
            dayView.dotView.backgroundColor = [UIColor orangeColor];
            dayView.textLabel.textColor = [UIColor lightGrayColor];
        }
        else if ([CheckString isEqualToString:@&quot;2&quot;])
        {
            dayView.circleView.hidden = YES;
            dayView.dotView.backgroundColor = [UIColor greenColor];
            dayView.textLabel.textColor = [UIColor lightGrayColor];
        }       
    }
    // Another day of the current month
    else{
        if([CheckString isEqualToString:@&quot;0&quot;])
        {
            dayView.circleView.hidden = YES;
            dayView.dotView.backgroundColor = [UIColor redColor];
            dayView.textLabel.textColor = [UIColor blackColor];
        }
        else if ([CheckString isEqualToString:@&quot;1&quot;])
        {
            dayView.circleView.hidden = YES;
            dayView.dotView.backgroundColor = [UIColor orangeColor];
            dayView.textLabel.textColor = [UIColor blackColor];
        }
        else if ([CheckString isEqualToString:@&quot;2&quot;])
        {
            dayView.circleView.hidden = YES;
            dayView.dotView.backgroundColor = [UIColor greenColor];
            dayView.textLabel.textColor = [UIColor blackColor];
        }
    }
    if([self haveEventForDay:dayView.date]){
        dayView.dotView.hidden = NO;
    }
    else{
        dayView.dotView.hidden = YES;
    }
}

- (void)calendar:(JTCalendarManager *)calendar didTouchDayView:(JTCalendarDayView *)dayView
{
    _dateSelected = dayView.date;
    dayView.circleView.transform = CGAffineTransformScale(CGAffineTransformIdentity, 0.1, 0.1);
    [UIView transitionWithView:dayView
                      duration:.3
                       options:0
                    animations:^{
                        dayView.circleView.transform = CGAffineTransformIdentity;
                        [_calendarManager reload];
                    } completion:nil];
    if(_calendarManager.settings.weekModeEnabled){
        return;
    }
    if(![_calendarManager.dateHelper date:_calendarContentView.date isTheSameMonthThan:dayView.date]){
        if([_calendarContentView.date compare:dayView.date] == NSOrderedAscending){
            [_calendarContentView loadNextPageWithAnimation];
        }
        else{
            [_calendarContentView loadPreviousPageWithAnimation];
        }
    }
}

#pragma mark - CalendarManager delegate - Page mangement
// Used to limit the date for the calendar, optional
- (BOOL)calendar:(JTCalendarManager *)calendar canDisplayPageWithDate:(NSDate *)date
{
    return [_calendarManager.dateHelper date:date isEqualOrAfter:_minDate andEqualOrBefore:_maxDate];
}
- (void)calendarDidLoadNextPage:(JTCalendarManager *)calendar
{
    //    NSLog(@&quot;Next page loaded&quot;);
}
- (void)calendarDidLoadPreviousPage:(JTCalendarManager *)calendar
{
    //    NSLog(@&quot;Previous page loaded&quot;);
}

#pragma mark - Fake data
- (void)createMinAndMaxDate
{
    _todayDate = [NSDate date];
    _minDate = [_calendarManager.dateHelper addToDate:_todayDate months:-12];
    _maxDate = [_calendarManager.dateHelper addToDate:_todayDate months:12];
}
- (NSDateFormatter *)dateFormatter
{
    static NSDateFormatter *dateFormatter;
    if(!dateFormatter){
        dateFormatter = [NSDateFormatter new];
        dateFormatter.dateFormat = @&quot;dd-MM-yyyy&quot;;
    }
    return dateFormatter;
}
- (BOOL)haveEventForDay:(NSDate *)date
{
    NSString *key = [[self dateFormatter] stringFromDate:date];

    if(_eventsByDate[key] &amp;amp;&amp;amp; [_eventsByDate[key] count] &amp;gt; 0){
        return YES;
    }
    return NO;
}

-(void)funAddEvents:(NSArray *)arrDate
{
    _eventsByDate = [NSMutableDictionary new];

    for(NSString *strDate in arrDate){

        NSDateFormatter *dateformat = [[NSDateFormatter alloc] init];
        [dateformat setDateFormat:@&quot;YYYY/MM/dd&quot;];
        NSDate *myDate = [dateformat dateFromString:strDate];
        NSString *key = [[self dateFormatter] stringFromDate:myDate];

        if(!_eventsByDate[key]){
            _eventsByDate[key] = [NSMutableArray new];
        }

        [_eventsByDate[key] addObject:myDate];

    }
} 
&lt;/code&gt;&lt;/pre&gt;

&lt;p&gt;Connection Methods and Delegate&lt;/p&gt;

&lt;pre&gt;&lt;code&gt;#pragma  mark - Schedule Audit Actitvity
//Connection Method and Delegate...
-(void)serverconnectionScheduleAudit{

    [customActivityIndicator startAnimating];

    int Auditid =[Empid intValue];

    NSString *soapMessage = [NSString stringWithFormat:@&quot;&amp;lt;?xml version=\&quot;1.0\&quot; encoding=\&quot;utf-8\&quot;?&amp;gt;&quot;
                             &quot;&amp;lt;soap:Envelope xmlns:xsi=\&quot;http://www.w3.org/2001/XMLSchema-instance\&quot; xmlns:xsd=\&quot;http://www.w3.org/2001/XMLSchema\&quot; xmlns:soap=\&quot;http://schemas.xmlsoap.org/soap/envelope/\&quot;&amp;gt;&quot;
                             &quot;&amp;lt;soap:Body&amp;gt;&quot;
                             &quot;&amp;lt;AuditMethod xmlns=\&quot;http://tempuri.org/\&quot;&amp;gt;&quot;
                             &quot;&amp;lt;UserId&amp;gt;%d&amp;lt;/UserId&amp;gt;&quot;
                             &quot;&amp;lt;/AuditMethod&amp;gt;&quot;
                             &quot;&amp;lt;/soap:Body&amp;gt;&quot;
                             &quot;&amp;lt;/soap:Envelope&amp;gt;&quot;,Auditid];

    NSURL *myNSUObj=[NSURL URLWithString:ServerString];
    NSMutableURLRequest *theRequest = [NSMutableURLRequest requestWithURL:myNSUObj];
    NSString *msgLength = [NSString stringWithFormat:@&quot;%lu&quot;, (unsigned long)[soapMessage length]];

    [theRequest addValue: @&quot;text/xml; charset=utf-8&quot; forHTTPHeaderField:@&quot;Content-Type&quot;];
    [theRequest addValue: @&quot;http://tempuri.org/AuditMethod&quot; forHTTPHeaderField:@&quot;SOAPAction&quot;];
    [theRequest addValue: msgLength forHTTPHeaderField:@&quot;Content-Length&quot;];
    [theRequest setHTTPMethod:@&quot;POST&quot;];
    [theRequest setHTTPBody: [soapMessage dataUsingEncoding:NSUTF8StringEncoding]];

    myNSUConnectionObjScheduleAudit=[[NSURLConnection alloc]initWithRequest:theRequest delegate:self];
    NSLog(@&quot;Data =%@&quot;,myNSUConnectionObjScheduleAudit);
    if(myNSUConnectionObjScheduleAudit)
    {
        NSLog(@&quot;successful connection&quot;);
        myNSMDataFromServerScheduleAudit=[[NSMutableData alloc]init];
    }
}
#pragma  mark - Schedule Actitvity
//Connection Method and Delegate...
-(void)serverconnectionScheduleKPI{

    int KPI =[Empid intValue];

    NSString *soapMessage = [NSString stringWithFormat:@&quot;&amp;lt;?xml version=\&quot;1.0\&quot; encoding=\&quot;utf-8\&quot;?&amp;gt;&quot;
                             &quot;&amp;lt;soap:Envelope xmlns:xsi=\&quot;http://www.w3.org/2001/XMLSchema-instance\&quot; xmlns:xsd=\&quot;http://www.w3.org/2001/XMLSchema\&quot; xmlns:soap=\&quot;http://schemas.xmlsoap.org/soap/envelope/\&quot;&amp;gt;&quot;
                             &quot;&amp;lt;soap:Body&amp;gt;&quot;
                             &quot;&amp;lt;KPIMethod xmlns=\&quot;http://tempuri.org/\&quot;&amp;gt;&quot;
                             &quot;&amp;lt;UserId&amp;gt;%d&amp;lt;/UserId&amp;gt;&quot;
                             &quot;&amp;lt;/KPIMethod&amp;gt;&quot;
                             &quot;&amp;lt;/soap:Body&amp;gt;&quot;
                             &quot;&amp;lt;/soap:Envelope&amp;gt;&quot;,KPI];

    NSURL *myNSUObj=[NSURL URLWithString:ServerString];
    NSMutableURLRequest *theRequest = [NSMutableURLRequest requestWithURL:myNSUObj];
    NSString *msgLength = [NSString stringWithFormat:@&quot;%lu&quot;, (unsigned long)[soapMessage length]];

    [theRequest addValue: @&quot;text/xml; charset=utf-8&quot; forHTTPHeaderField:@&quot;Content-Type&quot;];
    [theRequest addValue: @&quot;http://tempuri.org/KPIMethod&quot; forHTTPHeaderField:@&quot;SOAPAction&quot;];
    [theRequest addValue: msgLength forHTTPHeaderField:@&quot;Content-Length&quot;];
    [theRequest setHTTPMethod:@&quot;POST&quot;];
    [theRequest setHTTPBody: [soapMessage dataUsingEncoding:NSUTF8StringEncoding]];

    myNSUConnectionObjScheduleKPI=[[NSURLConnection alloc]initWithRequest:theRequest delegate:self];
    NSLog(@&quot;Data =%@&quot;,myNSUConnectionObjScheduleKPI);
    if(myNSUConnectionObjScheduleKPI)
    {

        NSLog(@&quot;successful connection&quot;);
        myNSMDataFromServerScheduleKPI=[[NSMutableData alloc]init];
    }
}

#pragma  mark - Schedule Actitvity
//Connection Method and Delegate...
-(void)serverconnectionScheduleMeeting{

    int KPI =[Empid intValue];

    NSString *soapMessage = [NSString stringWithFormat:@&quot;&amp;lt;?xml version=\&quot;1.0\&quot; encoding=\&quot;utf-8\&quot;?&amp;gt;&quot;
                             &quot;&amp;lt;soap:Envelope xmlns:xsi=\&quot;http://www.w3.org/2001/XMLSchema-instance\&quot; xmlns:xsd=\&quot;http://www.w3.org/2001/XMLSchema\&quot; xmlns:soap=\&quot;http://schemas.xmlsoap.org/soap/envelope/\&quot;&amp;gt;&quot;
                             &quot;&amp;lt;soap:Body&amp;gt;&quot;
                             &quot;&amp;lt;MeetingMethod xmlns=\&quot;http://tempuri.org/\&quot;&amp;gt;&quot;
                             &quot;&amp;lt;UserId&amp;gt;%d&amp;lt;/UserId&amp;gt;&quot;
                             &quot;&amp;lt;/MeetingMethod&amp;gt;&quot;
                             &quot;&amp;lt;/soap:Body&amp;gt;&quot;
                             &quot;&amp;lt;/soap:Envelope&amp;gt;&quot;,KPI];

    NSURL *myNSUObj=[NSURL URLWithString:ServerString];
    // NSURLRequest *myNSURequestObj=[NSURLRequest requestWithURL:myNSUObj];

    NSMutableURLRequest *theRequest = [NSMutableURLRequest requestWithURL:myNSUObj];
    NSString *msgLength = [NSString stringWithFormat:@&quot;%lu&quot;, (unsigned long)[soapMessage length]];

    [theRequest addValue: @&quot;text/xml; charset=utf-8&quot; forHTTPHeaderField:@&quot;Content-Type&quot;];
    [theRequest addValue: @&quot;http://tempuri.org/MeetingMethod&quot; forHTTPHeaderField:@&quot;SOAPAction&quot;];
    [theRequest addValue: msgLength forHTTPHeaderField:@&quot;Content-Length&quot;];
    [theRequest setHTTPMethod:@&quot;POST&quot;];
    [theRequest setHTTPBody: [soapMessage dataUsingEncoding:NSUTF8StringEncoding]];

    myNSUConnectionObjScheduleMeeting=[[NSURLConnection alloc]initWithRequest:theRequest delegate:self];
    NSLog(@&quot;Data =%@&quot;,myNSUConnectionObjScheduleMeeting);
    if(myNSUConnectionObjScheduleMeeting)
    {

        NSLog(@&quot;successful connection&quot;);
        myNSMDataFromServerScheduleMeeting=[[NSMutableData alloc]init];
    }
}
- (void)connectionDidFinishLoading:(NSURLConnection *)connection{

    if(connection == myNSUConnectionObjScheduleAudit)
    {
        loginStatusScheduleAudit = [[NSString alloc] initWithBytes: [myNSMDataFromServerScheduleAudit mutableBytes] length:[myNSMDataFromServerScheduleAudit length] encoding:NSUTF8StringEncoding];
        NSLog(@&quot;loginStatus =%@&quot;,loginStatusScheduleAudit);
        NSError *parseError = nil;
        NSDictionary *xmlDictionary = [XMLReader dictionaryForXMLString:loginStatusScheduleAudit error:&amp;amp;parseError];
        NSLog(@&quot;JSON DICTIONARY = %@&quot;,xmlDictionary);
        recordResultScheduleAudit = [xmlDictionary[@&quot;success&quot;] integerValue];
        NSLog(@&quot;Success: %ld&quot;,(long)recordResultScheduleAudit);
        NSDictionary* Address=[xmlDictionary objectForKey:@&quot;soap:Envelope&quot;];
        NSLog(@&quot;Address Dict = %@&quot;,Address);
        NSDictionary *new =[Address objectForKey:@&quot;soap:Body&quot;];
        NSLog(@&quot;NEW DICT =%@&quot;,new);
        NSDictionary *LoginResponse=[new objectForKey:@&quot;Get_Audits_Schedules_UserResponse&quot;];
        NSLog(@&quot;Login Response DICT =%@&quot;,LoginResponse);
        NSDictionary *LoginResult=[LoginResponse objectForKey:@&quot;Get_Audits_Schedules_UserResult&quot;];
        NSLog(@&quot;Login Result =%@&quot;,LoginResult);
        if(LoginResult.count&amp;gt;0)
        {
            NSLog(@&quot;Login Result = %@&quot;,LoginResult);
            NSLog(@&quot;Login Result Dict =%@&quot;,LoginResult);
            NSString *teststr =[[NSString alloc] init];
            teststr =[LoginResult objectForKey:@&quot;text&quot;];
            NSLog(@&quot;Test String Value =%@&quot;,teststr);
            NSString *string = [LoginResult valueForKey:@&quot;text&quot;];

            NSData *data = [string dataUsingEncoding:NSUTF8StringEncoding];
            responsedictScheduleAudit = [NSJSONSerialization JSONObjectWithData:data options:0 error:nil];

            ScheduleDatearrayScheduleAudit=[[NSMutableArray alloc] init];
            ScheduleDatearrayScheduleAudit =[responsedictScheduleAudit valueForKey:@&quot;StartDate&quot;];
            CheckString=@&quot;0&quot;;

             [self funAddEvents:EndDatearrayScheduleAudit];
        }
    }
    if(connection == myNSUConnectionObjScheduleKPI)
    {
        loginStatusScheduleKPI = [[NSString alloc] initWithBytes: [myNSMDataFromServerScheduleKPI mutableBytes] length:[myNSMDataFromServerScheduleKPI length] encoding:NSUTF8StringEncoding];
        NSLog(@&quot;loginStatus =%@&quot;,loginStatusScheduleKPI);
        NSError *parseError = nil;
        NSDictionary *xmlDictionary = [XMLReader dictionaryForXMLString:loginStatusScheduleKPI error:&amp;amp;parseError];
        NSLog(@&quot;JSON DICTIONARY = %@&quot;,xmlDictionary);
        recordResultScheduleKPI = [xmlDictionary[@&quot;success&quot;] integerValue];
        NSLog(@&quot;Success: %ld&quot;,(long)recordResultScheduleKPI);
        NSDictionary* Address=[xmlDictionary objectForKey:@&quot;soap:Envelope&quot;];
        NSLog(@&quot;Address Dict = %@&quot;,Address);
        NSDictionary *new =[Address objectForKey:@&quot;soap:Body&quot;];
        NSLog(@&quot;NEW DICT =%@&quot;,new);
        NSDictionary *LoginResponse=[new objectForKey:@&quot;Get_Kpi_Schedules_UserResponse&quot;];
        NSLog(@&quot;Login Response DICT =%@&quot;,LoginResponse);
        NSDictionary *LoginResult=[LoginResponse objectForKey:@&quot;Get_Kpi_Schedules_UserResult&quot;];
        NSLog(@&quot;Login Result =%@&quot;,LoginResult);
        if(LoginResult.count&amp;gt;0)
        {
            NSLog(@&quot;Login Result = %@&quot;,LoginResult);
            NSLog(@&quot;Login Result Dict =%@&quot;,LoginResult);
            NSString *teststr =[[NSString alloc] init];
            teststr =[LoginResult objectForKey:@&quot;text&quot;];
            NSLog(@&quot;Test String Value =%@&quot;,teststr);
            NSString *string = [LoginResult valueForKey:@&quot;text&quot;];

            NSData *data = [string dataUsingEncoding:NSUTF8StringEncoding];
            responsedictScheduleKPI = [NSJSONSerialization JSONObjectWithData:data options:0 error:nil];

            StartDatearrayScheduleKPI =[[NSMutableArray alloc] init];
            StartDatearrayScheduleKPI =[responsedictScheduleKPI valueForKey:@&quot;StartDate&quot;];
           CheckString=@&quot;1&quot;;

        [self funAddEvents:EndDatearrayScheduleKPI];
        }
    }
    if(connection == myNSUConnectionObjScheduleMeeting)
    {
        loginStatusScheduleMeeting = [[NSString alloc] initWithBytes: [myNSMDataFromServerScheduleMeeting mutableBytes] length:[myNSMDataFromServerScheduleMeeting length] encoding:NSUTF8StringEncoding];
        NSLog(@&quot;loginStatus =%@&quot;,loginStatusScheduleMeeting);
        NSError *parseError = nil;
        NSDictionary *xmlDictionary = [XMLReader dictionaryForXMLString:loginStatusScheduleMeeting error:&amp;amp;parseError];
        NSLog(@&quot;JSON DICTIONARY = %@&quot;,xmlDictionary);
        recordResultScheduleMeeting = [xmlDictionary[@&quot;success&quot;] integerValue];
        NSLog(@&quot;Success: %ld&quot;,(long)recordResultScheduleMeeting);
        NSDictionary* AddressDict=[xmlDictionary objectForKey:@&quot;soap:Envelope&quot;];
        NSLog(@&quot;Address Dict = %@&quot;,AddressDict);
        NSDictionary *new =[AddressDict objectForKey:@&quot;soap:Body&quot;];
        NSLog(@&quot;NEW DICT =%@&quot;,new);
        NSDictionary *LoginResponse=[new objectForKey:@&quot;Get_Meeting_Schedules_UserResponse&quot;];
        NSLog(@&quot;Login Response DICT =%@&quot;,LoginResponse);
        NSDictionary *LoginResult=[LoginResponse objectForKey:@&quot;Get_Meeting_Schedules_UserResult&quot;];
        NSLog(@&quot;Login Result =%@&quot;,LoginResult);
        if(LoginResult.count&amp;gt;0)
        {
            NSLog(@&quot;Login Result = %@&quot;,LoginResult);
            NSLog(@&quot;Login Result Dict =%@&quot;,LoginResult);
            NSString *teststr =[[NSString alloc] init];
            teststr =[LoginResult objectForKey:@&quot;text&quot;];
            NSLog(@&quot;Test String Value =%@&quot;,teststr);
            NSString *string = [LoginResult valueForKey:@&quot;text&quot;];

            NSData *data = [string dataUsingEncoding:NSUTF8StringEncoding];
            responsedictScheduleMeeting = [NSJSONSerialization JSONObjectWithData:data options:0 error:nil];
            StartDatearrayScheduleMeeting =[[NSMutableArray alloc] init];
            StartDatearrayScheduleMeeting =[responsedictScheduleMeeting valueForKey:@&quot;StartDate&quot;];

            CheckString=@&quot;2&quot;;

             [self funAddEvents:EndDatearrayScheduleMeeting];
        }
    }
    NSMutableArray *arrDates=[[NSMutableArray alloc] init];
    [arrDates addObjectsFromArray:StartDatearrayScheduleKPI];
    [arrDates addObjectsFromArray:ScheduleDatearrayScheduleAudit];
    [arrDates addObjectsFromArray:StartDatearrayScheduleMeeting];
    [self funAddEvents:arrDates];

    [customActivityIndicator stopAnimating];
}

#pragma mark - NSXMLParsing Delegate

-(void)parser:(NSXMLParser *)parser didStartElement:(NSString *)elementName namespaceURI:(NSString *)namespaceURI qualifiedName:(NSString *)qName attributes:(NSDictionary *)attributeDict
{
    if([elementName isEqualToString:@&quot;FillBlocksNew&quot;])
    {
        myDataClassObjScheduleAudit=[[mydata alloc]init];
    }
}

-(void)parser:(NSXMLParser *)parser foundCharacters:(NSString *)string
{
    myMutableStringObjScheduleAudit=[[NSMutableString alloc]initWithString:string];
    NSLog(@&quot;Array String: %@&quot;,myMutableStringObjScheduleAudit);
    NSData *dataAudit = [myMutableStringObjScheduleAudit dataUsingEncoding:NSUTF8StringEncoding];
    responsedictScheduleAudit = [NSJSONSerialization JSONObjectWithData:dataAudit options:0 error:nil];
    NSLog(@&quot;JSON DATA = %@&quot;,responsedictScheduleAudit);

    myMutableStringObjScheduleKPI=[[NSMutableString alloc]initWithString:string];
    NSLog(@&quot;Array String: %@&quot;,myMutableStringObjScheduleKPI);
    NSData *dataKPI = [myMutableStringObjScheduleKPI dataUsingEncoding:NSUTF8StringEncoding];
    responsedictScheduleKPI = [NSJSONSerialization JSONObjectWithData:dataKPI options:0 error:nil];
    NSLog(@&quot;JSON DATA = %@&quot;,responsedictScheduleKPI);

    myMutableStringObjScheduleMeeting=[[NSMutableString alloc]initWithString:string];
    NSLog(@&quot;Array String: %@&quot;,myMutableStringObjScheduleMeeting);
    NSData *dataMeeting = [myMutableStringObjScheduleMeeting dataUsingEncoding:NSUTF8StringEncoding];
    responsedictScheduleMeeting = [NSJSONSerialization JSONObjectWithData:dataMeeting options:0 error:nil];
    NSLog(@&quot;JSON DATA = %@&quot;,responsedictScheduleMeeting);
}
&lt;/code&gt;&lt;/pre&gt;

&lt;p&gt;This is how I am showing &lt;/p&gt;

&lt;p&gt;&lt;a href=&quot;https://i.stack.imgur.com/JcuvM.png&quot; rel=&quot;nofollow noreferrer&quot;&gt;&lt;img src=&quot;https://i.stack.imgur.com/JcuvM.png&quot; alt=&quot;enter image description here&quot;&gt;&lt;/a&gt;&lt;/p&gt;

&lt;p&gt;I need to show multiple events like this in the image 
&lt;a href=&quot;https://i.stack.imgur.com/0vYnG.png&quot; rel=&quot;nofollow noreferrer&quot;&gt;&lt;img src=&quot;https://i.stack.imgur.com/0vYnG.png&quot; alt=&quot;enter image description here&quot;&gt;&lt;/a&gt;&lt;/p&gt;

&lt;p&gt;I need to show 2,3 events on the same date on the JTCalendar form the web service and in the different colour.How to do this can anyone try like this.Thanks in Advance! &lt;/p&gt;
');
INSERT INTO question (post_id, topic_id, title) VALUES (22, 1, 'How to show 3 events on same date on calendar from web service in Objective C');
INSERT INTO activity (post_id, user_id, action) VALUES (22, 35, 'Create');
INSERT INTO tag (text) VALUES ('ios');
INSERT INTO questiontag (question_id, tag_id) VALUES (22, 60);
INSERT INTO tag (text) VALUES ('objective-c');
INSERT INTO questiontag (question_id, tag_id) VALUES (22, 61);
INSERT INTO tag (text) VALUES ('nsarray');
INSERT INTO questiontag (question_id, tag_id) VALUES (22, 62);
INSERT INTO tag (text) VALUES ('jtcalendar');
INSERT INTO questiontag (question_id, tag_id) VALUES (22, 63);

INSERT INTO post (current_state, up_score, down_score) VALUES ('Published', 2, 1);
INSERT INTO postinstance (post_id, user_id, description) VALUES (23, 11, '&lt;p&gt;I&#x27;m trying to send data over network from a Java program to a C program.
But I don&#x27;t know which type of data to use. I tried with a char.&lt;/p&gt;

&lt;p&gt;Here is my Java code : &lt;/p&gt;

&lt;pre&gt;&lt;code&gt;DataOutputStream dos = new DataOutputStream(sock.getOutputStream());
char c = &#x27;c&#x27;;
dos.writeChar(c);
&lt;/code&gt;&lt;/pre&gt;

&lt;p&gt;And my C code : &lt;/p&gt;

&lt;pre&gt;&lt;code&gt;char buffer[256];
bzero(buffer, 256);
read(newsockfd, buffer, 255);
printf(&quot;Here is the message: %c\n&quot;, buffer[0]);
&lt;/code&gt;&lt;/pre&gt;

&lt;p&gt;&quot;Here is the message&quot; print nothing. I don&#x27;t know if buffer[0] is empty or if the type is not compatible.&lt;/p&gt;
');
INSERT INTO question (post_id, topic_id, title) VALUES (23, 1, 'Send data over sockets from Java program to C program');
INSERT INTO activity (post_id, user_id, action) VALUES (23, 11, 'Create');
INSERT INTO questiontag (question_id, tag_id) VALUES (23, 27);
INSERT INTO tag (text) VALUES ('c');
INSERT INTO questiontag (question_id, tag_id) VALUES (23, 64);
INSERT INTO tag (text) VALUES ('sockets');
INSERT INTO questiontag (question_id, tag_id) VALUES (23, 65);
INSERT INTO tag (text) VALUES ('networking');
INSERT INTO questiontag (question_id, tag_id) VALUES (23, 66);

INSERT INTO post (current_state, up_score, down_score) VALUES ('Published', 0, 0);
INSERT INTO postinstance (post_id, user_id, description) VALUES (24, 38, '&lt;p&gt;I have taken the code from the following source on Github and am trying to run it from Qt on RHEL Red Hat 4.4.7-17:&lt;/p&gt;

&lt;p&gt;&lt;a href=&quot;https://github.com/neveraway/oclJPEGDecoder&quot; rel=&quot;nofollow noreferrer&quot;&gt;https://github.com/neveraway/oclJPEGDecoder&lt;/a&gt;&lt;/p&gt;

&lt;p&gt;I extracted the project folder and ran &lt;code&gt;qmake -project&lt;/code&gt;in it. I opened the files in Qt creator and further modified my .pro file to link OpenCL sources and add the CXX and CFLAGS.&lt;/p&gt;

&lt;p&gt;My .pro file looks like this:&lt;/p&gt;

&lt;pre&gt;&lt;code&gt;######################################################################
# Automatically generated by qmake (1.07a) Tue Mar 28 14:51:49 2017
######################################################################

TEMPLATE = app
DEPENDPATH += src \
              /usr/local/cuda-7.0/lib64/

INCLUDEPATH += . src \
                /usr/local/cuda-7.0/lib64/\
               /usr/local/cuda-7.0/include/
# Input
HEADERS += src/bitstream.h \
           src/bmp.h \
           src/decoder.h \
           src/huffman.h \
           src/idct.h \
           src/jpeg.h \
           src/macro.h \
           src/stdafx.h \
           src/targetver.h \
           src/zigzag.h

SOURCES += src/bitstream.cpp \
           src/cpuIDCT8x8.cpp \
           src/decoder.cpp \
           src/huffman.cpp \
           src/main.cpp \
           src/oclDCT8x8.cpp \
           src/parser.cpp \
           src/stdafx.cpp \
    src/main.cpp

LIBS += -L/usr/local/cuda-7.0/lib64/ -lOpenCL

QMAKE_CXXFLAGS += -std=c++11

QMAKE_CFLAGS += -std=c99

DISTFILES += \
    src/idct8x8.cl \
    oclJPEGDecoder.sln \
    oclJPEGDecoder.vcxproj \
    oclJPEGDecoder.vcxproj.filters \
    README.md \
    test/JPEG_example_JPG_RIP_050.jpg
&lt;/code&gt;&lt;/pre&gt;

&lt;p&gt;When I clicked on &lt;code&gt;Run qmake&lt;/code&gt; and then &lt;code&gt;Build All&lt;/code&gt;, this is what I saw under &quot;Compile Output&quot;:&lt;/p&gt;

&lt;pre&gt;&lt;code&gt;18:08:23: Configuration unchanged, skipping qmake step.
18:08:23: Starting: &quot;/usr/bin/make&quot; 
Makefile:634: warning: overriding commands for target `main.o&#x27;
Makefile:603: warning: ignoring old commands for target `main.o&#x27;
g++ -c -pipe -std=c++11 -g -std=gnu++0x -Wall -W -D_REENTRANT -fPIC -DQT_QML_DEBUG -DQT_GUI_LIB -DQT_CORE_LIB -I../oclJPEGDecoder-master -I. -I../oclJPEGDecoder-master -I../oclJPEGDecoder-master/src -I/usr/local/cuda-7.0/lib64 -I/usr/local/cuda-7.0/include -I/opt/Qt5.6.2/5.6/gcc_64/include -I/opt/Qt5.6.2/5.6/gcc_64/include/QtGui -I/opt/Qt5.6.2/5.6/gcc_64/include/QtCore -I. -I/opt/Qt5.6.2/5.6/gcc_64/mkspecs/linux-g++ -o bitstream.o ../oclJPEGDecoder-master/src/bitstream.cpp
cc1plus: error: unrecognized command line option &quot;-std=c++11&quot;
make: *** [bitstream.o] Error 1
18:08:23: The process &quot;/usr/bin/make&quot; exited with code 2.
Error while building/deploying project oclJPEGDecoder-master (kit: Desktop Qt 5.6.2 GCC 64bit)
When executing step &quot;Make&quot;
18:08:23: Elapsed time: 00:00.
&lt;/code&gt;&lt;/pre&gt;

&lt;p&gt;My &lt;code&gt;Makefile&lt;/code&gt; has the following contents:&lt;/p&gt;

&lt;pre&gt;&lt;code&gt;#############################################################################
# Makefile for building: oclJPEGDecoder-master
# Generated by qmake (3.0) (Qt 5.6.2)
# Project:  ../oclJPEGDecoder-master/oclJPEGDecoder-master.pro
# Template: app
# Command: /opt/Qt5.6.2/5.6/gcc_64/bin/qmake -spec linux-g++ CONFIG+=debug CONFIG+=qml_debug -o Makefile ../oclJPEGDecoder-master/oclJPEGDecoder-master.pro
#############################################################################

MAKEFILE      = Makefile

####### Compiler, tools and options

CC            = gcc
CXX           = g++
DEFINES       = -DQT_QML_DEBUG -DQT_GUI_LIB -DQT_CORE_LIB
CFLAGS        = -pipe -g -Wall -W -D_REENTRANT -fPIC $(DEFINES)
CXXFLAGS      = -pipe -std=c++11 -g -std=gnu++0x -Wall -W -D_REENTRANT -fPIC $(DEFINES)
INCPATH       = -I../oclJPEGDecoder-master -I. -I../oclJPEGDecoder-master -I../oclJPEGDecoder-master/src -I/usr/local/cuda-7.0/lib64 -I/usr/local/cuda-7.0/include -I/opt/Qt5.6.2/5.6/gcc_64/include -I/opt/Qt5.6.2/5.6/gcc_64/include/QtGui -I/opt/Qt5.6.2/5.6/gcc_64/include/QtCore -I. -I/opt/Qt5.6.2/5.6/gcc_64/mkspecs/linux-g++
QMAKE         = /opt/Qt5.6.2/5.6/gcc_64/bin/qmake
DEL_FILE      = rm -f
CHK_DIR_EXISTS= test -d
MKDIR         = mkdir -p
COPY          = cp -f
COPY_FILE     = cp -f
COPY_DIR      = cp -f -R
INSTALL_FILE  = install -m 644 -p
INSTALL_PROGRAM = install -m 755 -p
INSTALL_DIR   = cp -f -R
DEL_FILE      = rm -f
SYMLINK       = ln -f -s
DEL_DIR       = rmdir
MOVE          = mv -f
TAR           = tar -cf
COMPRESS      = gzip -9f
DISTNAME      = oclJPEGDecoder-master1.0.0
DISTDIR = /root/Downloads/build-oclJPEGDecoder-master-Desktop_Qt_5_6_2_GCC_64bit-Debug/.tmp/oclJPEGDecoder-master1.0.0
LINK          = g++
LFLAGS        = -Wl,-rpath,/opt/Qt5.6.2/5.6/gcc_64/lib
LIBS          = $(SUBLIBS) -L/usr/local/cuda-7.0/lib64/ -lOpenCL -L/opt/Qt5.6.2/5.6/gcc_64/lib -lQt5Gui -L/usr/lib64 -lQt5Core -lGL -lpthread 
AR            = ar cqs
RANLIB        = 
SED           = sed
STRIP         = strip
&lt;/code&gt;&lt;/pre&gt;

&lt;p&gt;My &lt;code&gt;.o&lt;/code&gt; files look like this:&lt;/p&gt;

&lt;pre&gt;&lt;code&gt;####### Compile

bitstream.o: ../oclJPEGDecoder-master/src/bitstream.cpp ../oclJPEGDecoder-master/src/stdafx.h \
        ../oclJPEGDecoder-master/src/targetver.h \
        ../oclJPEGDecoder-master/src/macro.h \
        ../oclJPEGDecoder-master/src/bitstream.h
    $(CXX) -c $(CXXFLAGS) $(INCPATH) -o bitstream.o ../oclJPEGDecoder-master/src/bitstream.cpp

cpuIDCT8x8.o: ../oclJPEGDecoder-master/src/cpuIDCT8x8.cpp ../oclJPEGDecoder-master/src/stdafx.h \
        ../oclJPEGDecoder-master/src/targetver.h \
        ../oclJPEGDecoder-master/src/macro.h \
        ../oclJPEGDecoder-master/src/idct.h
    $(CXX) -c $(CXXFLAGS) $(INCPATH) -o cpuIDCT8x8.o ../oclJPEGDecoder-master/src/cpuIDCT8x8.cpp

decoder.o: ../oclJPEGDecoder-master/src/decoder.cpp ../oclJPEGDecoder-master/src/stdafx.h \
        ../oclJPEGDecoder-master/src/targetver.h \
        ../oclJPEGDecoder-master/src/macro.h \
        ../oclJPEGDecoder-master/src/jpeg.h \
        ../oclJPEGDecoder-master/src/bmp.h \
        ../oclJPEGDecoder-master/src/bitstream.h \
        ../oclJPEGDecoder-master/src/huffman.h \
        ../oclJPEGDecoder-master/src/zigzag.h \
        ../oclJPEGDecoder-master/src/idct.h
    $(CXX) -c $(CXXFLAGS) $(INCPATH) -o decoder.o ../oclJPEGDecoder-master/src/decoder.cpp

huffman.o: ../oclJPEGDecoder-master/src/huffman.cpp ../oclJPEGDecoder-master/src/stdafx.h \
        ../oclJPEGDecoder-master/src/targetver.h \
        ../oclJPEGDecoder-master/src/macro.h \
        ../oclJPEGDecoder-master/src/huffman.h \
        ../oclJPEGDecoder-master/src/bitstream.h
    $(CXX) -c $(CXXFLAGS) $(INCPATH) -o huffman.o ../oclJPEGDecoder-master/src/huffman.cpp

main.o: ../oclJPEGDecoder-master/src/main.cpp ../oclJPEGDecoder-master/src/stdafx.h \
        ../oclJPEGDecoder-master/src/targetver.h \
        ../oclJPEGDecoder-master/src/macro.h \
        ../oclJPEGDecoder-master/src/bitstream.h \
        ../oclJPEGDecoder-master/src/huffman.h \
        ../oclJPEGDecoder-master/src/idct.h
    $(CXX) -c $(CXXFLAGS) $(INCPATH) -o main.o ../oclJPEGDecoder-master/src/main.cpp

oclDCT8x8.o: ../oclJPEGDecoder-master/src/oclDCT8x8.cpp ../oclJPEGDecoder-master/src/stdafx.h \
        ../oclJPEGDecoder-master/src/targetver.h \
        /usr/local/cuda-7.0/include/CL/opencl.h \
        /usr/local/cuda-7.0/include/CL/cl.h \
        /usr/local/cuda-7.0/include/CL/cl_platform.h \
        /usr/local/cuda-7.0/include/CL/cl_gl.h \
        /usr/local/cuda-7.0/include/CL/cl_gl_ext.h \
        /usr/local/cuda-7.0/include/CL/cl_ext.h \
        ../oclJPEGDecoder-master/src/macro.h \
        ../oclJPEGDecoder-master/src/idct.h
    $(CXX) -c $(CXXFLAGS) $(INCPATH) -o oclDCT8x8.o ../oclJPEGDecoder-master/src/oclDCT8x8.cpp

parser.o: ../oclJPEGDecoder-master/src/parser.cpp ../oclJPEGDecoder-master/src/stdafx.h \
        ../oclJPEGDecoder-master/src/targetver.h \
        ../oclJPEGDecoder-master/src/macro.h \
        ../oclJPEGDecoder-master/src/jpeg.h \
        ../oclJPEGDecoder-master/src/decoder.h
    $(CXX) -c $(CXXFLAGS) $(INCPATH) -o parser.o ../oclJPEGDecoder-master/src/parser.cpp

stdafx.o: ../oclJPEGDecoder-master/src/stdafx.cpp ../oclJPEGDecoder-master/src/stdafx.h \
        ../oclJPEGDecoder-master/src/targetver.h
    $(CXX) -c $(CXXFLAGS) $(INCPATH) -o stdafx.o ../oclJPEGDecoder-master/src/stdafx.cpp

main.o: ../oclJPEGDecoder-master/src/main.cpp ../oclJPEGDecoder-master/src/stdafx.h \
        ../oclJPEGDecoder-master/src/targetver.h \
        ../oclJPEGDecoder-master/src/macro.h \
        ../oclJPEGDecoder-master/src/bitstream.h \
        ../oclJPEGDecoder-master/src/huffman.h \
        ../oclJPEGDecoder-master/src/idct.h
    $(CXX) -c $(CXXFLAGS) $(INCPATH) -o main.o ../oclJPEGDecoder-master/src/main.cpp

####### Install

install:  FORCE

uninstall:  FORCE

FORCE:
&lt;/code&gt;&lt;/pre&gt;

&lt;p&gt;&lt;strong&gt;2nd ATTEMPT WITH &lt;code&gt;-std=c++0x&lt;/code&gt;:&lt;/strong&gt;&lt;/p&gt;

&lt;p&gt;I changed the CXX_FLAGS command to &lt;code&gt;QMAKE_CXXFLAGS += -std=c++0x&lt;/code&gt; and kept everything else unchanged in my &lt;code&gt;.pro&lt;/code&gt; file. 
When I clicked on &lt;code&gt;Build All&lt;/code&gt; after making the change, this is the output I got under &quot;Compile Output&quot;:&lt;/p&gt;

&lt;pre&gt;&lt;code&gt;18:38:06: Running steps for project oclJPEGDecoder-master...
18:38:06: Configuration unchanged, skipping qmake step.
18:38:06: Starting: &quot;/usr/bin/make&quot; 
Makefile:634: warning: overriding commands for target `main.o&#x27;
Makefile:603: warning: ignoring old commands for target `main.o&#x27;
g++ -c -pipe -std=c++0x -g -std=gnu++0x -Wall -W -D_REENTRANT -fPIC -DQT_QML_DEBUG -DQT_GUI_LIB -DQT_CORE_LIB -I../oclJPEGDecoder-master -I. -I../oclJPEGDecoder-master -I../oclJPEGDecoder-master/src -I/usr/local/cuda-7.0/lib64 -I/usr/local/cuda-7.0/include -I/opt/Qt5.6.2/5.6/gcc_64/include -I/opt/Qt5.6.2/5.6/gcc_64/include/QtGui -I/opt/Qt5.6.2/5.6/gcc_64/include/QtCore -I. -I/opt/Qt5.6.2/5.6/gcc_64/mkspecs/linux-g++ -o bitstream.o ../oclJPEGDecoder-master/src/bitstream.cpp
In file included from ../oclJPEGDecoder-master/src/bitstream.cpp:4:
../oclJPEGDecoder-master/src/bitstream.h:368: error: &#x27;nullptr&#x27; was not declared in this scope
../oclJPEGDecoder-master/src/bitstream.h:368: error: ISO C++ forbids initialization of member &#x27;mBitReservoir&#x27;
../oclJPEGDecoder-master/src/bitstream.h:368: error: making &#x27;mBitReservoir&#x27; static
../oclJPEGDecoder-master/src/bitstream.h:368: error: invalid in-class initialization of static data member of non-integral type &#x27;uint8_t*&#x27;
../oclJPEGDecoder-master/src/bitstream.h:369: error: ISO C++ forbids initialization of member &#x27;mCapacity&#x27;
../oclJPEGDecoder-master/src/bitstream.h:369: error: making &#x27;mCapacity&#x27; static
../oclJPEGDecoder-master/src/bitstream.h:369: error: ISO C++ forbids in-class initialization of non-const static member &#x27;mCapacity&#x27;
../oclJPEGDecoder-master/src/bitstream.h: In member function &#x27;void BitStream::free()&#x27;:
../oclJPEGDecoder-master/src/bitstream.h:96: error: &#x27;mBitReservoir&#x27; was not declared in this scope
../oclJPEGDecoder-master/src/bitstream.h:96: error: &#x27;nullptr&#x27; was not declared in this scope
../oclJPEGDecoder-master/src/bitstream.h:98: error: type &#x27;&amp;lt;type error&amp;gt;&#x27; argument given to &#x27;delete&#x27;, expected pointer
../oclJPEGDecoder-master/src/bitstream.h: In member function &#x27;void BitStream::trim()&#x27;:
../oclJPEGDecoder-master/src/bitstream.h:110: error: &#x27;mBitReservoir&#x27; was not declared in this scope
../oclJPEGDecoder-master/src/bitstream.h: In member function &#x27;bool BitStream::reserve(size_t)&#x27;:
../oclJPEGDecoder-master/src/bitstream.h:137: error: &#x27;mBitReservoir&#x27; was not declared in this scope
../oclJPEGDecoder-master/src/bitstream.h: In member function &#x27;bool BitStream::frontBit() const&#x27;:
../oclJPEGDecoder-master/src/bitstream.h:209: error: &#x27;mBitReservoir&#x27; was not declared in this scope
../oclJPEGDecoder-master/src/bitstream.h: In member function &#x27;uint8_t BitStream::frontFullByte() const&#x27;:
../oclJPEGDecoder-master/src/bitstream.h:214: error: &#x27;mBitReservoir&#x27; was not declared in this scope
../oclJPEGDecoder-master/src/bitstream.h: In member function &#x27;uint32_t BitStream::front9b(uint8_t) const&#x27;:
../oclJPEGDecoder-master/src/bitstream.h:219: error: &#x27;mBitReservoir&#x27; was not declared in this scope
../oclJPEGDecoder-master/src/bitstream.h: In member function &#x27;uint32_t BitStream::front17b(uint8_t) const&#x27;:
../oclJPEGDecoder-master/src/bitstream.h:227: error: &#x27;mBitReservoir&#x27; was not declared in this scope
../oclJPEGDecoder-master/src/bitstream.h: In member function &#x27;uint32_t BitStream::front25b(uint8_t) const&#x27;:
../oclJPEGDecoder-master/src/bitstream.h:235: error: &#x27;mBitReservoir&#x27; was not declared in this scope
../oclJPEGDecoder-master/src/bitstream.h: In member function &#x27;void BitStream::writeBit(bool)&#x27;:
../oclJPEGDecoder-master/src/bitstream.h:246: error: &#x27;mBitReservoir&#x27; was not declared in this scope
../oclJPEGDecoder-master/src/bitstream.h:248: error: &#x27;mBitReservoir&#x27; was not declared in this scope
../oclJPEGDecoder-master/src/bitstream.h: In member function &#x27;const uint8_t* BitStream::frontData() const&#x27;:
../oclJPEGDecoder-master/src/bitstream.h:307: error: &#x27;mBitReservoir&#x27; was not declared in this scope
../oclJPEGDecoder-master/src/bitstream.h: In member function &#x27;uint32_t BitStream::cachedFrontBits(int)&#x27;:
../oclJPEGDecoder-master/src/bitstream.h:340: error: &#x27;mBitReservoir&#x27; was not declared in this scope
../oclJPEGDecoder-master/src/bitstream.h: In member function &#x27;void BitStream::moveDataTo(uint8_t*)&#x27;:
../oclJPEGDecoder-master/src/bitstream.h:398: error: &#x27;mBitReservoir&#x27; was not declared in this scope
../oclJPEGDecoder-master/src/bitstream.cpp: In member function &#x27;size_t BitStream::append(const uint8_t*, size_t)&#x27;:
../oclJPEGDecoder-master/src/bitstream.cpp:22: error: &#x27;mBitReservoir&#x27; was not declared in this scope
make: *** [bitstream.o] Error 1
18:38:06: The process &quot;/usr/bin/make&quot; exited with code 2.
Error while building/deploying project oclJPEGDecoder-master (kit: Desktop Qt 5.6.2 GCC 64bit)
When executing step &quot;Make&quot;
18:38:06: Elapsed time: 00:00.
&lt;/code&gt;&lt;/pre&gt;

&lt;p&gt;I got errors in &lt;code&gt;bitstream.c&lt;/code&gt; due to incompatibility with the compiler.&lt;/p&gt;

&lt;p&gt;&lt;strong&gt;How can I get around this issue? Do I absolutely need to install a new version of g++ to get this code to work? Do I need to include anything in my &lt;code&gt;Makefile&lt;/code&gt;?&lt;/strong&gt;&lt;/p&gt;

&lt;p&gt;Please guide me in this matter.&lt;/p&gt;

&lt;p&gt;EDIT:&lt;/p&gt;

&lt;p&gt;My output for &lt;code&gt;g++ --version&lt;/code&gt;:&lt;/p&gt;

&lt;pre&gt;&lt;code&gt;g++ (GCC) 4.4.7 20120313 (Red Hat 4.4.7-17)
Copyright (C) 2010 Free Software Foundation, Inc.
This is free software; see the source for copying conditions.  There is NO
warranty; not even for MERCHANTABILITY or FITNESS FOR A PARTICULAR PURPOSE.
&lt;/code&gt;&lt;/pre&gt;
');
INSERT INTO question (post_id, topic_id, title) VALUES (24, 1, 'Getting the error &quot;cc1plus: error: unrecognized command line option &quot;-std=c++11&quot;&quot; when I run code on Qt creator');
INSERT INTO activity (post_id, user_id, action) VALUES (24, 38, 'Create');
INSERT INTO tag (text) VALUES ('c++11');
INSERT INTO questiontag (question_id, tag_id) VALUES (24, 67);
INSERT INTO tag (text) VALUES ('makefile');
INSERT INTO questiontag (question_id, tag_id) VALUES (24, 68);
INSERT INTO tag (text) VALUES ('qt-creator');
INSERT INTO questiontag (question_id, tag_id) VALUES (24, 69);
INSERT INTO tag (text) VALUES ('qmake');
INSERT INTO questiontag (question_id, tag_id) VALUES (24, 70);

INSERT INTO post (current_state, up_score, down_score) VALUES ('Published', 0, 0);
INSERT INTO postinstance (post_id, user_id, description) VALUES (25, 16, '&lt;p&gt;After a token refresh from my web app (es: onTokenRefresh callback), should my server app subscribe the app instance to all the old topics by calling the Instance ID service or the iid token is associated in automatic to old topics? &lt;/p&gt;
');
INSERT INTO question (post_id, topic_id, title) VALUES (25, 1, 'old topic subsriptions after token refresh');
INSERT INTO activity (post_id, user_id, action) VALUES (25, 16, 'Create');
INSERT INTO tag (text) VALUES ('firebase');
INSERT INTO questiontag (question_id, tag_id) VALUES (25, 71);
INSERT INTO tag (text) VALUES ('push-notification');
INSERT INTO questiontag (question_id, tag_id) VALUES (25, 72);

INSERT INTO post (current_state, up_score, down_score) VALUES ('Published', 113, 76);
INSERT INTO postinstance (post_id, user_id, description) VALUES (26, 11, '&lt;p&gt;Is there a way to convert NaN values to 0 without an if statement:&lt;/p&gt;

&lt;pre&gt;&lt;code&gt;if (isNaN(a)) a = 0;
&lt;/code&gt;&lt;/pre&gt;

&lt;p&gt;It is very annoying to check my variables every time.&lt;/p&gt;
');
INSERT INTO question (post_id, topic_id, title) VALUES (26, 1, 'Convert NaN to 0 in javascript');
INSERT INTO activity (post_id, user_id, action) VALUES (26, 11, 'Create');
INSERT INTO questiontag (question_id, tag_id) VALUES (26, 20);

INSERT INTO post (current_state, up_score, down_score) VALUES ('Published', 0, 0);
INSERT INTO postinstance (post_id, user_id, description) VALUES (27, 14, '&lt;p&gt;Right after updating Xcode to 8.3, I started receiving this error at launch: Terminating app due to uncaught exception &#x27;CALayerInvalidGeometry&#x27;, reason: &#x27;CALayer position contains NaN: [nan nan]&#x27;&lt;/p&gt;

&lt;p&gt;The main view for my app has a couple of container views, one of which holds a mapView. It appears the error has to do with the map, but I can&#x27;t quite make out from the message what that might be. Any thoughts would be greatly appreciated!&lt;/p&gt;

&lt;pre&gt;&lt;code&gt;*** Terminating app due to uncaught exception &#x27;CALayerInvalidGeometry&#x27;, reason: &#x27;CALayer position contains NaN: [nan nan]&#x27;
*** First throw call stack:
(
0   CoreFoundation                      0x00000001029b1b0b __exceptionPreprocess + 171
1   libobjc.A.dylib                     0x0000000102416141 objc_exception_throw + 48
2   CoreFoundation                      0x0000000102a1a625 +[NSException raise:format:] + 197
3   QuartzCore                          0x00000001039d90be _ZN2CA5Layer12set_positionERKNS_4Vec2IdEEb + 152
4   QuartzCore                          0x00000001039d9231 -[CALayer setPosition:] + 43
5   MapKit                              0x000000010354a97b -[MKMapView _updateScrollContainerView:] + 1214
6   MapKit                              0x000000010354bbeb -[MKMapView _sizeDidChangeWithCenterCoordinate:] + 55
7   MapKit                              0x000000010354606e -[MKMapView setBounds:] + 271
8   UIKit                               0x0000000103c14b23 -[UIView(Geometry) _applyISEngineLayoutValuesToBoundsOnly:] + 598
9   UIKit                               0x0000000103c14e0e -[UIView(Geometry) _resizeWithOldSuperviewSize:] + 125
10  CoreFoundation                      0x0000000102942652 __53-[__NSArrayM enumerateObjectsWithOptions:usingBlock:]_block_invoke + 114
11  CoreFoundation                      0x000000010294256f -[__NSArrayM enumerateObjectsWithOptions:usingBlock:] + 335
12  UIKit                               0x0000000103c1387c -[UIView(Geometry) resizeSubviewsWithOldSize:] + 183
13  UIKit                               0x000000010452f1f9 -[UIView(AdditionalLayoutSupport) _is_layout] + 168
14  UIKit                               0x0000000103c1fd56 -[UIView(Hierarchy) _updateConstraintsAsNecessaryAndApplyLayoutFromEngine] + 994
15  UIKit                               0x0000000103c3120b -[UIView(CALayerDelegate) layoutSublayersOfLayer:] + 1268
16  QuartzCore                          0x00000001039e2904 -[CALayer layoutSublayers] + 146
17  QuartzCore                          0x00000001039d6526 _ZN2CA5Layer16layout_if_neededEPNS_11TransactionE + 370
18  QuartzCore                          0x00000001039d63a0 _ZN2CA5Layer28layout_and_display_if_neededEPNS_11TransactionE + 24
19  QuartzCore                          0x0000000103965e92 _ZN2CA7Context18commit_transactionEPNS_11TransactionE + 294
20  QuartzCore                          0x0000000103992130 _ZN2CA11Transaction6commitEv + 468
21  QuartzCore                          0x0000000103992b37 _ZN2CA11Transaction17observer_callbackEP19__CFRunLoopObservermPv + 115
22  CoreFoundation                      0x0000000102957717 __CFRUNLOOP_IS_CALLING_OUT_TO_AN_OBSERVER_CALLBACK_FUNCTION__ + 23
23  CoreFoundation                      0x0000000102957687 __CFRunLoopDoObservers + 391
24  CoreFoundation                      0x000000010293c038 CFRunLoopRunSpecific + 440
25  UIKit                               0x0000000103b6802f -[UIApplication _run] + 468
26  UIKit                               0x0000000103b6e0d4 UIApplicationMain + 159
27  Pulley                              0x0000000101bd95b7 main + 55
28  libdyld.dylib                       0x0000000109eaa65d start + 1
29  ???                                 0x0000000000000001 0x0 + 1
)
libc++abi.dylib: terminating with uncaught exception of type NSException
(lldb) 
&lt;/code&gt;&lt;/pre&gt;
');
INSERT INTO question (post_id, topic_id, title) VALUES (27, 1, 'Debugging &#39;CALayer position contains NaN: [nan nan]&#39;');
INSERT INTO activity (post_id, user_id, action) VALUES (27, 14, 'Create');
INSERT INTO questiontag (question_id, tag_id) VALUES (27, 60);
INSERT INTO questiontag (question_id, tag_id) VALUES (27, 36);
INSERT INTO tag (text) VALUES ('xcode');
INSERT INTO questiontag (question_id, tag_id) VALUES (27, 73);
INSERT INTO tag (text) VALUES ('debugging');
INSERT INTO questiontag (question_id, tag_id) VALUES (27, 74);
INSERT INTO tag (text) VALUES ('mapkit');
INSERT INTO questiontag (question_id, tag_id) VALUES (27, 75);

INSERT INTO post (current_state, up_score, down_score) VALUES ('Published', 0, 0);
INSERT INTO postinstance (post_id, user_id, description) VALUES (28, 46, '&lt;p&gt;I would like to know what the error messages &lt;strong&gt;MSG_TYPE1_GENERATED&lt;/strong&gt; and &lt;strong&gt;MSG_TYPE3_GENERATED&lt;/strong&gt; (from &lt;strong&gt;httpClient/NTLMScheme.State&lt;/strong&gt; enum) signify to help debug an issue we are having. Can someone please provide the documentation for these errors?&lt;/p&gt;

&lt;p&gt;I have a server application which uses &lt;strong&gt;ews-java-api 2.0&lt;/strong&gt; for connecting to an &lt;strong&gt;Exchange Server 2016&lt;/strong&gt;, configured with &lt;strong&gt;NTLM Authentication.&lt;/strong&gt;
 
I have configured &lt;strong&gt;HttpClient&lt;/strong&gt; version &lt;strong&gt;4.5.2&lt;/strong&gt;.
 
The server application uses an Exchange Service Account for retrieving rooms and meetings from the Exchange Server.
 
The rooms and meetings are successfully retrieved, but, after a while of &lt;strong&gt;successfully&lt;/strong&gt; running, I see the following error in logs:
 &lt;/p&gt;

&lt;pre&gt;&lt;code&gt;ERROR org.apache.http.impl.auth.HttpAuthenticator - NTLM authentication error: Unexpected state: MSG_TYPE3_GENERATED
&lt;/code&gt;&lt;/pre&gt;

&lt;p&gt; 
This error is followed by some 401 Unauthorized errors received from Exchange Server and the application never recovers from this 401 error until restart (this usually happens a few times a day).&lt;/p&gt;

&lt;pre&gt;&lt;code&gt;Caused by: microsoft.exchange.webservices.data.core.exception.http.HttpErrorException: The remote server returned an error: (401)Unauthorized
                at microsoft.exchange.webservices.data.core.request.ServiceRequestBase.getEwsHttpWebResponse(ServiceRequestBase.java:726)
                at microsoft.exchange.webservices.data.core.request.ServiceRequestBase.validateAndEmitRequest(ServiceRequestBase.java:640)
                ... 34 more
 
&lt;/code&gt;&lt;/pre&gt;

&lt;p&gt;I am not sure if it is related to this issue, but sometimes after the &lt;strong&gt;MSG_TYPE3_GENERATED&lt;/strong&gt; error log, I see a lot of timeouts:
     &lt;/p&gt;

&lt;pre&gt;&lt;code&gt; Caused by: java.net.SocketTimeoutException: Read timed out
                    at java.net.SocketInputStream.socketRead0(Native Method)
                    at java.net.SocketInputStream.socketRead(SocketInputStream.java:116)
                    at java.net.SocketInputStream.read(SocketInputStream.java:170)
                    at java.net.SocketInputStream.read(SocketInputStream.java:141)
                    at sun.security.ssl.InputRecord.readFully(InputRecord.java:465)
                    at sun.security.ssl.InputRecord.read(InputRecord.java:503)
                    at sun.security.ssl.SSLSocketImpl.readRecord(SSLSocketImpl.java:973)
                    at sun.security.ssl.SSLSocketImpl.readDataRecord(SSLSocketImpl.java:930)
                    at sun.security.ssl.AppInputStream.read(AppInputStream.java:105)
                    at org.apache.http.impl.io.SessionInputBufferImpl.streamRead(SessionInputBufferImpl.java:139)
                    at org.apache.http.impl.io.SessionInputBufferImpl.fillBuffer(SessionInputBufferImpl.java:155)
                    at org.apache.http.impl.io.SessionInputBufferImpl.readLine(SessionInputBufferImpl.java:284)
                    at org.apache.http.impl.conn.DefaultHttpResponseParser.parseHead(DefaultHttpResponseParser.java:140)
                    at org.apache.http.impl.conn.DefaultHttpResponseParser.parseHead(DefaultHttpResponseParser.java:57)
                    at org.apache.http.impl.io.AbstractMessageParser.parse(AbstractMessageParser.java:261)
                    at org.apache.http.impl.DefaultBHttpClientConnection.receiveResponseHeader(DefaultBHttpClientConnection.java:165)
                    at org.apache.http.protocol.HttpRequestExecutor.doReceiveResponse(HttpRequestExecutor.java:272)
                    at org.apache.http.protocol.HttpRequestExecutor.execute(HttpRequestExecutor.java:124)
                    at org.apache.http.impl.execchain.MainClientExec.execute(MainClientExec.java:271)
                    at org.apache.http.impl.execchain.ProtocolExec.execute(ProtocolExec.java:184)
                    at org.apache.http.impl.execchain.RetryExec.execute(RetryExec.java:88)
                    at org.apache.http.impl.execchain.RedirectExec.execute(RedirectExec.java:110)
                    at org.apache.http.impl.client.InternalHttpClient.doExecute(InternalHttpClient.java:184)
                    at org.apache.http.impl.client.CloseableHttpClient.execute(CloseableHttpClient.java:82)
                    at microsoft.exchange.webservices.data.core.request.HttpClientWebRequest.executeRequest(HttpClientWebRequest.java:286)
                    at microsoft.exchange.webservices.data.core.request.ServiceRequestBase.getEwsHttpWebResponse(ServiceRequestBase.java:721)
                    ... 39 more
&lt;/code&gt;&lt;/pre&gt;

&lt;p&gt;Sometimes I see &lt;strong&gt;MSG_TYPE1_GENERATED&lt;/strong&gt; in error log instead of &lt;strong&gt;MSG_TYPE3_GENERATED&lt;/strong&gt;.
 
I looked into the HttpClient library &lt;strong&gt;NTLMScheme.java&lt;/strong&gt; source code and found the 
    &lt;/p&gt;

&lt;pre&gt;&lt;code&gt;enum State {
        UNINITIATED,
        CHALLENGE_RECEIVED,
        MSG_TYPE1_GENERATED,
        MSG_TYPE2_RECEVIED,
        MSG_TYPE3_GENERATED,
        FAILED,
    }
&lt;/code&gt;&lt;/pre&gt;

&lt;p&gt;but there does not seem to be any documentation regarding each value.
 
I tried to increase the version of HttpClient to &lt;strong&gt;4.5.3&lt;/strong&gt; because I saw an issue in release notes which is related to &lt;strong&gt;NTLM&lt;/strong&gt;
(&lt;a href=&quot;https://issues.apache.org/jira/browse/HTTPCLIENT-1779&quot; rel=&quot;nofollow noreferrer&quot;&gt;https://issues.apache.org/jira/browse/HTTPCLIENT-1779&lt;/a&gt;). After that my application seems to be more stable. I saw the MSG_TYPE3_GENERATED only once and the application has been running for several days.&lt;/p&gt;

&lt;p&gt;Do you think upgrading the &lt;strong&gt;HttpClient&lt;/strong&gt; from &lt;strong&gt;4.5.2&lt;/strong&gt; to &lt;strong&gt;4.5.3&lt;/strong&gt; did the trick?
 
Do you have any other suggestions?&lt;/p&gt;

&lt;p&gt;Thanks,
Alin&lt;/p&gt;
');
INSERT INTO question (post_id, topic_id, title) VALUES (28, 1, '401 Unahthorized after NTLM authentication error: Unexpected state: MSG_TYPE1_GENERATED');
INSERT INTO activity (post_id, user_id, action) VALUES (28, 46, 'Create');
INSERT INTO tag (text) VALUES ('authentication');
INSERT INTO questiontag (question_id, tag_id) VALUES (28, 76);
INSERT INTO tag (text) VALUES ('apache-httpclient-4.x');
INSERT INTO questiontag (question_id, tag_id) VALUES (28, 77);
INSERT INTO tag (text) VALUES ('ntlm');
INSERT INTO questiontag (question_id, tag_id) VALUES (28, 78);
INSERT INTO tag (text) VALUES ('ewsjavaapi');
INSERT INTO questiontag (question_id, tag_id) VALUES (28, 79);

INSERT INTO post (current_state, up_score, down_score) VALUES ('Published', 0, 0);
INSERT INTO postinstance (post_id, user_id, description) VALUES (29, 36, '&lt;p&gt;I&#x27;m using &lt;a href=&quot;https://github.com/consolibyte/quickbooks-php&quot; rel=&quot;nofollow noreferrer&quot;&gt;QuickBooks PHP DevKit&lt;/a&gt; for QuickBooks Online integration with PHP. @Keith Palmer Jr., thanks for nice library.&lt;/p&gt;

&lt;p&gt;I&#x27;m able to successfully add &lt;code&gt;Customer&lt;/code&gt; to QBO using that PHP &lt;a href=&quot;https://github.com/consolibyte/quickbooks-php/tree/master/docs/partner_platform/example_app_ipp_v3&quot; rel=&quot;nofollow noreferrer&quot;&gt;v3 library&lt;/a&gt;.&lt;/p&gt;

&lt;p&gt;Issue 1: How do I get multiple &lt;code&gt;ShipAddr&lt;/code&gt; of &lt;code&gt;Customer&lt;/code&gt;?&lt;/p&gt;

&lt;pre&gt;&lt;code&gt;$CustomerService = new QuickBooks_IPP_Service_Customer();
$customers = $CustomerService-&amp;gt;query($Context, $realm, &quot;SELECT * FROM Customer MAXRESULTS 25&quot;);
foreach ($customers as $Customer)
{
    print(&#x27;Customer Id=&#x27; . $Customer-&amp;gt;getId());
    print($Customer-&amp;gt;get(&#x27;ShipAddr&#x27;)); // this returns only first item from array
} 
&lt;/code&gt;&lt;/pre&gt;

&lt;p&gt;Possible problem is from &lt;code&gt;QuickBooks/IPP/Object.php:public function __call($name, $args)&lt;/code&gt; &lt;a href=&quot;https://github.com/consolibyte/quickbooks-php/blob/master/QuickBooks/IPP/Object.php#L181&quot; rel=&quot;nofollow noreferrer&quot;&gt;Line # 181&lt;/a&gt;&lt;/p&gt;

&lt;p&gt;Issue 2: I&#x27;m unable to add &lt;code&gt;TaxRate&lt;/code&gt; to QBO using this library as there&#x27;s no &lt;code&gt;add&lt;/code&gt; method available with &lt;code&gt;QuickBooks_IPP_Service_TaxRate&lt;/code&gt; object. Whereas &lt;a href=&quot;https://developer.intuit.com/docs/api/accounting/taxrate&quot; rel=&quot;nofollow noreferrer&quot;&gt;QuickBooks Online References&lt;/a&gt; states that it&#x27;s possible to add TaxRate using v3 API.&lt;/p&gt;

&lt;pre&gt;&lt;code&gt;    $TaxRateService = new QuickBooks_IPP_Service_TaxRate();

    $TaxRate = new QuickBooks_IPP_Object_TaxRate();

    $TaxRate-&amp;gt;setName(&#x27;GST&#x27;);
    $TaxRate-&amp;gt;setRateValue(5);

    if ($resp = $TaxRateService-&amp;gt;add($Context, $realm, $TaxRate))
    {
        $resp = QuickBooks_IPP_IDS::usableIDType($resp);

        return true;
    }
    else {
        $message = $TaxRateService-&amp;gt;lastError($context);

        return false;
    }
&lt;/code&gt;&lt;/pre&gt;

&lt;p&gt;I have downloaded this library on Feb 1st, 2017 from GitHub.&lt;/p&gt;

&lt;p&gt;Thanks.&lt;/p&gt;
');
INSERT INTO question (post_id, topic_id, title) VALUES (29, 1, 'Unable to add TaxRate, get multiple ShipAddr from/to QuickBooks Online using QuickBooks PHP DevKit');
INSERT INTO activity (post_id, user_id, action) VALUES (29, 36, 'Create');
INSERT INTO tag (text) VALUES ('php');
INSERT INTO questiontag (question_id, tag_id) VALUES (29, 80);
INSERT INTO tag (text) VALUES ('quickbooks');
INSERT INTO questiontag (question_id, tag_id) VALUES (29, 81);
INSERT INTO tag (text) VALUES ('quickbooks-online');
INSERT INTO questiontag (question_id, tag_id) VALUES (29, 82);

INSERT INTO post (current_state, up_score, down_score) VALUES ('Published', -3, 0);
INSERT INTO postinstance (post_id, user_id, description) VALUES (30, 32, '&lt;p&gt;I am creating a dynamic query using  procedure. The input parameter is of timestamp data type.&lt;/p&gt;

&lt;pre&gt;&lt;code&gt;create or replace PROCEDURE TEST
(p_party_eff_dt_in mina_owner.party_to_party.effective_two_dt%TYPE)

select to_timestamp(p_party_eff_dt_in,&#x27;mm/dd/yyyy HH24:MI:SS.FF3&#x27;) from &amp;lt;table&amp;gt; 
&lt;/code&gt;&lt;/pre&gt;

&lt;p&gt;gives the following error&lt;/p&gt;

&lt;blockquote&gt;
  &lt;p&gt;ORA-01843: not a valid month&lt;/p&gt;
&lt;/blockquote&gt;

&lt;p&gt;Please help&lt;/p&gt;
');
INSERT INTO question (post_id, topic_id, title) VALUES (30, 1, 'ORA-01843: not a valid month');
INSERT INTO activity (post_id, user_id, action) VALUES (30, 32, 'Create');
INSERT INTO questiontag (question_id, tag_id) VALUES (30, 49);
INSERT INTO tag (text) VALUES ('oracle');
INSERT INTO questiontag (question_id, tag_id) VALUES (30, 83);

INSERT INTO post (current_state, up_score, down_score) VALUES ('Published', 0, 0);
INSERT INTO postinstance (post_id, user_id, description) VALUES (31, 20, '&lt;p&gt;If you could solve this, you could have won a million pounds on the &lt;a href=&quot;https://en.wikipedia.org/wiki/Eternity_puzzle&quot; rel=&quot;nofollow noreferrer&quot;&gt;Eternity puzzle&lt;/a&gt;.&lt;/p&gt;

&lt;p&gt;In this puzzle you have to fit 209 polygons onto a board.&lt;/p&gt;

&lt;p&gt;The reduction is to have one group for each combination of piece and location.&lt;/p&gt;

&lt;p&gt;Each group has a leader who is only interested in the job that corresponds to playing his piece.&lt;/p&gt;

&lt;p&gt;Each group also has a person for each square in the tile: that person is only interested in the job of filling the corresponding square on the game board.&lt;/p&gt;

&lt;p&gt;If you can find a solution with 209 happy groups then you have found a solution to the puzzle!&lt;/p&gt;

&lt;p&gt;In summary, this is NP-hard because it can be used to solve &lt;a href=&quot;https://en.wikipedia.org/wiki/Independent_set_(graph_theory)&quot; rel=&quot;nofollow noreferrer&quot;&gt;maximum independent set&lt;/a&gt;.&lt;/p&gt;
');
INSERT INTO answer (post_id, question_id, accepted) VALUES (31, 1, 'False');
INSERT INTO activity ( post_id, user_id, action) VALUES (31, 20, 'Create');

INSERT INTO post (current_state, up_score, down_score) VALUES ('Published', 0, 0);
INSERT INTO postinstance (post_id, user_id, description) VALUES (32, 38, '&lt;p&gt;If you want to count number or items/rows with a &lt;code&gt;pos.score&lt;/code&gt; greater than or equal to or less than &lt;code&gt;t.s&lt;/code&gt; on the output of &lt;code&gt;catgFunc&lt;/code&gt; you could do:&lt;/p&gt;

&lt;pre&gt;&lt;code&gt;Qualified &amp;lt;- list(
        hotan = data.frame( begin=seq(1, by=6, len=45), end=seq(4, by=6, len=45), pos.score=sample(125, 45)),
        aksu = data.frame( begin=seq(3, by=9, len=36), end=seq(6, by=9, len=36), pos.score=sample(84, 36)),
        korla = data.frame( begin=seq(6, by=8, len=52), end=seq(11, by=8, len=52), pos.score=sample(172, 52))
    )

catgFunc &amp;lt;- function(grp, t.w=12, t.s=34, fname=&quot;droped&quot;){
    res &amp;lt;- lapply(seq_along(grp), function(x) {
        dt &amp;lt;- grp[[x]]
        dnm &amp;lt;- names(grp)[x]
        # write.csv(dt[dt$pos.score &amp;lt;= t.w, ], sprintf(&quot;%s.%s.csv&quot;, dnm, fname))
        keep &amp;lt;- dt[dt$pos.score &amp;gt;= t.w, ]
        keep$t_s &amp;lt;- t.s
        return(keep)
    })
    rslt &amp;lt;- setNames(res, names(grp))
}

d &amp;lt;- catgFunc(Qualified)

# Count number of items/rows with pos.score greater than t.s
lapply(d, function (x) { nrow(x[x$pos.score &amp;gt; x$t_s, ])})

$hotan
[1] 35

$aksu
[1] 20

$korla
[1] 43

# Count number of items/rows with pos.score equal to or less than t.s
lapply(d, function (x) { nrow(x[x$pos.score &amp;lt;= x$t_s, ])})

$hotan
[1] 6

$aksu
[1] 10

$korla
[1] 7
&lt;/code&gt;&lt;/pre&gt;

&lt;p&gt;As I understand you want the &lt;code&gt;t.s&lt;/code&gt; input argument to &lt;code&gt;catgFunc&lt;/code&gt; to &lt;em&gt;follow&lt;/em&gt; your output data from &lt;code&gt;catgFunc&lt;/code&gt; and a simple way to do that is to include it as a column (as in this example). You could also store the &lt;code&gt;t.s&lt;/code&gt; threshold as an attribute of the list.&lt;/p&gt;
');
INSERT INTO answer (post_id, question_id, accepted) VALUES (32, 2, 'False');
INSERT INTO activity ( post_id, user_id, action) VALUES (32, 38, 'Create');

INSERT INTO post (current_state, up_score, down_score) VALUES ('Published', 0, 0);
INSERT INTO postinstance (post_id, user_id, description) VALUES (33, 49, '&lt;p&gt;Lists of objects can&#x27;t be passed to SQL Server directly. Try passing a DataTable like this (code unchecked):&lt;/p&gt;

&lt;pre&gt;&lt;code&gt;public override bool SaveUserQueryAttachment(List&amp;lt;UserQueryAttachmentToCreate&amp;gt; fileList)
{
    // TODO: open a SQL connection here 

    using (SqlCommand cmd = new SqlCommand(&quot;exec PROC_UserQueryAttachment_Insert @table&quot;, connection))
    {
        using (var table = new DataTable()) 
        {
            table.Columns.Add(&quot;UserQueryId&quot;, typeof(string));
            table.Columns.Add(&quot;AttachmentPath&quot;, typeof(string));
            table.Columns.Add(&quot;AttachmentName&quot;, typeof(string));
            table.Columns.Add(&quot;AttachmentFor&quot;, typeof(string));
            table.Columns.Add(&quot;CreatedBy&quot;, typeof(string));

            table.Rows.Add(fileList.ToArray());

            var list = new SqlParameter(&quot;@table&quot;, SqlDbType.Structured);
            list.TypeName = &quot;dbo.UserQueryAttachmentList&quot;;
            list.Value = table;

            cmd.Parameters.Add(list);
            cmd.ExecuteReader();
         }
    }

    // TODO: close the SQL connection
}
&lt;/code&gt;&lt;/pre&gt;
');
INSERT INTO answer (post_id, question_id, accepted) VALUES (33, 3, 'False');
INSERT INTO activity ( post_id, user_id, action) VALUES (33, 49, 'Create');

INSERT INTO post (current_state, up_score, down_score) VALUES ('Published', 0, 0);
INSERT INTO postinstance (post_id, user_id, description) VALUES (34, 49, '&lt;p&gt;Using CCS3 media queries! Example for Desktop first:&lt;/p&gt;

&lt;pre&gt;&lt;code&gt;// Your code for Desktop devices

@media only screen and (max-width: 768px) {
  // Here your code for mobile
}
&lt;/code&gt;&lt;/pre&gt;

&lt;p&gt;or for Mobile First&lt;/p&gt;

&lt;pre&gt;&lt;code&gt;// Your code for Mobile devices

@media only screen and (min-width: 768px) {
  // Here your code for tablet
}

@media only screen and (min-width: 992px) {
  // Here your code for Small Desktop
}
&lt;/code&gt;&lt;/pre&gt;
');
INSERT INTO answer (post_id, question_id, accepted) VALUES (34, 7, 'False');
INSERT INTO activity ( post_id, user_id, action) VALUES (34, 49, 'Create');

INSERT INTO post (current_state, up_score, down_score) VALUES ('Published', 0, 0);
INSERT INTO postinstance (post_id, user_id, description) VALUES (35, 11, '&lt;p&gt;You have multiple issues in your code:&lt;/p&gt;

&lt;ul&gt;
&lt;li&gt;&lt;p&gt;You&#x27;re never closing the file streams. If you don&#x27;t do that, it might happen that no data is actually written. If the ciphertext is not (fully) written then the decryption will obviously fail.&lt;/p&gt;&lt;/li&gt;
&lt;li&gt;&lt;p&gt;A &lt;code&gt;FileInputStream&lt;/code&gt; doesn&#x27;t give an accurate measure of how much data the underlying file contains. You have to use the &lt;code&gt;File&lt;/code&gt; class for that:&lt;/p&gt;

&lt;pre&gt;&lt;code&gt;File inputFile = new File(input);
FileInputStream inputStream = new FileInputStream(inputFile);
FileOutputStream outputStream = new FileOutputStream(output);
byte[] inputBytes = new byte[(int) inputFile.length()];
&lt;/code&gt;&lt;/pre&gt;&lt;/li&gt;
&lt;li&gt;&lt;p&gt;When you&#x27;re reading file contents, you must always check how much you read and use exactly that amount:&lt;/p&gt;

&lt;pre&gt;&lt;code&gt;int readBytes = inputStream.read(inputBytes);
byte[] outputBytes = cipher.doFinal(inputBytes, 0, readBytes);
&lt;/code&gt;&lt;/pre&gt;&lt;/li&gt;
&lt;li&gt;&lt;p&gt;Always use a fully qualified Cipher string. &lt;code&gt;Cipher.getInstance(&quot;RSA&quot;);&lt;/code&gt; may result in different ciphers depending on the default security provider. In OpenJDK it defaults to &lt;code&gt;Cipher.getInstance(&quot;RSA/ECB/PKCS1Padding&quot;);&lt;/code&gt;. Nowadays, you should use OAEP instead of the default PKCS#1 v1.5 padding. So you should probably use &lt;code&gt;Cipher.getInstance(&quot;RSA/ECB/OAEPWithSHA-256AndMGF1Padding&quot;);&lt;/code&gt;. &lt;/p&gt;&lt;/li&gt;
&lt;/ul&gt;

&lt;p&gt;Here is the full code of those two methods:&lt;/p&gt;

&lt;pre&gt;&lt;code&gt;public void encrypt(String input, String output) {
    File inputFile;
    FileInputStream inputStream;
    FileOutputStream outputStream;
    Cipher cipher;
    byte[] inputBytes;
    byte[] outputBytes;

    try {
        System.out.println(&quot;encrypt&quot;);

        cipher = Cipher.getInstance(&quot;RSA&quot;);
        cipher.init(Cipher.ENCRYPT_MODE, pubKey);

        inputFile = new File(input);
        inputStream = new FileInputStream(inputFile);
        outputStream = new FileOutputStream(output);
        inputBytes = new byte[(int) input.length()];
        int readBytes = inputStream.read(inputBytes);
        outputBytes = cipher.doFinal(inputBytes, 0, readBytes);
        outputStream.write(outputBytes);

        System.out.println(&quot;fin encrypt&quot;);

        inputStream.close();
        outputStream.close();
    } catch (Exception e) {
        e.printStackTrace();
    }
}

public void decrypt(String input, String output) {
    File inputFile;
    FileInputStream inputStream;
    FileOutputStream outputStream;
    Cipher cipher;
    byte[] inputBytes;
    byte[] outputBytes;

    try {
        System.out.println(&quot;decrypt&quot;);

        cipher = Cipher.getInstance(&quot;RSA&quot;);
        cipher.init(Cipher.DECRYPT_MODE, privKey);

        inputFile = new File(input);
        inputStream = new FileInputStream(inputFile);
        outputStream = new FileOutputStream(output);
        inputBytes = new byte[(int) inputFile.length()];
        int readBytes = inputStream.read(inputBytes);
        outputBytes = cipher.doFinal(inputBytes, 0, readBytes);
        outputStream.write(outputBytes);

        System.out.println(&quot;Decryption result: &quot; + new String(outputBytes, &quot;UTF-8&quot;));
        System.out.println(&quot;fin decrypt&quot;);

        inputStream.close();
        outputStream.close();
    } catch (Exception e) {
        e.printStackTrace();
    }
}
&lt;/code&gt;&lt;/pre&gt;
');
INSERT INTO answer (post_id, question_id, accepted) VALUES (35, 9, 'False');
INSERT INTO activity ( post_id, user_id, action) VALUES (35, 11, 'Create');

INSERT INTO post (current_state, up_score, down_score) VALUES ('Published', 0, 0);
INSERT INTO postinstance (post_id, user_id, description) VALUES (36, 5, '&lt;p&gt;How did you initialize your driver. Did you initialize more than one driver? If so, then use quilt() method for all drivers separately. Otherwise, only driver.quit() should work.&lt;/p&gt;
');
INSERT INTO answer (post_id, question_id, accepted) VALUES (36, 10, 'False');
INSERT INTO activity ( post_id, user_id, action) VALUES (36, 5, 'Create');

INSERT INTO post (current_state, up_score, down_score) VALUES ('Published', 0, 0);
INSERT INTO postinstance (post_id, user_id, description) VALUES (37, 30, '&lt;p&gt;I don&#x27;t there&#x27;s any method equivalent to &lt;code&gt;fatalError&lt;/code&gt; in Android.&lt;/p&gt;

&lt;p&gt;If you want to kill the entire process then you can use &lt;code&gt;android.os.Process.killProcess(android.os.Process.myPid());&lt;/code&gt;.&lt;/p&gt;

&lt;p&gt;To mimic the same behaviour of &lt;code&gt;fatalError&lt;/code&gt; you&#x27;ll probably have to implement it yourself. &lt;/p&gt;

&lt;p&gt;The behaviour you&#x27;ll need to add besides killing the process is&lt;/p&gt;

&lt;ul&gt;
&lt;li&gt;to log a message, you can to this by using &lt;code&gt;Log&lt;/code&gt;&lt;/li&gt;
&lt;li&gt;print the file and line number, for this you can follow &lt;a href=&quot;http://stackoverflow.com/questions/17473148/dynamically-get-the-current-line-number&quot;&gt;this&lt;/a&gt; thread on SO&lt;/li&gt;
&lt;/ul&gt;
');
INSERT INTO answer (post_id, question_id, accepted) VALUES (37, 11, 'False');
INSERT INTO activity ( post_id, user_id, action) VALUES (37, 30, 'Create');

INSERT INTO post (current_state, up_score, down_score) VALUES ('Published', 0, 0);
INSERT INTO postinstance (post_id, user_id, description) VALUES (38, 24, '&lt;p&gt;from the official docs: &lt;a href=&quot;https://github.com/styled-components/styled-components/blob/master/docs/theming.md&quot; rel=&quot;nofollow noreferrer&quot;&gt;https://github.com/styled-components/styled-components/blob/master/docs/theming.md&lt;/a&gt;&lt;/p&gt;

&lt;blockquote&gt;
  &lt;p&gt;We export a  component that takes a theme prop. The
  theme you provide there is injected into your styled components via
  props.theme&lt;/p&gt;
  
  &lt;p&gt;If you ever need to get the current theme outside styled components
  (e.g. inside big components), you can use the withTheme Higher Order
  Component&lt;/p&gt;
&lt;/blockquote&gt;

&lt;p&gt;import { withTheme } from &#x27;styled-components&#x27;&lt;/p&gt;

&lt;pre&gt;&lt;code&gt;class MyComponent extends React.Component {
  render() {
    const { theme } = this.props

    console.log(&#x27;Current theme: &#x27;, theme);
    // ...
  }
}

export default withTheme(MyComponent)
&lt;/code&gt;&lt;/pre&gt;
');
INSERT INTO answer (post_id, question_id, accepted) VALUES (38, 13, 'False');
INSERT INTO activity ( post_id, user_id, action) VALUES (38, 24, 'Create');

INSERT INTO post (current_state, up_score, down_score) VALUES ('Published', 0, 0);
INSERT INTO postinstance (post_id, user_id, description) VALUES (39, 18, '&lt;p&gt;I shall explain you why this happens.&lt;br&gt;
I&#x27;ve been dealing with javascript animations, and there are many js libraries (focused on maths) having into account operational delays (I/O availability policies) and timeouts.  &lt;/p&gt;

&lt;p&gt;In your first code snippet, you have these operations:&lt;/p&gt;

&lt;pre&gt;&lt;code&gt;$(&#x27;.marquee-wrapper&#x27;).css(&quot;transform&quot;, &quot;translateY(100px)&quot;);
$(&#x27;.marquee-wrapper&#x27;).css(&quot;transition&quot;, &quot;transform 3s linear&quot;);
&lt;/code&gt;&lt;/pre&gt;

&lt;h2&gt;Transform&lt;/h2&gt;

&lt;p&gt;Css Transform method uses matrix based operations which have a high computational cost. There are css animations frameworks that do use the graphics processor unit (having matrix operators) which works several times faster to achieve smooth, real-time graphic operations.&lt;/p&gt;

&lt;h2&gt;Transition&lt;/h2&gt;

&lt;p&gt;Css Transition is another graphical operation, but does not modify the css entity with a pure matrix&lt;em&gt;matrix transformation, it uses a right 1-dimension operator, that means your css matrix is modified with an matrix&lt;/em&gt;array.&lt;/p&gt;

&lt;p&gt;Then the &lt;strong&gt;linear&lt;/strong&gt; mode you choose, applies linear interpolation (probably just a few integration operators) on the position of your element. It has low computational cost, which makes the whole transition operation still faster to compute. &lt;/p&gt;

&lt;p&gt;This is a schema of the execution taking place in a sort of timeline:&lt;/p&gt;

&lt;pre&gt;&lt;code&gt;transform         calculation-process
exec -----------------------------------------&amp;gt; applied
 |         |                            |        |
 |         |                            |        |
 |         |                            |        |
transition |     calculation-process    |        |
--------- exec ---------------------&amp;gt; applied --------- 
&lt;/code&gt;&lt;/pre&gt;

&lt;p&gt;As jQuery on the top of javascript has non blocking code execution (for i/o depending functions, and unless you code it synch) which is a base of the asynchronous policy of javascript, allows the next operation to execute even before the precedent finishes.&lt;/p&gt;

&lt;p&gt;&lt;strong&gt;Your fix&lt;/strong&gt; with the timeout function, ensures that the transform operation is completed before running following code, but as limitation, it will work &lt;strong&gt;only&lt;/strong&gt; for clients with similar computational speed of than current client&#x27;s processor. (If you develop it in a pc, then it might fail in a smartphone)&lt;/p&gt;

&lt;p&gt;Another solution I use in my code is to use the jquery callbacks. Have a look at the jquery animate() &lt;a href=&quot;http://api.jquery.com/animate/&quot; rel=&quot;nofollow noreferrer&quot;&gt;doc&lt;/a&gt; in which is shown:&lt;/p&gt;

&lt;blockquote&gt;
  &lt;p&gt;.animate( properties [, duration ] [, easing ] [, complete ] )&lt;/p&gt;
&lt;/blockquote&gt;

&lt;p&gt;In your example it would be something like:  &lt;/p&gt;

&lt;pre&gt;&lt;code&gt;$(&#x27;.marquee-wrapper&#x27;).animate({&quot;transform&quot;: &quot;translateY(100px)&quot;}, function(){
    // this code runs after transform ends...
    $(&#x27;.marquee-wrapper&#x27;).css(&quot;transition&quot;, &quot;transform 3s linear&quot;);
    $(&#x27;.marquee-wrapper&#x27;).css(&quot;transform&quot;, &quot;translateY(-&quot; + $(&quot;.marquee-content&quot;).outerHeight(true) + &quot;px)&quot;);
});
&lt;/code&gt;&lt;/pre&gt;

&lt;p&gt;I found many useful libs around to &quot;seriously&quot; play with animations. These are some of the libs I use:&lt;/p&gt;

&lt;p&gt;&lt;a href=&quot;https://d3js.org/&quot; rel=&quot;nofollow noreferrer&quot;&gt;d3.js&lt;/a&gt;&lt;br&gt;
&lt;a href=&quot;http://bouncejs.com/&quot; rel=&quot;nofollow noreferrer&quot;&gt;bounce.js&lt;/a&gt;&lt;br&gt;
&lt;a href=&quot;http://www.sequencejs.com/&quot; rel=&quot;nofollow noreferrer&quot;&gt;secuence.js&lt;/a&gt;&lt;br&gt;
&lt;a href=&quot;http://paperjs.org/&quot; rel=&quot;nofollow noreferrer&quot;&gt;paper.js&lt;/a&gt;  &lt;/p&gt;

&lt;p&gt;I hope it helps.&lt;/p&gt;
');
INSERT INTO answer (post_id, question_id, accepted) VALUES (39, 15, 'False');
INSERT INTO activity ( post_id, user_id, action) VALUES (39, 18, 'Create');

INSERT INTO post (current_state, up_score, down_score) VALUES ('Published', 0, 0);
INSERT INTO postinstance (post_id, user_id, description) VALUES (40, 28, '&lt;p&gt;Well sphinx can&#x27;t do string comparisons like that, at least with between (assuming you have the date in a string attribute). And there isnt a &#x27;datetime&#x27; &lt;strong&gt;attribute&lt;/strong&gt; type either. &lt;/p&gt;

&lt;p&gt;Can put the date in simple numeric attribute, and do comparisons on that. &lt;/p&gt;

&lt;p&gt;a Unix Timestamp might be convenient, can do it in the sphinx config file (using the mysql &lt;code&gt;unix_timestamp()&lt;/code&gt; function)&lt;/p&gt;

&lt;pre&gt;&lt;code&gt;sql_query = SELECT ..., UNIX_TIMESTAMP(last_purchase_date) AS last_purchase_date FROM ... 
sql_attr_uint = last_purchase_date 
&lt;/code&gt;&lt;/pre&gt;

&lt;p&gt;Then query would be something like&lt;/p&gt;

&lt;pre&gt;&lt;code&gt;select * from tabel where last_purchase_categories = &#x27;flight&#x27; 
 and last_purchase_date between 1477217207 and 1477217209;
&lt;/code&gt;&lt;/pre&gt;

&lt;p&gt;Most programming language have convenient functions for converting dates to a timestamp. &lt;/p&gt;
');
INSERT INTO answer (post_id, question_id, accepted) VALUES (40, 16, 'False');
INSERT INTO activity ( post_id, user_id, action) VALUES (40, 28, 'Create');

INSERT INTO post (current_state, up_score, down_score) VALUES ('Published', 0, 0);
INSERT INTO postinstance (post_id, user_id, description) VALUES (41, 50, '&lt;p&gt;OK. I found that the height of row of the pins (defined as #columns) is too short. I added the height for the different screen sizes and it seem to work.
Not sure why the row is not taking it&#x27;s full height.&lt;/p&gt;
');
INSERT INTO answer (post_id, question_id, accepted) VALUES (41, 17, 'False');
INSERT INTO activity ( post_id, user_id, action) VALUES (41, 50, 'Create');

INSERT INTO post (current_state, up_score, down_score) VALUES ('Published', 1, 0);
INSERT INTO postinstance (post_id, user_id, description) VALUES (42, 22, '&lt;p&gt;Your language is not completely clear, but if you want the latest record where &lt;code&gt;entrada&lt;/code&gt; is &lt;code&gt;&#x27;1&#x27;&lt;/code&gt;, then you can just do a plain select, ordered descending by date, and use &lt;code&gt;LIMIT 1&lt;/code&gt; to restrict to the latest single record.&lt;/p&gt;

&lt;pre&gt;&lt;code&gt;SELECT *
FROM fichejes
WHERE entrada = &#x27;1&#x27; AND
      empleado = &#x27;20498090R&#x27;
ORDER BY Fecha DESC
LIMIT 1
&lt;/code&gt;&lt;/pre&gt;
');
INSERT INTO answer (post_id, question_id, accepted) VALUES (42, 19, 'False');
INSERT INTO activity ( post_id, user_id, action) VALUES (42, 22, 'Create');

INSERT INTO post (current_state, up_score, down_score) VALUES ('Published', 0, 0);
INSERT INTO postinstance (post_id, user_id, description) VALUES (43, 8, '&lt;p&gt;I suggest you to change retry logic:&lt;/p&gt;

&lt;pre&gt;&lt;code&gt;var isFileDownloaded = false;
var tryCount = 0;
while (tryCount &amp;lt; MAX_TRY_COUNT &amp;amp;&amp;amp; !isFileDownloaded) {
     using (WebClient webClient = new WebClient())
     try{
         //do stuff here
         isFileDownloaded = true
     }catch //log exception and Thread.Sleep

}

if (isFileDownloaded){
//        update progress
} else{
//too many retries, exit app
}
&lt;/code&gt;&lt;/pre&gt;
');
INSERT INTO answer (post_id, question_id, accepted) VALUES (43, 18, 'False');
INSERT INTO activity ( post_id, user_id, action) VALUES (43, 8, 'Create');

INSERT INTO post (current_state, up_score, down_score) VALUES ('Published', 0, 0);
INSERT INTO postinstance (post_id, user_id, description) VALUES (44, 26, '&lt;p&gt;in java a char is two bytes, you may use the java type &quot;byte&quot; to just send one byte.&lt;/p&gt;

&lt;p&gt;Yet I did not have the time to check the rest of your code, but this might be a start.&lt;/p&gt;
');
INSERT INTO answer (post_id, question_id, accepted) VALUES (44, 23, 'False');
INSERT INTO activity ( post_id, user_id, action) VALUES (44, 26, 'Create');

INSERT INTO post (current_state, up_score, down_score) VALUES ('Published', 0, 0);
INSERT INTO postinstance (post_id, user_id, description) VALUES (45, 5, '&lt;p&gt;Your 4.4.7 version of gcc is too old to fully enable C++ features. 
You need to upgrade the compiler to a version superior to 4.6 ( at least ) or if it&#x27;s possible for you, upgrade your distro (let&#x27;s say RHEL 7) which includes a more recent compiler.  &lt;/p&gt;
');
INSERT INTO answer (post_id, question_id, accepted) VALUES (45, 24, 'False');
INSERT INTO activity ( post_id, user_id, action) VALUES (45, 5, 'Create');

INSERT INTO post (current_state, up_score, down_score) VALUES ('Published', 0, 0);
INSERT INTO postinstance (post_id, user_id, description) VALUES (46, 37, '&lt;pre&gt;&lt;code&gt;var i = [NaN, 1,2,3]

var j = i.map(i =&amp;gt;{ return isNaN(i) ? 0 : i})

console.log(j)

    [0,1,2,3]
&lt;/code&gt;&lt;/pre&gt;
');
INSERT INTO answer (post_id, question_id, accepted) VALUES (46, 26, 'False');
INSERT INTO activity ( post_id, user_id, action) VALUES (46, 37, 'Create');

INSERT INTO post (current_state, up_score, down_score) VALUES ('Published', 0, 0);
INSERT INTO postinstance (post_id, user_id, description) VALUES (47, 20, '&lt;p&gt;I figured it out. The problem stemmed from a 3rd party extension I was using for MapKit. After removing my mapView from storyboard and creating a new one programmatically, a new error pointed me to methods in the extension. &lt;/p&gt;
');
INSERT INTO answer (post_id, question_id, accepted) VALUES (47, 27, 'False');
INSERT INTO activity ( post_id, user_id, action) VALUES (47, 20, 'Create');

INSERT INTO post (current_state, up_score, down_score) VALUES ('Published', 0, 0);
INSERT INTO postinstance (post_id, user_id, description) VALUES (48, 33, '&lt;p&gt;One solution would be to create a wrapper around each box, so the box with border is inside and cant be breaked&lt;/p&gt;
');
INSERT INTO answer (post_id, question_id, accepted) VALUES (48, 17, 'False');
INSERT INTO activity ( post_id, user_id, action) VALUES (48, 33, 'Create');

INSERT INTO post (current_state, up_score, down_score) VALUES ('Published', -1, 0);
INSERT INTO postinstance (post_id, user_id, description) VALUES (49, 18, '&lt;p&gt;I added RSA/None/NoPadding to Cipher by creating the instance getInstance (cipher = Cipher.getInstance(&quot;RSA/None/NoPadding&quot;);). 
It deciphers the key to me finally it seems to work. This is a session key and what was decrypted is not in Base64. Moreover, I&#x27;m not sure that it is not corrupted. How to decode that ? It looks like that : &quot;Â3(Zƒ»žï‡ÊŽW™l^ãs›­e etc.&quot;&lt;/p&gt;
');
INSERT INTO answer (post_id, question_id, accepted) VALUES (49, 9, 'False');
INSERT INTO activity ( post_id, user_id, action) VALUES (49, 18, 'Create');

INSERT INTO post (current_state, up_score, down_score) VALUES ('Published', 1, 0);
INSERT INTO postinstance (post_id, user_id, description) VALUES (50, 9, '&lt;pre&gt;&lt;code&gt;var dateOne = new Date(firstDate);
var dateTwo = new Date(secondDate);
var dateDifference = Math.floor((dateTwo - dateOne) / 86400000);
console.log(dateDifference);
&lt;/code&gt;&lt;/pre&gt;
');
INSERT INTO answer (post_id, question_id, accepted) VALUES (50, 6, 'False');
INSERT INTO activity ( post_id, user_id, action) VALUES (50, 9, 'Create');

INSERT INTO post (current_state, up_score, down_score) VALUES ('Published', 0, 0);
INSERT INTO postinstance (post_id, user_id, description) VALUES (51, 6, '&lt;p&gt;Please remember that Date constructor allows also values from outside the logical range.&lt;/p&gt;

&lt;p&gt;Example: new Date(2017, -2, 30)&lt;/p&gt;

&lt;p&gt;Source:
&lt;a href=&quot;https://developer.mozilla.org/en-US/docs/Web/JavaScript/Reference/Global_Objects/Date&quot; rel=&quot;nofollow noreferrer&quot;&gt;https://developer.mozilla.org/en-US/docs/Web/JavaScript/Reference/Global_Objects/Date&lt;/a&gt;&lt;/p&gt;

&lt;p&gt;Where Date is called as a constructor with more than one argument, if values are greater than their logical range (e.g. 13 is provided as the month value or 70 for the minute value), the adjacent value will be adjusted. E.g. new Date(2013, 13, 1) is equivalent to new Date(2014, 1, 1), both create a date for 2014-02-01 (note that the month is 0-based). Similarly for other values: new Date(2013, 2, 1, 0, 70) is equivalent to new Date(2013, 2, 1, 1, 10) which both create a date for 2013-03-01T01:10:00.&lt;/p&gt;
');
INSERT INTO answer (post_id, question_id, accepted) VALUES (51, 6, 'False');
INSERT INTO activity ( post_id, user_id, action) VALUES (51, 6, 'Create');

INSERT INTO post (current_state, up_score, down_score) VALUES ('Published', 1, 0);
INSERT INTO postinstance (post_id, user_id, description) VALUES (52, 13, '&lt;p&gt;I had used 1½ hour trying to figuring out what the problem was - and 10 sec after posting i figure it out.  &lt;/p&gt;

&lt;p&gt;Problem is, the date object takes:  &lt;/p&gt;

&lt;ul&gt;
&lt;li&gt;Jan, as 0&lt;/li&gt;
&lt;li&gt;Feb, as 1&lt;/li&gt;
&lt;li&gt;...&lt;/li&gt;
&lt;li&gt;...&lt;/li&gt;
&lt;li&gt;Nov, as 10&lt;/li&gt;
&lt;li&gt;Dec, as 11&lt;/li&gt;
&lt;/ul&gt;
');
INSERT INTO answer (post_id, question_id, accepted) VALUES (52, 6, 'False');
INSERT INTO activity ( post_id, user_id, action) VALUES (52, 13, 'Create');

INSERT INTO post (current_state, up_score, down_score) VALUES ('Published', 0, 0);
INSERT INTO postinstance (post_id, user_id, description) VALUES (53, 2, '&lt;p&gt;It seems that you are doing &lt;code&gt;setPosition:&lt;/code&gt; using &lt;code&gt;CALayer&lt;/code&gt; object and that CALayer object is nil. Thats why your app is crashed.&lt;/p&gt;

&lt;p&gt;please check that &lt;code&gt;CALayer&lt;/code&gt; is &lt;code&gt;nil&lt;/code&gt; or not by &lt;code&gt;if&lt;/code&gt; statement.&lt;/p&gt;
');
INSERT INTO answer (post_id, question_id, accepted) VALUES (53, 27, 'False');
INSERT INTO activity ( post_id, user_id, action) VALUES (53, 2, 'Create');

INSERT INTO post (current_state, up_score, down_score) VALUES ('Published', 0, 0);
INSERT INTO postinstance (post_id, user_id, description) VALUES (54, 40, '&lt;p&gt;i think it is because data type of last_purchase_date is string. thats why i cant use between query&lt;/p&gt;
');
INSERT INTO answer (post_id, question_id, accepted) VALUES (54, 16, 'False');
INSERT INTO activity ( post_id, user_id, action) VALUES (54, 40, 'Create');

INSERT INTO post (current_state, up_score, down_score) VALUES ('Published', 0, 0);
INSERT INTO postinstance (post_id, user_id, description) VALUES (55, 8, '&lt;p&gt;let&#x27;s try this&lt;/p&gt;

&lt;p&gt;it will work.&lt;/p&gt;

&lt;pre&gt;&lt;code&gt;SELECT count(*) FROM `tabel` 
where last_purchase_categories = &#x27;flight&#x27; and 
    last_purchase_date between &#x27;2017-03-27 02:13:11&#x27; and &#x27;2017-03-27 02:13:20&#x27;
&lt;/code&gt;&lt;/pre&gt;
');
INSERT INTO answer (post_id, question_id, accepted) VALUES (55, 16, 'True');
INSERT INTO activity ( post_id, user_id, action) VALUES (55, 8, 'Create');

INSERT INTO post (current_state, up_score, down_score) VALUES ('Published', 4, 0);
INSERT INTO postinstance (post_id, user_id, description) VALUES (56, 26, '&lt;p&gt;Grouping the &lt;code&gt;transition&lt;/code&gt; and &lt;code&gt;transform&lt;/code&gt; CSS properties in a single statement gives the correct result, without having to use the 100 ms delay:&lt;/p&gt;

&lt;pre&gt;&lt;code&gt;$(&#x27;.marquee-wrapper&#x27;).css({ transition: &quot;transform 3s linear&quot;, transform: &quot;translateY(-&quot; + $(&quot;.marquee-content&quot;).outerHeight(true) + &quot;px)&quot; });
setInterval(function () {
    $(&#x27;.marquee-wrapper&#x27;).css({ transition: &quot;none&quot;, transform: &quot;translateY(100px)&quot; });
    $(&#x27;.marquee-wrapper&#x27;).css({ transition: &quot;transform 3s linear&quot;, transform: &quot;translateY(-&quot; + $(&quot;.marquee-content&quot;).outerHeight(true) + &quot;px)&quot; });
}, 3000);
&lt;/code&gt;&lt;/pre&gt;

&lt;p&gt;&lt;div class=&quot;snippet&quot; data-lang=&quot;js&quot; data-hide=&quot;true&quot; data-console=&quot;true&quot; data-babel=&quot;false&quot;&gt;
&lt;div class=&quot;snippet-code snippet-currently-hidden&quot;&gt;
&lt;pre class=&quot;snippet-code-js lang-js prettyprint-override&quot;&gt;&lt;code&gt;if ($(&quot;.marquee&quot;).height() &amp;lt; $(&quot;.marquee-content&quot;).outerHeight(true)) {
    $(&quot;.marquee-content&quot;).clone().appendTo($(&quot;.marquee-wrapper&quot;));
}

$(&#x27;.marquee-wrapper&#x27;).css({ transition: &quot;transform 3s linear&quot;, transform: &quot;translateY(-&quot; + $(&quot;.marquee-content&quot;).outerHeight(true) + &quot;px)&quot; });

setInterval(function () {
    $(&#x27;.marquee-wrapper&#x27;).css({ transition: &quot;none&quot;, transform: &quot;translateY(100px)&quot; });
    $(&#x27;.marquee-wrapper&#x27;).css({ transition: &quot;transform 3s linear&quot;, transform: &quot;translateY(-&quot; + $(&quot;.marquee-content&quot;).outerHeight(true) + &quot;px)&quot; });
}, 3000);&lt;/code&gt;&lt;/pre&gt;
&lt;pre class=&quot;snippet-code-css lang-css prettyprint-override&quot;&gt;&lt;code&gt;.marquee {
  margin: auto;
  width: 600px;
  height: 200px;
  overflow: auto;
}

.marquee-wrapper {
  transform: translateY(0);
}

.marquee-content {
  margin: 0;
  padding: 30px 0;
}&lt;/code&gt;&lt;/pre&gt;
&lt;pre class=&quot;snippet-code-html lang-html prettyprint-override&quot;&gt;&lt;code&gt;&amp;lt;script src=&quot;https://ajax.googleapis.com/ajax/libs/jquery/2.1.1/jquery.min.js&quot;&amp;gt;&amp;lt;/script&amp;gt;
&amp;lt;section class=&quot;marquee&quot;&amp;gt;
  &amp;lt;div class=&quot;marquee-wrapper&quot;&amp;gt;
    &amp;lt;div class=&quot;marquee-content&quot;&amp;gt;
      Updates: Update (8 Mar 2016): Now plugin have new option: startVisible The marquee will be visible in the start if set to true. Thanks to @nuke-ellington ðŸ‘ Update (24 Jan 2014): Note: people who been asking me how to use this plugin with content being
      loaded with Ajax, please read notes about this update. New methods added, so now after you start the plugin using var $mq = $(&#x27;.marquee&#x27;).marquee();, you start the plugin using var $mq = $(&#x27;.marquee&#x27;).marquee();, you start the plugin using var $mq
      = $(&#x27;.marquee&#x27;).marquee();, then you can pause, resume, togglepause, resume) and desestroy destroy toggle(pause, resume) and destroy toggle(pause, resume) and destroy methods e.g to remove the marquee plugin from your element simply use $mq.marquee(&#x27;destroy&#x27;);.
      Similarly you can use pause the marquee any time using $mq.marquee(&#x27;pause&#x27;);.
    &amp;lt;/div&amp;gt;
  &amp;lt;/div&amp;gt;
&amp;lt;/section&amp;gt;&lt;/code&gt;&lt;/pre&gt;
&lt;/div&gt;
&lt;/div&gt;
&lt;/p&gt;

&lt;hr/&gt;

&lt;p&gt;The reason for that behavior could be that setting both CSS properties at once triggers an immediate repaint of the page whereas setting them separately doesn&#x27;t.&lt;/p&gt;

&lt;p&gt;Some Javascript commands are known to cause a repaint. Getting the &lt;code&gt;offsetHeight&lt;/code&gt; of an element is the one mentioned most often (see &lt;a href=&quot;http://stackoverflow.com/a/3485654/1009922&quot;&gt;this post&lt;/a&gt;). As a matter of fact, it was used in &lt;a href=&quot;https://developer52.wordpress.com/2013/04/28/use-offsetheight-to-force-redraw-between-css-transition-changes/&quot; rel=&quot;nofollow noreferrer&quot;&gt;this article&lt;/a&gt; to solve a problem with CSS transitions quite similar to the one presented here. And if we test that method by getting the element height between the transitions, we see that the resulting behavior is indeed correct:&lt;/p&gt;

&lt;pre&gt;&lt;code&gt;$(&#x27;.marquee-wrapper&#x27;).css(&quot;transition&quot;, &quot;none&quot;);
$(&#x27;.marquee-wrapper&#x27;).css(&quot;transform&quot;, &quot;translateY(100px)&quot;);
$(&#x27;.marquee-wrapper&#x27;).height(); // Force a repaint
$(&#x27;.marquee-wrapper&#x27;).css(&quot;transition&quot;, &quot;transform 3s linear&quot;);
$(&#x27;.marquee-wrapper&#x27;).css(&quot;transform&quot;, &quot;translateY(-&quot; + $(&quot;.marquee-content&quot;).outerHeight(true) + &quot;px)&quot;);
&lt;/code&gt;&lt;/pre&gt;

&lt;p&gt;&lt;div class=&quot;snippet&quot; data-lang=&quot;js&quot; data-hide=&quot;true&quot; data-console=&quot;true&quot; data-babel=&quot;false&quot;&gt;
&lt;div class=&quot;snippet-code snippet-currently-hidden&quot;&gt;
&lt;pre class=&quot;snippet-code-js lang-js prettyprint-override&quot;&gt;&lt;code&gt;if ($(&quot;.marquee&quot;).height() &amp;lt; $(&quot;.marquee-content&quot;).outerHeight(true)) {
    $(&quot;.marquee-content&quot;).clone().appendTo($(&quot;.marquee-wrapper&quot;));
}
$(&#x27;.marquee-wrapper&#x27;).css(&quot;transition&quot;, &quot;transform 3s linear&quot;);
$(&#x27;.marquee-wrapper&#x27;).css(&quot;transform&quot;, &quot;translateY(-&quot; + $(&quot;.marquee-content&quot;).outerHeight(true) + &quot;px)&quot;);

setInterval(function () {
    $(&#x27;.marquee-wrapper&#x27;).css(&quot;transition&quot;, &quot;none&quot;);
    $(&#x27;.marquee-wrapper&#x27;).css(&quot;transform&quot;, &quot;translateY(100px)&quot;);
    $(&#x27;.marquee-wrapper&#x27;).height(); // Force a repaint
    $(&#x27;.marquee-wrapper&#x27;).css(&quot;transition&quot;, &quot;transform 3s linear&quot;);
    $(&#x27;.marquee-wrapper&#x27;).css(&quot;transform&quot;, &quot;translateY(-&quot; + $(&quot;.marquee-content&quot;).outerHeight(true) + &quot;px)&quot;);
}, 3000);&lt;/code&gt;&lt;/pre&gt;
&lt;pre class=&quot;snippet-code-css lang-css prettyprint-override&quot;&gt;&lt;code&gt;.marquee {
  margin: auto;
  width: 600px;
  height: 200px;
  overflow: auto;
}

.marquee-wrapper {
  transform: translateY(0);
}

.marquee-content {
  margin: 0;
  padding: 30px 0;
}&lt;/code&gt;&lt;/pre&gt;
&lt;pre class=&quot;snippet-code-html lang-html prettyprint-override&quot;&gt;&lt;code&gt;&amp;lt;script src=&quot;https://ajax.googleapis.com/ajax/libs/jquery/2.1.1/jquery.min.js&quot;&amp;gt;&amp;lt;/script&amp;gt;
&amp;lt;section class=&quot;marquee&quot;&amp;gt;
  &amp;lt;div class=&quot;marquee-wrapper&quot;&amp;gt;
    &amp;lt;div class=&quot;marquee-content&quot;&amp;gt;
      Updates: Update (8 Mar 2016): Now plugin have new option: startVisible The marquee will be visible in the start if set to true. Thanks to @nuke-ellington ðŸ‘ Update (24 Jan 2014): Note: people who been asking me how to use this plugin with content being
      loaded with Ajax, please read notes about this update. New methods added, so now after you start the plugin using var $mq = $(&#x27;.marquee&#x27;).marquee();, you start the plugin using var $mq = $(&#x27;.marquee&#x27;).marquee();, you start the plugin using var $mq
      = $(&#x27;.marquee&#x27;).marquee();, then you can pause, resume, togglepause, resume) and desestroy destroy toggle(pause, resume) and destroy toggle(pause, resume) and destroy methods e.g to remove the marquee plugin from your element simply use $mq.marquee(&#x27;destroy&#x27;);.
      Similarly you can use pause the marquee any time using $mq.marquee(&#x27;pause&#x27;);.
    &amp;lt;/div&amp;gt;
  &amp;lt;/div&amp;gt;
&amp;lt;/section&amp;gt;&lt;/code&gt;&lt;/pre&gt;
&lt;/div&gt;
&lt;/div&gt;
&lt;/p&gt;
');
INSERT INTO answer (post_id, question_id, accepted) VALUES (56, 15, 'False');
INSERT INTO activity ( post_id, user_id, action) VALUES (56, 26, 'Create');

INSERT INTO post (current_state, up_score, down_score) VALUES ('Published', 15, 5);
INSERT INTO postinstance (post_id, user_id, description) VALUES (57, 37, '&lt;p&gt;Write your own method, and use it everywhere you want a number value:&lt;/p&gt;

&lt;pre&gt;&lt;code&gt;function getNum(val) {
   if (isNaN(val)) {
     return 0;
   }
   return val;
}
&lt;/code&gt;&lt;/pre&gt;
');
INSERT INTO answer (post_id, question_id, accepted) VALUES (57, 26, 'False');
INSERT INTO activity ( post_id, user_id, action) VALUES (57, 37, 'Create');

INSERT INTO post (current_state, up_score, down_score) VALUES ('Published', 0, 0);
INSERT INTO postinstance (post_id, user_id, description) VALUES (58, 47, '&lt;p&gt;using user 113716 solution, which by the way is great to avoid all those if-else
I have implemented it this way to calculate my subtotal textbox from textbox unit and textbox quantity.&lt;/p&gt;

&lt;p&gt;In the process writing of non numbers in unit and quantity textboxes, their values are bing replace by zero so final posting of user data has no non-numbers .&lt;/p&gt;

&lt;pre&gt;&lt;code&gt;     &amp;lt;script src=&quot;/common/tools/jquery-1.10.2.js&quot;&amp;gt;&amp;lt;/script&amp;gt;
     &amp;lt;script src=&quot;/common/tools/jquery-ui.js&quot;&amp;gt;&amp;lt;/script&amp;gt;

     &amp;lt;!----------------- link above 2 lines to your jquery files ------&amp;gt;





    &amp;lt;script type=&quot;text/javascript&quot; &amp;gt;
    function calculate_subtotal(){

    $(&#x27;#quantity&#x27;).val((+$(&#x27;#quantity&#x27;).val() || 0));
    $(&#x27;#unit&#x27;).val((+$(&#x27;#unit&#x27;).val() || 0));

    var  calculated = $(&#x27;#quantity&#x27;).val() * $(&#x27;#unit&#x27;).val() ;
    $(&#x27;#subtotal&#x27;).val(calculated);


    }
    &amp;lt;/script&amp;gt;


      &amp;lt;input type = &quot;text&quot; onChange =&quot;calculate_subtotal();&quot; id = &quot;quantity&quot;/&amp;gt;
      &amp;lt;input type = &quot;text&quot; onChange =&quot;calculate_subtotal();&quot; id = &quot;unit&quot;/&amp;gt;
      &amp;lt;input type = &quot;text&quot; id = &quot;subtotal&quot;/&amp;gt;
&lt;/code&gt;&lt;/pre&gt;
');
INSERT INTO answer (post_id, question_id, accepted) VALUES (58, 26, 'False');
INSERT INTO activity ( post_id, user_id, action) VALUES (58, 47, 'Create');

INSERT INTO post (current_state, up_score, down_score) VALUES ('Deleted', 3, 0);
INSERT INTO postinstance (post_id, user_id, description) VALUES (59, 3, '&lt;p&gt;Rather than kludging it so you can continue, why not back up and wonder why you&#x27;re running into a NaN in the first place?&lt;/p&gt;

&lt;p&gt;If any of the numeric inputs to an operation is NaN, the output will also be NaN. That&#x27;s the way the current IEEE Floating Point standard works (it&#x27;s not just Javascript). That behavior  is for a &lt;em&gt;good reason&lt;/em&gt;: the underlying intention is to keep you from using a bogus result without realizing it&#x27;s bogus. &lt;/p&gt;

&lt;p&gt;The way NaN works is if something goes wrong way down in some sub-sub-sub-operation (producing a NaN at that lower level), the final result will &lt;em&gt;also&lt;/em&gt; be NaN, which you&#x27;ll immediately recognize as an error even if your error handling logic (throw/catch maybe?) isn&#x27;t yet complete. &lt;/p&gt;

&lt;p&gt;NaN as the result of an arithmetic calculation &lt;em&gt;always&lt;/em&gt; indicates something has gone awry in the details of the arithmetic. It&#x27;s a way for the computer to say &quot;debugging needed here&quot;. Rather than finding some way to continue anyway with some number that&#x27;s hardly ever right (is 0 really what you want?), why not find the problem and fix it. &lt;/p&gt;

&lt;p&gt;A common problem in Javascript is that both &lt;code&gt;parseInt(...)&lt;/code&gt; and &lt;code&gt;parseFloat(...)&lt;/code&gt; will return NaN if given a nonsensical argument (&lt;code&gt;null&lt;/code&gt;, &lt;code&gt;&#x27;&#x27;&lt;/code&gt;, etc). Fix the issue at the lowest level possible rather than at a higher level. Then the result of the overall calculation has a good chance of making sense, and you&#x27;re not substituting some magic number (0 or 1 or whatever) for the result of the entire calculation. (The trick of (parseInt(foo.value) || 0) works only for sums, not products - for products you want the default value to be 1 rather than 0, but not if the specified value really is 0.)&lt;/p&gt;

&lt;p&gt;Perhaps for ease of coding you want a function to retrieve a value from the user, clean it up, and provide a default value if necessary, like this: &lt;/p&gt;

&lt;pre&gt;&lt;code&gt;function getFoobarFromUser(elementid) {
        var foobar = parseFloat(document.getElementById(elementid).innerHTML)
        if (isNaN(foobar)) foobar = 3.21;       // default value
        return(foobar.toFixed(2));
}
&lt;/code&gt;&lt;/pre&gt;
');
INSERT INTO answer (post_id, question_id, accepted) VALUES (59, 26, 'False');
INSERT INTO activity ( post_id, user_id, action) VALUES (59, 3, 'Create');

INSERT INTO post (current_state, up_score, down_score) VALUES ('Published', -1, 0);
INSERT INTO postinstance (post_id, user_id, description) VALUES (60, 32, '&lt;p&gt;Most popular answer worked for me, and also you can mix it with mutiple arithmetic operations, such as:&lt;/p&gt;

&lt;pre&gt;&lt;code&gt;(((400-200)*100)/750 || 0).toFixed(1);
&lt;/code&gt;&lt;/pre&gt;
');
INSERT INTO answer (post_id, question_id, accepted) VALUES (60, 26, 'False');
INSERT INTO activity ( post_id, user_id, action) VALUES (60, 32, 'Create');

INSERT INTO post (current_state, up_score, down_score) VALUES ('Published', 0, 0);
INSERT INTO postinstance (post_id, user_id, description) VALUES (61, 37, '@Pablo Add a condition to the &lt;code&gt;WHERE&lt;/code&gt; clause for this employee.');
INSERT INTO answercomment (post_id, answer_id) VALUES (61, 42);
INSERT INTO activity (post_id, user_id, action) VALUES (61, 37, 'Create');

INSERT INTO post (current_state, up_score, down_score) VALUES ('Published', 0, 0);
INSERT INTO postinstance (post_id, user_id, description) VALUES (62, 50, 'That&amp;#39;s because you haven&amp;#39;t solved the issue and instead closing your eyes and hoping that the issue goes away by itself. But it doesn&amp;#39;t. You could have added the fact to your question that you&amp;#39;re using the OpenSSL utility to encrypt it. But you didn&amp;#39;t. Now, your actual question and this mess of a Q&amp;amp;A are two different things. They have nothing to do with each other. Please ask a new question and describe your &lt;b&gt;&lt;i&gt;actual&lt;/i&gt;&lt;/b&gt; issue in detail.');
INSERT INTO answercomment (post_id, answer_id) VALUES (62, 49);
INSERT INTO activity (post_id, user_id, action) VALUES (62, 50, 'Create');

INSERT INTO post (current_state, up_score, down_score) VALUES ('Published', 0, 0);
INSERT INTO postinstance (post_id, user_id, description) VALUES (63, 37, 'This would be if it were for the general table I want for the specific case in which the (Employee is 20498090R)');
INSERT INTO answercomment (post_id, answer_id) VALUES (63, 42);
INSERT INTO activity (post_id, user_id, action) VALUES (63, 37, 'Create');

INSERT INTO post (current_state, up_score, down_score) VALUES ('Published', 0, 0);
INSERT INTO postinstance (post_id, user_id, description) VALUES (64, 45, 'That&amp;#39;s because you haven&amp;#39;t solved the issue and instead closing your eyes and hoping that the issue goes away by itself. But it doesn&amp;#39;t.');
INSERT INTO answercomment (post_id, answer_id) VALUES (64, 49);
INSERT INTO activity (post_id, user_id, action) VALUES (64, 45, 'Create');

INSERT INTO post (current_state, up_score, down_score) VALUES ('Published', 0, 0);
INSERT INTO postinstance (post_id, user_id, description) VALUES (65, 32, 'Yes, it doesn&amp;#39;t work well. The decription looks like : Decryption result: ??3?(Z?????W?l^?s??e	hn&amp;amp;???&amp;#39;?Jd?0}???*?U\0?cG5??X??\l?C?;??w&amp;zwnj;&amp;#8203;?gJ/Q????s??7O3?UK#?&amp;zwnj;&amp;#8203;??H&amp;lt;vdrF etc. The file is encrypted with the command :  openssl rsautl -encrypt -in $file.key  -out $file.key.enc  inkey pubkey.pem –pubin');
INSERT INTO answercomment (post_id, answer_id) VALUES (65, 49);
INSERT INTO activity (post_id, user_id, action) VALUES (65, 32, 'Create');

INSERT INTO post (current_state, up_score, down_score) VALUES ('Published', 0, 0);
INSERT INTO postinstance (post_id, user_id, description) VALUES (66, 17, 'I tried it on your site, you just need to give the wrapper of each element     &lt;code&gt;-webkit-column-break-inside: avoid;     -moz-column-break-inside: avoid;     column-break-inside: avoid;&lt;/code&gt; and it worked');
INSERT INTO answercomment (post_id, answer_id) VALUES (66, 48);
INSERT INTO activity (post_id, user_id, action) VALUES (66, 17, 'Create');

INSERT INTO post (current_state, up_score, down_score) VALUES ('Published', 0, 0);
INSERT INTO postinstance (post_id, user_id, description) VALUES (67, 10, 'I tried to create a div around it. Not helping. Probably there is something in the current css that cause it.');
INSERT INTO answercomment (post_id, answer_id) VALUES (67, 48);
INSERT INTO activity (post_id, user_id, action) VALUES (67, 10, 'Create');

INSERT INTO post (current_state, up_score, down_score) VALUES ('Published', 0, 0);
INSERT INTO postinstance (post_id, user_id, description) VALUES (68, 40, 'If you encrypt with &lt;code&gt;PKCS1Padding&lt;/code&gt; and decrypt with &lt;code&gt;NoPadding&lt;/code&gt; you would need to remove the padding yourself. Don&amp;#39;t do that. Let Java remove the padding for you. You&amp;#39;re still having an issue with your encryption and decryption.');
INSERT INTO answercomment (post_id, answer_id) VALUES (68, 49);
INSERT INTO activity (post_id, user_id, action) VALUES (68, 40, 'Create');

INSERT INTO post (current_state, up_score, down_score) VALUES ('Published', 0, 0);
INSERT INTO postinstance (post_id, user_id, description) VALUES (69, 8, 'If the client uses the same code, then it should work. I&amp;#39;ve also tried to encrypt with one instance and decrypt with another. It works for me. So, there must be something else going on here (which you can describe in your &lt;a href=&quot;http://stackoverflow.com/questions/ask&quot;&gt;next question&lt;/a&gt;). You would need to describe how you&amp;#39;re transmitting the file (perhaps it&amp;#39;s corrupted).');
INSERT INTO answercomment (post_id, answer_id) VALUES (69, 35);
INSERT INTO activity (post_id, user_id, action) VALUES (69, 8, 'Create');

INSERT INTO post (current_state, up_score, down_score) VALUES ('Published', 0, 0);
INSERT INTO postinstance (post_id, user_id, description) VALUES (70, 29, 'I see. So, then you have to decode the corresponding private key. That&amp;#39;s not part of your current question and it would make a mess if you edit your question to include that. Please ask a new question about that issue. I&amp;#39;ve answered your current question with working code.');
INSERT INTO answercomment (post_id, answer_id) VALUES (70, 35);
INSERT INTO activity (post_id, user_id, action) VALUES (70, 29, 'Create');

INSERT INTO post (current_state, up_score, down_score) VALUES ('Published', 0, 0);
INSERT INTO postinstance (post_id, user_id, description) VALUES (71, 43, 'Stack Overflow is not a forum. It is a question and answer site. This means that answers should actually answer the question. They should not be comments to other answers. They should not contain further questions. This is the third of these &amp;quot;answers&amp;quot; that you posted. Please delete this &amp;quot;answer&amp;quot;.');
INSERT INTO answercomment (post_id, answer_id) VALUES (71, 49);
INSERT INTO activity (post_id, user_id, action) VALUES (71, 43, 'Create');

INSERT INTO post (current_state, up_score, down_score) VALUES ('Published', 0, 0);
INSERT INTO postinstance (post_id, user_id, description) VALUES (72, 40, 'javax.crypto.BadPaddingException: Decryption error 	at sun.security.rsa.RSAPadding.unpadV15(RSAPadding.java:380) 	at sun.security.rsa.RSAPadding.unpad(RSAPadding.java:291) 	at com.sun.crypto.provider.RSACipher.doFinal(RSACipher.java:365&amp;zwnj;&amp;#8203;) 	at com.sun.crypto.provider.RSACipher.engineDoFinal(RSACipher.ja&amp;zwnj;&amp;#8203;va:391) 	at javax.crypto.Cipher.doFinal(Cipher.java:2189) 	at deciphertodeploy.Test24RsaFileIO.decrypt(Test24RsaFileIO.jav&amp;zwnj;&amp;#8203;a:168) 	at deciphertodeploy.Test24RsaFileIO.main(Test24RsaFileIO.java:3&amp;zwnj;&amp;#8203;9)');
INSERT INTO answercomment (post_id, answer_id) VALUES (72, 35);
INSERT INTO activity (post_id, user_id, action) VALUES (72, 40, 'Create');

INSERT INTO post (current_state, up_score, down_score) VALUES ('Published', 0, 0);
INSERT INTO postinstance (post_id, user_id, description) VALUES (73, 1, 'Hi Artjom B, In fact I have a client that encrypts a file with the public key. In my application, I have to decipher only, not encrypt. I decrypt with private key and that&amp;#39;s when I get the padding error. Maybe the problem comes from the random.');
INSERT INTO answercomment (post_id, answer_id) VALUES (73, 35);
INSERT INTO activity (post_id, user_id, action) VALUES (73, 1, 'Create');

INSERT INTO post (current_state, up_score, down_score) VALUES ('Published', 0, 0);
INSERT INTO postinstance (post_id, user_id, description) VALUES (74, 24, 'Thanks for the response! I think you&amp;#39;re right, but I don&amp;#39;t know why that&amp;#39;s being called or how to trace it. I&amp;#39;m not calling setPosition or using CALayer directly anywhere in my code.');
INSERT INTO answercomment (post_id, answer_id) VALUES (74, 53);
INSERT INTO activity (post_id, user_id, action) VALUES (74, 24, 'Create');

INSERT INTO post (current_state, up_score, down_score) VALUES ('Published', 1, 0);
INSERT INTO postinstance (post_id, user_id, description) VALUES (75, 16, 'I can&amp;#39;t find any difference between your query and his except the select part !!!');
INSERT INTO answercomment (post_id, answer_id) VALUES (75, 55);
INSERT INTO activity (post_id, user_id, action) VALUES (75, 16, 'Create');

INSERT INTO post (current_state, up_score, down_score) VALUES ('Published', 0, 0);
INSERT INTO postinstance (post_id, user_id, description) VALUES (76, 27, 'no it didnt work to');
INSERT INTO answercomment (post_id, answer_id) VALUES (76, 55);
INSERT INTO activity (post_id, user_id, action) VALUES (76, 27, 'Create');

INSERT INTO post (current_state, up_score, down_score) VALUES ('Published', 0, 0);
INSERT INTO postinstance (post_id, user_id, description) VALUES (77, 17, 'It seems you&amp;#39;re still having problems. I&amp;#39;ve run it and it works as expected. See &lt;a href=&quot;https://gist.github.com/artjomb/6ad21d2f012ecee8ec33d04d8cbd8653&quot; rel=&quot;nofollow noreferrer&quot;&gt;the full class&lt;/a&gt;. I&amp;#39;ve commented some unnecessary lines and removed the &amp;quot;BC&amp;quot; flag.');
INSERT INTO answercomment (post_id, answer_id) VALUES (77, 35);
INSERT INTO activity (post_id, user_id, action) VALUES (77, 17, 'Create');

INSERT INTO post (current_state, up_score, down_score) VALUES ('Published', 0, 0);
INSERT INTO postinstance (post_id, user_id, description) VALUES (78, 3, 'B : Thanks a lot. It works with my file test. I&amp;#39;m going to check with the oters.');
INSERT INTO answercomment (post_id, answer_id) VALUES (78, 35);
INSERT INTO activity (post_id, user_id, action) VALUES (78, 3, 'Create');

INSERT INTO post (current_state, up_score, down_score) VALUES ('Published', 0, 0);
INSERT INTO postinstance (post_id, user_id, description) VALUES (79, 16, '@user31782 - I added more details to my answer.');
INSERT INTO answercomment (post_id, answer_id) VALUES (79, 56);
INSERT INTO activity (post_id, user_id, action) VALUES (79, 16, 'Create');

INSERT INTO post (current_state, up_score, down_score) VALUES ('Published', 0, 0);
INSERT INTO postinstance (post_id, user_id, description) VALUES (80, 42, 'This is interesting... But what is the reason behind this? What is the difference between adding css properties simultaneously and one by one?');
INSERT INTO answercomment (post_id, answer_id) VALUES (80, 56);
INSERT INTO activity (post_id, user_id, action) VALUES (80, 42, 'Create');

INSERT INTO post (current_state, up_score, down_score) VALUES ('Published', 1, 0);
INSERT INTO postinstance (post_id, user_id, description) VALUES (81, 42, 'Further to my comment above, I ended up using &lt;code&gt;Number(val)&lt;/code&gt; instead as it returns &lt;code&gt;0&lt;/code&gt; when it can&amp;#39;t figure it out anyhow.');
INSERT INTO answercomment (post_id, answer_id) VALUES (81, 57);
INSERT INTO activity (post_id, user_id, action) VALUES (81, 42, 'Create');

INSERT INTO post (current_state, up_score, down_score) VALUES ('Published', 1, 0);
INSERT INTO postinstance (post_id, user_id, description) VALUES (82, 11, 'If I pass in &lt;code&gt;null&lt;/code&gt; then it does not give me the expected result of &lt;code&gt;0&lt;/code&gt;. More on my point here: &lt;a href=&quot;http://stackoverflow.com/questions/115548/why-is-isnannull-false-in-js&quot; title=&quot;why is isnannull false in js&quot;&gt;stackoverflow.com/questions/115548/why-is-isnannull-false-in&amp;zwnj;&amp;#8203;-js&lt;/a&gt;');
INSERT INTO answercomment (post_id, answer_id) VALUES (82, 57);
INSERT INTO activity (post_id, user_id, action) VALUES (82, 11, 'Create');

INSERT INTO post (current_state, up_score, down_score) VALUES ('Published', 0, 0);
INSERT INTO postinstance (post_id, user_id, description) VALUES (83, 4, 'Thanks for the function. It is what I was looking for');
INSERT INTO answercomment (post_id, answer_id) VALUES (83, 59);
INSERT INTO activity (post_id, user_id, action) VALUES (83, 4, 'Create');

INSERT INTO post (current_state, up_score, down_score) VALUES ('Published', 4, 2);
INSERT INTO postinstance (post_id, user_id, description) VALUES (84, 39, 'You don&amp;#39;t need &lt;code&gt;else&lt;/code&gt; here.');
INSERT INTO answercomment (post_id, answer_id) VALUES (84, 57);
INSERT INTO activity (post_id, user_id, action) VALUES (84, 39, 'Create');

INSERT INTO post (current_state, up_score, down_score) VALUES ('Published', 0, 0);
INSERT INTO postinstance (post_id, user_id, description) VALUES (85, 41, '&lt;blockquote&gt;
  &lt;p&gt;If $A\cup B=A\cup C$ and $A\cap B=A\cap C$, prove that $B=C$.&lt;/p&gt;
&lt;/blockquote&gt;

&lt;p&gt;&lt;strong&gt;My attempt:&lt;/strong&gt;
$$A\cup B= A\cup C$$
$$n(A\cup B)=n(A\cup C)$$
$$n(A)+n(B)-n(A\cap B)=n(A)+n(C)-n(A\cap C)$$
$$n(B)=n(C)$$
$$B=C$$.&lt;/p&gt;

&lt;p&gt;Is this correct?Or, do we have any other alternatives?&lt;/p&gt;
');
INSERT INTO question (post_id, topic_id, title) VALUES (85, 2, 'If $A\cup B=A\cup C$ and $A\cap B= A\cap C$, prove that: $B=C$');
INSERT INTO activity (post_id, user_id, action) VALUES (85, 41, 'Create');
INSERT INTO tag (text) VALUES ('elementary-set-theory');
INSERT INTO questiontag (question_id, tag_id) VALUES (85, 84);
INSERT INTO tag (text) VALUES ('proof-verification');
INSERT INTO questiontag (question_id, tag_id) VALUES (85, 85);

INSERT INTO post (current_state, up_score, down_score) VALUES ('Deleted', 0, 0);
INSERT INTO postinstance (post_id, user_id, description) VALUES (86, 15, '&lt;p&gt;If $\alpha \in (0,1)$ is an irrational number, the question is to show that &lt;/p&gt;

&lt;p&gt;\begin{equation}
\alpha = \sum_{n=0}^{\infty} \frac{(-1)^n}{q_nq_{n-1}}
\end{equation}&lt;/p&gt;

&lt;p&gt;(where $q_n$ denotes the denominator of the n$^{th}$ partial quotient of $\alpha$).&lt;/p&gt;

&lt;p&gt;What I have tried to use is that if:&lt;/p&gt;

&lt;p&gt;\begin{equation}
p_nq_{n-1} - q_np_{n-1} = (-1)^{n+1}\\
\frac{p_nq_{n-1}}{q_n} - p_{n-1} = \frac{(-1)^{n+1}}{q_n}\\
\frac{p_n}{q_n} - \frac{p_{n-1}}{q_{n-1}} = \frac{(-1)^{n+1}}{q_nq_{n-1}}\\
\end{equation}&lt;/p&gt;

&lt;p&gt;Since, by definition, $\alpha = \lim_{n\rightarrow \infty}\frac{p_n}{q_n}$, it looks like it could be a telescopic series using what I have calculated. Does anyone know if I&#x27;m on the right track here?&lt;/p&gt;

&lt;p&gt;Update: For example, if I re-write the equation above;&lt;/p&gt;

&lt;p&gt;\begin{equation}
\frac{p_n}{q_n} = \frac{(-1)^{n+1}}{q_nq_{n-1}} + \frac{p_{n-1}}{p_{n-1}}\\
\frac{p_n}{q_n} = \frac{(-1)^{n+1}}{q_nq_{n-1}} + \frac{(-1)^n}{q_{n-1}q_{n-2}} + \frac{p_{n-2}}{q_{n-3}}\\
\end{equation}&lt;/p&gt;
');
INSERT INTO question (post_id, topic_id, title) VALUES (86, 2, 'If $\alpha \in (0,1)$ is an irrational number, show that $\alpha = \sum_{n=0}^{\infty} \frac{(-1)^n}{q_nq_{n-1}}$');
INSERT INTO activity (post_id, user_id, action) VALUES (86, 15, 'Create');
INSERT INTO tag (text) VALUES ('convergence');
INSERT INTO questiontag (question_id, tag_id) VALUES (86, 86);
INSERT INTO tag (text) VALUES ('summation');
INSERT INTO questiontag (question_id, tag_id) VALUES (86, 87);

INSERT INTO post (current_state, up_score, down_score) VALUES ('Published', 0, 0);
INSERT INTO postinstance (post_id, user_id, description) VALUES (87, 50, '&lt;p&gt;It seems that there is no way of computing&lt;/p&gt;

&lt;p&gt;$$ \lVert e^{tA}\lVert $$&lt;/p&gt;

&lt;p&gt;for an arbitrary real square matrix $A$ and any matrix norm $\lVert\cdot\lVert$, in terms of $t \in \mathbb{R}$ and $\lVert A \lVert$, i.e.&lt;/p&gt;

&lt;p&gt;$$f:(t,\lVert A \lVert ) \mapsto \lVert e^{tA}\lVert$$&lt;/p&gt;

&lt;p&gt;without explicitly performing the matrix exponential (exactly or approximately). Is that right?&lt;/p&gt;

&lt;p&gt;Because so far I could only find upper-bound estimates. If this problem in its full generality is not solved, can anyone say something about its solvability?&lt;/p&gt;

&lt;p&gt;For my particular case it would suffice to restrict to the case&lt;/p&gt;

&lt;p&gt;$$A=A^\mathrm{T}, \quad \mathrm{tr}(A) = 0$$
meaning $\left(e^A\right)^\mathrm{T} = e^A$ and $\det(e^A) = 1$.&lt;/p&gt;

&lt;p&gt;Thanks for any suggestions.&lt;/p&gt;
');
INSERT INTO question (post_id, topic_id, title) VALUES (87, 2, 'Exact norm of matrix exponential');
INSERT INTO activity (post_id, user_id, action) VALUES (87, 50, 'Create');
INSERT INTO tag (text) VALUES ('linear-algebra');
INSERT INTO questiontag (question_id, tag_id) VALUES (87, 88);
INSERT INTO tag (text) VALUES ('matrices');
INSERT INTO questiontag (question_id, tag_id) VALUES (87, 89);
INSERT INTO tag (text) VALUES ('norm');
INSERT INTO questiontag (question_id, tag_id) VALUES (87, 90);
INSERT INTO tag (text) VALUES ('matrix-calculus');
INSERT INTO questiontag (question_id, tag_id) VALUES (87, 91);

INSERT INTO post (current_state, up_score, down_score) VALUES ('Published', 4, 1);
INSERT INTO postinstance (post_id, user_id, description) VALUES (88, 30, '&lt;p&gt;I am trying to solve this problem:&lt;/p&gt;

&lt;h2&gt;&lt;a href=&quot;https://i.stack.imgur.com/QlSkj.png&quot; rel=&quot;nofollow noreferrer&quot;&gt;&lt;img src=&quot;https://i.stack.imgur.com/QlSkj.png&quot; alt=&quot;enter image description here&quot;&gt;&lt;/a&gt;&lt;/h2&gt;

&lt;p&gt;There is a hint saying that I can use the fact that for 
$$X=a_i\frac{\partial }{\partial x_i}\text{ with } a_i\in C^\infty(U)$$
and
$$Y=b_i\frac{\partial }{\partial x_i}\text{ with } b_i\in C^\infty(U)$$
we have
$$[X,Y]=\left(a_{i}\frac{\partial b_{j}}{\partial x_{i}}-b_{i}\frac{\partial a_{j}}{\partial x_{i}}\right)\frac{\partial}{\partial x_{j}}
 $$&lt;/p&gt;

&lt;p&gt;But I did not manage to use this hint in any useful way. Also, the obvious procedure seems to be the following:
$$\Psi([X,Y])(P)=P[X,Y]=P(XY-YX)=PXY-PYX$$
and
$$[\Psi(X),\Psi(Y)](P)=\left(\Psi(X)\Psi(Y)-\Psi(Y)\Psi(X)\right)(P)\\=\Psi(X)\left(\Psi(Y)(P)\right)-\Psi(Y)\left(\Psi(X)(P)\right)=\Psi(X)\left(PY\right)-\Psi(Y)\left(PX\right)=PYX-PXY$$&lt;/p&gt;

&lt;p&gt;And this is clearly wrong. So:&lt;/p&gt;

&lt;p&gt;1) What did I miss in my attempt?&lt;br&gt;
2) Any hints on solving this using the given hint?&lt;/p&gt;

&lt;hr&gt;

&lt;p&gt;&lt;strong&gt;EDIT:&lt;/strong&gt; I believe I can solve this using the hint if $[\tilde{X},\tilde{Y}](P)=[\tilde{X}(P),\tilde{Y}(P)]$. However, I do not know why/if this is true, and question 1) still holds.&lt;/p&gt;
');
INSERT INTO question (post_id, topic_id, title) VALUES (88, 2, 'A little problem on Lie Brackets relating it with the commutator of matrices');
INSERT INTO activity (post_id, user_id, action) VALUES (88, 30, 'Create');
INSERT INTO tag (text) VALUES ('differential-geometry');
INSERT INTO questiontag (question_id, tag_id) VALUES (88, 92);
INSERT INTO tag (text) VALUES ('manifolds');
INSERT INTO questiontag (question_id, tag_id) VALUES (88, 93);

INSERT INTO post (current_state, up_score, down_score) VALUES ('Published', 0, 0);
INSERT INTO postinstance (post_id, user_id, description) VALUES (89, 27, '&lt;p&gt;How can i show that &quot;a partial order on a finite set is uniquely determined by its covering relation&quot;?&lt;/p&gt;
');
INSERT INTO question (post_id, topic_id, title) VALUES (89, 2, 'covering relation question.');
INSERT INTO activity (post_id, user_id, action) VALUES (89, 27, 'Create');
INSERT INTO tag (text) VALUES ('combinatorics');
INSERT INTO questiontag (question_id, tag_id) VALUES (89, 94);
INSERT INTO tag (text) VALUES ('relations');
INSERT INTO questiontag (question_id, tag_id) VALUES (89, 95);
INSERT INTO tag (text) VALUES ('relation-algebra');
INSERT INTO questiontag (question_id, tag_id) VALUES (89, 96);

INSERT INTO post (current_state, up_score, down_score) VALUES ('Published', 2, 0);
INSERT INTO postinstance (post_id, user_id, description) VALUES (90, 33, '&lt;p&gt;I have a differential equation here:&lt;/p&gt;

&lt;p&gt;$$\frac{dy}{dx} = \frac{4y-3x}{2x-y}$$&lt;/p&gt;

&lt;p&gt;This equation can be solved relatively easily by dividing through by $x$, and then doing a $y=vx$ substitution (making the equation separable).&lt;/p&gt;

&lt;p&gt;However, my question is: can this be solved by taking a Laplace transform instead?&lt;/p&gt;

&lt;p&gt;When I try to do so, I get this:
$$\mathscr{L}(2ty&#x27;) - \mathscr{L}(yy&#x27;) = \mathscr{L}(4y) - \mathscr{L}(3t)$$&lt;/p&gt;

&lt;p&gt;The RHS is fairly simple when it comes to a laplace transform. On the LHS, I believe that the $2ty&#x27;$ term can be translated to something like $-F&#x27;(s)$. But that second term is causing me a bit of trouble.&lt;/p&gt;

&lt;p&gt;Can a Laplace transform even be taken for such an equation? I feel that it should, I&#x27;m just not quite sure how, the integral ends up being quite messy. If so, could you show me how? (and if not, why not?)&lt;/p&gt;

&lt;p&gt;Additionally, I&#x27;d like to know how to best select a method to solve a differential equation. In the case of this one, clearly, the easiest way would be doing a substitution. But how do I know that would be the most efficient way?&lt;/p&gt;
');
INSERT INTO question (post_id, topic_id, title) VALUES (90, 2, 'Method Selection for Solving Differential Equations');
INSERT INTO activity (post_id, user_id, action) VALUES (90, 33, 'Create');
INSERT INTO tag (text) VALUES ('differential-equations');
INSERT INTO questiontag (question_id, tag_id) VALUES (90, 97);
INSERT INTO tag (text) VALUES ('laplace-transform');
INSERT INTO questiontag (question_id, tag_id) VALUES (90, 98);

INSERT INTO post (current_state, up_score, down_score) VALUES ('Published', 0, 0);
INSERT INTO postinstance (post_id, user_id, description) VALUES (91, 15, '&lt;p&gt;How to calculate real fourier transform of real data instead of complex data in mathlab? Is there any software to test real fft?&lt;/p&gt;
');
INSERT INTO question (post_id, topic_id, title) VALUES (91, 2, 'Real Fourier Transform In Matlab');
INSERT INTO activity (post_id, user_id, action) VALUES (91, 15, 'Create');
INSERT INTO tag (text) VALUES ('fourier-analysis');
INSERT INTO questiontag (question_id, tag_id) VALUES (91, 99);
INSERT INTO tag (text) VALUES ('fourier-series');
INSERT INTO questiontag (question_id, tag_id) VALUES (91, 100);
INSERT INTO tag (text) VALUES ('fourier-transform');
INSERT INTO questiontag (question_id, tag_id) VALUES (91, 101);
INSERT INTO tag (text) VALUES ('fast-fourier-transform');
INSERT INTO questiontag (question_id, tag_id) VALUES (91, 102);

INSERT INTO post (current_state, up_score, down_score) VALUES ('Published', 0, 0);
INSERT INTO postinstance (post_id, user_id, description) VALUES (92, 43, '&lt;p&gt;How do you find a particular solution for this ODE?&lt;/p&gt;

&lt;p&gt;$\frac{d^2x(t)}{dt^2}= -\omega^2x(t)-\nu \frac{dx(t)}{dt}+f_0cos(\Omega t)$&lt;/p&gt;

&lt;p&gt;I know it&#x27;s of the form $x(t)=Acos(\Omega t)+Bsin(\Omega t)$ but I can&#x27;t find expression for A or B.&lt;/p&gt;
');
INSERT INTO question (post_id, topic_id, title) VALUES (92, 2, 'particular solution for 2nd order ODE');
INSERT INTO activity (post_id, user_id, action) VALUES (92, 43, 'Create');
INSERT INTO questiontag (question_id, tag_id) VALUES (92, 97);

INSERT INTO post (current_state, up_score, down_score) VALUES ('Published', 1, 0);
INSERT INTO postinstance (post_id, user_id, description) VALUES (93, 19, '&lt;blockquote&gt;
  &lt;p&gt;&lt;strong&gt;My problem&lt;/strong&gt;: I should calculate this sum: $\sum_{n=0}^{\infty} nx^{2n+1}$.&lt;/p&gt;
&lt;/blockquote&gt;

&lt;p&gt;&lt;strong&gt;My solution&lt;/strong&gt;: $\;$$ x \sum_{n=0}^{\infty} nx^{2n}$,&lt;/p&gt;

&lt;ul&gt;
&lt;li&gt;Substitution: $x^2 = y$&lt;/li&gt;
&lt;/ul&gt;

&lt;p&gt;Then $\;$$ y^{1/2} \sum_{n=0}^{\infty} ny^{n}$, ...&lt;/p&gt;

&lt;p&gt;Now I would focus just on $\;$$ \sum_{n=0}^{\infty} ny^{n} =  y\sum_{n=0}^{\infty} ny^{n-1}$$, $&lt;/p&gt;

&lt;p&gt;Because $\;$$ \sum_{n=0}^{\infty} y^{n} = 1/(1-y)$&lt;/p&gt;

&lt;p&gt;&lt;strong&gt;EDIT&lt;/strong&gt;&lt;/p&gt;

&lt;p&gt;So $   \sum_{n=0}^{\infty} ny^{n-1} = 1/ (1-y)^2$&lt;/p&gt;

&lt;p&gt;Finally $y^{1/2}\sum_{n=0}^{\infty} ny^{n-1} = y^{1/2}/ (1-y)^2 = x/(1-x^2)^2$&lt;/p&gt;
');
INSERT INTO question (post_id, topic_id, title) VALUES (93, 2, 'Evaluating a sum: $\sum_{n=0}^{\infty} nx^{2n+1}$');
INSERT INTO activity (post_id, user_id, action) VALUES (93, 19, 'Create');
INSERT INTO tag (text) VALUES ('calculus');
INSERT INTO questiontag (question_id, tag_id) VALUES (93, 103);
INSERT INTO tag (text) VALUES ('sequences-and-series');
INSERT INTO questiontag (question_id, tag_id) VALUES (93, 104);
INSERT INTO tag (text) VALUES ('power-series');
INSERT INTO questiontag (question_id, tag_id) VALUES (93, 105);

INSERT INTO post (current_state, up_score, down_score) VALUES ('Published', 1, 0);
INSERT INTO postinstance (post_id, user_id, description) VALUES (94, 24, '&lt;p&gt;&lt;a href=&quot;https://i.stack.imgur.com/rtGuh.png&quot; rel=&quot;nofollow noreferrer&quot;&gt;&lt;img src=&quot;https://i.stack.imgur.com/rtGuh.png&quot; alt=&quot;The problem&quot;&gt;&lt;/a&gt;&lt;/p&gt;

&lt;p&gt;Update my lagrangian is &lt;/p&gt;

&lt;p&gt;$$L=\frac{ml^2}2\left(\dot \theta_1^2+\frac 13\dot \theta_2^2+\dot \theta_1\dot \theta_2\cos\delta\right)+mgl(cos\theta_1+\frac 12\cos\theta_2)$$&lt;/p&gt;

&lt;p&gt;and for my linearised equations of motion question (5) i got the following &lt;/p&gt;

&lt;p&gt;$$(\ddot \theta_1) +\frac{2}{3}\ddot\theta_2=\frac{-2g}{l}\theta_2$$&lt;/p&gt;

&lt;p&gt;and $$2\ddot \theta_1 +\ddot \theta_2=\frac{-2g}{l}\theta_1$$&lt;/p&gt;

&lt;p&gt;These seem to give numerically unpleasant normal mode frequencies though, so I&#x27;m not entirely sure that they&#x27;re right, maybe i went wrong on calculating the equations of motion. a futher solution would be ideal. Thanks &lt;/p&gt;

&lt;p&gt;my differentials were &lt;/p&gt;

&lt;p&gt;$$\frac{dL}{d\theta_1}=-\frac{ml^2}{2}\dot\theta_1\dot\theta_2\cos(\theta_1)sin(\theta_2)-\frac{ml^2}{2}\dot\theta_1\dot\theta_2\sin(\theta_1)\cos(\theta_2)-mgl\sin(\theta_1)$$&lt;/p&gt;

&lt;p&gt;$$\frac{dL}{d\theta_2}=-\frac{ml^2}{2}\dot\theta_1\dot\theta_2\cos(\theta_1)\sin(\theta_2)+\frac{ml^2}{2}\dot\theta_1\dot\theta_2\sin(\theta_1)\cos(\theta_2)-\frac{mgl}{2}\sin(\theta_2)$$&lt;/p&gt;

&lt;p&gt;$$\frac{dL}{d\dot\theta_1}=ml^2\dot\theta_1+\frac{ml^2}{2}\dot\theta_2\cos(\theta_2-\theta_1)$$&lt;/p&gt;

&lt;p&gt;and finally $$\frac{dL}{d\dot\theta_2}=\frac{ml^2}{3}\dot\theta_2+\frac{ml^2}{2}\dot\theta_1\cos(\theta_2-\theta_1)$$&lt;/p&gt;

&lt;p&gt;so the two equations of motion are &lt;/p&gt;

&lt;p&gt;$$ml^2\ddot\theta_1+\frac{ml^2}{2}\dot\theta_1\dot\theta_2\cos(\theta_1)sin(\theta_2)+\frac{ml^2}{2}\dot\theta_1\dot\theta_2\sin(\theta_1)\cos(\theta_2)+mgl\sin(\theta_1)=0$$&lt;/p&gt;

&lt;p&gt;and $$\frac{ml^2}{3}\ddot\theta_2+\frac{ml^2}{2}\dot\theta_1\dot\theta_2\cos(\theta_1)\sin(\theta_2)-\frac{ml^2}{2}\dot\theta_1\dot\theta_2\sin(\theta_1)\cos(\theta_2)+\frac{mgl}{2}\sin(\theta_2)=0$$&lt;/p&gt;
');
INSERT INTO question (post_id, topic_id, title) VALUES (94, 2, 'Pendulum problem inertia');
INSERT INTO activity (post_id, user_id, action) VALUES (94, 24, 'Create');
INSERT INTO tag (text) VALUES ('dynamical-systems');
INSERT INTO questiontag (question_id, tag_id) VALUES (94, 106);
INSERT INTO tag (text) VALUES ('classical-mechanics');
INSERT INTO questiontag (question_id, tag_id) VALUES (94, 107);
INSERT INTO tag (text) VALUES ('euler-lagrange-equation');
INSERT INTO questiontag (question_id, tag_id) VALUES (94, 108);

INSERT INTO post (current_state, up_score, down_score) VALUES ('Published', 1, 0);
INSERT INTO postinstance (post_id, user_id, description) VALUES (95, 1, '&lt;p&gt;I&#x27;m looking to find inner and outer solutions to this ODE and to do some matching $$\epsilon \ddot y + (1+t) \dot y = 0 \;\;\;\;\; y(0) = 0 \;\; \dot y (0) = \frac1\epsilon$$&lt;/p&gt;

&lt;p&gt;So I understand I need to convert to a new time variable $\tau = \frac t\epsilon$ ($\dot y$ and $y&#x27;$ are $\frac{dy}{dt}$ and $\frac{dy}{d\tau}$ respectively), which I plug in to get&lt;/p&gt;

&lt;p&gt;$$y&#x27;&#x27;+(1+\epsilon \tau)y&#x27; =0 \;\;\;\;\; y(0) = 0 \;\; y&#x27; (0) = 1$$&lt;/p&gt;

&lt;p&gt;So if I plug in $y^i=y_0^i + \epsilon y_1^i$ to the $\tau$ equation and solve I get $y^i = 1-e^{-t}+\epsilon(1-e^{-t}(1-t-\frac{t^2}2))$.&lt;/p&gt;

&lt;p&gt;When I plug in $y^o=y_0^o + \epsilon y_1^o$ to the $t$ equation and solve ignoring the boundary conditions I just get a constant. So $y^o = c+\epsilon d$. &lt;/p&gt;

&lt;p&gt;Now to apply Van Dyke matching rules. Express $y^i$ in terms of $\tau$ to get $y^{io}=1-e^{-\epsilon\tau}+\epsilon(1-e^{-\epsilon\tau})$ plus higher order terms. $1-e^{-\epsilon\tau}$ goes to zero, so the whole thing is zero. $y^{oi}=y^{o}$ since it&#x27;s constant, so equating them I just get zero.&lt;/p&gt;

&lt;p&gt;Something seems wrong. Is zero really the best approximation available here? Where did I go wrong?&lt;/p&gt;
');
INSERT INTO question (post_id, topic_id, title) VALUES (95, 2, 'Matching inner and outer solutions gives me zero');
INSERT INTO activity (post_id, user_id, action) VALUES (95, 1, 'Create');
INSERT INTO questiontag (question_id, tag_id) VALUES (95, 97);
INSERT INTO questiontag (question_id, tag_id) VALUES (95, 85);
INSERT INTO tag (text) VALUES ('perturbation-theory');
INSERT INTO questiontag (question_id, tag_id) VALUES (95, 109);

INSERT INTO post (current_state, up_score, down_score) VALUES ('Published', 0, 0);
INSERT INTO postinstance (post_id, user_id, description) VALUES (96, 25, '&lt;p&gt;Consider the system
$$
x&#x27;=x², y&#x27;=y
$$
and find the local unstable manifold of the equilibrium $(0,0)$.&lt;/p&gt;

&lt;p&gt;The linearization matrix is
$$
A=\begin{pmatrix}0 &amp;amp; 0\\0 &amp;amp; 1\end{pmatrix},
$$
hence the eigenvalues are $\lambda_1=0$ and $\lambda_2=1$.&lt;/p&gt;

&lt;p&gt;The unstable space is spanned by the eigenvector belonging to $\lambda_2$, say $v=(0,1)$. Hence the $y$-axis should be the unstable space.&lt;/p&gt;

&lt;p&gt;But what is the unstable manifold? Its tangent to the y-axis in $(0,0)$?&lt;/p&gt;
');
INSERT INTO question (post_id, topic_id, title) VALUES (96, 2, 'Local unstable manifold');
INSERT INTO activity (post_id, user_id, action) VALUES (96, 25, 'Create');
INSERT INTO questiontag (question_id, tag_id) VALUES (96, 97);
INSERT INTO questiontag (question_id, tag_id) VALUES (96, 93);
INSERT INTO questiontag (question_id, tag_id) VALUES (96, 106);

INSERT INTO post (current_state, up_score, down_score) VALUES ('Published', -1, 0);
INSERT INTO postinstance (post_id, user_id, description) VALUES (97, 22, '&lt;p&gt;I have come across a question when researching integral substitution and I have no idea how to do it. Any help would be greatly appreciated as I don&#x27;t understand what to do. &lt;/p&gt;

&lt;p&gt;$$\int \text{csc}^2 2\theta \cot2\theta \,d\theta $$&lt;/p&gt;

&lt;p&gt;I need to do the integral in two ways by using two different substitutions: $u = \cot 2\theta$ and $u = \text{csc } 2\theta$&lt;/p&gt;
');
INSERT INTO question (post_id, topic_id, title) VALUES (97, 2, 'Integral Substitution $\text{csc }\theta \cot\theta$');
INSERT INTO activity (post_id, user_id, action) VALUES (97, 22, 'Create');
INSERT INTO tag (text) VALUES ('integration');
INSERT INTO questiontag (question_id, tag_id) VALUES (97, 110);
INSERT INTO tag (text) VALUES ('substitution');
INSERT INTO questiontag (question_id, tag_id) VALUES (97, 111);

INSERT INTO post (current_state, up_score, down_score) VALUES ('Published', -1, 0);
INSERT INTO postinstance (post_id, user_id, description) VALUES (98, 24, '&lt;p&gt;On a 10-key (0 to 9) keyboard, a 4-digit password has 10^4 possibilities or 10,000.  If you have to press four numbers and then enter, you might enter up to 10,000 times.&lt;/p&gt;

&lt;p&gt;However, what if you could enter numbers without pressing enter?  Then the following sequence:&lt;/p&gt;

&lt;pre&gt;&lt;code&gt;111122223333
&lt;/code&gt;&lt;/pre&gt;

&lt;p&gt;Gets 1 repeat 4, 2 repeat 4, etc.  but it also gets 1112, 1122, 1222, etc. etc.&lt;/p&gt;

&lt;p&gt;This is my first post on Math Stack and it may be wrong to say this but I&#x27;m not necessarily looking for the answer :) Moreso I am asking for suggestions on how to approach this and prove it.  Thanks&lt;/p&gt;
');
INSERT INTO question (post_id, topic_id, title) VALUES (98, 2, 'how to calculate the optimal string to match a pass sequence');
INSERT INTO activity (post_id, user_id, action) VALUES (98, 24, 'Create');
INSERT INTO tag (text) VALUES ('probability');
INSERT INTO questiontag (question_id, tag_id) VALUES (98, 112);
INSERT INTO questiontag (question_id, tag_id) VALUES (98, 104);
INSERT INTO tag (text) VALUES ('optimization');
INSERT INTO questiontag (question_id, tag_id) VALUES (98, 113);

INSERT INTO post (current_state, up_score, down_score) VALUES ('Published', 0, 0);
INSERT INTO postinstance (post_id, user_id, description) VALUES (99, 34, '&lt;blockquote&gt;
  &lt;p&gt;A vector field $V$ has the divergence $div(V)=4$. &lt;/p&gt;
  
  &lt;p&gt;What is the total flux in through the surface $\partial C$ of a massive rotating cylinder $C$ that has the height $h=2$ and the radius $r=5$?&lt;/p&gt;
&lt;/blockquote&gt;

&lt;hr&gt;

&lt;p&gt;My parameterization is:&lt;/p&gt;

&lt;p&gt;$$r(u,v)=(5\cos v,5\sin v,u)$$&lt;/p&gt;

&lt;p&gt;The normal vector to the cylinder I&#x27;ve calculated is:&lt;/p&gt;

&lt;p&gt;$$\vec{n}=(-5\cos v,-5\sin v,0)$$&lt;/p&gt;

&lt;p&gt;I don&#x27;t know where to go from here. I&#x27;d appreciate your help.&lt;/p&gt;
');
INSERT INTO question (post_id, topic_id, title) VALUES (99, 2, 'Flux through rotating cylinder using divergence theorem');
INSERT INTO activity (post_id, user_id, action) VALUES (99, 34, 'Create');
INSERT INTO tag (text) VALUES ('surface-integrals');
INSERT INTO questiontag (question_id, tag_id) VALUES (99, 114);

INSERT INTO post (current_state, up_score, down_score) VALUES ('Published', 1, 0);
INSERT INTO postinstance (post_id, user_id, description) VALUES (100, 30, '&lt;p&gt;In type theory and constructive mathematics, Hedberg&#x27;s theorem says:&lt;/p&gt;

&lt;blockquote&gt;
  &lt;p&gt;A type with decideable equality is automatically a set.&lt;/p&gt;
&lt;/blockquote&gt;

&lt;p&gt;But coming at it from a classical viewpoint, I don&#x27;t understand how this could be true. If I understand correctly, the word &quot;type&quot; in this context basically means &quot;$\infty$-groupoid.&quot; Okay, so consider the delooping $G$ of the group $\mathbb{Z}/2\mathbb{Z}.$ It follows that $G$ is the groupoid with one object and two automorphisms. Since there&#x27;s only one object, equality of objects is decidable. And since there exist parallel morphisms that aren&#x27;t equal, $G$ is not a set.&lt;/p&gt;

&lt;p&gt;What am I not understanding here?&lt;/p&gt;
');
INSERT INTO question (post_id, topic_id, title) VALUES (100, 2, 'What am I not understanding about Hedberg&#39;s theorem?');
INSERT INTO activity (post_id, user_id, action) VALUES (100, 30, 'Create');
INSERT INTO tag (text) VALUES ('soft-question');
INSERT INTO questiontag (question_id, tag_id) VALUES (100, 115);
INSERT INTO tag (text) VALUES ('homotopy-theory');
INSERT INTO questiontag (question_id, tag_id) VALUES (100, 116);
INSERT INTO tag (text) VALUES ('foundations');
INSERT INTO questiontag (question_id, tag_id) VALUES (100, 117);
INSERT INTO tag (text) VALUES ('constructive-mathematics');
INSERT INTO questiontag (question_id, tag_id) VALUES (100, 118);
INSERT INTO tag (text) VALUES ('type-theory');
INSERT INTO questiontag (question_id, tag_id) VALUES (100, 119);

INSERT INTO post (current_state, up_score, down_score) VALUES ('Published', 2, 0);
INSERT INTO postinstance (post_id, user_id, description) VALUES (101, 35, '&lt;p&gt;I was trying to understand Bernoulli numbers. When I googled, I found &lt;a href=&quot;http://wstein.org/edu/fall05/168/projects/kevin_mcgown/bernproj.pdf&quot; rel=&quot;nofollow noreferrer&quot;&gt;this link&lt;/a&gt;. &lt;/p&gt;

&lt;p&gt;It starts by saying that, The Bernoulli numbers are defined via the coefficients of the power series expansion of 
$\frac{t}{e^{t}-1}$,&lt;/p&gt;

&lt;p&gt;then they write the expansion,for $m \geq 0$.&lt;/p&gt;

&lt;p&gt;$\frac{t}{e^{t}-1} = \sum_{m=0}^{\infty} \frac{B_m}{m!}t^{m}$ (1)&lt;/p&gt;

&lt;p&gt;Then, the tutorial says that we multiply both sides by $(e^{t} -1)$ and get &lt;/p&gt;

&lt;p&gt;$B_0=1$, &lt;/p&gt;

&lt;p&gt;$B_m= -\frac{1}{m+1}\sum_{k=0}^{m-1}\binom{m+1}{k}B_k$. (2)&lt;/p&gt;

&lt;p&gt;&lt;strong&gt;How is this happening?&lt;/strong&gt; &lt;/p&gt;

&lt;p&gt;I tried doing this with hand and I get a recursive relation, that looks like, &lt;/p&gt;

&lt;p&gt;$\frac{t}{e^{t}-1} = \sum_{m=0}^{\infty} \frac{B_m}{m!}t^{m}$&lt;/p&gt;

&lt;p&gt;$\implies t = e^{t}\sum_{m=0}^{\infty} \frac{B_m}{m!}t^{m} - \sum_{m=0}^{\infty} \frac{B_m}{m!}t^{m}$&lt;/p&gt;

&lt;p&gt;$\implies t = e^{t}\sum_{m=0}^{\infty} \frac{B_m}{m!}t^{m} - \frac{t}{e^{t}-1}$&lt;/p&gt;

&lt;p&gt;What next?&lt;/p&gt;

&lt;p&gt;How do I get to (2)? &lt;/p&gt;

&lt;p&gt;I am new to number theory, please excuse me if the doubt is very basic. Any kind of help will be appreciated. :)&lt;/p&gt;
');
INSERT INTO question (post_id, topic_id, title) VALUES (101, 2, 'How do we get the final formula of the Bernoulli number?');
INSERT INTO activity (post_id, user_id, action) VALUES (101, 35, 'Create');
INSERT INTO tag (text) VALUES ('number-theory');
INSERT INTO questiontag (question_id, tag_id) VALUES (101, 120);
INSERT INTO tag (text) VALUES ('intuition');
INSERT INTO questiontag (question_id, tag_id) VALUES (101, 121);
INSERT INTO tag (text) VALUES ('proof-explanation');
INSERT INTO questiontag (question_id, tag_id) VALUES (101, 122);
INSERT INTO tag (text) VALUES ('bernoulli-numbers');
INSERT INTO questiontag (question_id, tag_id) VALUES (101, 123);

INSERT INTO post (current_state, up_score, down_score) VALUES ('Published', -2, 0);
INSERT INTO postinstance (post_id, user_id, description) VALUES (102, 47, '&lt;p&gt;If there are two set $A$ and $B$ such that $A \rightarrowtail B$ (bijection), does $|A| = |B|$?&lt;/p&gt;

&lt;p&gt;And if  $A \sim B$ (equinumerous), does $|A| = |B|$?&lt;/p&gt;
');
INSERT INTO question (post_id, topic_id, title) VALUES (102, 2, 'Do two bijective sets have the same cardinality?');
INSERT INTO activity (post_id, user_id, action) VALUES (102, 47, 'Create');
INSERT INTO tag (text) VALUES ('discrete-mathematics');
INSERT INTO questiontag (question_id, tag_id) VALUES (102, 124);
INSERT INTO tag (text) VALUES ('set-theory');
INSERT INTO questiontag (question_id, tag_id) VALUES (102, 125);

INSERT INTO post (current_state, up_score, down_score) VALUES ('Published', 0, 0);
INSERT INTO postinstance (post_id, user_id, description) VALUES (103, 44, '&lt;p&gt;I am trying to show the following:&lt;/p&gt;

&lt;p&gt;Let $\xi, \eta$ by random variables with finite expectation such that $E(\xi \mid \eta) \ge \eta$ and $E(\eta \mid \xi) \ge \xi$.  Prove that $\eta = \xi$ almost surely.  &lt;/p&gt;

&lt;p&gt;From definition I know that $E(\xi \mid \eta) = \int \xi \frac{f(\xi,\eta)}{g(\xi)}\,d\xi$, where $g$ is marginal distribution for $\xi$ and $E(\xi \mid \eta) = \int \eta \frac{f(\xi,\eta)}{g(\eta)} \, d\eta$, where $g$ is marginal distribution for $\eta.$  I am just not sure how to combine these expressions with the inequalities to show almost sure equality between the random variables.&lt;/p&gt;
');
INSERT INTO question (post_id, topic_id, title) VALUES (103, 2, 'Conditional Expectation to show two random variables are equal almost surely');
INSERT INTO activity (post_id, user_id, action) VALUES (103, 44, 'Create');
INSERT INTO tag (text) VALUES ('probability-theory');
INSERT INTO questiontag (question_id, tag_id) VALUES (103, 126);
INSERT INTO tag (text) VALUES ('conditional-expectation');
INSERT INTO questiontag (question_id, tag_id) VALUES (103, 127);

INSERT INTO post (current_state, up_score, down_score) VALUES ('Published', 3, 0);
INSERT INTO postinstance (post_id, user_id, description) VALUES (104, 39, '&lt;p&gt;A morphism $f: X\to Y$ in mod A is called irreducible if &lt;/p&gt;

&lt;ol&gt;
&lt;li&gt;&lt;p&gt;f is not a section,&lt;/p&gt;&lt;/li&gt;
&lt;li&gt;&lt;p&gt;f is not a retraction,&lt;/p&gt;&lt;/li&gt;
&lt;li&gt;&lt;p&gt;and whenever $f = gh $ for some morphisms $h: X \to Z$ and $g: Z \to Y$, then either $h$ is a section or $g$ is a retraction.&lt;/p&gt;&lt;/li&gt;
&lt;/ol&gt;

&lt;p&gt;Now I am reading Schiffler&#x27;s book &quot;Quiver Representation&quot;, Proposition 7.4 (2)  states the fact that if $f: X\to Y$ is an irreducible morphsim, then $f$ admits no nontrivial factorization.&lt;/p&gt;

&lt;p&gt;I have two questions:&lt;/p&gt;

&lt;ul&gt;
&lt;li&gt;What is trivial factorization or nontrivial factorization of $f$?&lt;/li&gt;
&lt;li&gt;In the proof of Proposition 7.4 (2), $f$ is injective, then $f$ is not surjective, (Proposition 7.4 (1)) and thus $h$ cannot be a retraction. I don&#x27;t know why $h$ is not a retraction.&lt;/li&gt;
&lt;/ul&gt;
');
INSERT INTO question (post_id, topic_id, title) VALUES (104, 2, 'About irreducible morphisms');
INSERT INTO activity (post_id, user_id, action) VALUES (104, 39, 'Create');
INSERT INTO tag (text) VALUES ('representation-theory');
INSERT INTO questiontag (question_id, tag_id) VALUES (104, 128);
INSERT INTO tag (text) VALUES ('quiver');
INSERT INTO questiontag (question_id, tag_id) VALUES (104, 129);

INSERT INTO post (current_state, up_score, down_score) VALUES ('Published', 1, 0);
INSERT INTO postinstance (post_id, user_id, description) VALUES (105, 17, '&lt;p&gt;Consider a multiplicative abelian group $T$ and an additive abelian group $S$, along with the following axioms.&lt;/p&gt;

&lt;ol&gt;
&lt;li&gt;$t_1(t_2s) = (t_1t_2)s$ for $t_1,t_2 \in T$ and $s \in S$&lt;/li&gt;
&lt;li&gt;$1s = s$, where $1$ denotes the identity in $T$ and $s \in S$&lt;/li&gt;
&lt;li&gt;$t(s_1 + s_2) = ts_1 + ts_2$ for $t \in T$ and $s_1,s_2 \in S$&lt;/li&gt;
&lt;/ol&gt;

&lt;p&gt;In other words, it is like a vector space with an abelian group in place of the scalar field.&lt;/p&gt;

&lt;p&gt;Does this structure have a name? Are there any results known about this structure?&lt;/p&gt;
');
INSERT INTO question (post_id, topic_id, title) VALUES (105, 2, 'Does the following algebraic structure have a name?');
INSERT INTO activity (post_id, user_id, action) VALUES (105, 17, 'Create');
INSERT INTO tag (text) VALUES ('abstract-algebra');
INSERT INTO questiontag (question_id, tag_id) VALUES (105, 130);

INSERT INTO post (current_state, up_score, down_score) VALUES ('Published', 1, 0);
INSERT INTO postinstance (post_id, user_id, description) VALUES (106, 44, '&lt;p&gt;having trouble moving from the concept of increasing/decreasing sequence of real numbers to increasing/decreasing sequence of events.  I have no problem with this concept regarding real numbers but events is a bit abstract.&lt;/p&gt;

&lt;p&gt;My question is could someone provide any real-life examples of increasing/decreasing sequences of events and not in terms of a mathematical definition which I already know.&lt;/p&gt;

&lt;p&gt;For example, suppose we have a sequence of coin tosses and we denote event An as the event of getting heads of the nth coin toss.  Is the reason why this sequence is an increasing sequence of events is because the indicator function of the event is increasing?  What causes a sequence to be classified as increasing/decreasing? Again, not looking for a mathematical definition of why or why not an event sequence is increasing/decreasing but examples and intuition that I can&#x27;t seem to find in any probability book.&lt;/p&gt;

&lt;p&gt;Thanks so much!&lt;/p&gt;
');
INSERT INTO question (post_id, topic_id, title) VALUES (106, 2, 'Increasing/Decreasing Sequence of Events Intuition');
INSERT INTO activity (post_id, user_id, action) VALUES (106, 44, 'Create');
INSERT INTO questiontag (question_id, tag_id) VALUES (106, 126);

INSERT INTO post (current_state, up_score, down_score) VALUES ('Published', 0, 0);
INSERT INTO postinstance (post_id, user_id, description) VALUES (107, 5, '&lt;p&gt;All fields are rings, i.e. Fields $\subsetneq$ Rings, however, when dealing with a ring &lt;strong&gt;R&lt;/strong&gt; and a field &lt;strong&gt;K&lt;/strong&gt; with the same generators we have that &lt;strong&gt;R&lt;/strong&gt; $\subseteq$ &lt;strong&gt;K&lt;/strong&gt;? Am I right in thinking this?&lt;/p&gt;

&lt;p&gt;My reasoning is that all fields follow the &quot;rules&quot; of being a ring, ergo all fields are rings, but a ring with the same generators as the field need not contain all of the elements of the field, therefore the ring is a subset of the field.&lt;/p&gt;

&lt;p&gt;I&#x27;m getting myself confused so it&#x27;d be nice if someone could set me straight!&lt;/p&gt;
');
INSERT INTO question (post_id, topic_id, title) VALUES (107, 2, 'Fields are a subset of rings, but a ring is a subset of a field?');
INSERT INTO activity (post_id, user_id, action) VALUES (107, 5, 'Create');
INSERT INTO questiontag (question_id, tag_id) VALUES (107, 130);

INSERT INTO post (current_state, up_score, down_score) VALUES ('Published', 0, 0);
INSERT INTO postinstance (post_id, user_id, description) VALUES (108, 44, '&lt;p&gt;Can the &quot;proves consistent&quot; relation be proven antisymmetric?  By antisymmetric I mean there is not some chain of theories in which some theory proves other theories consistent which in turn prove it consistent.&lt;/p&gt;

&lt;p&gt;If $\succ$ is the &quot;proves consistent&quot; relation:&lt;/p&gt;

&lt;p&gt;$A\succ B\iff (A\implies Con(B))\quad\forall A\forall B $&lt;/p&gt;

&lt;p&gt;then I think antisymmetry is usually written as follows: &lt;/p&gt;

&lt;p&gt;$A\succ B\land B\succ A\implies A=B\quad\forall A\forall B$&lt;/p&gt;

&lt;p&gt;Can this be proven?&lt;/p&gt;

&lt;p&gt;This is an inquiry motivated in part by learning that &lt;a href=&quot;https://en.wikipedia.org/wiki/Gentzen%27s_consistency_proof&quot; rel=&quot;nofollow noreferrer&quot; title=&quot;Gentzen&amp;#39;s Consistency Proof&quot;&gt;Gentzen&#x27;s Consistency Proof&lt;/a&gt; is neither weaker nor stronger than PA, which suggests an ordering may not necessarily be implied by proving consistency.&lt;/p&gt;

&lt;p&gt;It would seem to me that by Godel&#x27;s imcompleteness theorem we&#x27;re denied reflexivity:&lt;/p&gt;

&lt;p&gt;$A\succ B\implies A\neq B$&lt;/p&gt;

&lt;p&gt;which denies us the usual antisymmetry rule.  But it seems this doesn&#x27;t necessarily rule out antisymmetry provided we have transitivity.  Because if $\succ$ were both transitive and symmetric, we might have the following contradiction:&lt;/p&gt;

&lt;p&gt;$A\succ C\succ A \implies A\succ A\implies A\neq A$&lt;/p&gt;

&lt;p&gt;$\therefore\nexists C\mid A\succ C\succ A$&lt;/p&gt;

&lt;p&gt;Which fulfils the purpose of antisymmetry when we&#x27;re denied reflexivity.&lt;/p&gt;

&lt;p&gt;So the limit of what I can prove is that &quot;proves consistent&quot; is antisymmetric provided it is also transitive - which I have, as yet, no reason to believe it is.&lt;/p&gt;
');
INSERT INTO question (post_id, topic_id, title) VALUES (108, 2, 'Can the &quot;proves consistent&quot; relation be proven antisymmetric?');
INSERT INTO activity (post_id, user_id, action) VALUES (108, 44, 'Create');
INSERT INTO tag (text) VALUES ('logic');
INSERT INTO questiontag (question_id, tag_id) VALUES (108, 131);
INSERT INTO questiontag (question_id, tag_id) VALUES (108, 95);
INSERT INTO tag (text) VALUES ('peano-axioms');
INSERT INTO questiontag (question_id, tag_id) VALUES (108, 132);

INSERT INTO post (current_state, up_score, down_score) VALUES ('Published', 0, 0);
INSERT INTO postinstance (post_id, user_id, description) VALUES (109, 27, '&lt;p&gt;Consider &lt;a href=&quot;https://i.stack.imgur.com/ugQxR.png&quot; rel=&quot;nofollow noreferrer&quot;&gt;this picture.&lt;/a&gt;
I need to integrate a function of spatial position and direction for the entire volume of the cube. So for example at point &lt;em&gt;(x1,y1,z1)&lt;/em&gt; I need to integrate for the distance s and all the surface area of the cube. &lt;br/&gt;Normally I would just integrate with a volume element &lt;em&gt;dA&lt;/em&gt;ds* were dA can be &lt;em&gt;dx&lt;/em&gt;dy* or &lt;em&gt;dx&lt;/em&gt;dz* or &lt;em&gt;dy&lt;/em&gt;dz*, depending on the surface of the cube. &lt;br/&gt;However the solid angle about &lt;em&gt;s&lt;/em&gt; is projected on the wall. &lt;br/&gt;So should I multiply the volume element with the cosine of the angle between the normal of each surface with &lt;em&gt;s&lt;/em&gt;?&lt;/p&gt;
');
INSERT INTO question (post_id, topic_id, title) VALUES (109, 2, 'Solid angle in a cube');
INSERT INTO activity (post_id, user_id, action) VALUES (109, 27, 'Create');
INSERT INTO questiontag (question_id, tag_id) VALUES (109, 110);
INSERT INTO tag (text) VALUES ('volume');
INSERT INTO questiontag (question_id, tag_id) VALUES (109, 133);
INSERT INTO tag (text) VALUES ('solid-angle');
INSERT INTO questiontag (question_id, tag_id) VALUES (109, 134);

INSERT INTO post (current_state, up_score, down_score) VALUES ('Published', -7, 0);
INSERT INTO postinstance (post_id, user_id, description) VALUES (110, 12, '&lt;p&gt;Why do we write $\sqrt{18}$ as $3\sqrt{2}$? I know that it&#x27;s decimal expansion is $4.24$, but why $3\sqrt{2}$?&lt;/p&gt;
');
INSERT INTO question (post_id, topic_id, title) VALUES (110, 2, 'Why do we write $\sqrt{18}$ as $3\sqrt{2}$?');
INSERT INTO activity (post_id, user_id, action) VALUES (110, 12, 'Create');
INSERT INTO tag (text) VALUES ('roots');
INSERT INTO questiontag (question_id, tag_id) VALUES (110, 135);

INSERT INTO post (current_state, up_score, down_score) VALUES ('Published', 1, 0);
INSERT INTO postinstance (post_id, user_id, description) VALUES (111, 31, '&lt;p&gt;I need someone to confirm If I solved this problem correctly and tell me how to properly write the solution or notations (most of the time when I&#x27;m doing a probability problem I feel like it&#x27;s more like a notation exercise than a math exercise)&lt;/p&gt;

&lt;blockquote&gt;
  &lt;p&gt;What&#x27;s the probability to get at least 2 tails after flipping a rigged coin six times if getting a head is twice as likely as getting a tail?&lt;/p&gt;
&lt;/blockquote&gt;

&lt;p&gt;My attempt : &lt;/p&gt;

&lt;p&gt;P(at least 2 tails) = P(no tail) + P(1 tail) + P(2 tails)&lt;/p&gt;

&lt;p&gt;P(no tail) = P(6 heads) = $(\frac23)^6$&lt;/p&gt;

&lt;p&gt;P(1 tail) = $6\cdot$P(1 tail $\textbf{and}$ 5 heads) = $6\cdot$P(1 tail)$\cdot$P(5 heads) = $6\cdot\frac13\cdot(\frac23)^5$&lt;/p&gt;

&lt;p&gt;P(2 tail) = $\frac{6!}{2!\cdot4!}\cdot$P(2 tail $\textbf{and}$ 4 heads) = $\frac{6!}{2!\cdot4!}\cdot$P(2 tail)$\cdot$P(4 heads) = $\frac{6!}{2!\cdot4!}\cdot(\frac13)^2\cdot(\frac23)^4$&lt;/p&gt;

&lt;p&gt;then I add them up so : P(at least 2 tails) = $\frac{496}{729}$ it&#x27;s greater than a half so I have some doubts that it&#x27;s wrong&lt;/p&gt;

&lt;p&gt;any elucidation would be appreciated. Thanks! &lt;/p&gt;
');
INSERT INTO question (post_id, topic_id, title) VALUES (111, 2, 'Doubts about computation of the probability to get at least 2 tails in 6 throws of a rigged coin');
INSERT INTO activity (post_id, user_id, action) VALUES (111, 31, 'Create');
INSERT INTO questiontag (question_id, tag_id) VALUES (111, 112);

INSERT INTO post (current_state, up_score, down_score) VALUES ('Published', 0, 0);
INSERT INTO postinstance (post_id, user_id, description) VALUES (112, 13, '&lt;p&gt;Given, $n(A)=3$, $n(B)=6$. Find the maximum and minimum value of $n(A\cup B)$.&lt;/p&gt;

&lt;p&gt;My attempt
$n(A\cup B)$ will be maximum if $n(A\cap B)$ is minimum (i.e $n(A\cap B)=0$)&lt;/p&gt;

&lt;p&gt;So, $n(A\cup B)= 3+6=9$.&lt;/p&gt;

&lt;p&gt;Am i right? Please help further &lt;/p&gt;
');
INSERT INTO question (post_id, topic_id, title) VALUES (112, 2, 'If $A$ and $B$ are two sets containing 3 and 6 elements respectively');
INSERT INTO activity (post_id, user_id, action) VALUES (112, 13, 'Create');
INSERT INTO questiontag (question_id, tag_id) VALUES (112, 84);

INSERT INTO post (current_state, up_score, down_score) VALUES ('Published', 1, 0);
INSERT INTO postinstance (post_id, user_id, description) VALUES (113, 8, '&lt;p&gt;Let $1+2^n+4^n$ be a prime number.Why is there $k\in \mathbb{Z}$ such that $n=3^k$?&lt;/p&gt;
');
INSERT INTO question (post_id, topic_id, title) VALUES (113, 2, 'Suppose $1+2^n+4^n$ be a prime number.Why is there $k\in \mathbb{Z}$ such that $n=3^k$?');
INSERT INTO activity (post_id, user_id, action) VALUES (113, 8, 'Create');
INSERT INTO tag (text) VALUES ('prime-numbers');
INSERT INTO questiontag (question_id, tag_id) VALUES (113, 136);

INSERT INTO post (current_state, up_score, down_score) VALUES ('Published', 0, 0);
INSERT INTO postinstance (post_id, user_id, description) VALUES (114, 23, '&lt;p&gt;Let $K$ be a field. Consider $P \subset K$ satisfying the following properties:&lt;/p&gt;

&lt;blockquote&gt;
  &lt;ol&gt;
  &lt;li&gt;&lt;p&gt;$x \in P$ and $y \in P$ imply $x+y \in P$ and $xy \in P$&lt;/p&gt;&lt;/li&gt;
  &lt;li&gt;&lt;p&gt;$x \in K$ imply $x^2 \in P$&lt;/p&gt;&lt;/li&gt;
  &lt;li&gt;${-1} \notin P$&lt;/li&gt;
  &lt;/ol&gt;
&lt;/blockquote&gt;

&lt;p&gt;We call such $P$ a prepositive cone. We further call $P$ a positive cone if $K = P \cup {-P}$.&lt;/p&gt;

&lt;p&gt;I have a few questions regarding the notion of a positive cone (I have not found references for this concept elsewhere other than Wikipedia). &lt;/p&gt;

&lt;ol&gt;
&lt;li&gt;Why the name positive &quot;cone&quot;? I understand why positive is there, but not the &quot;cone&quot; part.&lt;/li&gt;
&lt;li&gt;If we keep Property $1$, delete Property $2$ and Property $3$, and add Property $2&#x27;$, which says that $x \in P$, or $x = 0$, or $x \notin P$ (only one case holds for any $x \in K$), and define a positive cone this way, what do we lose? Why not define positive cones this way instead?&lt;/li&gt;
&lt;/ol&gt;
');
INSERT INTO question (post_id, topic_id, title) VALUES (114, 2, 'Why is a positive cone defined the way it is?');
INSERT INTO activity (post_id, user_id, action) VALUES (114, 23, 'Create');
INSERT INTO tag (text) VALUES ('field-theory');
INSERT INTO questiontag (question_id, tag_id) VALUES (114, 137);
INSERT INTO tag (text) VALUES ('ordered-fields');
INSERT INTO questiontag (question_id, tag_id) VALUES (114, 138);

INSERT INTO post (current_state, up_score, down_score) VALUES ('Published', 0, 0);
INSERT INTO postinstance (post_id, user_id, description) VALUES (115, 26, '&lt;p&gt;The first line : (&#x27;canonical identification&#x27;) means we say that an element of $T_I(GL(n,\mathbb{R}))$ can be thought of as an element of $M_n(\mathbb{R})$ and vice versa by means of vectorization.&lt;br&gt;&lt;br&gt; &lt;/p&gt;

&lt;p&gt;Here an example for $n=2$ :&lt;/p&gt;

&lt;p&gt;Let : $Q \in T_I(GL(2,\mathbb{R})) $ , $Q= \left(
\begin{array}{c}
q_1 \\
q_2 \\
q_3 \\
q_4 \\
\end{array}
\right)$ , &lt;br&gt;the corresponding matrix $\in M_2(\mathbb{R})$ becomes : $ \left(
\begin{array}{c , c}
q_1 &amp;amp; q_3 \\
q_2  &amp;amp; q_4 \\
\end{array}
\right)$.&lt;br&gt;&lt;br&gt;&lt;br&gt;
To make a vector field from a vector at $T_I$ we have to assign a vector to every element of $GL(n,\mathbb{R})$. &lt;br&gt; We choose to do so by &#x27;left-multiplying&#x27; with said element of $GL(n,\mathbb{R})$ which we have called $P$ . &lt;br&gt;So in coordinates, $P$ is in fact just : $\left(
\begin{array}{c}
x_1 \\
x_2 \\
x_3 \\
x_4 \\
\end{array}
\right)$ or $\left(
\begin{array}{c , c}
x_1 &amp;amp; x_3 \\
x_2  &amp;amp; x_4 \\
\end{array}
\right)$.&lt;br&gt;&lt;/p&gt;

&lt;p&gt;This way $\Psi \left( X \right) = PX $ becomes : &lt;br&gt;
$ \left(
\begin{array}{c , c}
x_1  &amp;amp; x_3  \\
x_2   &amp;amp; x_4  \\
\end{array}
\right)
\left(
\begin{array}{c , c}
X_1 &amp;amp; X_3 \\
X_2  &amp;amp; X_4 \\
\end{array}
\right) = \left(
\begin{array}{c , c}
x_1X_1 + x_3X_2  &amp;amp; x_1X_3 + x_3X_4  \\
x_2X_1  + x_4X_2  &amp;amp; x_2X_3  + x_4X_4 \\
\end{array}
\right)$ &lt;br&gt;
Or : &lt;br&gt;
$\Psi \left( X \right) =\left(
\begin{array}{c , c}
x_1X_1 + x_3X_2   \\
x_2X_1  + x_4X_2   \\
x_1X_3 + x_3X_4  \\
 x_2X_3  + x_4X_4 \\
\end{array}
\right)$ and $\Psi \left( Y \right) =\left(
\begin{array}{c , c}
x_1Y_1 + x_3Y_2   \\
x_2Y_1  + x_4Y_2   \\
x_1Y_3 + x_3Y_4  \\
 x_2Y_3  + x_4Y_4 \\
\end{array}
\right)$ &lt;br&gt;&lt;br&gt;
Now according to the hint we have : &lt;br&gt;
$[\Psi \left( X \right) ,\Psi \left( Y \right) ]= \left(\Psi \left( X \right)_{i}\frac{\partial \Psi \left( Y \right)_{j}}{\partial x_{i}}-\Psi \left( Y \right)_{i}\frac{\partial \Psi \left( X \right)_{j}}{\partial x_{i}}\right)\frac{\partial}{\partial x_{j}} $ (with Einstein summation convention ). &lt;br&gt;&lt;br&gt;
We work out the first component : &lt;br&gt;
$[\Psi \left( X \right) ,\Psi \left( Y \right) ]_1= \left(\Psi \left( X \right)_{i}\frac{\partial \Psi \left( Y \right)_{1}}{\partial x_{i}}-\Psi \left( Y \right)_{i}\frac{\partial \Psi \left( X \right)_{1}}{\partial x_{i}}\right) =
\left(
\Psi \left( X \right)_{1}\frac{\partial \Psi \left( Y \right)_{1}}{\partial x_{1}} +
\Psi \left( X \right)_{3}\frac{\partial \Psi \left( Y \right)_{1}}{\partial x_{3}}
-\Psi \left( Y \right)_{1}\frac{\partial \Psi \left( X \right)_{1}}{\partial x_{1}}  
-\Psi \left( Y \right)_{3}\frac{\partial \Psi \left( X \right)_{1}}{\partial x_{3}}\right) 
 =
\left(
\Psi \left( X \right)_{1}Y_1 +
\Psi \left( X \right)_{3}Y_2
-\Psi \left( Y \right)_{1}X_1
-\Psi \left( Y \right)_{3}X_2
\right) 
 =
\left(
(x_1X_1 +x_3X_2)Y_1 +
(x_1X_3 +x_3X_4)Y_2
-(x_1Y_1 +x_3Y_2)X_1
-(x_1Y_3 +x_3Y_4)X_2
\right) 
 =
x_1(X_3Y_2-X_2Y_3) + x_3(X_2Y_1 -X_1Y_2) + x_3(X_4Y_2-X_2Y_4)
 $&lt;br&gt;&lt;br&gt;
Now calculate the first component of $\Psi \left( [X,Y] \right)$ : &lt;br&gt;
$ \left(
\begin{array}{c , c}
x_1  &amp;amp; x_3  \\
x_2   &amp;amp; x_4  \\
\end{array}
\right)
\left(
\begin{array}{c , c}
X_1Y_1 + X_3Y_2 -Y_1X_1 - Y_3X_2  &amp;amp; X_1Y_3 + X_3Y_4 -Y_1X_3 - Y_3X_4   \\
X_2Y_1  + X_4Y_2 -Y_2X_1  - Y_4X_2 &amp;amp; X_2Y_3  + X_4Y_4 -Y_2X_3  - Y_4X_4 \\
\end{array}
\right)  $ &lt;br&gt;&lt;/p&gt;

&lt;p&gt;We see the first components (and also the other components) are equal, and the generalization to $n &amp;gt; 2$ is trivial.&lt;/p&gt;
');
INSERT INTO answer (post_id, question_id, accepted) VALUES (115, 88, 'False');
INSERT INTO activity ( post_id, user_id, action) VALUES (115, 26, 'Create');

INSERT INTO post (current_state, up_score, down_score) VALUES ('Published', 0, 0);
INSERT INTO postinstance (post_id, user_id, description) VALUES (116, 10, '&lt;p&gt;You can get a linear system out of this differential equation by introducing an artificial time parameter and separating the equation into
\begin{align}
\frac{dy(t)}{dt} &amp;amp;= 4y(t)−3x(t)\\
\frac{dx(t)}{dt} &amp;amp;= 2x(t)−y(t)
\end{align}
or
$$
\begin{bmatrix}\dot x\\\dot y\end{bmatrix}
=
\begin{bmatrix}2&amp;amp;-1\\-3&amp;amp;4\end{bmatrix}
·
\begin{bmatrix} x\\y\end{bmatrix}
$$
where you now can proceed by computing eigenvalues and eigenvectors. In the end you have to invert the function $x(t)$ to get the solution of the original problem as $y(t(x))$.&lt;/p&gt;
');
INSERT INTO answer (post_id, question_id, accepted) VALUES (116, 90, 'False');
INSERT INTO activity ( post_id, user_id, action) VALUES (116, 10, 'Create');

INSERT INTO post (current_state, up_score, down_score) VALUES ('Published', 1, 0);
INSERT INTO postinstance (post_id, user_id, description) VALUES (117, 13, '&lt;ol&gt;
&lt;li&gt;For an arbitrary point on the rod, let $p$ be its distance from the point of connection to the wire. Since the mass is uniformly distributed, then
$$dm=\frac ml dp$$
and the distance of that point from the reference of rotation can be obtained from the law of cosines:
$$r^2=l^2+p^2+2lp\cos\delta$$
Here, $\delta=\theta_2 - \theta_1\,$. The moment of intertia is defined by:
$$dI=r^2 dm\implies I=\frac ml\int_0^l r^2 dp$$
Consequently
$$I=\frac ml\int_0^l(l^2+p^2+2lp\cos\delta)dp=m l^2\left(\frac 43+\cos(\theta_2-\theta_1)\right)$$&lt;/li&gt;
&lt;li&gt;The kinetic energy is calculated from a similar procedure.
$$dK=\frac 12v^2dm\implies K=\frac m{2l}\int_l v^2 dp$$
where
$$\begin{align}v^2&amp;amp;=v_x^2+v_y^2=[\partial_t(l\sin\theta_1+p\sin\theta_2)]^2+[\partial_t(l\cos\theta_1+p\cos\theta_2)]^2\\&amp;amp;=
(l\dot{\theta_1}\cos\theta_1+p\dot{\theta_2}\cos\theta_2)^2+(l\dot{\theta_1}\sin\theta_1+p\dot{\theta_2}\sin\theta_2)^2\\&amp;amp;=
(l\dot{\theta_1})^2+(p\dot{\theta_2})^2+2lp\dot{\theta_1}\dot{\theta_2}\cos\delta\end{align}$$
Thus
$$K=\frac{ml^2}2\left(\dot{\theta_1}^2+\frac 13\dot{\theta_2}^2+\dot{\theta_1}\dot{\theta_2}\cos\delta\right)$$&lt;/li&gt;
&lt;li&gt;And similarly, the potential energy is the result of an integral as well:
$$dU=-gh\,dm\implies U=-\frac {mg}l\int_0^l hdp$$
where
$$h=l\cos\theta_1+p\cos\theta_2$$
which results in $$U=-mgl(\cos\theta_1+\frac 12\cos\theta_2)$$&lt;/li&gt;
&lt;li&gt;Lagrangian is given by $K-U$. Let $\omega_1=\dot\theta_1$ and $\omega_2=\dot\theta_2$ then
$$L=\frac{ml^2}2\left(\omega_1^2+\frac 13\omega_2^2+\omega_1\omega_2\cos(\theta_2-\theta_1)+\frac gl(2\cos\theta_1+\cos\theta_2)\right)$$
and from Euler-Lagrange equations
$$\frac d{dt}\left(\frac{\partial L}{\partial\omega_i}\right)=\frac{\partial L}{\partial\theta_i},\quad i=1,2$$
we have
$$2\dot\omega_1+\dot\omega_2\cos(\theta_2-\theta_1)-\omega_2^2\sin(\theta_2-\theta_1)+2\frac gl\sin\theta_1=0\\
\frac 23\dot\omega_2+\dot\omega_1\cos(\theta_2-\theta_1)+\omega_1^2\sin(\theta_2-\theta_1)+\frac gl\sin\theta_2=0$$
Thus the state-space equations, knowing that the state variables are $\theta_1,\theta_2,\omega_1,\omega_2$ can be written as:
$$\begin{align}\pmatrix{\dot\theta_1\\\dot\theta_2}&amp;amp;=\pmatrix{\omega_1\\ \omega_2}\\
\pmatrix{\dot\omega_1\\\dot\omega_2}&amp;amp;=\pmatrix{2&amp;amp;\cos(\theta_2-\theta_1)\\ \cos(\theta_2-\theta_1)&amp;amp;\frac 23}^{-1}
\pmatrix{\omega_2^2\sin(\theta_2-\theta_1)-2\frac gl\sin\theta_1\\
-\omega_1^2\sin(\theta_2-\theta_1)-\frac gl\sin\theta_2}
\end{align}$$
and you can linearize the system by calculating the Jacobian, $\frac{\partial f}{\partial x}|_{x=0}$ which is a straightforward but tedious process.&lt;/li&gt;
&lt;/ol&gt;
');
INSERT INTO answer (post_id, question_id, accepted) VALUES (117, 94, 'True');
INSERT INTO activity ( post_id, user_id, action) VALUES (117, 13, 'Create');

INSERT INTO post (current_state, up_score, down_score) VALUES ('Published', 0, 0);
INSERT INTO postinstance (post_id, user_id, description) VALUES (118, 27, '&lt;p&gt;Your inner solution is in $τ$, it should read
$$
y^i(τ) = 1-e^{-τ}+ϵ\Bigl(1-e^{-τ}\bigl(1-τ-\frac{τ^2}2\bigr)\Bigr).
$$
Then the matching rules tell you to equate $y^i(\infty)$ with $y^o(0)$ which gives the constant function $y^o(t)=1+ϵ$.&lt;/p&gt;

&lt;p&gt;As $e^{-τ}τ^2\le 4e^{-τ/2}$ the difference to the constant will be lower than second order in $ϵ$ for $τ&amp;gt;-2\lnϵ$ or $t&amp;gt;2ϵ|\lnϵ|$.&lt;/p&gt;
');
INSERT INTO answer (post_id, question_id, accepted) VALUES (118, 95, 'False');
INSERT INTO activity ( post_id, user_id, action) VALUES (118, 27, 'Create');

INSERT INTO post (current_state, up_score, down_score) VALUES ('Published', 0, 0);
INSERT INTO postinstance (post_id, user_id, description) VALUES (119, 48, '&lt;p&gt;&lt;strong&gt;Hint&lt;/strong&gt;:&lt;/p&gt;

&lt;p&gt;$$S-x^2S=(x^3+2x^5+3x^7+\cdots)-(x^5+2x^7+3x^9+\cdots)=x^3+x^5+x^7+\cdots$$&lt;/p&gt;
');
INSERT INTO answer (post_id, question_id, accepted) VALUES (119, 93, 'False');
INSERT INTO activity ( post_id, user_id, action) VALUES (119, 48, 'Create');

INSERT INTO post (current_state, up_score, down_score) VALUES ('Published', 2, 1);
INSERT INTO postinstance (post_id, user_id, description) VALUES (120, 46, '&lt;p&gt;&lt;em&gt;The point is continuity&lt;/em&gt;: In the homotopy-type-theoretic context, decidable equality for a type $X$ means that the type $\Pi_{x,y : X} (x=_Xy)\vee \neg(x=_Xy)$ is inhabited, so you&#x27;re requested to provide, in a continuous manner, either a path between $x$ and $y$ or a proof that such cannot exist. If you&#x27;re working with a connected type, i.e. $\Pi_{x,y:X} \|x=_Xy\|$ is inhabited, then this is equivalent to giving an inhabitant of $\Pi_{x,y : X} (x=_Xy)$, which however is the definition of $X$ being a $-1$-type / proposition.&lt;/p&gt;

&lt;p&gt;If you follow the naive argument, you&#x27;ll also see the flaw: So in $X=B({\mathbb Z}/2{\mathbb Z})$, there&#x27;s only one object, say $\ast$, and for that object we&#x27;d like to pick say the constant path $c_\ast$ as a proof of $\ast=_X\ast$. But now, we move from $\ast$ to $\ast$ in the left argument of $=_X$ via the unique nontrivial loop, say $\gamma$, and continuity would then force us to assign $\gamma\cdot c_\ast=\gamma$ to $\ast$ instead - contradiction.&lt;/p&gt;
');
INSERT INTO answer (post_id, question_id, accepted) VALUES (120, 100, 'False');
INSERT INTO activity ( post_id, user_id, action) VALUES (120, 46, 'Create');

INSERT INTO post (current_state, up_score, down_score) VALUES ('Published', 1, 0);
INSERT INTO postinstance (post_id, user_id, description) VALUES (121, 46, '&lt;p&gt;With recurrences of this type I like the representation in a matrix format. Note, that the binomial-coefficients in your recursive formula occur in the manner of the Pascal-matrix ( = &lt;strong&gt;&lt;em&gt;&quot;P&quot;&lt;/em&gt;&lt;/strong&gt;).         &lt;/p&gt;

&lt;p&gt;The following is the multiplication-scheme for the Bernoulli-numbers:&lt;/p&gt;

&lt;pre&gt;&lt;code&gt;                          |      1  |
                          |   -1/2  |  vector B of
                          |    1/6  |  Bernoulli-numbers 
     P*B = dV(-1)*B       |      0  |
                          |  -1/30  |
                          |      0  |
                        * |   1/42  |
                          |   ...   |
  -  -   -   -   -  -  -  +      -  +
   Matrix P               |     =   | 
  -  -   -   -   -  -  -  +      -  +
  1  .   .   .   .  .  .  |      1  |
  1  1   .   .   .  .  .  |    1/2  |
  1  2   1   .   .  .  .  |    1/6  | vector B of
  1  3   3   1   .  .  .  |      0  | Bernoulli-numbers, 
  1  4   6   4   1  .  .  |  -1/30  | each second one having sign changed
  1  5  10  10   5  1  .  |      0  | (this are 1/2,0,0,0, so this is easy 
  1  6  15  20  15  6  1  |   1/42  |  to overlook )
  ...     ...      ...    |    ...  | 
  -  -   -   -   -  -  -  +      -  +
&lt;/code&gt;&lt;/pre&gt;

&lt;p&gt;This scheme illustrates the matrix-product $$P \cdot B = \,^dV(-1) \cdot B $$ where $ \,^dV(-1)= \operatorname{diagonal}([1,-1,1,-1,...]) $      &lt;/p&gt;

&lt;p&gt;&lt;em&gt;(Btw: it seems to me, that the $- {1 \over m+1} ...$ in your formula should be $ {(-1)^m \over m+1} ...$ ) but I might be erring there)&lt;/em&gt;            &lt;/p&gt;

&lt;p&gt;&lt;em&gt;(P.s.: you might also be interested in &lt;a href=&quot;http://go.helms-net.de/math/pascal/bernoulli_en.pdf&quot; rel=&quot;nofollow noreferrer&quot;&gt;this small treatize&lt;/a&gt; on exactly that subject / method)&lt;/em&gt;&lt;/p&gt;
');
INSERT INTO answer (post_id, question_id, accepted) VALUES (121, 101, 'False');
INSERT INTO activity ( post_id, user_id, action) VALUES (121, 46, 'Create');

INSERT INTO post (current_state, up_score, down_score) VALUES ('Published', 2, 0);
INSERT INTO postinstance (post_id, user_id, description) VALUES (122, 23, '&lt;p&gt;By definition $\sum_{n=0}^\infty nx^{2n+1}=\lim_{N\to\infty} S_N$, where $S_N=\sum_{n=0}^N nx^{2n+1}$. &lt;/p&gt;

&lt;p&gt;If $|x|&amp;gt;1$ the terms do not tend to zero and the sum does not converge.&lt;/p&gt;

&lt;p&gt;Suppose $|x|&amp;lt;1$. Now $S_N-x^2S_N=\sum_{n=1}^{N}x^{2n+1}-Nx^{2N+3}=x\frac{1-x^{2N+2}}{1-x^2}-Nx^{2N+3}$.&lt;br&gt;
(Since $x^{2n+1}$ appears once with coefficient $n$ and once with coefficient $-(n-1)$ if $n&amp;lt;N$.) &lt;/p&gt;

&lt;p&gt;So we have $$S_N=x\frac{1-x^{2N+2}}{(1-x^2)^2}-\frac{Nx^{2N+3}}{1-x^2}.$$
The limit of this as $N\to\infty$ is $\frac x{(1-x^2)^2}$.&lt;/p&gt;
');
INSERT INTO answer (post_id, question_id, accepted) VALUES (122, 93, 'False');
INSERT INTO activity ( post_id, user_id, action) VALUES (122, 23, 'Create');

INSERT INTO post (current_state, up_score, down_score) VALUES ('Published', 0, 0);
INSERT INTO postinstance (post_id, user_id, description) VALUES (123, 17, '&lt;p&gt;A hand-made exploration here would look as follows:
We can always write (I will use $X$ and $Y$)&lt;/p&gt;

&lt;p&gt;$$X = E(X\mid Y) + e_{X|Y} \implies E(X\mid Y) = X-e_{X|Y}$$ 
$$Y \equiv E(Y\mid X) + e_{Y|X} \implies E(Y\mid X) = Y-e_{Y|X}$$&lt;/p&gt;

&lt;p&gt;where $e_{X|Y},\;\;e_{Y|X}$ are the conditional expectation function errors, which by construction have expected value zero, $E[e_{X|Y}]=E[e_{Y|X}]=0$.&lt;/p&gt;

&lt;p&gt;By the assumed inequalities we then have&lt;/p&gt;

&lt;p&gt;$$X-e_{X|Y} \geq Y \implies X \geq Y + e_{X|Y},\;\;\; Y-e_{Y|X}\geq X$$&lt;/p&gt;

&lt;p&gt;Combining&lt;/p&gt;

&lt;p&gt;$$Y + e_{X|Y} \leq X \leq Y-e_{Y|X} \implies e_{X|Y}+e_{Y|X} \leq 0 $$&lt;/p&gt;

&lt;p&gt;So under the assumed inequalities, the random variable $Z \equiv e_{X|Y}+e_{Y|X}$ is non-positive. But also $E(Z) = E(e_{X|Y})+E(e_{Y|X}) = 0$. 
For a non-positive random variable to have expected value zero, all probability mass must be concentrated at the value zero, making $Z$ a constant random variable equal to zero. But then &lt;/p&gt;

&lt;p&gt;$$Z = e_{X|Y} + e_{Y|X}=0 \implies e_{X|Y} = - e_{Y|X}$$&lt;/p&gt;

&lt;p&gt;But then we obtain&lt;/p&gt;

&lt;p&gt;$$Y + e_{X|Y} \leq X \leq Y+e_{X|Y} \implies X = Y+e_{X|Y}$$&lt;/p&gt;

&lt;p&gt;while also $X = E(X\mid Y) + e_{X|Y}$ which leads to $Y = E(X\mid Y)$. &lt;/p&gt;

&lt;p&gt;By analogous manipulations, we obtain $X = E(Y\mid X)$.&lt;/p&gt;

&lt;p&gt;Then &lt;a href=&quot;http://math.stackexchange.com/q/666843/87400&quot;&gt;&lt;strong&gt;this post&lt;/strong&gt;&lt;/a&gt; contains the proof for the case of equality.&lt;/p&gt;
');
INSERT INTO answer (post_id, question_id, accepted) VALUES (123, 103, 'False');
INSERT INTO activity ( post_id, user_id, action) VALUES (123, 17, 'Create');

INSERT INTO post (current_state, up_score, down_score) VALUES ('Published', 1, 0);
INSERT INTO postinstance (post_id, user_id, description) VALUES (124, 36, '&lt;p&gt;It has a very well known name actually: $T$ acts via automorphisms on $S$.&lt;/p&gt;

&lt;p&gt;As you can see by requiring your third condition (first two conditions for it to be action) every element of $T$ define an isomorphism from $S$ to $S$ which means you have an homomorphism from $T$ to $Aut(S)$.This is nothing but the essential thing to define semidirect product of $T$ and $S$. (of course, it is used in many places, many related results exist) &lt;/p&gt;

&lt;p&gt;There is no need to require $S$ is abelian, we can define it in a general way.($S$ &#x27;s being abelian has no actual advantage to define the structure) To reach more information please read the chapter 3 of &quot;Finite Group Theory by I.Martin Isaacs&quot; or make research about &quot;Split Extensions&quot;.&lt;/p&gt;
');
INSERT INTO answer (post_id, question_id, accepted) VALUES (124, 105, 'False');
INSERT INTO activity ( post_id, user_id, action) VALUES (124, 36, 'Create');

INSERT INTO post (current_state, up_score, down_score) VALUES ('Published', 0, 0);
INSERT INTO postinstance (post_id, user_id, description) VALUES (125, 28, '&lt;p&gt;It follows from definition of bijection. Every element of $A$ has a unique image in $B$ as it is injective well defined function and every element of $B$ is image of some element of $A$ as function is surjective. This forces $|A|=|B|$.&lt;/p&gt;
');
INSERT INTO answer (post_id, question_id, accepted) VALUES (125, 102, 'True');
INSERT INTO activity ( post_id, user_id, action) VALUES (125, 28, 'Create');

INSERT INTO post (current_state, up_score, down_score) VALUES ('Published', 0, 0);
INSERT INTO postinstance (post_id, user_id, description) VALUES (126, 34, '&lt;p&gt;Consider a box $$B=[a_1,b_1]\times[a_2,b_2]\times[a_3,b_3]\ ,$$
and assume that the &quot;origin&quot; $p=(p_1,p_2,p_3)$ is in the interior of $B$. In order to compute the volume integral $\int_B f(x)\&amp;gt;{\rm d}(x)$ you can go ahead as planned and compute six integrals over pyramids $P_k$ having a face of $B$ as base.&lt;/p&gt;

&lt;p&gt;Consider as an example the integral corresponding to the face $x_1=b_1$ of $B$. This face is parametrized by $$(u,v)\in[a_2,b_2]\times[a_3,b_3]=:F\ .$$
A parametric representation of the corresponding pyramid $P$ is then given by
$$x=(1-t)p+t\bigl(b_1, u,v\bigr)\qquad\bigl(0\leq t\leq 1,\ (u,v)\in F\bigr)\ .\tag{1}$$
The Jacobian determinant of $(1)$ computes to $J=t^2(b_1-p_1)$. We therefore obtain
$$\int_P f(x)\&amp;gt;{\rm d}(x)=(b_1-p_1)\int_F\&amp;gt;\int_0^1 t^2\&amp;gt;f\bigl((1-t)p+t(b_1,u,v)\bigr)\&amp;gt;dt\&amp;gt;{\rm d}(u,v)\ .$$&lt;/p&gt;
');
INSERT INTO answer (post_id, question_id, accepted) VALUES (126, 109, 'False');
INSERT INTO activity ( post_id, user_id, action) VALUES (126, 34, 'Create');

INSERT INTO post (current_state, up_score, down_score) VALUES ('Published', 0, 0);
INSERT INTO postinstance (post_id, user_id, description) VALUES (127, 29, '&lt;p&gt;It is conventional to do so because it is reduced to its simplest form, yet it is still exact. However $\sqrt18$ and $3\sqrt{2}$ are both correct representations of the same number, nobody can say one is correct and one is not correct.&lt;/p&gt;

&lt;p&gt;But, consider the similarity with fractions. The following is exact and valid but it can be simplified further:&lt;/p&gt;

&lt;p&gt;$$\frac{2}{10}$$&lt;/p&gt;

&lt;p&gt;Most people, I think, would simplify this.&lt;/p&gt;
');
INSERT INTO answer (post_id, question_id, accepted) VALUES (127, 110, 'False');
INSERT INTO activity ( post_id, user_id, action) VALUES (127, 29, 'Create');

INSERT INTO post (current_state, up_score, down_score) VALUES ('Published', 0, 0);
INSERT INTO postinstance (post_id, user_id, description) VALUES (128, 1, '&lt;p&gt;With the substitutions you insisted, here are the following solutions:&lt;/p&gt;

&lt;p&gt;&lt;strong&gt;Solution 1:&lt;/strong&gt; Let $u=\cot 2\theta$. Then $du=-2\csc^2 2\theta d\theta$.
Thus,$$\begin{align}
\int \text{csc}^2 2\theta \cot2\theta \,d\theta&amp;amp;=-\frac{1}{2}\int udu\\
&amp;amp;=-\frac{1}{2}\frac{u^2}{2}+k\\
&amp;amp;=-\frac{1}{2}\frac{\cot^2 2\theta}{2}+k
\end{align}$$&lt;/p&gt;

&lt;p&gt;&lt;strong&gt;Solution 2:&lt;/strong&gt; Let $u=\csc 2\theta$. Then $du=-2\csc 2\theta \cot 2\theta d\theta$. Thus,
$$\begin{align}
\int \text{csc}^2 2\theta \cot2\theta \,d\theta&amp;amp;=\int \big[\csc 2\theta\cdot\csc 2\theta\cot 2\theta d\theta\big]\\
&amp;amp;=-\frac{1}{2}\int udu\\
&amp;amp;=-\frac{1}{2}\frac{u^2}{2}+C\\
&amp;amp;=-\frac{1}{2}\frac{\csc^22\theta}{2}+C\\
\end{align}$$&lt;/p&gt;
');
INSERT INTO answer (post_id, question_id, accepted) VALUES (128, 97, 'False');
INSERT INTO activity ( post_id, user_id, action) VALUES (128, 1, 'Create');

INSERT INTO post (current_state, up_score, down_score) VALUES ('Published', 1, 0);
INSERT INTO postinstance (post_id, user_id, description) VALUES (129, 5, '&lt;p&gt;You&#x27;re right.
$$
n(A \cup B) = n(A) + n(B) - n(A \cap B)
$$
Since $n(A)$ and $n(B)$ are fixed, $n(A \cup B)$ is maximum when $n(A \cap B)$ is minimum.&lt;br/&gt;
$n(A \cap B)$ is always positive and is equal to zero when $A$ et $B$ are disjoints.&lt;/p&gt;
');
INSERT INTO answer (post_id, question_id, accepted) VALUES (129, 112, 'False');
INSERT INTO activity ( post_id, user_id, action) VALUES (129, 5, 'Create');

INSERT INTO post (current_state, up_score, down_score) VALUES ('Published', 5, 0);
INSERT INTO postinstance (post_id, user_id, description) VALUES (130, 30, '&lt;p&gt;&lt;strong&gt;1) Why is it valid?&lt;/strong&gt;
$$\sqrt{18}=\sqrt{9\cdot2}=\sqrt9\cdot\sqrt2=3\sqrt2$$&lt;/p&gt;

&lt;p&gt;&lt;strong&gt;2) Why would we choose to do it?&lt;/strong&gt;&lt;/p&gt;

&lt;p&gt;For exampe,
$$\sqrt{18}-\sqrt{32}+\sqrt{72}=3\sqrt{2}-4\sqrt{2}+6\sqrt{2}=5\sqrt{2}$$&lt;/p&gt;
');
INSERT INTO answer (post_id, question_id, accepted) VALUES (130, 110, 'False');
INSERT INTO activity ( post_id, user_id, action) VALUES (130, 30, 'Create');

INSERT INTO post (current_state, up_score, down_score) VALUES ('Published', 0, 0);
INSERT INTO postinstance (post_id, user_id, description) VALUES (131, 17, '&lt;p&gt;When dealing with irrational numbers like $\sqrt2$ it is often good not to write their non-terminating and non-repeating approximated value.&lt;/p&gt;
');
INSERT INTO answer (post_id, question_id, accepted) VALUES (131, 110, 'False');
INSERT INTO activity ( post_id, user_id, action) VALUES (131, 17, 'Create');

INSERT INTO post (current_state, up_score, down_score) VALUES ('Published', 4, 2);
INSERT INTO postinstance (post_id, user_id, description) VALUES (132, 37, '&lt;p&gt;The calculation as far as I see it is correct, but you calculated&lt;/p&gt;

&lt;p&gt;P(not more than 2 tails) = P(no tail) + P(1 tail) + P(2 tails)&lt;/p&gt;

&lt;p&gt;but you wanted&lt;/p&gt;

&lt;p&gt;P(at least 2 tails) = 1 - (P(no tail) + P(1 tail))&lt;/p&gt;
');
INSERT INTO answer (post_id, question_id, accepted) VALUES (132, 111, 'False');
INSERT INTO activity ( post_id, user_id, action) VALUES (132, 37, 'Create');

INSERT INTO post (current_state, up_score, down_score) VALUES ('Published', 0, 0);
INSERT INTO postinstance (post_id, user_id, description) VALUES (133, 37, '&lt;p&gt;It is because it is convenient to do so for calculations. For instance when dealing with expressions such as $\sqrt{18}-\sqrt{2}$, writing $\sqrt{18}$ as $3\sqrt{2}$ allows us to simplify the expression into $2\sqrt{2}$&lt;/p&gt;
');
INSERT INTO answer (post_id, question_id, accepted) VALUES (133, 110, 'False');
INSERT INTO activity ( post_id, user_id, action) VALUES (133, 37, 'Create');

INSERT INTO post (current_state, up_score, down_score) VALUES ('Published', 0, 0);
INSERT INTO postinstance (post_id, user_id, description) VALUES (134, 9, '&lt;p&gt;We have $n(A \cup B)=n(A)+n(B)-n(A \cap B)=9-n(A \cap B)$.&lt;/p&gt;

&lt;p&gt;Furthermore, since $A \cap B \subseteq A$, the follwing values for $n(A \cap B)$ are possible:&lt;/p&gt;

&lt;p&gt;$0,1,2$ and $3$.&lt;/p&gt;
');
INSERT INTO answer (post_id, question_id, accepted) VALUES (134, 112, 'False');
INSERT INTO activity ( post_id, user_id, action) VALUES (134, 9, 'Create');

INSERT INTO post (current_state, up_score, down_score) VALUES ('Published', 2, 0);
INSERT INTO postinstance (post_id, user_id, description) VALUES (135, 9, '&lt;p&gt;Your proof is rather unclear. What do you mean by $n(A)$ for example.&lt;/p&gt;

&lt;p&gt;The proof is rather straight forward however by showing equivalence between $x\in B$ and $x\in C$. You do this by separating the cases where $x\in A$ and $x\notin A$.&lt;/p&gt;

&lt;p&gt;If $x\in A$ you have $x\in B\cap A \Leftrightarrow x\in B$ and $x\in B\cap A \Leftrightarrow x\in B$, but yoo already have $x\in B\cap A \Leftrightarrow x\in C\cap A$ so it follows that $x\in B\Leftrightarrow x\in C$.&lt;/p&gt;

&lt;p&gt;If on the other hand $x\notin A$ you have $x\in B\cup A \Leftrightarrow x\in B$ and $x\in B\cup A \Leftrightarrow x\in B$, but yoo already have $x\in B\cup A \Leftrightarrow x\in C\cup A$ so it follows that $x\in B\Leftrightarrow x\in C$.&lt;/p&gt;

&lt;p&gt;Since you have $x\in A$ or $x\notin A$ you have $x\in B\Leftrightarrow x\in C$ universally which means $B=C$.&lt;/p&gt;

&lt;hr&gt;

&lt;p&gt;You can reformulate this using set algebra notation:&lt;/p&gt;

&lt;p&gt;Let $U$ be a superset of $A$, $B$ and $C$ (for example $U=A\cup B\cup C$):&lt;/p&gt;

&lt;p&gt;Since $A\cup B = A\cup C$ we have $(U\setminus A)\cap(A\cup B) = (U\setminus A)\cap(A\cup C)$. Since $(U\setminus A)\cap A =\emptyset$ we have:&lt;/p&gt;

&lt;p&gt;$$(U\setminus A)\cap B
= ((U\setminus A)\cap A) \cup ((U\setminus A)\cap B) 
= (U\setminus A)\cap(A\cup B) \\
= (U\setminus A)\cap(A\cup C) = (U\setminus A)\cap C$$&lt;/p&gt;

&lt;p&gt;Now we have that $(U\setminus A) \cup A \supset U$, since $U$ is a superset of $A$, $B$ and $C$ we have $(U\setminus A) \cup A = U$ and $B = U\cap B$ so we have:&lt;/p&gt;

&lt;p&gt;$$B = U\cap B 
= ((U\setminus A) \cup A) \cap B 
= ((U\setminus A) \cap B) \cup (A \cap B)
= ((U\setminus A) \cap C) \cup (A \cap C) = C$$ &lt;/p&gt;
');
INSERT INTO answer (post_id, question_id, accepted) VALUES (135, 85, 'False');
INSERT INTO activity ( post_id, user_id, action) VALUES (135, 9, 'Create');

INSERT INTO post (current_state, up_score, down_score) VALUES ('Published', 2, 0);
INSERT INTO postinstance (post_id, user_id, description) VALUES (136, 41, '&lt;p&gt;By assumptions, $\color\orange{A\cup B=A\cup C}$ and $\color\red{A\cap B=A\cap C}$. Since $B\subset (A\cup B)$ and $C\subset(A\cup C)$, we get
$B=B\cap(A\cup B)$ and $C=C\cap(A\cup C)$, respectively. Hence,
$$\begin{align}
B&amp;amp;=B\cap (\color\orange{A\cup B})\\
&amp;amp;=B\cap(\color\orange{A\cup C})\qquad\text{then use distributive law to get}\\
&amp;amp;=(\color\red{A\cap B})\cup(B\cap C)\\
&amp;amp;=(\color\red{A\cap C})\cup (B\cap C)\qquad\text{again use distributive law to get}\\
&amp;amp;=(\color\orange{A\cup B})\cap C\\
&amp;amp;=(\color\orange{A\cup C})\cap C\\
&amp;amp;=C.
\end{align}$$&lt;/p&gt;
');
INSERT INTO answer (post_id, question_id, accepted) VALUES (136, 85, 'False');
INSERT INTO activity ( post_id, user_id, action) VALUES (136, 41, 'Create');

INSERT INTO post (current_state, up_score, down_score) VALUES ('Published', 1, 0);
INSERT INTO postinstance (post_id, user_id, description) VALUES (137, 14, '&lt;p&gt;Hint: Suppose that $B\neq C$, and give a $x$ in both equalities. You will find a contradiction, analize the cases.&lt;/p&gt;
');
INSERT INTO answer (post_id, question_id, accepted) VALUES (137, 85, 'False');
INSERT INTO activity ( post_id, user_id, action) VALUES (137, 14, 'Create');

INSERT INTO post (current_state, up_score, down_score) VALUES ('Published', 1, 0);
INSERT INTO postinstance (post_id, user_id, description) VALUES (138, 25, '&lt;p&gt;First we show $B \subseteq C$.
&lt;p&gt;
It suffices to show $x \in B \implies x \in C$.
&lt;p&gt;
Suppose otherwise. Thus, suppose $x \in B$ but $x \notin C$. Then&lt;/p&gt;

&lt;p&gt;\begin{align*}
&amp;amp;x \in B\\[4pt]
\implies\; &amp;amp;x \in A \cup B\\[4pt]
\implies\; &amp;amp;x \in A \cup C&amp;amp;&amp;amp;\text{[since $A\cup B = A \cup C$]}\\[4pt]
\implies\; &amp;amp;x \in A&amp;amp;&amp;amp;\text{[since $x \notin C$]}\\[4pt]
\implies\; &amp;amp;x \in A \cap B&amp;amp;&amp;amp;\text{[since $x \in B$]}\\[4pt]
\implies\; &amp;amp;x \in A \cap C&amp;amp;&amp;amp;\text{[since $A\cap B = A \cap C$]}\\[4pt]
\implies\; &amp;amp;x \in C\\[4pt]
\end{align*}&lt;/p&gt;

&lt;p&gt;contradiction.
&lt;p&gt;
It follows that $x \in B \implies x \in C$, hence $B \subseteq C$, as claimed.
&lt;p&gt;
By analogous reasoning (or by symmetry), we get $C \subseteq B$.
&lt;p&gt;
Therefore $B=C$.&lt;/p&gt;
');
INSERT INTO answer (post_id, question_id, accepted) VALUES (138, 85, 'False');
INSERT INTO activity ( post_id, user_id, action) VALUES (138, 25, 'Create');

INSERT INTO post (current_state, up_score, down_score) VALUES ('Published', 2, 0);
INSERT INTO postinstance (post_id, user_id, description) VALUES (139, 47, '&lt;p&gt;Your proof is not correct, as you only proved that both $B$ and $C$ have the same &lt;em&gt;number of&lt;/em&gt; elements, not that they have the same elements. To prove that $B=C$ you have to prove that $x\in B$ if and only if $x\in C$.&lt;/p&gt;
');
INSERT INTO answer (post_id, question_id, accepted) VALUES (139, 85, 'False');
INSERT INTO activity ( post_id, user_id, action) VALUES (139, 47, 'Create');

INSERT INTO post (current_state, up_score, down_score) VALUES ('Published', 0, 0);
INSERT INTO postinstance (post_id, user_id, description) VALUES (140, 20, '&lt;p&gt;Write: $B=((A \cup B) \setminus A) \cup (A \cap B)$ and similarly for $C$.&lt;/p&gt;
');
INSERT INTO answer (post_id, question_id, accepted) VALUES (140, 85, 'False');
INSERT INTO activity ( post_id, user_id, action) VALUES (140, 20, 'Create');

INSERT INTO post (current_state, up_score, down_score) VALUES ('Published', 0, 0);
INSERT INTO postinstance (post_id, user_id, description) VALUES (141, 9, '&lt;p&gt;So far, I can see the time scale change to the new variable $\tau$ should yield the following differential equation instead:&lt;/p&gt;

&lt;p&gt;$\epsilon^2y&#x27;&#x27; + (1 + \epsilon \tau)y&#x27; = 0\quad y(0)=0\quad y&#x27;(0) = 1\quad$&lt;/p&gt;

&lt;p&gt;I have not check if there are additional errors though.&lt;/p&gt;
');
INSERT INTO answer (post_id, question_id, accepted) VALUES (141, 95, 'False');
INSERT INTO activity ( post_id, user_id, action) VALUES (141, 9, 'Create');

INSERT INTO post (current_state, up_score, down_score) VALUES ('Published', 0, 0);
INSERT INTO postinstance (post_id, user_id, description) VALUES (142, 30, '&lt;p&gt;The sequence that you&#x27;ve stated is NOT, by the definitions I know, considered an increasing sequence of events.&lt;/p&gt;

&lt;p&gt;A sequence of events $(A_n)_{n\in\mathbb{N}}$is &lt;em&gt;increasing&lt;/em&gt; if, roughly, the event $A_n$ implies EVERY event $A_N$ for $N\geq n$.&lt;/p&gt;

&lt;p&gt;So, if $A_n$ represents the event that you get AT LEAST one heads in the first $n$ coin flips, then $(A_n)$ is an increasing sequence: if you got at least one heads in the first $n$, then you certainly got at least one heads in the first $n+1$, $n+2$, and so on.&lt;/p&gt;
');
INSERT INTO answer (post_id, question_id, accepted) VALUES (142, 106, 'False');
INSERT INTO activity ( post_id, user_id, action) VALUES (142, 30, 'Create');

INSERT INTO post (current_state, up_score, down_score) VALUES ('Published', 0, 0);
INSERT INTO postinstance (post_id, user_id, description) VALUES (143, 17, 'The complete and rigorous development is  made by @especiallylime.');
INSERT INTO answercomment (post_id, answer_id) VALUES (143, 119);
INSERT INTO activity (post_id, user_id, action) VALUES (143, 17, 'Create');

INSERT INTO post (current_state, up_score, down_score) VALUES ('Published', 0, 0);
INSERT INTO postinstance (post_id, user_id, description) VALUES (144, 47, 'Also, I would like to know how did you manage to write this answer in this particular format? Did you use some software?');
INSERT INTO answercomment (post_id, answer_id) VALUES (144, 121);
INSERT INTO activity (post_id, user_id, action) VALUES (144, 47, 'Create');

INSERT INTO post (current_state, up_score, down_score) VALUES ('Published', 0, 0);
INSERT INTO postinstance (post_id, user_id, description) VALUES (145, 8, 'Can you start from the point where I left at &lt;code&gt;(2)&lt;/code&gt;? Your answer explains Bernoulli Number, but not how the particular writer got the result, as stated in my question.');
INSERT INTO answercomment (post_id, answer_id) VALUES (145, 121);
INSERT INTO activity (post_id, user_id, action) VALUES (145, 8, 'Create');

INSERT INTO post (current_state, up_score, down_score) VALUES ('Published', 0, 0);
INSERT INTO postinstance (post_id, user_id, description) VALUES (146, 44, '@Shauna Goodman Fitzpatrick Just goggle about trigonometric integrals and you will a lot of examples.');
INSERT INTO answercomment (post_id, answer_id) VALUES (146, 128);
INSERT INTO activity (post_id, user_id, action) VALUES (146, 44, 'Create');

INSERT INTO post (current_state, up_score, down_score) VALUES ('Published', 0, 0);
INSERT INTO postinstance (post_id, user_id, description) VALUES (147, 6, 'Do you know of any good sources I could learn this about? I don&amp;#39;t understand where most of these lines are coming from');
INSERT INTO answercomment (post_id, answer_id) VALUES (147, 128);
INSERT INTO activity (post_id, user_id, action) VALUES (147, 6, 'Create');

INSERT INTO post (current_state, up_score, down_score) VALUES ('Published', 0, 0);
INSERT INTO postinstance (post_id, user_id, description) VALUES (148, 19, 'On second thoughts I discarded my answer, as the question explicitly asks for these changes of variable.');
INSERT INTO answercomment (post_id, answer_id) VALUES (148, 128);
INSERT INTO activity (post_id, user_id, action) VALUES (148, 19, 'Create');

INSERT INTO post (current_state, up_score, down_score) VALUES ('Published', 0, 0);
INSERT INTO postinstance (post_id, user_id, description) VALUES (149, 29, '&lt;a href=&quot;http://english.stackexchange.com/questions/38260/maximum-vs-maximal&quot;&gt;Mh&lt;/a&gt;, alright I should use &lt;i&gt;maximum&lt;/i&gt; instead of &lt;i&gt;maximal&lt;/i&gt;, thanks!');
INSERT INTO answercomment (post_id, answer_id) VALUES (149, 129);
INSERT INTO activity (post_id, user_id, action) VALUES (149, 29, 'Create');

INSERT INTO post (current_state, up_score, down_score) VALUES ('Published', 0, 0);
INSERT INTO postinstance (post_id, user_id, description) VALUES (150, 28, 'Can you please explain where you got x = 2θ?');
INSERT INTO answercomment (post_id, answer_id) VALUES (150, 128);
INSERT INTO activity (post_id, user_id, action) VALUES (150, 28, 'Create');

INSERT INTO post (current_state, up_score, down_score) VALUES ('Published', 0, 0);
INSERT INTO postinstance (post_id, user_id, description) VALUES (151, 37, 'I need to use the two substitutions given though');
INSERT INTO answercomment (post_id, answer_id) VALUES (151, 128);
INSERT INTO activity (post_id, user_id, action) VALUES (151, 37, 'Create');

INSERT INTO post (current_state, up_score, down_score) VALUES ('Published', 0, 0);
INSERT INTO postinstance (post_id, user_id, description) VALUES (152, 46, 'What&amp;#39;s different between &lt;b&gt;maximal&lt;/b&gt; and &lt;b&gt;maximum&lt;/b&gt; ?');
INSERT INTO answercomment (post_id, answer_id) VALUES (152, 129);
INSERT INTO activity (post_id, user_id, action) VALUES (152, 46, 'Create');

INSERT INTO post (current_state, up_score, down_score) VALUES ('Published', 0, 0);
INSERT INTO postinstance (post_id, user_id, description) VALUES (153, 37, 'You&amp;#39;re right! Sorry, my bad.  I can&amp;#39;t believe that I got roles of t and tau mixed up.');
INSERT INTO answercomment (post_id, answer_id) VALUES (153, 141);
INSERT INTO activity (post_id, user_id, action) VALUES (153, 37, 'Create');

INSERT INTO post (current_state, up_score, down_score) VALUES ('Published', 0, 0);
INSERT INTO postinstance (post_id, user_id, description) VALUES (154, 16, '@Leonhard Euler Notice that $(A \cup B) \setminus A$ gives the elements of $B$ excluding the common elements between $B$ and $A$ i.e., equivalently this is $B \setminus A$. $B$ is written such a way to use the given hypotheses efficiently.');
INSERT INTO answercomment (post_id, answer_id) VALUES (154, 140);
INSERT INTO activity (post_id, user_id, action) VALUES (154, 16, 'Create');

INSERT INTO post (current_state, up_score, down_score) VALUES ('Published', 0, 0);
INSERT INTO postinstance (post_id, user_id, description) VALUES (155, 8, '@Leonhard Euler Draw in a  Venn Diagram and you will see it easily. Anyway, the comment of @ stud_iisc is a good start to work with.');
INSERT INTO answercomment (post_id, answer_id) VALUES (155, 136);
INSERT INTO activity (post_id, user_id, action) VALUES (155, 8, 'Create');

INSERT INTO post (current_state, up_score, down_score) VALUES ('Published', 0, 0);
INSERT INTO postinstance (post_id, user_id, description) VALUES (156, 2, '@Leonhard Euler Notice that $B \subseteq (A \cup B)$ and thus intersecting this with $B$ gives back $B$.');
INSERT INTO answercomment (post_id, answer_id) VALUES (156, 136);
INSERT INTO activity (post_id, user_id, action) VALUES (156, 2, 'Create');

INSERT INTO post (current_state, up_score, down_score) VALUES ('Published', 0, 0);
INSERT INTO postinstance (post_id, user_id, description) VALUES (157, 37, '&lt;a href=&quot;http://math.stackexchange.com/users/44376/%ce%98%ce%a3%ce%a6gensan&quot;&gt;math.stackexchange.com/users/44376/%ce%98%ce%a3%ce%a6gensan&lt;/a&gt;, from which relation did you get, $$B=B\cap (A\cup B)$$?');
INSERT INTO answercomment (post_id, answer_id) VALUES (157, 136);
INSERT INTO activity (post_id, user_id, action) VALUES (157, 37, 'Create');

INSERT INTO post (current_state, up_score, down_score) VALUES ('Published', 0, 0);
INSERT INTO postinstance (post_id, user_id, description) VALUES (158, 32, 'How did you write that $B=..$?');
INSERT INTO answercomment (post_id, answer_id) VALUES (158, 140);
INSERT INTO activity (post_id, user_id, action) VALUES (158, 32, 'Create');

INSERT INTO post (current_state, up_score, down_score) VALUES ('Published', 1, 0);
INSERT INTO postinstance (post_id, user_id, description) VALUES (159, 17, 'Is it not the case that $\frac{d^2y}{dt^2}=\frac1{\epsilon^2}\frac{d^2y}{d\tau^2}$ and $\frac{dy}{dt}=\frac1{\epsilon}\frac{dy}{d\tau}$, just like in this answer &lt;a href=&quot;http://math.stackexchange.com/a/1238312/285185&quot;&gt;math.stackexchange.com/a/1238312/285185&lt;/a&gt; only using $t=\epsilon\tau$ instead of $x=\kappa t$? Over there it says $\frac{d^2y}{dx^2} = \frac{1}{\kappa^2} \frac{d^2y}{dt^2}$ Is that answer wrong?');
INSERT INTO answercomment (post_id, answer_id) VALUES (159, 141);
INSERT INTO activity (post_id, user_id, action) VALUES (159, 17, 'Create');

INSERT INTO post (current_state, up_score, down_score) VALUES ('Published', 0, 0);
INSERT INTO postinstance (post_id, user_id, description) VALUES (160, 44, 'Additional epsilon(s) should be found upstairs not downstairs as you divide by epsilon, you should multiply by an epsilon for each derivative wrt new variable tau! :)');
INSERT INTO answercomment (post_id, answer_id) VALUES (160, 141);
INSERT INTO activity (post_id, user_id, action) VALUES (160, 44, 'Create');

INSERT INTO post (current_state, up_score, down_score) VALUES ('Published', 1, 0);
INSERT INTO postinstance (post_id, user_id, description) VALUES (161, 21, 'I thought the y terms would get an extra $\frac1\epsilon$ per derivative. So it&amp;#39;d be $\epsilon \frac{y&amp;#39;&amp;#39;}{\epsilon^2} + (1 + \epsilon \tau)\frac{y&amp;#39;}{\epsilon} = 0$ and then just multiply through by $\epsilon$ to clear the denominators. Why do you think there is an extra epsilon in the first term but not the second? Can you &lt;a href=&quot;http://math.stackexchange.com/posts/2207595/edit&quot;&gt;edit&lt;/a&gt; to show how you know this is the correct new equation?');
INSERT INTO answercomment (post_id, answer_id) VALUES (161, 141);
INSERT INTO activity (post_id, user_id, action) VALUES (161, 21, 'Create');

INSERT INTO post (current_state, up_score, down_score) VALUES ('Published', 0, 0);
INSERT INTO postinstance (post_id, user_id, description) VALUES (162, 47, 'edited and thanks!');
INSERT INTO answercomment (post_id, answer_id) VALUES (162, 117);
INSERT INTO activity (post_id, user_id, action) VALUES (162, 47, 'Create');

INSERT INTO post (current_state, up_score, down_score) VALUES ('Published', 1, 0);
INSERT INTO postinstance (post_id, user_id, description) VALUES (163, 11, '@Gibberish I am busy right now. Will do that in a few hours. In the meantime, please update your question');
INSERT INTO answercomment (post_id, answer_id) VALUES (163, 117);
INSERT INTO activity (post_id, user_id, action) VALUES (163, 11, 'Create');

INSERT INTO post (current_state, up_score, down_score) VALUES ('Published', 0, 0);
INSERT INTO postinstance (post_id, user_id, description) VALUES (164, 34, 'for the lineariesed equations of motion i calculated $$2\theta_1 \dot \dot+\theta_2 \dot \dot=\frac{-2g}{l}\theta_1$$ and $$\theta_1 \dot \dot +\frac{2}{3}\theta_2\dot\dot=\frac{-2g}{l}\theta_2$$ These seem to give numerically unpleasant normal mode frequencies though, so I&amp;#39;m not entirely sure that they&amp;#39;re right. can you confirm or update your solution to this part?');
INSERT INTO answercomment (post_id, answer_id) VALUES (164, 117);
INSERT INTO activity (post_id, user_id, action) VALUES (164, 34, 'Create');

INSERT INTO post (current_state, up_score, down_score) VALUES ('Published', 2, 0);
INSERT INTO postinstance (post_id, user_id, description) VALUES (165, 30, '&lt;p&gt;How exactly do you explain dynamic pressure? If someone asked me what the ASI reads, I would say it reads the dynamic pressure, which is the&lt;/p&gt;

&lt;p&gt;&lt;strong&gt;ram air pressure&lt;/strong&gt; (total pressure) - &lt;strong&gt;static pressure&lt;/strong&gt; = &lt;strong&gt;dynamic pressure&lt;/strong&gt;&lt;/p&gt;

&lt;p&gt;But would explaining dynamic pressure as &lt;strong&gt;&quot;the pressure the pitot tube experiences through the air&lt;/strong&gt;?&lt;/p&gt;

&lt;p&gt;As for static pressure, how would you explain that? Would you say static pressure is the pressure the aircraft feels whether it is in motion or not?&lt;/p&gt;
');
INSERT INTO question (post_id, topic_id, title) VALUES (165, 3, 'How can dynamic and static pressure be explained?');
INSERT INTO activity (post_id, user_id, action) VALUES (165, 30, 'Create');
INSERT INTO tag (text) VALUES ('aerodynamics');
INSERT INTO questiontag (question_id, tag_id) VALUES (165, 139);

INSERT INTO post (current_state, up_score, down_score) VALUES ('Published', 0, 0);
INSERT INTO postinstance (post_id, user_id, description) VALUES (166, 42, '&lt;p&gt;ADS-B have two position squitters, airborne and surface. As far as i know, airborne position is broadcasted on air and surface position broadcasted on ground.&lt;/p&gt;

&lt;p&gt;There is a &quot;Squitter Capability Subfield&quot; in BDS Register 10, which needs to be set if both airborne and surface position registers are updated within last 10 seconds. This kinda implies both registers shall be updated all the times.&lt;/p&gt;

&lt;p&gt;Is providing data for both squitters necessary regardless of aircraft&#x27;s vertical status? Can we select one of these squitters and provide data only for it?&lt;/p&gt;
');
INSERT INTO question (post_id, topic_id, title) VALUES (166, 3, 'Providing data for Airborne Squitter on the ground(and vice versa)?');
INSERT INTO activity (post_id, user_id, action) VALUES (166, 42, 'Create');
INSERT INTO tag (text) VALUES ('ads-b');
INSERT INTO questiontag (question_id, tag_id) VALUES (166, 140);

INSERT INTO post (current_state, up_score, down_score) VALUES ('Published', 0, 0);
INSERT INTO postinstance (post_id, user_id, description) VALUES (167, 31, '&lt;p&gt;What are the aerodynamic advantages of an m shaped wing? Why aren&#x27;t they used in aircrafts?&lt;/p&gt;
');
INSERT INTO question (post_id, topic_id, title) VALUES (167, 3, 'What are the aerodynamic advantages of an m-shaped wing?');
INSERT INTO activity (post_id, user_id, action) VALUES (167, 31, 'Create');
INSERT INTO tag (text) VALUES ('aircraft-design');
INSERT INTO questiontag (question_id, tag_id) VALUES (167, 141);
INSERT INTO questiontag (question_id, tag_id) VALUES (167, 139);

INSERT INTO post (current_state, up_score, down_score) VALUES ('Published', 1, 0);
INSERT INTO postinstance (post_id, user_id, description) VALUES (168, 49, '&lt;p&gt;Transponders have registers for Mode S data and configuration. These registers are updated periodically to provide Mode S services such as ADS-B Airborne Position squitter.&lt;/p&gt;

&lt;p&gt;DO-260B and similar documents have Register Allocation Tables that states maximum update intervals for each register(if applicable).&lt;/p&gt;

&lt;p&gt;But there is also a register timeout mechanism that states &quot;if a register can not be updated within &lt;strong&gt;twice&lt;/strong&gt; the maximum update interval, it shall be zeroized&quot;. &lt;/p&gt;

&lt;p&gt;So, what happens if certain register is updated at every (1.5 * maxUpdateInterval) ? Are these maximum update times mere suggestions or is there another rule that forces us to update registers at most maximum update interval?&lt;/p&gt;
');
INSERT INTO question (post_id, topic_id, title) VALUES (168, 3, 'What does &quot;maximum update interval&quot; mean for Mode S GICB registers?');
INSERT INTO activity (post_id, user_id, action) VALUES (168, 49, 'Create');
INSERT INTO questiontag (question_id, tag_id) VALUES (168, 140);

INSERT INTO post (current_state, up_score, down_score) VALUES ('Published', 2, 0);
INSERT INTO postinstance (post_id, user_id, description) VALUES (169, 42, '&lt;p&gt;When I was a kid, I used to read this comics about aircraft pilots in the 50&#x27;s, and in the operations center of their aircraft carrier, they had operators using markers on a glass wall to keep track of operations. Any idea how that was called and where I can find pictures of it? Is it still in use today, or is it now all computerized?&lt;/p&gt;
');
INSERT INTO question (post_id, topic_id, title) VALUES (169, 3, 'Where can I find more information about that glass board in old aircraft carrier operations centers?');
INSERT INTO activity (post_id, user_id, action) VALUES (169, 42, 'Create');
INSERT INTO tag (text) VALUES ('aircraft-carrier');
INSERT INTO questiontag (question_id, tag_id) VALUES (169, 142);

INSERT INTO post (current_state, up_score, down_score) VALUES ('Published', 1, 0);
INSERT INTO postinstance (post_id, user_id, description) VALUES (170, 47, '&lt;p&gt;I watched an episode of Air Crash Investigation, which depicts a plane catching fire due to it shipping many expired oxygen generators for planes. The narrator says that a fire in the cargo hold is very unlikely, as the cargo hold is vacuumed, to prevent fire; but however in this situation, the oxygen generators were actually generating oxygen so the vacuum was futile. I also know they carry pets in the cargo hold. So are the cargo holds pressurized, non-pressurized, or vacuumed? Or does it depend on the carrier, or aircraft?&lt;/p&gt;
');
INSERT INTO question (post_id, topic_id, title) VALUES (170, 3, 'Are Cargo Holds Pressurized, Non-pressurized, or vacuumed?');
INSERT INTO activity (post_id, user_id, action) VALUES (170, 47, 'Create');
INSERT INTO tag (text) VALUES ('cargo');
INSERT INTO questiontag (question_id, tag_id) VALUES (170, 143);
INSERT INTO tag (text) VALUES ('fire');
INSERT INTO questiontag (question_id, tag_id) VALUES (170, 144);
INSERT INTO tag (text) VALUES ('oxygen');
INSERT INTO questiontag (question_id, tag_id) VALUES (170, 145);

INSERT INTO post (current_state, up_score, down_score) VALUES ('Published', 1, 0);
INSERT INTO postinstance (post_id, user_id, description) VALUES (171, 27, '&lt;p&gt;I&#x27;m filling out &lt;a href=&quot;https://foreflight.com/campaigns/9/&quot; rel=&quot;nofollow noreferrer&quot;&gt;ForeFlight&#x27;s new glide slope feature&lt;/a&gt;, and I&#x27;m trying to find the glide ratio for a Piper Archer II (PA-28-181). I know the best glide speed is 76, but can&#x27;t find the glide ratio. Any help on where to find this? &lt;/p&gt;

&lt;p&gt;Edit: &lt;/p&gt;

&lt;p&gt;Below is the glide range graph from my PoH, and below that is the information ForeFlight is asking for. I&#x27;m not really sure how to read that graph to get a glide slope number. &lt;/p&gt;

&lt;p&gt;&lt;a href=&quot;https://i.stack.imgur.com/P5cfu.png&quot; rel=&quot;nofollow noreferrer&quot;&gt;&lt;img src=&quot;https://i.stack.imgur.com/P5cfu.png&quot; alt=&quot;enter image description here&quot;&gt;&lt;/a&gt;&lt;/p&gt;

&lt;p&gt;&lt;a href=&quot;https://i.stack.imgur.com/s2498.png&quot; rel=&quot;nofollow noreferrer&quot;&gt;&lt;img src=&quot;https://i.stack.imgur.com/s2498.png&quot; alt=&quot;enter image description here&quot;&gt;&lt;/a&gt;&lt;/p&gt;
');
INSERT INTO question (post_id, topic_id, title) VALUES (171, 3, 'Where can I find (or how can I calculate) the glide ratio for a PA-28-181?');
INSERT INTO activity (post_id, user_id, action) VALUES (171, 27, 'Create');
INSERT INTO tag (text) VALUES ('glide-ratio');
INSERT INTO questiontag (question_id, tag_id) VALUES (171, 146);
INSERT INTO tag (text) VALUES ('piper-pa-28');
INSERT INTO questiontag (question_id, tag_id) VALUES (171, 147);
INSERT INTO tag (text) VALUES ('foreflight');
INSERT INTO questiontag (question_id, tag_id) VALUES (171, 148);

INSERT INTO post (current_state, up_score, down_score) VALUES ('Published', 0, 0);
INSERT INTO postinstance (post_id, user_id, description) VALUES (172, 35, '&lt;p&gt;I would like to know if VTOL UAVs necessarily need $n$ identical propellers and motors. Have any design solutions considered the possibility of using non identical props? For instance 2 motors of type A, 2 motors of type B, and 2 motors of type C. If so, where can I find some studies or some designs that have attempted this kind of solution?&lt;/p&gt;
');
INSERT INTO question (post_id, topic_id, title) VALUES (172, 3, 'Do all the engines/propellers of a VTOL UAV need to be identical?');
INSERT INTO activity (post_id, user_id, action) VALUES (172, 35, 'Create');
INSERT INTO questiontag (question_id, tag_id) VALUES (172, 141);
INSERT INTO tag (text) VALUES ('propeller');
INSERT INTO questiontag (question_id, tag_id) VALUES (172, 149);
INSERT INTO tag (text) VALUES ('unmanned-aerial-vehicle');
INSERT INTO questiontag (question_id, tag_id) VALUES (172, 150);
INSERT INTO tag (text) VALUES ('vtol');
INSERT INTO questiontag (question_id, tag_id) VALUES (172, 151);

INSERT INTO post (current_state, up_score, down_score) VALUES ('Published', 0, 0);
INSERT INTO postinstance (post_id, user_id, description) VALUES (173, 43, '&lt;p&gt;I would like a clarification on bank angle and how its different from roll angle with respect to to fixed wing aircraft. It is my understanding that the bank angle is a result of rotating the aircraft body to the stability frame, implying that if the angle of attack $\alpha$ and the side slip angle $\beta$ are zero then, and only then the bank and angle and roll angle are the same. Based on Stevens and Lewis Aircraft Control and Simulation (which doesn&#x27;t define bank angle) the rotation from body to stability(wind) frame is given by
$$
C_{w-b} = \begin{bmatrix} &amp;amp;\cos\alpha \cos\beta &amp;amp; \sin\beta &amp;amp; \sin\alpha cos\beta \\ &amp;amp;-\cos\alpha\sin\beta &amp;amp; \cos\beta &amp;amp; -\sin\alpha\sin\beta\\ &amp;amp;-\sin\alpha &amp;amp; 0 &amp;amp; \cos\alpha  \end{bmatrix}
$$&lt;/p&gt;

&lt;p&gt;Therefore, the bank angle $\mu$ &lt;strong&gt;I think&lt;/strong&gt; is given by:
$$\mu \triangleq \begin{bmatrix} &amp;amp;\cos\alpha \cos\beta &amp;amp; \sin\beta &amp;amp; \sin\alpha \cos\beta \end{bmatrix} \begin{bmatrix} \phi \\ \theta \\ \psi\end{bmatrix} $$ &lt;/p&gt;

&lt;p&gt;where $\phi,\, \theta,\, \psi$ are standard aerospace Euler angles defined based on a 3-2-1 rotation.
My specific questions are:&lt;/p&gt;

&lt;p&gt;1) is my understanding and calculation of bank angle correct? If not can someone point me to a good resource for this. I was surprised to be able to find a clear definition and formula quickly.&lt;/p&gt;

&lt;p&gt;2) by multiplying the second and third row of $C_{w-b}$ with Euler angles we obtain a set of other two angles relative to stability frame. Do these angles have any names or specific role in aerospace dynamics/control?&lt;/p&gt;
');
INSERT INTO question (post_id, topic_id, title) VALUES (173, 3, 'How does bank angle differ from roll angle with respect to stability in fixed-wing aircraft?');
INSERT INTO activity (post_id, user_id, action) VALUES (173, 43, 'Create');
INSERT INTO questiontag (question_id, tag_id) VALUES (173, 139);
INSERT INTO tag (text) VALUES ('terminology');
INSERT INTO questiontag (question_id, tag_id) VALUES (173, 152);

INSERT INTO post (current_state, up_score, down_score) VALUES ('Published', 1, 0);
INSERT INTO postinstance (post_id, user_id, description) VALUES (174, 45, '&lt;p&gt;What is the production status of the Pipistrel Panthera? They had plans to start production in 2016/2017 but nothing new has been published in the last two years.&lt;/p&gt;
');
INSERT INTO question (post_id, topic_id, title) VALUES (174, 3, 'What is the production status of the Pipistrel Panthera as of March 2017?');
INSERT INTO activity (post_id, user_id, action) VALUES (174, 45, 'Create');
INSERT INTO tag (text) VALUES ('new-airplane');
INSERT INTO questiontag (question_id, tag_id) VALUES (174, 153);

INSERT INTO post (current_state, up_score, down_score) VALUES ('Published', 0, 0);
INSERT INTO postinstance (post_id, user_id, description) VALUES (175, 6, '&lt;p&gt;Bird strikes are pretty well tested for planes, but what about helicopters?
Do they happen as frequent as planes and if so, what would be the possible outcomes?&lt;/p&gt;

&lt;p&gt;Do helicopter emergency procedures include a &quot;bird strike&quot; event?&lt;/p&gt;
');
INSERT INTO question (post_id, topic_id, title) VALUES (175, 3, 'How are bird stikes tested in helicopters?');
INSERT INTO activity (post_id, user_id, action) VALUES (175, 6, 'Create');
INSERT INTO tag (text) VALUES ('helicopter');
INSERT INTO questiontag (question_id, tag_id) VALUES (175, 154);
INSERT INTO tag (text) VALUES ('birds');
INSERT INTO questiontag (question_id, tag_id) VALUES (175, 155);

INSERT INTO post (current_state, up_score, down_score) VALUES ('Published', 2, 0);
INSERT INTO postinstance (post_id, user_id, description) VALUES (176, 28, '&lt;p&gt;I am working on a small personal project that uses fuel burn data about specific aircraft to calculate the total fuel required for a trip. The data looks like this:&lt;/p&gt;

&lt;pre&gt;&lt;code&gt;          | 120000 kg  | 150000 kg | 180000kg
----------+------------+-----------+-----------
21,000 ft | 6250 kg/hr | 6350 kg/hr| 6450 kg/hr
22,000 ft | 6225 kg/hr | 6325 kg/hr| 6425 kg/hr
23,000 ft | 6200 kg/hr | 6300 kg/hr| 6400 kg/hr
&lt;/code&gt;&lt;/pre&gt;

&lt;p&gt;Based on the table above, you can see that to cruise at 21,000 ft and a weight of 120,000 kg, you would burn 6250kg/hr. &lt;/p&gt;

&lt;p&gt;The problem I am having is that in order to calculate total weight, you first need to know total fuel, which you don&#x27;t have until you know the proper burn rate. What would be the proper way to calculate fuel based on this information?&lt;/p&gt;
');
INSERT INTO question (post_id, topic_id, title) VALUES (176, 3, 'How do you calculate trip fuel based on hourly fuel burn rates?');
INSERT INTO activity (post_id, user_id, action) VALUES (176, 28, 'Create');
INSERT INTO tag (text) VALUES ('flight-planning');
INSERT INTO questiontag (question_id, tag_id) VALUES (176, 156);
INSERT INTO tag (text) VALUES ('fuel');
INSERT INTO questiontag (question_id, tag_id) VALUES (176, 157);
INSERT INTO tag (text) VALUES ('performance-calculation');
INSERT INTO questiontag (question_id, tag_id) VALUES (176, 158);

INSERT INTO post (current_state, up_score, down_score) VALUES ('Published', 1, 0);
INSERT INTO postinstance (post_id, user_id, description) VALUES (177, 10, '&lt;p&gt;I would like to learn about the flight distance calculation and positional accuracy requirement in aviation.&lt;/p&gt;

&lt;p&gt;In practice, great circle distance is calculated between two airports but earth is more accurately represented with an ellipsoid and in this context, global positioning is based on WGS84 ellipsoid.&lt;/p&gt;

&lt;p&gt;Is it useful to calculate &lt;a href=&quot;https://en.wikipedia.org/wiki/Geodesics_on_an_ellipsoid&quot; rel=&quot;nofollow noreferrer&quot;&gt;geodesic&lt;/a&gt; (shortest path on the ellipsoid) rather than great circle on the sphere for more accurate estimation of the distance?&lt;/p&gt;

&lt;p&gt;When thinking that flight routes are 3D, are 3D distances calculated in flight planning? In addition, are these 3D distances calculated with elliposidal cartesian (ECEF) coordinates (X,Y,Z) regarding ellipsoid height (height(MSL)+geoid height (undulation))?.&lt;/p&gt;

&lt;p&gt;Does it make sense to calculate the flight distance in &quot;meter&quot; against &quot;km&quot; precision? If it is in nautical mile, what is the precision? e.g. 2394 nm or 2394.xx nm?&lt;/p&gt;

&lt;p&gt;My another question is how accurate the 3D position of an aircraft is determined? What is the future perspective in this context together with satellite-based navigation and augmentation systems? &lt;/p&gt;
');
INSERT INTO question (post_id, topic_id, title) VALUES (177, 3, 'What is the accuracy of distance and position calculation?');
INSERT INTO activity (post_id, user_id, action) VALUES (177, 10, 'Create');
INSERT INTO tag (text) VALUES ('navigation');
INSERT INTO questiontag (question_id, tag_id) VALUES (177, 159);
INSERT INTO questiontag (question_id, tag_id) VALUES (177, 156);

INSERT INTO post (current_state, up_score, down_score) VALUES ('Published', 24, 5);
INSERT INTO postinstance (post_id, user_id, description) VALUES (178, 7, '&lt;p&gt;70% of birds fly below 1,500ft, 25% of birds fly between 1,500ft and 15,000ft, and only 5% above 15,000ft. What is the greatest height at which a bird has hit an aircraft? What species was the bird?&lt;/p&gt;
');
INSERT INTO question (post_id, topic_id, title) VALUES (178, 3, 'What&#39;s the greatest height at which a bird has collided with an aircraft?');
INSERT INTO activity (post_id, user_id, action) VALUES (178, 7, 'Create');
INSERT INTO questiontag (question_id, tag_id) VALUES (178, 155);

INSERT INTO post (current_state, up_score, down_score) VALUES ('Published', 4, 3);
INSERT INTO postinstance (post_id, user_id, description) VALUES (179, 22, '&lt;p&gt;What are the aerodynamic advantages and disadvantages of the Weltensegler Wing?&lt;/p&gt;

&lt;p&gt;Would this kind of wing configuration come to help for a glider? 
Is there any difference between them and gull wings? 
What are the aerodynamic advantages of gull wings?&lt;/p&gt;

&lt;p&gt;&lt;a href=&quot;https://i.stack.imgur.com/zM2nE.jpg&quot; rel=&quot;nofollow noreferrer&quot;&gt;&lt;img src=&quot;https://i.stack.imgur.com/zM2nE.jpg&quot; alt=&quot;Weltensegler Aircraft&quot;&gt;&lt;/a&gt; &lt;/p&gt;
');
INSERT INTO question (post_id, topic_id, title) VALUES (179, 3, 'What are the aerodynamic advantages and disadvantages of the Weltensegler wing?');
INSERT INTO activity (post_id, user_id, action) VALUES (179, 22, 'Create');
INSERT INTO questiontag (question_id, tag_id) VALUES (179, 141);
INSERT INTO questiontag (question_id, tag_id) VALUES (179, 139);
INSERT INTO tag (text) VALUES ('fixed-wing');
INSERT INTO questiontag (question_id, tag_id) VALUES (179, 160);

INSERT INTO post (current_state, up_score, down_score) VALUES ('Published', 4, 3);
INSERT INTO postinstance (post_id, user_id, description) VALUES (180, 5, '&lt;p&gt;In 2009 Airbus went public with a new feature in the Airbus A350, an &lt;a href=&quot;https://www.flightglobal.com/news/articles/airbus-a350-could-be-equipped-with-automatic-emergency-descent-system-330988/&quot; rel=&quot;nofollow noreferrer&quot;&gt;Automatic Emergency Descent (AED) System&lt;/a&gt;.&lt;/p&gt;

&lt;p&gt;The system would detect a rapid depressurization and, after a defined waiting time, would initiate an automated descent if the pilots failed to respond to the respective alert (i.e. in case of pilot incapacitation).&lt;/p&gt;

&lt;p&gt;I found &lt;a href=&quot;http://www.ae-expo.eu/wp-content/uploads/2015/04/Florent-Lanterna-AEE-Aviation-Electronics-Europe-2015-AED.pdf&quot; rel=&quot;nofollow noreferrer&quot;&gt;some presentation slides from 2015&lt;/a&gt; on the topic but haven&#x27;t heard anything on that system since. Does anyone have additional information: is it a standard feature now on the A350, is it optional, or was it not pursued any further? If not, for what reasons?&lt;/p&gt;
');
INSERT INTO question (post_id, topic_id, title) VALUES (180, 3, 'Does the Airbus A350 have an Automatic Emergency Descent System?');
INSERT INTO activity (post_id, user_id, action) VALUES (180, 5, 'Create');
INSERT INTO tag (text) VALUES ('safety');
INSERT INTO questiontag (question_id, tag_id) VALUES (180, 161);
INSERT INTO tag (text) VALUES ('aircraft-systems');
INSERT INTO questiontag (question_id, tag_id) VALUES (180, 162);
INSERT INTO tag (text) VALUES ('cabin-pressure');
INSERT INTO questiontag (question_id, tag_id) VALUES (180, 163);
INSERT INTO tag (text) VALUES ('emergency-procedures');
INSERT INTO questiontag (question_id, tag_id) VALUES (180, 164);
INSERT INTO tag (text) VALUES ('airbus-a350');
INSERT INTO questiontag (question_id, tag_id) VALUES (180, 165);

INSERT INTO post (current_state, up_score, down_score) VALUES ('Published', 5, 3);
INSERT INTO postinstance (post_id, user_id, description) VALUES (181, 34, '&lt;p&gt;Are there different ETOPS requirements for aircraft depending on usage?  For example, does a FedEx cargo flight need the same ETOPS ratings for over ocean flights as a passenger flight?  Also, how about ferry or repositioning flights which are not revenue flights?&lt;/p&gt;
');
INSERT INTO question (post_id, topic_id, title) VALUES (181, 3, 'Does ETOPS requirement vary on passenger, cargo and non-revenue flights?');
INSERT INTO activity (post_id, user_id, action) VALUES (181, 34, 'Create');
INSERT INTO questiontag (question_id, tag_id) VALUES (181, 143);
INSERT INTO tag (text) VALUES ('etops');
INSERT INTO questiontag (question_id, tag_id) VALUES (181, 166);

INSERT INTO post (current_state, up_score, down_score) VALUES ('Published', 17, 1);
INSERT INTO postinstance (post_id, user_id, description) VALUES (182, 41, '&lt;p&gt;&lt;a href=&quot;https://en.wikipedia.org/wiki/Helios_Airways_Flight_522&quot; rel=&quot;noreferrer&quot;&gt;Helios Flight 522&lt;/a&gt; crashed when the crew unknowingly suffered hypoxia. Although the masks in the passenger cabin deployed, the crew were unaware of this and didn&#x27;t realise the extent of the problem.   &lt;/p&gt;

&lt;p&gt;If I was a passenger on a plane at cruise altitude and the oxygen masks deployed, I know that there is only about 10 minutes oxygen available. I would expect the plane to immediately descend to a lower altitude.&lt;/p&gt;

&lt;p&gt;If I don&#x27;t notice any change in attitude and there is no passenger announcement after a few minutes, would it help to alert a flight attendant to check that the pilots are aware of the issue? Or would it be best to assume that &#x27;they know what they are doing&#x27; and just keep quiet?&lt;/p&gt;
');
INSERT INTO question (post_id, topic_id, title) VALUES (182, 3, 'Could a knowledgeable passenger have saved Helios Flight 522?');
INSERT INTO activity (post_id, user_id, action) VALUES (182, 41, 'Create');
INSERT INTO tag (text) VALUES ('emergency');
INSERT INTO questiontag (question_id, tag_id) VALUES (182, 167);
INSERT INTO tag (text) VALUES ('passenger');
INSERT INTO questiontag (question_id, tag_id) VALUES (182, 168);

INSERT INTO post (current_state, up_score, down_score) VALUES ('Published', 0, 0);
INSERT INTO postinstance (post_id, user_id, description) VALUES (183, 47, '&lt;p&gt;I would like to know which hub has more seats capacity to Africa as a whole, whichever destination.&lt;/p&gt;

&lt;p&gt;Thank you,
Avi&lt;/p&gt;
');
INSERT INTO question (post_id, topic_id, title) VALUES (183, 3, 'Which European (incl. Turkey) hub has the biggest seats capacity to destinations in Africa?');
INSERT INTO activity (post_id, user_id, action) VALUES (183, 47, 'Create');
INSERT INTO tag (text) VALUES ('capacity');
INSERT INTO questiontag (question_id, tag_id) VALUES (183, 169);

INSERT INTO post (current_state, up_score, down_score) VALUES ('Published', 7, 5);
INSERT INTO postinstance (post_id, user_id, description) VALUES (184, 26, '&lt;p&gt;Per &lt;a href=&quot;http://www.ecfr.gov/cgi-bin/retrieveECFR?gp&amp;amp;r=PART&amp;amp;n=14y2.0.1.1.2#se14.2.61_1129&quot;&gt;14 CFR 61.129&lt;/a&gt;, a person who applies for a commercial pilot certificate for airplanes (both single and multiengine) must log at least ten hours of instrument training.&lt;/p&gt;

&lt;p&gt;Assuming a pilot obtains their instrument rating prior to training for their commercial pilot certificate, can the instrument time logged during training for an instrument rating be used to satisfy this requirement (assuming class of aircraft requirements are met)?&lt;/p&gt;
');
INSERT INTO question (post_id, topic_id, title) VALUES (184, 3, 'Can training for an Instrument Rating be applied towards a commercial pilot certificate?');
INSERT INTO activity (post_id, user_id, action) VALUES (184, 26, 'Create');
INSERT INTO tag (text) VALUES ('faa-regulations');
INSERT INTO questiontag (question_id, tag_id) VALUES (184, 170);
INSERT INTO tag (text) VALUES ('far-61');
INSERT INTO questiontag (question_id, tag_id) VALUES (184, 171);

INSERT INTO post (current_state, up_score, down_score) VALUES ('Published', 4, 0);
INSERT INTO postinstance (post_id, user_id, description) VALUES (185, 24, '&lt;p&gt;For a typical turbofan jet engine (two examples given in the title), what is the exhaust velocity and mass flow rate of air at sea level and cruising altitude (~ FL350)? &lt;/p&gt;

&lt;p&gt;Also, does the specific impulse vary at different altitudes, since the density of air decreases with increases in altitude?&lt;/p&gt;
');
INSERT INTO question (post_id, topic_id, title) VALUES (185, 3, 'What is the mass flow rate and exhaust velocity of air from a GE CF6 or GE90 turbofan?');
INSERT INTO activity (post_id, user_id, action) VALUES (185, 24, 'Create');
INSERT INTO tag (text) VALUES ('jet-engine');
INSERT INTO questiontag (question_id, tag_id) VALUES (185, 172);
INSERT INTO tag (text) VALUES ('propulsion');
INSERT INTO questiontag (question_id, tag_id) VALUES (185, 173);
INSERT INTO tag (text) VALUES ('fluid-mechanics');
INSERT INTO questiontag (question_id, tag_id) VALUES (185, 174);

INSERT INTO post (current_state, up_score, down_score) VALUES ('Published', 1, 0);
INSERT INTO postinstance (post_id, user_id, description) VALUES (186, 24, '&lt;p&gt;How can pilots balance a commercial airplane during flight without using elevators?&lt;/p&gt;
');
INSERT INTO question (post_id, topic_id, title) VALUES (186, 3, 'How can a commercial aircraft be balanced in flight without the elevators?');
INSERT INTO activity (post_id, user_id, action) VALUES (186, 24, 'Create');
INSERT INTO tag (text) VALUES ('aircraft-performance');
INSERT INTO questiontag (question_id, tag_id) VALUES (186, 175);
INSERT INTO tag (text) VALUES ('flight-controls');
INSERT INTO questiontag (question_id, tag_id) VALUES (186, 176);

INSERT INTO post (current_state, up_score, down_score) VALUES ('Published', 8, 4);
INSERT INTO postinstance (post_id, user_id, description) VALUES (187, 50, '&lt;p&gt;I was listening to Norcal yesterday and heard a controller request an airplane increase speed to 210 knots &quot;if able&quot;. The plane was previously at ~180 knots. The pilot responded he had flaps 2 and politely declined.&lt;/p&gt;

&lt;p&gt;Can TRACON demand a plane increase speed if the controller already assigned a slower speed?
And if yes, what would be the phraseology? &quot;Maintain 210 knots or greater until DUMBA&quot;? (I don&#x27;t think I&#x27;ve ever heard that when a plane was &lt;em&gt;slower&lt;/em&gt;.)&lt;/p&gt;
');
INSERT INTO question (post_id, topic_id, title) VALUES (187, 3, 'Can TRACON increase plane speed on approach?');
INSERT INTO activity (post_id, user_id, action) VALUES (187, 50, 'Create');
INSERT INTO tag (text) VALUES ('air-traffic-control');
INSERT INTO questiontag (question_id, tag_id) VALUES (187, 177);

INSERT INTO post (current_state, up_score, down_score) VALUES ('Published', 2, 0);
INSERT INTO postinstance (post_id, user_id, description) VALUES (188, 37, '&lt;p&gt;I have a list of airports in Europe and I need to find up-to-date information about ILS categories (I, II, IIIa, IIIb or IIIc) at these airports. Does anyone know where I could find such data efficiently?&lt;/p&gt;

&lt;p&gt;Thanks!&lt;/p&gt;
');
INSERT INTO question (post_id, topic_id, title) VALUES (188, 3, 'Where to find information on ILS categories at European airports?');
INSERT INTO activity (post_id, user_id, action) VALUES (188, 37, 'Create');
INSERT INTO tag (text) VALUES ('ils');
INSERT INTO questiontag (question_id, tag_id) VALUES (188, 178);

INSERT INTO post (current_state, up_score, down_score) VALUES ('Published', 16, 6);
INSERT INTO postinstance (post_id, user_id, description) VALUES (189, 40, '&lt;p&gt;I just read &lt;a href=&quot;http://www.dailymail.co.uk/travel/travel_news/article-4342230/A-day-life-long-haul-airline-pilot-revealed.html&quot; rel=&quot;noreferrer&quot;&gt;an article about a day in the life of a pilot&lt;/a&gt; and it states &quot;The Captain always controls the thrust in the unlikely event that the take-off needs to be aborted for safety reasons.&quot; Is this correct?  &lt;/p&gt;

&lt;p&gt;It was always my understanding that the roles of PF and PNF can be alternated between the captain and first officer, and controlling the thrust would fall into one role or the other. I also recall seeing videos of the flight engineer pushing the throttles. &lt;/p&gt;

&lt;p&gt;If the take-off needs to be aborted, can&#x27;t the captain just command the FO to &quot;abort&quot; or take control by saying &quot;I have control&quot; or similar?  &lt;/p&gt;

&lt;p&gt;Finally, will pulling back the throttles be enough to abort takeoff safely without braking? Surely it would just cause more problems?&lt;/p&gt;
');
INSERT INTO question (post_id, topic_id, title) VALUES (189, 3, 'Does the captain always control thrust on takeoff?');
INSERT INTO activity (post_id, user_id, action) VALUES (189, 40, 'Create');
INSERT INTO tag (text) VALUES ('pilots');
INSERT INTO questiontag (question_id, tag_id) VALUES (189, 179);
INSERT INTO tag (text) VALUES ('cockpit');
INSERT INTO questiontag (question_id, tag_id) VALUES (189, 180);

INSERT INTO post (current_state, up_score, down_score) VALUES ('Published', 1, 0);
INSERT INTO postinstance (post_id, user_id, description) VALUES (190, 31, '&lt;p&gt;PPL student, wondering on how this practice is viewed. The aircraft I&#x27;m learning to fly in has a small Dynon EFIS which displays horizon, airspeed, heading &amp;amp; altitude. It also has a regular altimeter.&lt;/p&gt;

&lt;p&gt;Assuming I&#x27;m going for a local flight, returning to land where I departed, is it OK practice to leave the Dynon on QFE and the Altimeter on QNH? This way I don&#x27;t have to change any settings. &lt;/p&gt;
');
INSERT INTO question (post_id, topic_id, title) VALUES (190, 3, 'Is it OK practice to use one altimeter on QFE and one on QNH (local flight, dual altimeters)');
INSERT INTO activity (post_id, user_id, action) VALUES (190, 31, 'Create');
INSERT INTO tag (text) VALUES ('general-aviation');
INSERT INTO questiontag (question_id, tag_id) VALUES (190, 181);
INSERT INTO tag (text) VALUES ('altimeter');
INSERT INTO questiontag (question_id, tag_id) VALUES (190, 182);

INSERT INTO post (current_state, up_score, down_score) VALUES ('Published', 5, 4);
INSERT INTO postinstance (post_id, user_id, description) VALUES (191, 50, '&lt;p&gt;I am intensively researching on &lt;a href=&quot;https://en.wikipedia.org/wiki/XL_Airways_Germany_Flight_888T&quot; rel=&quot;nofollow noreferrer&quot;&gt;XL Airways Germany Flight 888T&lt;/a&gt; at the moment. &lt;/p&gt;

&lt;p&gt;I wrote and researched hours and hours. Now I would like to know something about the ECAM and the Airbus Stall warning:&lt;/p&gt;

&lt;p&gt;The crew of 888T started a stall test with faulty AoA-Sensors. They wanted to test the stall protection system. At a point, the Airbus stall warning was played. A few seconds later, the control laws degraded to &lt;em&gt;Direct Law&lt;/em&gt;. The crew missed this degradation and I just want to find out why.&lt;/p&gt;

&lt;p&gt;&lt;a href=&quot;https://aviation.stackexchange.com/questions/36268&quot;&gt;I found out&lt;/a&gt;, a control law degradation is a level 2 ECAM warning. That means a single chime will be played. Can someone confirm this?&lt;/p&gt;

&lt;p&gt;I also heard, the stall warning suppresses all other sounds, because a stall has priority over all other things. But I don&#x27;t know if this also applies for the ECAM Sounds. Does anybody know if a stall warning really suppresses every sound?&lt;/p&gt;
');
INSERT INTO question (post_id, topic_id, title) VALUES (191, 3, 'Could the crew of XL Airways Germany Flight 888T not hear important chimes, due to the stall warning?');
INSERT INTO activity (post_id, user_id, action) VALUES (191, 50, 'Create');
INSERT INTO tag (text) VALUES ('airbus-a320');
INSERT INTO questiontag (question_id, tag_id) VALUES (191, 183);
INSERT INTO tag (text) VALUES ('airbus');
INSERT INTO questiontag (question_id, tag_id) VALUES (191, 184);
INSERT INTO tag (text) VALUES ('ecam');
INSERT INTO questiontag (question_id, tag_id) VALUES (191, 185);

INSERT INTO post (current_state, up_score, down_score) VALUES ('Published', 6, 2);
INSERT INTO postinstance (post_id, user_id, description) VALUES (192, 39, '&lt;p&gt;I am particularly interested in the Boeing 787 Fuselage because it is one of the first aircraft to carry such a high percentage of Carbon Fibre Reinforced Polymer (CFRP). &lt;/p&gt;

&lt;p&gt;Can someone explain how the fuselage is made? I know the basics of making 
CFRP which include fibre being wrapped onto in mandrel in different orientations then heating in an autoclave to cure.&lt;/p&gt;

&lt;p&gt;However, I also know that the whole fuselage is not produced in one piece. Pieces of the fuselage are produced then joined together. &lt;/p&gt;

&lt;ul&gt;
&lt;li&gt;I would like to know the joining process works. &lt;/li&gt;
&lt;li&gt;Since it is not fabricated as a single piece there are bound to be stresses on the joints. Will it effect/endanger the passengers? &lt;/li&gt;
&lt;li&gt;What loads can it take since the joints will cause a drop in overall pressure (what is the maximum pressure if possible). I don&#x27;t think its being welded together but not sure the reason. &lt;/li&gt;
&lt;li&gt;Are the same methods used to join the wings? &lt;/li&gt;
&lt;li&gt;Last but not least, are there problems due to the joints before and if so, what has been done to rectify these problems?&lt;/li&gt;
&lt;/ul&gt;
');
INSERT INTO question (post_id, topic_id, title) VALUES (192, 3, 'How is the fuselage of the Boeing 787 produced?');
INSERT INTO activity (post_id, user_id, action) VALUES (192, 39, 'Create');
INSERT INTO questiontag (question_id, tag_id) VALUES (192, 141);
INSERT INTO questiontag (question_id, tag_id) VALUES (192, 139);

INSERT INTO post (current_state, up_score, down_score) VALUES ('Published', 0, 0);
INSERT INTO postinstance (post_id, user_id, description) VALUES (193, 35, '&lt;p&gt;Recently, I saw that video:&lt;/p&gt;

&lt;p&gt;&lt;strong&gt;EDIT:&lt;/strong&gt; I removed the Facebook video link which would require sign up for anyone without an account. I&#x27;ve re-uploaded the video here:
&lt;a href=&quot;https://vid.me/8WYI&quot; rel=&quot;nofollow noreferrer&quot;&gt;https://vid.me/8WYI&lt;/a&gt;&lt;/p&gt;

&lt;p&gt;In general, this guy&#x27;s videos seem to me more like a &quot;conspiracy theories&quot; thing, but I hadn&#x27;t the time to study them and find the underlying faulty logic. So, in that particular video, he claims that the cargo door of an aircraft wasn&#x27;t working properly and the ground staff simply decided to use a heavy load on the lever in order to open it (or something like that).&lt;/p&gt;

&lt;p&gt;Because of that incident the plane shouldn&#x27;t be allowed to fly (that&#x27;s what he claims) and also there is immediate safety concern for the people on the ground because of the weight they used.&lt;/p&gt;

&lt;p&gt;My questions are:&lt;/p&gt;

&lt;ul&gt;
&lt;li&gt;&lt;p&gt;Is the cargo door in that airplane really malfunctioning?&lt;/p&gt;&lt;/li&gt;
&lt;li&gt;&lt;p&gt;Do the ground staff follow a standard procedure for the &quot;workaround&quot;?&lt;/p&gt;&lt;/li&gt;
&lt;li&gt;&lt;p&gt;Although I understand that the way the weight is &quot;hanged&quot; on the that
lever is not a safe solution, my logic says that it could never fall 
from that position. Am I right?&lt;/p&gt;&lt;/li&gt;
&lt;/ul&gt;
');
INSERT INTO question (post_id, topic_id, title) VALUES (193, 3, 'Is the cargo door on this airplane really malfunctioning?');
INSERT INTO activity (post_id, user_id, action) VALUES (193, 35, 'Create');
INSERT INTO questiontag (question_id, tag_id) VALUES (193, 161);
INSERT INTO tag (text) VALUES ('ground-operations');
INSERT INTO questiontag (question_id, tag_id) VALUES (193, 186);

INSERT INTO post (current_state, up_score, down_score) VALUES ('Published', 7, 2);
INSERT INTO postinstance (post_id, user_id, description) VALUES (194, 1, '&lt;p&gt;Or a new aircraft would have to be designed for such a thing? I have little knowledge of aviation, so please feel free to fill me in the required bits.&lt;/p&gt;
');
INSERT INTO question (post_id, topic_id, title) VALUES (194, 3, 'Is it possible to integrate an AI CoPilot on existing planes?');
INSERT INTO activity (post_id, user_id, action) VALUES (194, 1, 'Create');
INSERT INTO questiontag (question_id, tag_id) VALUES (194, 141);
INSERT INTO tag (text) VALUES ('artificial-intelligence');
INSERT INTO questiontag (question_id, tag_id) VALUES (194, 187);

INSERT INTO post (current_state, up_score, down_score) VALUES ('Published', 0, 0);
INSERT INTO postinstance (post_id, user_id, description) VALUES (195, 17, '&lt;p&gt;If you remember that the air is really a swarm of molecules moving in all directions at very high speed, and that pressure -static or dynamic- is caused by the impact of those molecules, then everything is very clear...&lt;/p&gt;
');
INSERT INTO answer (post_id, question_id, accepted) VALUES (195, 165, 'False');
INSERT INTO activity ( post_id, user_id, action) VALUES (195, 17, 'Create');

INSERT INTO post (current_state, up_score, down_score) VALUES ('Published', 0, 0);
INSERT INTO postinstance (post_id, user_id, description) VALUES (196, 21, '&lt;p&gt;If you update the register, the values will be set to the values provided.
From that moment, a timer starts running. When the timer reaches maxUpdateInterval, the register will be set to all zero. &lt;/p&gt;

&lt;p&gt;If a radar extracts the register before the maxUpdateInterval is reached, it will get the values provided at the update. If it will extract the register after maxUpdateInterval is reached, it will get all zeros in the reply. &lt;/p&gt;

&lt;p&gt;For ADS-B, transmission of the register is inhibited (IIRC) when the register is set to all zeros. &lt;/p&gt;
');
INSERT INTO answer (post_id, question_id, accepted) VALUES (196, 168, 'False');
INSERT INTO activity ( post_id, user_id, action) VALUES (196, 21, 'Create');

INSERT INTO post (current_state, up_score, down_score) VALUES ('Published', 0, 0);
INSERT INTO postinstance (post_id, user_id, description) VALUES (197, 42, '&lt;p&gt;You are very close. Your explanation of static pressure is correct, but not your dynamic pressure. Ram air pressure is what the pitot tube measures, in other words the total pressure experienced. It is your airspeed gauge which measures dynamic pressure by mechanically (in the case of a traditional pitot-static system) subtracting ram air pressure from static pressure. &lt;/p&gt;

&lt;p&gt;If I was explaining this to a layman I would say that ram air pressure is equivalent to sticking your hand out the window of a moving car, while static pressure is the pressure inside the car. That&#x27;s a bit of an over-simplification as the pressure inside the car will be lower than outside due to the movement through the air, but it gets the point across. &lt;/p&gt;
');
INSERT INTO answer (post_id, question_id, accepted) VALUES (197, 165, 'False');
INSERT INTO activity ( post_id, user_id, action) VALUES (197, 42, 'Create');

INSERT INTO post (current_state, up_score, down_score) VALUES ('Published', 0, 0);
INSERT INTO postinstance (post_id, user_id, description) VALUES (198, 16, '&lt;p&gt;Use an energy analogy:&lt;/p&gt;

&lt;ul&gt;
&lt;li&gt;Dynamic pressure equals kinetic energy,&lt;/li&gt;
&lt;li&gt;Static pressure equals potential energy.&lt;/li&gt;
&lt;/ul&gt;

&lt;p&gt;Total energy = total pressure.&lt;/p&gt;

&lt;p&gt;For the more math inclined: In the gravity field of earth, potential energy is mass times gravity acceleration times height: $E_{pot} = m\cdot g\cdot h$. Kinetic energy is mass times speed squared, divided by 2: $E_{kin} = m\cdot\frac{v^2}{2}$. Dynamic pressure $q$ is similarly density times speed squared, divided by 2: $q = \rho\cdot\frac{v^2}{2}$, which makes it a volume-specific kinetic energy.&lt;/p&gt;
');
INSERT INTO answer (post_id, question_id, accepted) VALUES (198, 165, 'False');
INSERT INTO activity ( post_id, user_id, action) VALUES (198, 16, 'Create');

INSERT INTO post (current_state, up_score, down_score) VALUES ('Published', 2, 0);
INSERT INTO postinstance (post_id, user_id, description) VALUES (199, 33, '&lt;p&gt;The cargo hold is indeed vacuumed, using a vacuum cleaner, regularly.
It is however NOT drawn vacuum (so having all air removed).
Some cargo holds may be pressurised, some are not. Depends on the aircraft and the requirements of the cargo (life animals want a pressurised cabin of course, just to give one example).&lt;/p&gt;
');
INSERT INTO answer (post_id, question_id, accepted) VALUES (199, 170, 'False');
INSERT INTO activity ( post_id, user_id, action) VALUES (199, 33, 'Create');

INSERT INTO post (current_state, up_score, down_score) VALUES ('Published', 3, 0);
INSERT INTO postinstance (post_id, user_id, description) VALUES (200, 33, '&lt;p&gt;If you were to take off from an airport at 2,000&#x27; ASL on a standard day, and climb to 7,280&#x27; ASL you would be exactly 5,280&#x27; above the ground which means exactly 1 statute mile above the ground. &lt;/p&gt;

&lt;p&gt;If you were to cut the engine, and then use the information available in the chart, you should be able to glide about 10 statute miles which yields about a 10 to 1 glide ratio.&lt;/p&gt;

&lt;p&gt;&lt;a href=&quot;https://i.stack.imgur.com/p3jt5.jpg&quot; rel=&quot;nofollow noreferrer&quot;&gt;&lt;img src=&quot;https://i.stack.imgur.com/p3jt5.jpg&quot; alt=&quot;enter image description here&quot;&gt;&lt;/a&gt;&lt;/p&gt;
');
INSERT INTO answer (post_id, question_id, accepted) VALUES (200, 171, 'True');
INSERT INTO activity ( post_id, user_id, action) VALUES (200, 33, 'Create');

INSERT INTO post (current_state, up_score, down_score) VALUES ('Published', 4, 3);
INSERT INTO postinstance (post_id, user_id, description) VALUES (201, 25, '&lt;blockquote&gt;
  &lt;p&gt;Do they happen as frequent as planes?&lt;/p&gt;
&lt;/blockquote&gt;

&lt;p&gt;Here is a link to the &lt;a href=&quot;http://wildlife.faa.gov/database.aspx&quot; rel=&quot;nofollow noreferrer&quot; title=&quot;Federal Aviation Administration&amp;#39;s wildlife strike database&quot;&gt;Federal Aviation Administration&#x27;s Wildlife Strike database&lt;/a&gt;. Here you can search all the recorded wildlife strikes in the USA, and filter them by various things, including Engine Type.&lt;/p&gt;

&lt;p&gt;To get a good idea of how many helicopter bird strikes occur in comparison to other aircraft, we can compare how many bird strikes occurred in turboshaft (&lt;strong&gt;Engine Type F&lt;/strong&gt;) engine aircraft to the total number of bird strikes. &lt;/p&gt;

&lt;p&gt;From January 1, 1990 to January 1, 2017...&lt;/p&gt;

&lt;blockquote&gt;
  &lt;p&gt;&lt;em&gt;California&lt;/em&gt;
   - There have been 31 turboshaft engine wildlife strikes, accounting for &lt;em&gt;0.22%&lt;/em&gt; out of the total &lt;em&gt;13,698&lt;/em&gt;.&lt;/p&gt;
  
  &lt;p&gt;&lt;em&gt;Texas&lt;/em&gt;
   - There have been 46 turboshaft engine wildlife strikes, accounting for &lt;em&gt;0.30%&lt;/em&gt; out of the total &lt;em&gt;15,520&lt;/em&gt;.&lt;/p&gt;
  
  &lt;p&gt;&lt;em&gt;Florida&lt;/em&gt;
   - There have been 22 turboshaft engine wildlife strikes, accounting for &lt;em&gt;0.20%&lt;/em&gt; out of the total &lt;em&gt;11,119&lt;/em&gt;.&lt;/p&gt;
&lt;/blockquote&gt;

&lt;p&gt;This data would suggest that roughly 0.25% of all wildlife strikes are on helicopters.&lt;/p&gt;

&lt;p&gt;Taking another piece of data from the &lt;a href=&quot;https://www.faa.gov/air_traffic/by_the_numbers/&quot; rel=&quot;nofollow noreferrer&quot; title=&quot;FAA&quot;&gt;FAA&lt;/a&gt;, we find that the ratio of rotocraft to general aviation aircraft in 2015 is 9,766 to 199,927, meaning that helicopters account for roughly 4.66% of total aircraft. &lt;/p&gt;

&lt;hr&gt;

&lt;p&gt;Combining these two pieces of data, we can see that since 0.25% of all wildlife strikes are on helicopters, but helicopters account for 4.66% of aircraft,  &lt;strong&gt;helicopters encounter wildlife strikes at a rate of ~18.64 times less&lt;/strong&gt; than general aviation aircraft. &lt;/p&gt;

&lt;p&gt;(Disclaimer: Data used above is rounded and averaged. This is a ROUGH estimate!)&lt;/p&gt;
');
INSERT INTO answer (post_id, question_id, accepted) VALUES (201, 175, 'False');
INSERT INTO activity ( post_id, user_id, action) VALUES (201, 25, 'Create');

INSERT INTO post (current_state, up_score, down_score) VALUES ('Published', 0, 0);
INSERT INTO postinstance (post_id, user_id, description) VALUES (202, 35, '&lt;p&gt;The requirement on Performance Based Navigation (PBN) equipment is that: 
(1) The Total System Error (TSE) must be equal to or less than the
   Required Navigation Performance (RNP) value for the procedure for 95%
   of the flight time; and
(2) The probability that the TSE of the aircraft exceeds the specified
   TSE limit (equal to two times the RNP value) without annunciation
   (notification of the pilot) is less than 10^(−5).&lt;/p&gt;

&lt;p&gt;My experience (doing planning work and analysis) is that the distance between two airports is calculated &#x27;along the ground&#x27; and does not account for altitude.&lt;/p&gt;

&lt;p&gt;The distance between two points (e.g., airports) computed using a great circle approximation is less that 0.5% of the distance for ellipsoidal earth (and usually less that 0.3%). Vincenty&#x27;s algorithm is one good method for calculating distance along the ellipsoid surface. Matlab implementations are available on the web. &lt;/p&gt;

&lt;p&gt;The problem with using Cartesian (ECEF) coordinates is you almost have to then calculate a straight-line distance for a path that pierces the earth, rather that a distance along the earth&#x27;s surface (which is what you want).&lt;/p&gt;
');
INSERT INTO answer (post_id, question_id, accepted) VALUES (202, 177, 'False');
INSERT INTO activity ( post_id, user_id, action) VALUES (202, 35, 'Create');

INSERT INTO post (current_state, up_score, down_score) VALUES ('Published', 14, 11);
INSERT INTO postinstance (post_id, user_id, description) VALUES (203, 50, '&lt;p&gt;Highest I&#x27;ve ever heard of is 40,000 ft. &lt;/p&gt;

&lt;p&gt;On May 19, 2014 Atlas Air flight GTI8665, a 767-300 freighter, reported a bird strike at FL400 over Indiana. They were unable to tell what type of bird it was but the pilots reported that there were guts on the windshield. The windshield was broken and the aircraft was diverted.&lt;/p&gt;

&lt;p&gt;&lt;a href=&quot;https://i.stack.imgur.com/x7rVg.jpg&quot; rel=&quot;nofollow noreferrer&quot;&gt;&lt;img src=&quot;https://i.stack.imgur.com/x7rVg.jpg&quot; alt=&quot;Broken windshield of &quot;&gt;&lt;/a&gt;
~&lt;sup&gt;Screen grab from video below&lt;/sup&gt;&lt;/p&gt;

&lt;p&gt;&lt;a href=&quot;https://youtu.be/O0foHizWAmQ&quot; rel=&quot;nofollow noreferrer&quot;&gt;ATC Recording&lt;/a&gt;&lt;/p&gt;

&lt;p&gt;&lt;a href=&quot;https://i.stack.imgur.com/mcNde.jpg&quot; rel=&quot;nofollow noreferrer&quot;&gt;&lt;img src=&quot;https://i.stack.imgur.com/mcNde.jpg&quot; alt=&quot;enter image description here&quot;&gt;&lt;/a&gt;&lt;/p&gt;
');
INSERT INTO answer (post_id, question_id, accepted) VALUES (203, 178, 'False');
INSERT INTO activity ( post_id, user_id, action) VALUES (203, 50, 'Create');

INSERT INTO post (current_state, up_score, down_score) VALUES ('Published', 1, 0);
INSERT INTO postinstance (post_id, user_id, description) VALUES (204, 47, '&lt;p&gt;I may have more news on that next week from Sun &#x27;n Fun 2017.  Pipistrel will be an exhibitor at the show and may have a Panthera prototype on display.&lt;/p&gt;

&lt;p&gt;Currently the Panthera is planned to be released as an experimental kit and may be type certified at some point in the future.&lt;/p&gt;

&lt;p&gt;I know the program has suffered some setbacks, including an increase of empty weight by some 200 lbs.  New aircraft development is never fast nor without complications.&lt;/p&gt;

&lt;p&gt;The Panthera does look intriguing - 200 KIAS on 10 GPH with good, stable flight characteristics and modern avionics, BRS parachute, etc.  I want to take it for a demo flight when production examples become available.&lt;/p&gt;
');
INSERT INTO answer (post_id, question_id, accepted) VALUES (204, 174, 'False');
INSERT INTO activity ( post_id, user_id, action) VALUES (204, 47, 'Create');

INSERT INTO post (current_state, up_score, down_score) VALUES ('Published', 6, 1);
INSERT INTO postinstance (post_id, user_id, description) VALUES (205, 20, '&lt;p&gt;The inspiration for the Weltensegler wing were birds. The reason for their wing shape is structural, however, not aerodynamic. Your photo shows the 1922 version, called &quot;Baden-Baden Stolz&quot;, which was a follow-on to the original and more ambitious version of 1921. The 3-side-view below shows the planform (picture &lt;a href=&quot;http://www.histaviation.com/images/wwb_img2620.jpg&quot; rel=&quot;nofollow noreferrer&quot;&gt;source&lt;/a&gt;). However, this airplane never flew, which probably saved the life of its pilot. While pitch and limited roll control was possible with the elevons on the outer wings, no consideration was given to directional control.&lt;/p&gt;

&lt;p&gt;&lt;a href=&quot;https://i.stack.imgur.com/fy317.jpg&quot; rel=&quot;nofollow noreferrer&quot;&gt;&lt;img src=&quot;https://i.stack.imgur.com/fy317.jpg&quot; alt=&quot;Weltensegler 3-side view&quot;&gt;&lt;/a&gt;&lt;/p&gt;

&lt;p&gt;The 1921 version was controlled by warping of the outer wings, the washout of which was controlled with pulleys and springs. The idea was that this would help to adjust the wing shape to flight speed. The picture below shows the first and last flight, which is historically significant as the first glider flight in which a considerable gain in height was achieved. However, it ended in a spiral dive which killed its pilot (picture &lt;a href=&quot;http://histaviation.com/images/img2523.jpg&quot; rel=&quot;nofollow noreferrer&quot;&gt;source&lt;/a&gt;).&lt;/p&gt;

&lt;p&gt;&lt;a href=&quot;https://i.stack.imgur.com/WZ8J2.jpg&quot; rel=&quot;nofollow noreferrer&quot;&gt;&lt;img src=&quot;https://i.stack.imgur.com/WZ8J2.jpg&quot; alt=&quot;Weltensegler 1921 in flight&quot;&gt;&lt;/a&gt;&lt;/p&gt;

&lt;p&gt;&lt;a href=&quot;https://en.wikipedia.org/wiki/Weltensegler&quot; rel=&quot;nofollow noreferrer&quot;&gt;Weltensegler&lt;/a&gt; is actually the name of the company which was founded by Friedrich Wenk. &lt;a href=&quot;https://en.wikipedia.org/wiki/Alexander_Lippisch&quot; rel=&quot;nofollow noreferrer&quot;&gt;Alexander Lippisch&lt;/a&gt; was one of his employees.&lt;/p&gt;

&lt;p&gt;The configuration cannot be recommended for a glider. It is much better to have a straight inner wing and dihedraled outer wings, as explained in &lt;a href=&quot;http://aviation.stackexchange.com/questions/32801/what-kind-of-dihedral-would-be-most-stable/32815#32815&quot;&gt;this answer&lt;/a&gt;. The anhedral of the outer wings of the Weltensegler wings will produce a downforce on the windward wing, rolling it into the wind which is the opposite of what is needed for coordinated flight. &lt;a href=&quot;http://aviation.stackexchange.com/questions/21063/what-advantages-come-with-the-wing-on-the-boeing-bird-of-prey/21068#21068&quot;&gt;Other configurations&lt;/a&gt; using an &quot;M&quot;-shaped wing did so for different reasons and use rudders and much more anhedral on the outer wing panels.&lt;/p&gt;
');
INSERT INTO answer (post_id, question_id, accepted) VALUES (205, 179, 'False');
INSERT INTO activity ( post_id, user_id, action) VALUES (205, 20, 'Create');

INSERT INTO post (current_state, up_score, down_score) VALUES ('Published', 2, 1);
INSERT INTO postinstance (post_id, user_id, description) VALUES (206, 42, '&lt;p&gt;You will have to obtain this from the Pilot&#x27;s Operating Handbook for the particular aircraft you are flying.  Piper usually has a glide performance figure in the Perfeomance section of the POH.  Trying to calculate your glide distance or glide ration by other means and you are probably entering dangerous waters.&lt;/p&gt;
');
INSERT INTO answer (post_id, question_id, accepted) VALUES (206, 171, 'False');
INSERT INTO activity ( post_id, user_id, action) VALUES (206, 42, 'Create');

INSERT INTO post (current_state, up_score, down_score) VALUES ('Published', 0, 0);
INSERT INTO postinstance (post_id, user_id, description) VALUES (207, 22, '&lt;p&gt;On a crew bus the other day at American. Mgmt type said it like this. If the Cabin Alt goes above 14000, the aircraft starts a 15 sec timer. If no intervention from the crew, it initiates an Emergency descent. Power back and spoilers. Vmo/Mmo-10kts. It even changes the squawk to 7700. The aircraft will level off at 10,000 or Grid MORA whichever is higher. &lt;/p&gt;

&lt;p&gt;Was also told that it will auto respond to a TCAS RA if the autopilot is on.&lt;/p&gt;
');
INSERT INTO answer (post_id, question_id, accepted) VALUES (207, 180, 'False');
INSERT INTO activity ( post_id, user_id, action) VALUES (207, 22, 'Create');

INSERT INTO post (current_state, up_score, down_score) VALUES ('Published', 1, 0);
INSERT INTO postinstance (post_id, user_id, description) VALUES (208, 7, '&lt;p&gt;The ETOPS requirement is pretty much the same for all aircraft irrespective of usage as long as its under parts 121 or 135, as noted in the FAA InFO 07004, &lt;a href=&quot;https://www.faa.gov/other_visit/aviation_industry/airline_operators/airline_safety/info/all_infos/media/2007/info07004.pdf&quot; rel=&quot;nofollow noreferrer&quot;&gt;New ETOPS Regulations&lt;/a&gt;:&lt;/p&gt;

&lt;blockquote&gt;
  &lt;p&gt;The new ETOPS rules are now applicable to: &lt;/p&gt;
  
  &lt;p&gt;Part 121 &lt;/p&gt;
  
  &lt;p&gt;• All two-engine airplanes more than 60 minutes flying time from an adequate airport (at a one-engine-inoperative cruise speed under standard conditions in still air). &lt;/p&gt;
  
  &lt;p&gt;• All passenger-carrying airplanes with more than two engines and more than 
  180 minutes flying time from an adequate airport (at a one-engine-inoperative 
  cruise speed under standard conditions in still air). &lt;/p&gt;
  
  &lt;p&gt;Part 135 &lt;/p&gt;
  
  &lt;p&gt;• All multi-engine turbine-engine powered airplanes (other than all-cargo 
  operations with airplanes having more than two engines) more than 180 
  minutes flying time (limited to 240 minutes flying time) from an airport 
  meeting the requirements of part 135, §§ 135.385 or 135.393 and 135.219 at 
  an approved one-engine-inoperative cruise speed under standard conditions in 
  still air. &lt;/p&gt;
&lt;/blockquote&gt;

&lt;p&gt;As far as differences are concerned, &lt;a href=&quot;https://www.federalregister.gov/documents/2007/01/16/07-39/extended-operations-etops-of-multi-engine-airplanes&quot; rel=&quot;nofollow noreferrer&quot;&gt;ETOPS is waived only in one case&lt;/a&gt;:&lt;/p&gt;

&lt;blockquote&gt;
  &lt;p&gt;The FAA ... however agree that for airplanes with more than two engines, passenger carrying operations may be excluded from the ETOPS maintenance program requirements and that all-cargo operations may be excluded from all ETOPS requirements. &lt;/p&gt;
&lt;/blockquote&gt;

&lt;p&gt;The definition of ETOPS in the same document covers all aircraft except four engined all-cargo aircraft:&lt;/p&gt;

&lt;blockquote&gt;
  &lt;p&gt;Extended Operations (ETOPS) means an airplane flight operation other than an all-cargo operation in an airplane with more than two engines during which a portion of the flight is conducted beyond a time threshold identified in part 121 or part 135 of this chapter that is determined using an approved one-engine-inoperative cruise speed under standard atmospheric conditions in still air.&lt;/p&gt;
&lt;/blockquote&gt;

&lt;p&gt;As far as non-revenue flights are considered, they are usually operated under Part 91, so the ETOPS rules don&#x27;t apply. However, it is better to plan an ETOPS route for safety considerations (and to keep insurers happy).&lt;/p&gt;
');
INSERT INTO answer (post_id, question_id, accepted) VALUES (208, 181, 'False');
INSERT INTO activity ( post_id, user_id, action) VALUES (208, 7, 'Create');

INSERT INTO post (current_state, up_score, down_score) VALUES ('Published', 6, 3);
INSERT INTO postinstance (post_id, user_id, description) VALUES (209, 28, '&lt;p&gt;First and foremost you should read the accident report which you &lt;a href=&quot;http://www.aaiu.ie/sites/default/files/Hellenic%20Republic%20Accident%20Helios%20Airways%20B737-31S%20HCY522%20Grammatiko%20Hellas%202005-085-14.pdf&quot; rel=&quot;nofollow noreferrer&quot;&gt;can find in full here&lt;/a&gt;. I will pull some excerpts from that below. &lt;/p&gt;

&lt;blockquote&gt;
  &lt;p&gt;&lt;em&gt;Helios Flight 522 crashed when the crew unknowingly suffered hypoxia.
  Although the masks in the passenger cabin deployed, the crew were
  unaware of this and didn&#x27;t realize the extent of the problem.&lt;/em&gt;&lt;/p&gt;
&lt;/blockquote&gt;

&lt;p&gt;This is the one of the debated/interesting aspects of the accident. The crew would have been alerted by &lt;a href=&quot;http://www.b737.org.uk/pressurisation.htm#Cabin_Altitude_Warning_Horn&quot; rel=&quot;nofollow noreferrer&quot;&gt;alarms to the depressurization event&lt;/a&gt;&lt;/p&gt;

&lt;blockquote&gt;
  &lt;p&gt;...Non-identification of the warnings and the reasons for the activation
  of the warnings (&lt;strong&gt;Cabin Altitude Warning Horn&lt;/strong&gt;, Passenger Oxygen Masks
  Deployment indication, &lt;strong&gt;Master Caution&lt;/strong&gt;).&lt;/p&gt;
&lt;/blockquote&gt;

&lt;p&gt;Many might say they did in fact know there was a problem but for some unknown reason they did nothing about it. Generally speaking &quot;Don Oxygen Masks&quot; is the first item on the emergency checklist following &lt;a href=&quot;https://en.wikipedia.org/wiki/1999_South_Dakota_Learjet_crash&quot; rel=&quot;nofollow noreferrer&quot;&gt;the mishap of the South Dakota LearJet crash in 1999&lt;/a&gt;. One can conclude from the report that its possible the pilots assumed the cabin pressure system was in the proper place (auto) when in fact it was set to manual (MAN) and subsequently were confused by the alarm or thought it was faulty. &lt;/p&gt;

&lt;blockquote&gt;
  &lt;p&gt;...that the following factors could have contributed to the accident:
  omission of returning the &lt;strong&gt;cabin pressurization mode selector to the
  AUTO position after non-scheduled maintenance&lt;/strong&gt; on the aircraft;&lt;/p&gt;
&lt;/blockquote&gt;

&lt;p&gt;This is a procedural failure on the implementation end. The report would cite bad procedures for this &lt;/p&gt;

&lt;blockquote&gt;
  &lt;p&gt;...the report also identifies a number of additional safety deficiencies
  pertaining to: maintenance procedures; pilot training, normal and
  emergency procedures; organizational issues of the Operator;
  organizational issues related to safety oversight of maintenance and
  flight operations by Cyprus DCA, EASA/JAA and ICAO; issues related to
  the aircraft manufacturer’s documentation for maintenance and flight
  operations;&lt;/p&gt;
&lt;/blockquote&gt;

&lt;hr&gt;

&lt;blockquote&gt;
  &lt;p&gt;&lt;em&gt;If I was a passenger on a plane at cruise altitude and the oxygen
  masks deployed, I know that there is only about 10 minutes oxygen
  available. I would expect the plane to immediately descend to a lower
  altitude.&lt;/em&gt;&lt;/p&gt;
&lt;/blockquote&gt;

&lt;p&gt;There are some assumptions here of course first and foremost that the plane is still maneuverable. There are any number of things that could cause a depressurization and some may also cause flight control issues as we saw &lt;a href=&quot;https://en.wikipedia.org/wiki/Aloha_Airlines_Flight_243&quot; rel=&quot;nofollow noreferrer&quot;&gt;Aloha Airlines Flight 243&lt;/a&gt; a situation where the crew did not immediately know what was going on. However generally speaking, once the issue has been identified the plane &lt;em&gt;should&lt;/em&gt; start a decent if possible. &lt;/p&gt;

&lt;hr&gt;

&lt;blockquote&gt;
  &lt;p&gt;&lt;em&gt;If I don&#x27;t notice any change in attitude and there is no passenger
  announcement after a few minutes, would it help to alert a flight
  attendant to check that the pilots are aware of the issue? Or would it
  be best to assume that &#x27;they know what they are doing&#x27; and just keep
  quiet?&lt;/em&gt;&lt;/p&gt;
&lt;/blockquote&gt;

&lt;p&gt;This of course brings up another debate. In almost all cases you should alert the crew to anything you feel is strange our out of place. Of course in this instance it may be hard to move about the cabin, and potentially hard to shout or get your message to the crew. In some cases the crew may be working the issue and getting in the way of that can be problematic. Again generally alerting them is a good thing but its a situation by situation basis for sure. &lt;/p&gt;

&lt;hr&gt;

&lt;p&gt;In regards to the comments on other answers you will not die, at least one flight attendant (who was also a pilot) survived the ordeal and made his way into the cockpit as was heard on the CVR &lt;/p&gt;

&lt;blockquote&gt;
  &lt;p&gt;At 08:54:18 h, the following distress was recorded by the CVR “MAYDAY,
  MAYDAY, MAYDAY, Helios Airways Flight 522 Athens … (unintelligible
  word)”. A few seconds later, another “MAYDAY, MAYDAY” with a very weak
  voice was recorded.When the Boeing 737 was at about 7 000 ft, the
  person in the Captain’s seat for the first time appeared to
  acknowledge the presence of the F-16s and he made a hand motion.&lt;/p&gt;
&lt;/blockquote&gt;

&lt;hr&gt;

&lt;blockquote&gt;
  &lt;p&gt;Could a knowledgeable passenger have saved Helios Flight 522?&lt;/p&gt;
&lt;/blockquote&gt;

&lt;p&gt;Unlikely as these days its hard to get in the cockpit, or even get a message to the pilots. But you should, in any event at least try. This saved some lives on &lt;a href=&quot;https://en.wikipedia.org/wiki/Air_Florida_Flight_90&quot; rel=&quot;nofollow noreferrer&quot;&gt;Air Florida 90 when a passenger realized icing on the wings and assumed the crash position and informed the other around him&lt;/a&gt;.  &lt;/p&gt;
');
INSERT INTO answer (post_id, question_id, accepted) VALUES (209, 182, 'False');
INSERT INTO activity ( post_id, user_id, action) VALUES (209, 28, 'Create');

INSERT INTO post (current_state, up_score, down_score) VALUES ('Published', 3, 1);
INSERT INTO postinstance (post_id, user_id, description) VALUES (210, 48, '&lt;p&gt;It seems from the Wikipedia page that there was indeed an knowledgeable passenger. Not fully qualified, but ...&lt;/p&gt;

&lt;blockquote&gt;
  &lt;p&gt;At 11:49, flight attendant Andreas Prodromou entered the cockpit and sat down in the captain&#x27;s seat, having remained conscious by using a portable oxygen supply. Prodromou held a UK Commercial Pilot License, but was not qualified to fly the Boeing 737. Crash investigators concluded that Prodromou&#x27;s experience was insufficient for him to gain control of the aircraft under the circumstances. Prodromou waved at the F16s very briefly, but almost as soon as he entered the cockpit, the left engine flamed out due to fuel exhaustion and the plane left the holding pattern and started to descend. Ten minutes after the loss of power from the left engine, the right engine also flamed out, and just before 12:04 the aircraft crashed into hills near Grammatiko.&lt;/p&gt;
&lt;/blockquote&gt;

&lt;p&gt;So depending on how knowledgeable you&#x27;re looking for, this seems pretty clear-cut.&lt;/p&gt;

&lt;p&gt;&lt;a href=&quot;https://en.wikipedia.org/wiki/Helios_Airways_Flight_522&quot; rel=&quot;nofollow noreferrer&quot;&gt;https://en.wikipedia.org/wiki/Helios_Airways_Flight_522&lt;/a&gt;&lt;/p&gt;
');
INSERT INTO answer (post_id, question_id, accepted) VALUES (210, 182, 'False');
INSERT INTO activity ( post_id, user_id, action) VALUES (210, 48, 'Create');

INSERT INTO post (current_state, up_score, down_score) VALUES ('Published', 3, 2);
INSERT INTO postinstance (post_id, user_id, description) VALUES (211, 30, '&lt;p&gt;The aviation industry is in the process of moving to Performance Based Navigation (PBN) within Required Navigation Performance (RNP) airspace.  Using this structure the primary performance is measured by the Total System Error (TSE) which must be less than 2 times the RNP value 95% of the time. Example: In RNP 1 airspace the aircraft must maintain positional accuracy within 2.0 NM of its desired path 95% of the time. The standard for navigational equipment (FMS) is defined in RTCA document &lt;a href=&quot;http://www.rtca.org/store_product.asp?prodid=1229&quot; rel=&quot;nofollow noreferrer&quot;&gt;DO-283B&lt;/a&gt;, Minimum Operational Performance Standards for Required Navigation Performance for Area Navigation.  &lt;/p&gt;

&lt;p&gt;The TSE for an aircraft is broken down into three components; path definition error (PDE), position estimation error (PEE), and path steering error (PSE).  Your question directly relates to PDE.  The accuracy of PDE depends on several components, the primary one being the accuracy of the positional (fix) information published by the regulatory agency (FAA in the US) contained within the navigational database. For enroute and terminal airspace, the accuracy of fix information is less than 0.01 minutes of latitude and longitude or about 17 meters.  &lt;/p&gt;

&lt;p&gt;Using the data from the database and the WGS84 earth model, the FMS will compute lateral path data.  Lateral paths are computed as a geodesic on the surface of the WGS84 ellipsoid.&lt;/p&gt;

&lt;p&gt;DO-283 specifies the following data (among other) resolutions for display and entry: &lt;/p&gt;

&lt;p&gt;Distance:  0.1 NM for values &amp;lt;10 NM, 1 NM for values &gt;=10 NM&lt;br&gt;
Fix latitude/longitude: 0.01 min&lt;br&gt;
RNP:  0.01 NM for values &amp;lt;1.0 NM, 0.1 NM for values &gt;=1.0, and &amp;lt;10 NM, 1 NM  for values &gt;=10 NM&lt;br&gt;
EPU: 0.01 NM for values &amp;lt;1.0 NM, 0.1 NM for values &gt;=1.0, and &amp;lt;10 NM, 1 NM for values &gt;=10 NM&lt;br&gt;
Present Position latitude/longitude: 0.1 min&lt;/p&gt;

&lt;p&gt;DO-283 also states rounding of displayed data is desired.  For that reason internal FMS computations normally are performed to 1 decimal place more than the displayed resolution and then rounded.  &lt;/p&gt;

&lt;p&gt;From the above you can see that the displayed distance of a leg should be within 0.1 NM for distances less than 10 NM and 1 NM for longer distances.  &lt;/p&gt;

&lt;p&gt;As for your 3-D question, lateral (LNAV) and vertical (VNAV) navigation are computed separately.  VNAV is still predominately barometric based except for precision (GBAS) and near precision (SBAS) approaches which use WGS84 geometric height.  &lt;/p&gt;

&lt;p&gt;For positional data, along with the present position, the system must calculate an estimated positional uncertainty (EPU) as shown in the table.  The EPU calculation is quite complex and varies based on the source of the positional data (GPS, IRS, etc.)  This value when added to the PSE (cross-track deviation + errors) should be held within the RNP value.  As you can see form the structure of the EPU requirement, it is the most significant component of the system error.&lt;/p&gt;

&lt;p&gt;Summary:  &lt;/p&gt;

&lt;p&gt;Calculating a geodesic path is required by the MOPS. Great circle is not acceptable.  &lt;/p&gt;

&lt;p&gt;Paths are calculated using lat/lon and baro altitude coordinates.  Distances are output in nautical miles; not feet, meters, or km.  Internally, the systems can use what ever they want.  Altitude is in feet or meters, depending on airspace rules.  The 3-D path is used to predict time of arrival at each fix along the route.&lt;/p&gt;

&lt;p&gt;Positional accuracy (EPU) is calculated based on the selected nav sensor(s) using a number of statistical methods including Kalmann filters.&lt;/p&gt;
');
INSERT INTO answer (post_id, question_id, accepted) VALUES (211, 177, 'False');
INSERT INTO activity ( post_id, user_id, action) VALUES (211, 30, 'Create');

INSERT INTO post (current_state, up_score, down_score) VALUES ('Published', 2, 0);
INSERT INTO postinstance (post_id, user_id, description) VALUES (212, 49, '&lt;p&gt;SOCAL will do this pretty routinely sequencing arrivals into LAX.  The most common practice is to assign 250 knots at some point, then slow you to 210, then assign 170 or 180 &quot;to the marker&quot; (about 5-6 mile final), at which point you&#x27;ll be slowing to your target approach speed.  So mostly commonly, they are only assigning speed reductions.  However, there are times when they want you to close up space on the aircraft ahead, so they might speed you back up again until the extra distance is closed up -- at which point they slow you back again.&lt;/p&gt;

&lt;p&gt;These instructions are &lt;em&gt;always&lt;/em&gt; given with the implicit understanding that, if you can&#x27;t do it, you&#x27;ll say so... &quot;XYZ123 is unable 250, I can give you 225&quot; or something similar.  If you&#x27;ve already extended flaps so that the higher speed would be near or over an aircraft limitation, that could be a reasonable reply.  (Of course, if you extended flaps 20 miles out from the runway, maybe retracting them again &amp;amp; not annoying SOCAL might be a wiser course of action.)&lt;/p&gt;

&lt;p&gt;Depending on the aircraft type (how fast you can fly clean, and how quickly you can slow to your approach speed so that you are stable for the approach at 1000&#x27; - or whatever your OpSpecs/SOP&#x27;s require), you might be given something else.  Light aircraft are often told to keep a fairly high speed (for them) to the marker, since otherwise they&#x27;re like bicycles on the freeway &amp;amp; slowing down everybody behind them.  On the other hand, they can often decelerate more rapidly than some jets, so staying fast until close in may work out just fine.  Again, if the controller is assigning a speed that&#x27;s too fast until too close, it&#x27;s the pilot&#x27;s job to say, &quot;unable.&quot;&lt;/p&gt;

&lt;p&gt;The controllers at SOCAL are excellent at knowing what the aircraft they&#x27;re working with are capable of, and they are very good at timing the speed reductions so that you end up with about 3 miles separation on short final, so that the runway usage is kept high... as one aircraft is turning off the runway, the next jet is a mile or so out.  Much closer than that &amp;amp; you risk go-arounds if somebody gets nervous or the turning-off aircraft isn&#x27;t expeditious; much farther than that &amp;amp; you aren&#x27;t landing planes as quickly as what you could be.&lt;/p&gt;

&lt;p&gt;Some controllers match the proficiency of the ones at SOCAL; others don&#x27;t compare.  Of course, you don&#x27;t really expect the controller at Podunk to have the same practice in setting up a string of aircraft coming in one after another as those in SOCAL, NORCAL, ATL, ORD, and so forth.  The good ones will use all the tools at their disposal, and sometimes this will include having one aircraft increase their speed for a while.&lt;/p&gt;
');
INSERT INTO answer (post_id, question_id, accepted) VALUES (212, 187, 'False');
INSERT INTO activity ( post_id, user_id, action) VALUES (212, 49, 'Create');

INSERT INTO post (current_state, up_score, down_score) VALUES ('Published', 0, 0);
INSERT INTO postinstance (post_id, user_id, description) VALUES (213, 38, '&lt;p&gt;You did say you need up to date data so wikipedia may don&#x27;t be the best idea but I think it&#x27;s at least worth a try. Much wikipedia articles of airports contain information about runways and approaches.&lt;/p&gt;
');
INSERT INTO answer (post_id, question_id, accepted) VALUES (213, 188, 'False');
INSERT INTO activity ( post_id, user_id, action) VALUES (213, 38, 'Create');

INSERT INTO post (current_state, up_score, down_score) VALUES ('Published', 19, 8);
INSERT INTO postinstance (post_id, user_id, description) VALUES (214, 3, '&lt;p&gt;It&#x27;s never bad to inform a crew member about anything you think may be abnormal.&lt;/p&gt;

&lt;p&gt;In this special situation, as you know that the oxygen masks deploy automatically if the cabin altitude raises to high, you expect the aircraft to descend in order to allow the pax to breathe normally again. If this doesn&#x27;t happen it would be possible that the crew deployed the masks manually for no reason or the automatism faulty detected a low cabin pressure. In both cases I would expect an announcement that the oxygen masks are not needed and can be put down safely.&lt;/p&gt;

&lt;p&gt;If neither of those options happens something is definitely wrong. Either the pilots already suffered hypoxia or they didn&#x27;t notice the passenger masks drop at all.
In my opinion the cabin crew should be trained to know what&#x27;s normal procedure if masks drop, but I would definitely tell a flight attendant about my concerns if nothing happens after two minutes or so.&lt;/p&gt;

&lt;p&gt;You always have to remember: In high altitudes you become unconscious after less than 30 secs without the mask, and as the masks can only produce a limited amount of oxygen it&#x27;s a &lt;strong&gt;really&lt;/strong&gt; time critical issue to reach the flight-deck and initiate a descend if the pilots are already out of service!&lt;/p&gt;
');
INSERT INTO answer (post_id, question_id, accepted) VALUES (214, 182, 'False');
INSERT INTO activity ( post_id, user_id, action) VALUES (214, 3, 'Create');

INSERT INTO post (current_state, up_score, down_score) VALUES ('Published', 2, 0);
INSERT INTO postinstance (post_id, user_id, description) VALUES (215, 33, '&lt;p&gt;The information you are after is, unfortunately, rather distributed.&lt;/p&gt;

&lt;p&gt;Eurocontrol maintains a useful list of websites ordered by state, found here:&lt;/p&gt;

&lt;p&gt;&lt;a href=&quot;http://www.eurocontrol.int/articles/ais-online&quot; rel=&quot;nofollow noreferrer&quot;&gt;European AIS&lt;/a&gt;&lt;/p&gt;

&lt;p&gt;Or by registering for an &lt;strong&gt;EAD Basic&lt;/strong&gt; account you can access the European AIS Database in a more centralised and user friendly way, found here:&lt;/p&gt;

&lt;p&gt;&lt;a href=&quot;https://www.ead.eurocontrol.int/eadcms/eadsite/index.php.html&quot; rel=&quot;nofollow noreferrer&quot;&gt;European AIS Database&lt;/a&gt;&lt;/p&gt;
');
INSERT INTO answer (post_id, question_id, accepted) VALUES (215, 188, 'False');
INSERT INTO activity ( post_id, user_id, action) VALUES (215, 33, 'Create');

INSERT INTO post (current_state, up_score, down_score) VALUES ('Published', 1, 0);
INSERT INTO postinstance (post_id, user_id, description) VALUES (216, 23, '&lt;p&gt;Regardless of who is Pilot Flying, the commander will take control of the thrust levers once the thrust is set. A First Officer acting as Pilot Flying will resume control of the thrust once the commander has removed their hand from the thrust levers at V1 AND the aircraft is airborne.&lt;/p&gt;

&lt;p&gt;The decision to reject lies solely with the commander. As such, once the thrust is set, the First Officer as PF will have no further need to touch the thrust levers until the thrust reduction altitude. Hence the commander will cover the thrust levers in anticipation of rejecting the takeoff.&lt;/p&gt;
');
INSERT INTO answer (post_id, question_id, accepted) VALUES (216, 189, 'False');
INSERT INTO activity ( post_id, user_id, action) VALUES (216, 23, 'Create');

INSERT INTO post (current_state, up_score, down_score) VALUES ('Published', 2, 0);
INSERT INTO postinstance (post_id, user_id, description) VALUES (217, 15, '&lt;p&gt;I would turn it the other way around. Assuming the Dynon EFIS is your main flight instrument I would dial in QNH or QNE (depending on your altitude). Common practise is to always have the second altimeter set to QNE (1013.25hPa; 29.92inHg) but if you do not need an altitude reading in Flight Levels it&#x27;s fine if you set up one altimeter to QFE.&lt;/p&gt;

&lt;p&gt;But remember: Even using this practise you HAVE to change the settings. QFE and QNH are both depending on the local pressure and therefore change pretty often. If you are on a cross country flight you then have to change both altimeters to different settings in order to have a correct altitude and a correct height readout.&lt;/p&gt;

&lt;p&gt;Also make sure that you always use the same altimeter for altitude and the other one for height so you won&#x27;t use faulty values from the wrong altimeter!&lt;/p&gt;
');
INSERT INTO answer (post_id, question_id, accepted) VALUES (217, 190, 'False');
INSERT INTO activity ( post_id, user_id, action) VALUES (217, 15, 'Create');

INSERT INTO post (current_state, up_score, down_score) VALUES ('Published', 0, 0);
INSERT INTO postinstance (post_id, user_id, description) VALUES (218, 29, '&lt;p&gt;The WGS84 standard defines the Earth as an ellipsoid with a semi-axis a = 6378137 m at the equator and a semi-axis b =  6356752.3 m at the pole.&lt;/p&gt;

&lt;p&gt;The circumference of that ellipse can be approximated by:&lt;/p&gt;

&lt;p&gt;C(app)= π (3(a + b) – ((3a+b)(a+3b))^0,5)&lt;/p&gt;

&lt;p&gt;C(app) = 40007862.2 m&lt;/p&gt;

&lt;p&gt;Now, if we take an sphere with r = (a+b)/2 = 6367444.65&lt;/p&gt;

&lt;p&gt;C = 2πr = 40007834 m&lt;/p&gt;

&lt;p&gt;The difference is 28.21 meters for the full circumference. Hence, for the usual distances in aviation, the difference will be of the order of a few meters, and that in the worst case…&lt;/p&gt;
');
INSERT INTO answer (post_id, question_id, accepted) VALUES (218, 177, 'False');
INSERT INTO activity ( post_id, user_id, action) VALUES (218, 29, 'Create');

INSERT INTO post (current_state, up_score, down_score) VALUES ('Published', 13, 2);
INSERT INTO postinstance (post_id, user_id, description) VALUES (219, 14, '&lt;p&gt;Yes, we can ask pilots to speed up on approach, but it is discouraged and not commonly done. This is because, as an aircraft approaches an airport, the crew will configure it for landing. This includes lowering the flaps, which lowers a number of reference speeds - essentially, making them unable to fly very fast. In order to speed up, they would have to raise the flaps again, which would result in extra workload and bad fuel economy.&lt;/p&gt;

&lt;p&gt;The controller you heard knows this. They used the phrase &quot;if able&quot; to emphasize to the pilots, that they only had to comply if it was convenient for them.&lt;/p&gt;

&lt;p&gt;ICAO provides the following guidance (form Doc 4444):&lt;/p&gt;

&lt;blockquote&gt;
  &lt;p&gt;4.6.1.3    Speed adjustments should be limited to those necessary to establish and/or maintain a desired separation minimum or spacing. Instructions involving frequent changes of speed, including alternate speed increases and decreases, should be avoided.&lt;/p&gt;
  
  &lt;p&gt;...&lt;/p&gt;
  
  &lt;p&gt;4.6.3.5    Arriving aircraft should be permitted to operate in a clean configuration for as long as possible. Below 4 550 m (FL 150), speed reductions for turbojet aircraft to not less than 410 km/h (220 kt) IAS, which will normally be very close to the minimum speed of turbojet aircraft in a clean configuration, may be used. &lt;/p&gt;
  
  &lt;p&gt;4.6.3.6    Only minor speed adjustments not exceeding plus/minus 40 km/h (20 kt) IAS should be used for aircraft on intermediate and final approach. &lt;/p&gt;
  
  &lt;p&gt;4.6.3.7    Speed control should not be applied to aircraft after passing a point 7 km (4 NM) from the threshold on final approach.&lt;/p&gt;
&lt;/blockquote&gt;
');
INSERT INTO answer (post_id, question_id, accepted) VALUES (219, 187, 'True');
INSERT INTO activity ( post_id, user_id, action) VALUES (219, 14, 'Create');

INSERT INTO post (current_state, up_score, down_score) VALUES ('Published', 4, 2);
INSERT INTO postinstance (post_id, user_id, description) VALUES (220, 21, '&lt;p&gt;There is a YouTube video showing the method for creating the structure:&lt;/p&gt;

&lt;p&gt;&lt;a href=&quot;https://www.youtube.com/watch?v=_GDqxnahwbk&quot; rel=&quot;nofollow noreferrer&quot;&gt;YouTube: 787 Composite Construction&lt;/a&gt;&lt;/p&gt;

&lt;p&gt;This video from British Airways shows the joining process:&lt;/p&gt;

&lt;p&gt;&lt;a href=&quot;https://youtu.be/SJZk9vNS8NE?t=87&quot; rel=&quot;nofollow noreferrer&quot;&gt;Fuselage Section Joining Process&lt;/a&gt; which you can see is not welded, but riveted together. The sections are lined up and riveted together using joining plates. &lt;/p&gt;

&lt;blockquote&gt;
  &lt;p&gt;Since it is not fabricated as a single piece there are bound to be stresses on the joints. Will it effect/endanger the passengers?&lt;/p&gt;
&lt;/blockquote&gt;

&lt;p&gt;No, not more than any other conventionally constructed fuselage. The joining plates are metal and the structure around them is a metal bulkhead. The 787 fuselage is not a 100% composite construction. &lt;/p&gt;

&lt;blockquote&gt;
  &lt;p&gt;Are the same methods used to join the wings?&lt;/p&gt;
&lt;/blockquote&gt;

&lt;p&gt;Yes, if you watch the second linked video in full, you can see the composite wings being bolted to the fuselage structure. The entire wing support structure looks to be a conventional metal structure.&lt;/p&gt;

&lt;blockquote&gt;
  &lt;p&gt;Last but not least, are there problems due to the joints before and if so, what has been done to rectify these problems?&lt;/p&gt;
&lt;/blockquote&gt;

&lt;p&gt;There are new challenges with any type of new construction technique, here are a few articles that outline the challenges:&lt;/p&gt;

&lt;p&gt;&lt;a href=&quot;http://www.nytimes.com/2013/07/30/business/boeings-787-poses-new-challenges-for-repair-teams.html&quot; rel=&quot;nofollow noreferrer&quot;&gt;NY Times: New Challenges for the Fixers of Boeing’s 787&lt;/a&gt;&lt;br/&gt;
&lt;a href=&quot;https://www.technologyreview.com/s/409929/boeings-composite-problem/&quot; rel=&quot;nofollow noreferrer&quot;&gt;MIT Technology Review: Boeing&#x27;s Composite Problem&lt;/a&gt;&lt;/p&gt;

&lt;p&gt;Boeing has said that the 787 is as easy to repair as traditional aluminum skin aircraft. One case in point is the &lt;a href=&quot;http://www.compositesworld.com/blog/post/following-latest-787-fire-time-to-repair-carbon-fiber-fuselage&quot; rel=&quot;nofollow noreferrer&quot;&gt;Ethiopian Airlines aircraft ET-AOP damaged by fire&lt;/a&gt;. The procedure to fix it is to cut out the carbon fiber material and put a &quot;cure in place&quot; patch over the hole. In this case other structure had to be replaced or repaired like stringers and bulkheads. This was the first major airframe repair that Boeing had to undertake. &lt;a href=&quot;http://old.seattletimes.com/html/businesstechnology/2022097759_787repairxml.html&quot; rel=&quot;nofollow noreferrer&quot;&gt;ET-AOP took 18 months to repair&lt;/a&gt; before being returned to service.&lt;/p&gt;
');
INSERT INTO answer (post_id, question_id, accepted) VALUES (220, 192, 'False');
INSERT INTO activity ( post_id, user_id, action) VALUES (220, 21, 'Create');

INSERT INTO post (current_state, up_score, down_score) VALUES ('Published', 7, 1);
INSERT INTO postinstance (post_id, user_id, description) VALUES (221, 36, '&lt;p&gt;It appears as though the locking handle for the door has some sort of switch in it to allow for full extension of the door only if the locking handle is pulled full forward and, for whatever reason, the door handle won&#x27;t move into this fully extended detent on its own.  While the workaround is jury rigged at best, it doesn&#x27;t seem to pose a flight safety issue unless the door can&#x27;t be locked when fully closed.  It&#x27;s just another video from an ignoramus in the terminal with a cellphone camera.&lt;/p&gt;
');
INSERT INTO answer (post_id, question_id, accepted) VALUES (221, 193, 'True');
INSERT INTO activity ( post_id, user_id, action) VALUES (221, 36, 'Create');

INSERT INTO post (current_state, up_score, down_score) VALUES ('Published', 11, 6);
INSERT INTO postinstance (post_id, user_id, description) VALUES (222, 16, '&lt;p&gt;&lt;em&gt;If&lt;/em&gt; an &quot;AI Co-pilot&quot; existed, it could likely be integrated on existing airplanes with an auto-pilot system.&lt;/p&gt;

&lt;p&gt;Since your question is a little vague, I&#x27;m going to take a stab at some your hidden assumptions and go from there. I&#x27;m also making the assumption that you&#x27;re talking about the &lt;em&gt;enroute&lt;/em&gt; phase of flight, and leaving the taxiing, take-off and landing in the hands of the human pilot.&lt;/p&gt;

&lt;p&gt;At the risk of (extreme) oversimplifying, an AI system is essentially something that takes in a lot of data, analyzes it (through different algorithms) and outputs data that can then be used to do &lt;em&gt;something.&lt;/em&gt; &lt;/p&gt;

&lt;p&gt;I&#x27;m going to assume that the AI algorithm is supervised and has been trained on a bunch of existing data, and it has been figured out what data is important to make high-probability inferences.&lt;/p&gt;

&lt;p&gt;In-flight, there are multiple sources of data that could be fed to the AI algorithm for it to make probabilistic inferences on what it should do.  These data sources are things like:&lt;/p&gt;

&lt;ul&gt;
&lt;li&gt;Engine monitors (my EDM 700 I think logs 60 data points/second on things such as cylinder head temperature, exhaust gas temperature, RPM, location, power setting, etc.)&lt;/li&gt;
&lt;li&gt;GPS Receivers (3D position)&lt;/li&gt;
&lt;li&gt;AHRS (attitude information)&lt;/li&gt;
&lt;li&gt;ADS-B (Traffic and Weather)&lt;/li&gt;
&lt;li&gt;On-board Weather Radar&lt;/li&gt;
&lt;li&gt;XM Satellite Weather&lt;/li&gt;
&lt;/ul&gt;

&lt;p&gt;(As an aside, &lt;a href=&quot;https://www.savvyanalysis.com/home&quot; rel=&quot;nofollow noreferrer&quot;&gt;SavvyAnalysis&lt;/a&gt; already does a bit of this type of analysis using the data from your engine monitor).&lt;/p&gt;

&lt;p&gt;So, provided that your &quot;AI Co-pilot&quot; has been properly trained in advance on the same type of data that you are able get from your airplane while in-flight, your AI Co-pilot could ingest the data, and output signals to the auto-pilot which would then fly the airplane. The autopilot controller is simply sending information to a particular servo for a particular control surface (aileron, elevator, etc.) and if your AI Co-pilot can output the same signal, then it could control the servos the same as the autopilot.&lt;/p&gt;

&lt;p&gt;One of the (many) difficulties lies in designing the system to safely handle things that it hasn&#x27;t seen in the training data.&lt;/p&gt;

&lt;p&gt;But to answer your question, it wouldn&#x27;t require the design of a new &lt;em&gt;aircraft&lt;/em&gt;, but rather a new &lt;em&gt;autopilot control system.&lt;/em&gt;&lt;/p&gt;

&lt;p&gt;&lt;strong&gt;EDIT: Extra thoughts&lt;/strong&gt;&lt;/p&gt;

&lt;p&gt;After thinking about your question some more, I was thinking why you might want an AI Co-pilot? I&#x27;m thinking the answer to that might would be for it to either make decisions for you that you are unaware you should be making or to help you make better decisions.  There is existing software that does something like this, called &lt;a href=&quot;http://xavion.com/app/full-description/&quot; rel=&quot;nofollow noreferrer&quot;&gt;Xavion&lt;/a&gt;, which continually figures out where you should land if your engine quits based on the current location and performance of your airplane. It&#x27;s not hooked up to an autopilot, but it wouldn&#x27;t be too far of a stretch to think that sometime in the future, something like this could be a part of the autopilot controller.&lt;/p&gt;

&lt;blockquote&gt;
  &lt;p&gt;Furthermore, Xavion is constantly running engine-out flight
  simulations behind-the-scenes as you fly. The app imagines an engine
  failure every single second, and it checks how your plane would do in
  a power-off glides to every runway at every airport in gliding range.&lt;/p&gt;
  
  &lt;p&gt;For each of these simulated engine failures, Xavion estimates the
  likelihood of a successful landing based on the runway’s length,
  width, proximity to the aircraft, and glide path from your current
  location down to the threshold of that runway. When Xavion has found
  the runway that it believes is most likely to result in a safe
  engine-out landing, it builds a series of hoops from your current
  location to that runway—spiraling, circling, or extending as needed in
  order for the hoops to follow a constant descent angle that your
  airplane should be able to sustain without power.&lt;/p&gt;
&lt;/blockquote&gt;

&lt;p&gt;When you start to think of something like this, you can start to imagine analyzing real-time weather data and having the system make (or help make) a decision to divert or land based on your performance and experience. However, this is all something that would happen in the auto-pilot controller, so retrofitting it to an airplane with an existing autopilot would be more of a software upgrade than a hardware redesign.&lt;/p&gt;
');
INSERT INTO answer (post_id, question_id, accepted) VALUES (222, 194, 'False');
INSERT INTO activity ( post_id, user_id, action) VALUES (222, 16, 'Create');

INSERT INTO post (current_state, up_score, down_score) VALUES ('Published', 0, 0);
INSERT INTO postinstance (post_id, user_id, description) VALUES (223, 37, '&lt;p&gt;While it is unusual to fly the big passenger jet as a drone, this has been done few times in the past. Hence should not be a problem to pass the controls to &lt;a href=&quot;https://en.wikipedia.org/wiki/Titan_(supercomputer)&quot; rel=&quot;nofollow noreferrer&quot;&gt;Titan&lt;/a&gt; if this is the idea. Seems that there was no problem to raise and lower gear remotely.&lt;/p&gt;
');
INSERT INTO answer (post_id, question_id, accepted) VALUES (223, 194, 'False');
INSERT INTO activity ( post_id, user_id, action) VALUES (223, 37, 'Create');

INSERT INTO post (current_state, up_score, down_score) VALUES ('Published', 11, 1);
INSERT INTO postinstance (post_id, user_id, description) VALUES (224, 11, '&lt;p&gt;As an addition to Ron&#x27;s otherwise good answer, since I feel one aspect was left out.  &lt;/p&gt;

&lt;p&gt;Some airlines (ie. the one I work for) require the commander be in control of the thrust levers until V1 (take-off decision speed). That is because the decision to stop the take-off roll is not a light one, and the captain is the one to make the decision. And as Ron pointed out, there is no time to move hands when needed.  &lt;/p&gt;

&lt;p&gt;The control flow goes as follows (consider F/O as PF)&lt;/p&gt;

&lt;ul&gt;
&lt;li&gt;&lt;p&gt;F/O has control of aircraft, announces &quot;take-off&quot;&lt;/p&gt;&lt;/li&gt;
&lt;li&gt;&lt;p&gt;F/O advances the levers to T/O thrust, then lets go of the thrust levers&lt;/p&gt;&lt;/li&gt;
&lt;li&gt;&lt;p&gt;CDR places his hand on the thrust levers&lt;/p&gt;&lt;/li&gt;
&lt;li&gt;&lt;p&gt;Airplane accelerates and passes V1, the CDR lets go of the thrust levers&lt;/p&gt;&lt;/li&gt;
&lt;li&gt;&lt;p&gt;Once airborne, the F/O takes control of the thrust levers again&lt;/p&gt;&lt;/li&gt;
&lt;li&gt;&lt;p&gt;If the take-off needs to be rejected, the CDR takes control of the aircraft and brings it to a stop using (auto)brakes and reverse thrust while maintaining the aircraft on runway centerline. F/O monitors and informs ATC&lt;/p&gt;&lt;/li&gt;
&lt;/ul&gt;
');
INSERT INTO answer (post_id, question_id, accepted) VALUES (224, 189, 'False');
INSERT INTO activity ( post_id, user_id, action) VALUES (224, 11, 'Create');

INSERT INTO post (current_state, up_score, down_score) VALUES ('Published', 0, 0);
INSERT INTO postinstance (post_id, user_id, description) VALUES (225, 32, 'Would you know where to look to find out if any of these strikes ended in a catastrophic failure of the aircraft?');
INSERT INTO answercomment (post_id, answer_id) VALUES (225, 201);
INSERT INTO activity (post_id, user_id, action) VALUES (225, 32, 'Create');

INSERT INTO post (current_state, up_score, down_score) VALUES ('Published', 0, 0);
INSERT INTO postinstance (post_id, user_id, description) VALUES (226, 23, '&amp;quot;&lt;i&gt;The cargo hold is indeed vacuumed, using a vacuum cleaner&lt;/i&gt;&amp;quot;. That&amp;#39;s right, when this is done in flight, the technicians and the vacuum cleaner enter the hold in a &lt;a href=&quot;https://i.stack.imgur.com/QNFnH.jpg&quot; rel=&quot;nofollow noreferrer&quot;&gt;special pressurized container which opens only in cruise phase&lt;/a&gt;.');
INSERT INTO answercomment (post_id, answer_id) VALUES (226, 199);
INSERT INTO activity (post_id, user_id, action) VALUES (226, 23, 'Create');

INSERT INTO post (current_state, up_score, down_score) VALUES ('Published', 0, 0);
INSERT INTO postinstance (post_id, user_id, description) VALUES (227, 44, '@Chris Stratton The CO2 would not increase. That&amp;#39;s what makes hypoxia so insidious. Your brain does not register a lack of oxygen in the blood, rather it registers an excess of CO2. That&amp;#39;s what gives you the uncomfortable suffocating/drowning feeling when you can&amp;#39;t breathe. But if you can still eliminate CO2 you won&amp;#39;t know anything is wrong until you start getting confused, etc. I&amp;#39;ve read that sometimes people find it pleasurable, like being drunk or high.');
INSERT INTO answercomment (post_id, answer_id) VALUES (227, 214);
INSERT INTO activity (post_id, user_id, action) VALUES (227, 44, 'Create');

INSERT INTO post (current_state, up_score, down_score) VALUES ('Published', 1, 0);
INSERT INTO postinstance (post_id, user_id, description) VALUES (228, 2, '@David Glickman The CVR only recorded the last 30 min of the flight and the F16 intercept did not arrive until 2 hours after the last contact with the pilots. So we don&amp;#39;t know what the cabin crew may have done during that period of time. The FDR does not register the operation of the intercom or the cockpit door. It&amp;#39;s quite possible the FA&amp;#39;s may have tried to call the pilots or entered the cockpit earlier. They may have tried calling ATC for help. The report says that when the FA tried to call mayday it did not go out over VHF, so he was probably not familiar with how to operate the radio.');
INSERT INTO answercomment (post_id, answer_id) VALUES (228, 210);
INSERT INTO activity (post_id, user_id, action) VALUES (228, 2, 'Create');

INSERT INTO post (current_state, up_score, down_score) VALUES ('Published', 0, 0);
INSERT INTO postinstance (post_id, user_id, description) VALUES (229, 29, 'Totally agree. I just put in a 7:1 glide ratio, and will use the feature as one more tool in the event of an emergency.');
INSERT INTO answercomment (post_id, answer_id) VALUES (229, 206);
INSERT INTO activity (post_id, user_id, action) VALUES (229, 29, 'Create');

INSERT INTO post (current_state, up_score, down_score) VALUES ('Published', 0, 0);
INSERT INTO postinstance (post_id, user_id, description) VALUES (230, 27, 'If I&amp;#39;m reading the chart correctly, the glide ratio varies with the ambient air temperature.  Therefore a standard glide ratio is not going to apply here.  I would be hesitant to trust your life to this ForeFlight feature and instead rely on a thorough examination and learn the the numbers from this chart instead of trying to create a uniform glide ratio for the airplane.');
INSERT INTO answercomment (post_id, answer_id) VALUES (230, 206);
INSERT INTO activity (post_id, user_id, action) VALUES (230, 27, 'Create');

INSERT INTO post (current_state, up_score, down_score) VALUES ('Published', 0, 0);
INSERT INTO postinstance (post_id, user_id, description) VALUES (231, 16, 'Really thank you for the detailed information. Could you please explain the distance precision for whole path? e.g. aaaa nm or aaaa.aa nm?');
INSERT INTO answercomment (post_id, answer_id) VALUES (231, 211);
INSERT INTO activity (post_id, user_id, action) VALUES (231, 16, 'Create');

INSERT INTO post (current_state, up_score, down_score) VALUES ('Published', 0, 0);
INSERT INTO postinstance (post_id, user_id, description) VALUES (232, 10, 'Fantastic answer. Thanks.');
INSERT INTO answercomment (post_id, answer_id) VALUES (232, 200);
INSERT INTO activity (post_id, user_id, action) VALUES (232, 10, 'Create');

INSERT INTO post (current_state, up_score, down_score) VALUES ('Published', 0, 0);
INSERT INTO postinstance (post_id, user_id, description) VALUES (233, 30, 'Thanks all, especially for the ICAO reference!');
INSERT INTO answercomment (post_id, answer_id) VALUES (233, 219);
INSERT INTO activity (post_id, user_id, action) VALUES (233, 30, 'Create');

INSERT INTO post (current_state, up_score, down_score) VALUES ('Published', 0, 0);
INSERT INTO postinstance (post_id, user_id, description) VALUES (234, 26, 'I couldn&amp;#39;t understand the problem with using ECEF. You have to use ellipsoidal height (Hmsl+Hgeoid) along with other parameters to calculate the 3D position of an aircraft. You&amp;#39;re right that straight-line distances will be calculated but in the air not on ground or on a reference surface (sphere or ellipsoid). The distances are calculated on a reference surface not on the ground in fact. Let&amp;#39;s assume the difference between ellipsoidal and spherical calculation method is about several nautical miles. Will you ignore this difference?');
INSERT INTO answercomment (post_id, answer_id) VALUES (234, 202);
INSERT INTO activity (post_id, user_id, action) VALUES (234, 26, 'Create');

INSERT INTO post (current_state, up_score, down_score) VALUES ('Published', 0, 0);
INSERT INTO postinstance (post_id, user_id, description) VALUES (235, 43, 'The mask trigger pressure is a pressure I can breathe at for hours; however 40000 feet not so much. It really does depend on how high the plane is.');
INSERT INTO answercomment (post_id, answer_id) VALUES (235, 214);
INSERT INTO activity (post_id, user_id, action) VALUES (235, 43, 'Create');

INSERT INTO post (current_state, up_score, down_score) VALUES ('Published', 0, 0);
INSERT INTO postinstance (post_id, user_id, description) VALUES (236, 25, '@DRF Cockpit doors have codes to request entry from outside, and the flight attendants know the code. The flight crew can deny entry (which is why the captain couldn&amp;#39;t reenter the cockpit on that Germanwings flight), but if they don&amp;#39;t respond to the request, the door unlocks.');
INSERT INTO answercomment (post_id, answer_id) VALUES (236, 214);
INSERT INTO activity (post_id, user_id, action) VALUES (236, 25, 'Create');

INSERT INTO post (current_state, up_score, down_score) VALUES ('Published', 0, 0);
INSERT INTO postinstance (post_id, user_id, description) VALUES (237, 23, 'If you are breathing off of a cabin mask, you are breathing at altitude, and you can hold your breath at that pressure absent climbs or descents, but the amount of available oxygen would be reduced and the partial pressure of CO2 would presumably build abnormally quickly, so you could only do so for a reduced amount of time compared to at sea level.');
INSERT INTO answercomment (post_id, answer_id) VALUES (237, 214);
INSERT INTO activity (post_id, user_id, action) VALUES (237, 23, 'Create');

INSERT INTO post (current_state, up_score, down_score) VALUES ('Published', 0, 0);
INSERT INTO postinstance (post_id, user_id, description) VALUES (238, 1, 'welcome to aviation.SE. if possible, we prefer autoritative sources, not &amp;quot;a guy told me&amp;quot;. If you could find some sources to back up your answer it would improve substantially.');
INSERT INTO answercomment (post_id, answer_id) VALUES (238, 207);
INSERT INTO activity (post_id, user_id, action) VALUES (238, 1, 'Create');

INSERT INTO post (current_state, up_score, down_score) VALUES ('Published', 0, 0);
INSERT INTO postinstance (post_id, user_id, description) VALUES (239, 27, 'Thanks, I updated my question with the graph I think you&amp;#39;re mentioning, and the ForeFlight box to give some context of why I&amp;#39;m trying to find the glide slope.');
INSERT INTO answercomment (post_id, answer_id) VALUES (239, 206);
INSERT INTO activity (post_id, user_id, action) VALUES (239, 27, 'Create');

INSERT INTO post (current_state, up_score, down_score) VALUES ('Published', 0, 0);
INSERT INTO postinstance (post_id, user_id, description) VALUES (240, 38, 'I&amp;#39;d emphasise that last point. No quicker way to fail your test than using the wrong one.');
INSERT INTO answercomment (post_id, answer_id) VALUES (240, 217);
INSERT INTO activity (post_id, user_id, action) VALUES (240, 38, 'Create');

INSERT INTO post (current_state, up_score, down_score) VALUES ('Published', 0, 0);
INSERT INTO postinstance (post_id, user_id, description) VALUES (241, 14, 'interesting, ill remove that section.');
INSERT INTO answercomment (post_id, answer_id) VALUES (241, 209);
INSERT INTO activity (post_id, user_id, action) VALUES (241, 14, 'Create');

INSERT INTO post (current_state, up_score, down_score) VALUES ('Published', 0, 0);
INSERT INTO postinstance (post_id, user_id, description) VALUES (242, 13, 'The pilot did not regain conciousness, it was a flight attendant named Andreas Prodromou with a commercial pilots license (not rated for that aircraft) that was sitting in the pilots seat.');
INSERT INTO answercomment (post_id, answer_id) VALUES (242, 209);
INSERT INTO activity (post_id, user_id, action) VALUES (242, 13, 'Create');

INSERT INTO post (current_state, up_score, down_score) VALUES ('Published', 0, 0);
INSERT INTO postinstance (post_id, user_id, description) VALUES (243, 38, '@FreeMan: Sure, but of course if it&amp;#39;s not a large/busy airport (by my standards, anyway), it&amp;#39;s not going to have a control tower.  Maybe not even Unicom :-)  But I got pretty good at keeping to cruise speed (which in a Cherokee isn&amp;#39;t all that fast :-)) until on short final, then doing a slip and touching down at the right distance to hit the first taxiway.');
INSERT INTO answercomment (post_id, answer_id) VALUES (243, 219);
INSERT INTO activity (post_id, user_id, action) VALUES (243, 38, 'Create');

INSERT INTO post (current_state, up_score, down_score) VALUES ('Published', 0, 0);
INSERT INTO postinstance (post_id, user_id, description) VALUES (244, 19, 'I agree that he was a pilot, but why did he wait until the fuel was exhausted before entering the cockpit? Maybe he didn&amp;#39;t know that he should act quickly?');
INSERT INTO answercomment (post_id, answer_id) VALUES (244, 210);
INSERT INTO activity (post_id, user_id, action) VALUES (244, 19, 'Create');

INSERT INTO post (current_state, up_score, down_score) VALUES ('Published', 0, 0);
INSERT INTO postinstance (post_id, user_id, description) VALUES (245, 46, '@njzk2 You need to, otherwise there will be a reverse process in the lungs and the blood will loose oxygen very quickly. But you will not die that fast at 40000ft. You will die if the pilot is incapacitated and you crash, but not from the lack of oxygen in 30 seconds. Not at that height.');
INSERT INTO answercomment (post_id, answer_id) VALUES (245, 214);
INSERT INTO activity (post_id, user_id, action) VALUES (245, 46, 'Create');

INSERT INTO post (current_state, up_score, down_score) VALUES ('Published', 0, 0);
INSERT INTO postinstance (post_id, user_id, description) VALUES (246, 45, '@PeterMasiar you don&amp;#39;t really need to have air in your lungs to hold your breath.');
INSERT INTO answercomment (post_id, answer_id) VALUES (246, 214);
INSERT INTO activity (post_id, user_id, action) VALUES (246, 45, 'Create');

INSERT INTO post (current_state, up_score, down_score) VALUES ('Published', 1, 0);
INSERT INTO postinstance (post_id, user_id, description) VALUES (247, 24, '@njzk2 - you cannot hold your breath. You need to exhale. Pressure outside of your body is so low that your lungs might be damaged [citation needed].');
INSERT INTO answercomment (post_id, answer_id) VALUES (247, 214);
INSERT INTO activity (post_id, user_id, action) VALUES (247, 24, 'Create');

INSERT INTO post (current_state, up_score, down_score) VALUES ('Published', 0, 0);
INSERT INTO postinstance (post_id, user_id, description) VALUES (248, 5, 'Lol. I didn&amp;#39;t watch past the first minute or so. Wanted to see if they really used bolts on the fuselage. That&amp;#39;s a helluva riveting machine!  +1 btw');
INSERT INTO answercomment (post_id, answer_id) VALUES (248, 220);
INSERT INTO activity (post_id, user_id, action) VALUES (248, 5, 'Create');

INSERT INTO post (current_state, up_score, down_score) VALUES ('Published', 0, 0);
INSERT INTO postinstance (post_id, user_id, description) VALUES (249, 22, '@njzk2 because in this case people aren&amp;#39;t holding their breath. It&amp;#39;s like asking why do people drown if they breathe in water even though they can hold their breath for a minute or two.');
INSERT INTO answercomment (post_id, answer_id) VALUES (249, 214);
INSERT INTO activity (post_id, user_id, action) VALUES (249, 22, 'Create');

INSERT INTO post (current_state, up_score, down_score) VALUES ('Published', 0, 0);
INSERT INTO postinstance (post_id, user_id, description) VALUES (250, 13, 'but most people can hold their breathe for more than 30 seconds. how come you loose consciousness so fast?');
INSERT INTO answercomment (post_id, answer_id) VALUES (250, 214);
INSERT INTO activity (post_id, user_id, action) VALUES (250, 13, 'Create');

INSERT INTO post (current_state, up_score, down_score) VALUES ('Published', 0, 0);
INSERT INTO postinstance (post_id, user_id, description) VALUES (251, 2, '@VladimirF If cabin altitude reaches about 38000 feet you are incapacitated after ~15 secs, and you will die 100% without help of somebody else. But I see your point and edited the sentence');
INSERT INTO answercomment (post_id, answer_id) VALUES (251, 214);
INSERT INTO activity (post_id, user_id, action) VALUES (251, 2, 'Create');

INSERT INTO post (current_state, up_score, down_score) VALUES ('Published', 0, 0);
INSERT INTO postinstance (post_id, user_id, description) VALUES (252, 35, '@DRF I&amp;#39;m really unsure at all, but I think the purser has the code to open the door.');
INSERT INTO answercomment (post_id, answer_id) VALUES (252, 214);
INSERT INTO activity (post_id, user_id, action) VALUES (252, 35, 'Create');

INSERT INTO post (current_state, up_score, down_score) VALUES ('Published', 0, 0);
INSERT INTO postinstance (post_id, user_id, description) VALUES (253, 33, 'Thanks a lot for the tip! Didn&amp;#39;t notice it wasn&amp;#39;t clear enough.');
INSERT INTO answercomment (post_id, answer_id) VALUES (253, 214);
INSERT INTO activity (post_id, user_id, action) VALUES (253, 33, 'Create');

INSERT INTO post (current_state, up_score, down_score) VALUES ('Published', 0, 0);
INSERT INTO postinstance (post_id, user_id, description) VALUES (254, 36, 'Edits look good, i have removed my down vote and comments.');
INSERT INTO answercomment (post_id, answer_id) VALUES (254, 214);
INSERT INTO activity (post_id, user_id, action) VALUES (254, 36, 'Create');

INSERT INTO report (post_id, user_id, title, content, reason) VALUES (14, 40, 'this post is offensive', 'not the first time this user has done it', 'off-topic');
INSERT INTO report (post_id, user_id, title, content, reason) VALUES (225, 21, 'i do not like this post one bit', 'this is really poor taste', 'off-topic');
INSERT INTO report (post_id, user_id, title, content, reason) VALUES (114, 14, 'i do not like this post one bit', 'not the first time this user has done it', 'offensive');
INSERT INTO report (post_id, user_id, title, content, reason) VALUES (196, 46, 'this post is offensive', 'not the first time this user has done it', 'off-topic');
INSERT INTO report (post_id, user_id, title, content, reason) VALUES (82, 35, 'this post is off-topic', 'not the first time this user has done it', 'off-topic');

INSERT INTO useraccbadge (user_id, badge_id) VALUES (1, 2);
INSERT INTO useraccbadge (user_id, badge_id) VALUES (2, 2);
INSERT INTO useraccbadge (user_id, badge_id) VALUES (3, 2);
INSERT INTO useraccbadge (user_id, badge_id) VALUES (4, 1);
INSERT INTO useraccbadge (user_id, badge_id) VALUES (5, 1);
INSERT INTO useraccbadge (user_id, badge_id) VALUES (6, 1);
INSERT INTO useraccbadge (user_id, badge_id) VALUES (7, 3);
INSERT INTO useraccbadge (user_id, badge_id) VALUES (8, 3);
INSERT INTO useraccbadge (user_id, badge_id) VALUES (9, 3);
INSERT INTO useraccbadge (user_id, badge_id) VALUES (10, 2);
INSERT INTO useraccbadge (user_id, badge_id) VALUES (11, 1);
INSERT INTO useraccbadge (user_id, badge_id) VALUES (12, 3);
INSERT INTO useraccbadge (user_id, badge_id) VALUES (13, 1);
INSERT INTO useraccbadge (user_id, badge_id) VALUES (14, 1);
INSERT INTO useraccbadge (user_id, badge_id) VALUES (15, 2);
INSERT INTO useraccbadge (user_id, badge_id) VALUES (16, 2);
INSERT INTO useraccbadge (user_id, badge_id) VALUES (17, 2);
INSERT INTO useraccbadge (user_id, badge_id) VALUES (18, 1);
INSERT INTO useraccbadge (user_id, badge_id) VALUES (19, 1);
INSERT INTO useraccbadge (user_id, badge_id) VALUES (20, 1);
INSERT INTO useraccbadge (user_id, badge_id) VALUES (21, 2);
INSERT INTO useraccbadge (user_id, badge_id) VALUES (22, 2);
INSERT INTO useraccbadge (user_id, badge_id) VALUES (23, 2);
INSERT INTO useraccbadge (user_id, badge_id) VALUES (24, 3);
INSERT INTO useraccbadge (user_id, badge_id) VALUES (25, 3);
INSERT INTO useraccbadge (user_id, badge_id) VALUES (26, 2);
INSERT INTO useraccbadge (user_id, badge_id) VALUES (27, 1);
INSERT INTO useraccbadge (user_id, badge_id) VALUES (28, 3);
INSERT INTO useraccbadge (user_id, badge_id) VALUES (29, 3);
INSERT INTO useraccbadge (user_id, badge_id) VALUES (30, 3);
INSERT INTO useraccbadge (user_id, badge_id) VALUES (31, 2);
INSERT INTO useraccbadge (user_id, badge_id) VALUES (32, 3);
INSERT INTO useraccbadge (user_id, badge_id) VALUES (33, 2);
INSERT INTO useraccbadge (user_id, badge_id) VALUES (34, 2);
INSERT INTO useraccbadge (user_id, badge_id) VALUES (35, 2);
INSERT INTO useraccbadge (user_id, badge_id) VALUES (36, 1);
INSERT INTO useraccbadge (user_id, badge_id) VALUES (37, 2);
INSERT INTO useraccbadge (user_id, badge_id) VALUES (38, 2);
INSERT INTO useraccbadge (user_id, badge_id) VALUES (39, 1);
INSERT INTO useraccbadge (user_id, badge_id) VALUES (40, 3);
INSERT INTO useraccbadge (user_id, badge_id) VALUES (41, 2);
INSERT INTO useraccbadge (user_id, badge_id) VALUES (42, 1);
INSERT INTO useraccbadge (user_id, badge_id) VALUES (43, 3);
INSERT INTO useraccbadge (user_id, badge_id) VALUES (44, 1);
INSERT INTO useraccbadge (user_id, badge_id) VALUES (45, 3);
INSERT INTO useraccbadge (user_id, badge_id) VALUES (46, 1);
INSERT INTO useraccbadge (user_id, badge_id) VALUES (47, 3);
INSERT INTO useraccbadge (user_id, badge_id) VALUES (48, 3);
INSERT INTO useraccbadge (user_id, badge_id) VALUES (49, 1);
INSERT INTO useraccbadge (user_id, badge_id) VALUES (50, 1);

INSERT INTO topicuseracc (mod_id, topic_id) VALUES (3, 1);
INSERT INTO topicuseracc (mod_id, topic_id) VALUES (2, 2);
INSERT INTO topicuseracc (mod_id, topic_id) VALUES (3, 3);
